bbl,address,pano_id,pano_date,pano_year,pano_lat,pano_lon,lot_lat,lot_lon,heading_deg,cam_to_lot_ft,target_year,actual_year
1001170100,CHATHAM SQUARE,nXHjw3LAbds2cCCZbwLQCA,2021-04,2021,40.71349885212534,-73.99802370937812,40.713514300000014,-73.9981279,281.07,3.93,2007,2021
1001170100,CHATHAM SQUARE,nXHjw3LAbds2cCCZbwLQCA,2021-04,2021,40.71349885212534,-73.99802370937812,40.713514300000014,-73.9981279,281.07,3.93,2011,2021
1001170100,CHATHAM SQUARE,nXHjw3LAbds2cCCZbwLQCA,2021-04,2021,40.71349885212534,-73.99802370937812,40.713514300000014,-73.9981279,281.07,3.93,2014,2021
1001170100,CHATHAM SQUARE,nXHjw3LAbds2cCCZbwLQCA,2021-04,2021,40.71349885212534,-73.99802370937812,40.713514300000014,-73.9981279,281.07,3.93,2018,2021
1001170100,CHATHAM SQUARE,nXHjw3LAbds2cCCZbwLQCA,2021-04,2021,40.71349885212534,-73.99802370937812,40.713514300000014,-73.9981279,281.07,3.93,2022,2021
1001170100,CHATHAM SQUARE,k_MZvde4JP4yy_85g7PTUQ,2024-05,2024,40.71353708004744,-73.99809221505714,40.713514300000014,-73.9981279,229.9,3.93,2026,2024
1001580001,27 DUANE STREET,VqMCAEcKAJzG4ZnddN432w,2014-10,2014,40.71405727525559,-74.00310149193324,40.71329740000001,-74.0026946,157.91,219.92,2007,2014
1001580001,27 DUANE STREET,VqMCAEcKAJzG4ZnddN432w,2014-10,2014,40.71405727525559,-74.00310149193324,40.71329740000001,-74.0026946,157.91,219.92,2011,2014
1001580001,27 DUANE STREET,VqMCAEcKAJzG4ZnddN432w,2014-10,2014,40.71405727525559,-74.00310149193324,40.71329740000001,-74.0026946,157.91,219.92,2014,2014
1001580001,27 DUANE STREET,Khe9z_W0EAdhYCyx9z55gQ,2019-06,2019,40.71404533218083,-74.00312686705797,40.71329740000001,-74.0026946,156.34,219.92,2018,2019
1001580001,27 DUANE STREET,oHHECA-d1i0wkrutfLEuYg,2021-05,2021,40.7140193949139,-74.00314345503521,40.71329740000001,-74.0026946,154.77,219.92,2022,2021
1001580001,27 DUANE STREET,oHHECA-d1i0wkrutfLEuYg,2021-05,2021,40.7140193949139,-74.00314345503521,40.71329740000001,-74.0026946,154.77,219.92,2026,2021
1001580009,20 CARDINAL HAYES PLACE,HJOrbhtiBarPX3lmFM_Qiw,2024-08,2024,40.71274375807097,-74.00175920580531,40.71333859999999,-74.0024168,320.04,214.04,2007,2024
1001580009,20 CARDINAL HAYES PLACE,HJOrbhtiBarPX3lmFM_Qiw,2024-08,2024,40.71274375807097,-74.00175920580531,40.71333859999999,-74.0024168,320.04,214.04,2011,2024
1001580009,20 CARDINAL HAYES PLACE,HJOrbhtiBarPX3lmFM_Qiw,2024-08,2024,40.71274375807097,-74.00175920580531,40.71333859999999,-74.0024168,320.04,214.04,2014,2024
1001580009,20 CARDINAL HAYES PLACE,HJOrbhtiBarPX3lmFM_Qiw,2024-08,2024,40.71274375807097,-74.00175920580531,40.71333859999999,-74.0024168,320.04,214.04,2018,2024
1001580009,20 CARDINAL HAYES PLACE,HJOrbhtiBarPX3lmFM_Qiw,2024-08,2024,40.71274375807097,-74.00175920580531,40.71333859999999,-74.0024168,320.04,214.04,2022,2024
1001580009,20 CARDINAL HAYES PLACE,HJOrbhtiBarPX3lmFM_Qiw,2024-08,2024,40.71274375807097,-74.00175920580531,40.71333859999999,-74.0024168,320.04,214.04,2026,2024
1001590040,128 PARK ROW,2EGkzgtG54V2nESGscieNg,2024-08,2024,40.71284181381998,-74.00130092546726,40.7132041,-74.0015006,337.33,60.81,2007,2024
1001590040,128 PARK ROW,2EGkzgtG54V2nESGscieNg,2024-08,2024,40.71284181381998,-74.00130092546726,40.7132041,-74.0015006,337.33,60.81,2011,2024
1001590040,128 PARK ROW,2EGkzgtG54V2nESGscieNg,2024-08,2024,40.71284181381998,-74.00130092546726,40.7132041,-74.0015006,337.33,60.81,2014,2024
1001590040,128 PARK ROW,2EGkzgtG54V2nESGscieNg,2024-08,2024,40.71284181381998,-74.00130092546726,40.7132041,-74.0015006,337.33,60.81,2018,2024
1001590040,128 PARK ROW,2EGkzgtG54V2nESGscieNg,2024-08,2024,40.71284181381998,-74.00130092546726,40.7132041,-74.0015006,337.33,60.81,2022,2024
1001590040,128 PARK ROW,2EGkzgtG54V2nESGscieNg,2024-08,2024,40.71284181381998,-74.00130092546726,40.7132041,-74.0015006,337.33,60.81,2026,2024
1001590051,122 PARK ROW,HJOrbhtiBarPX3lmFM_Qiw,2024-08,2024,40.71274375807097,-74.00175920580531,40.713086100000005,-74.0019912,332.81,64.81,2007,2024
1001590051,122 PARK ROW,HJOrbhtiBarPX3lmFM_Qiw,2024-08,2024,40.71274375807097,-74.00175920580531,40.713086100000005,-74.0019912,332.81,64.81,2011,2024
1001590051,122 PARK ROW,HJOrbhtiBarPX3lmFM_Qiw,2024-08,2024,40.71274375807097,-74.00175920580531,40.713086100000005,-74.0019912,332.81,64.81,2014,2024
1001590051,122 PARK ROW,HJOrbhtiBarPX3lmFM_Qiw,2024-08,2024,40.71274375807097,-74.00175920580531,40.713086100000005,-74.0019912,332.81,64.81,2018,2024
1001590051,122 PARK ROW,HJOrbhtiBarPX3lmFM_Qiw,2024-08,2024,40.71274375807097,-74.00175920580531,40.713086100000005,-74.0019912,332.81,64.81,2022,2024
1001590051,122 PARK ROW,HJOrbhtiBarPX3lmFM_Qiw,2024-08,2024,40.71274375807097,-74.00175920580531,40.713086100000005,-74.0019912,332.81,64.81,2026,2024
1001590060,100 PARK ROW,HJOrbhtiBarPX3lmFM_Qiw,2024-08,2024,40.71274375807097,-74.00175920580531,40.71298179999998,-74.0023807,296.81,153.69,2007,2024
1001590060,100 PARK ROW,HJOrbhtiBarPX3lmFM_Qiw,2024-08,2024,40.71274375807097,-74.00175920580531,40.71298179999998,-74.0023807,296.81,153.69,2011,2024
1001590060,100 PARK ROW,HJOrbhtiBarPX3lmFM_Qiw,2024-08,2024,40.71274375807097,-74.00175920580531,40.71298179999998,-74.0023807,296.81,153.69,2014,2024
1001590060,100 PARK ROW,HJOrbhtiBarPX3lmFM_Qiw,2024-08,2024,40.71274375807097,-74.00175920580531,40.71298179999998,-74.0023807,296.81,153.69,2018,2024
1001590060,100 PARK ROW,HJOrbhtiBarPX3lmFM_Qiw,2024-08,2024,40.71274375807097,-74.00175920580531,40.71298179999998,-74.0023807,296.81,153.69,2022,2024
1001590060,100 PARK ROW,HJOrbhtiBarPX3lmFM_Qiw,2024-08,2024,40.71274375807097,-74.00175920580531,40.71298179999998,-74.0023807,296.81,153.69,2026,2024
1001600001,464 PEARL STREET,fNbuMUMaSToju_X9PvbI7Q,2021-04,2021,40.7139881761634,-74.00097176276321,40.7138876,-74.000891,148.67,39.14,2007,2021
1001600001,464 PEARL STREET,fNbuMUMaSToju_X9PvbI7Q,2021-04,2021,40.7139881761634,-74.00097176276321,40.7138876,-74.000891,148.67,39.14,2011,2021
1001600001,464 PEARL STREET,fNbuMUMaSToju_X9PvbI7Q,2021-04,2021,40.7139881761634,-74.00097176276321,40.7138876,-74.000891,148.67,39.14,2014,2021
1001600001,464 PEARL STREET,fNbuMUMaSToju_X9PvbI7Q,2021-04,2021,40.7139881761634,-74.00097176276321,40.7138876,-74.000891,148.67,39.14,2018,2021
1001600001,464 PEARL STREET,fNbuMUMaSToju_X9PvbI7Q,2021-04,2021,40.7139881761634,-74.00097176276321,40.7138876,-74.000891,148.67,39.14,2022,2021
1001600001,464 PEARL STREET,rV1LH5NNsEwn81qfhb4Euw,2024-08,2024,40.71396995510874,-74.00098584028625,40.7138876,-74.000891,138.88,39.14,2026,2024
1001600021,474 PEARL STREET,GuB6xc4Kg_b0SltQ4IzD0g,2021-04,2021,40.71471715629983,-74.00196669139687,40.714302,-74.0015691,144.02,130.73,2007,2021
1001600021,474 PEARL STREET,GuB6xc4Kg_b0SltQ4IzD0g,2021-04,2021,40.71471715629983,-74.00196669139687,40.714302,-74.0015691,144.02,130.73,2011,2021
1001600021,474 PEARL STREET,GuB6xc4Kg_b0SltQ4IzD0g,2021-04,2021,40.71471715629983,-74.00196669139687,40.714302,-74.0015691,144.02,130.73,2014,2021
1001600021,474 PEARL STREET,GuB6xc4Kg_b0SltQ4IzD0g,2021-04,2021,40.71471715629983,-74.00196669139687,40.714302,-74.0015691,144.02,130.73,2018,2021
1001600021,474 PEARL STREET,GuB6xc4Kg_b0SltQ4IzD0g,2021-04,2021,40.71471715629983,-74.00196669139687,40.714302,-74.0015691,144.02,130.73,2022,2021
1001600021,474 PEARL STREET,GuB6xc4Kg_b0SltQ4IzD0g,2021-04,2021,40.71471715629983,-74.00196669139687,40.714302,-74.0015691,144.02,130.73,2026,2021
1001620001,1 CHATHAM SQUARE,SH6FsgrvKyihqylU0UNPDw,2009-04,2009,40.71377271507914,-73.99867621600961,40.7138299,-73.9985102,65.56,30.25,2007,2009
1001620001,1 CHATHAM SQUARE,zek5bzlk-rMFaviptCEyxw,2011-06,2011,40.71379505656184,-73.99868428602412,40.7138299,-73.9985102,75.21,30.25,2011,2011
1001620001,1 CHATHAM SQUARE,Apwibx1NBQpjxI0MAiHXyg,2014-10,2014,40.71376275931958,-73.99867729201156,40.7138299,-73.9985102,62.07,30.25,2014,2014
1001620001,1 CHATHAM SQUARE,-Z-QUTqxRfFiNBAq9VJ3PQ,2019-06,2019,40.71379434715256,-73.99868087868471,40.7138299,-73.9985102,74.63,30.25,2018,2019
1001620001,1 CHATHAM SQUARE,ntRlm5BTXasGijs6uHZggw,2022-07,2022,40.71379983266765,-73.99869136970324,40.7138299,-73.9985102,77.65,30.25,2022,2022
1001620001,1 CHATHAM SQUARE,VrLks2yMUbL2ovYcZcE2Ww,2024-11,2024,40.71379351394014,-73.99868670702841,40.7138299,-73.9985102,74.79,30.25,2026,2024
1001620006,10 MOTT STREET,upHHxPBiFIEYv-ProWBe5g,2009-04,2009,40.71404470642808,-73.99872284275541,40.71405769999999,-73.9985824,83.04,20.51,2007,2009
1001620006,10 MOTT STREET,avG5A7GwuA4kVAWhRVg3DA,2011-06,2011,40.71402208783253,-73.99872239442138,40.71405769999999,-73.9985824,71.45,20.51,2011,2011
1001620006,10 MOTT STREET,Uy0cc4l8i4WfCK0ugJ8FSw,2014-09,2014,40.71404980545999,-73.99872741576257,40.71405769999999,-73.9985824,85.89,20.51,2014,2014
1001620006,10 MOTT STREET,-fY-Q39KRvq8-evnC3m8jg,2019-06,2019,40.71403256225788,-73.99872338075626,40.71405769999999,-73.9985824,76.76,20.51,2018,2019
1001620006,10 MOTT STREET,s0lXHRskqjmnTpSuM9kGFw,2022-07,2022,40.71403346916551,-73.99872445675796,40.71405769999999,-73.9985824,77.32,20.51,2022,2022
1001620006,10 MOTT STREET,3Wfuvj21Z51vrJrKZuJUDA,2024-11,2024,40.71405246683855,-73.99873288543765,40.71405769999999,-73.9985824,87.37,20.51,2026,2024
1001620007,12 MOTT STREET,32SON32hl70X33emNbIc2Q,2009-04,2009,40.71411024906693,-73.99873234743684,40.7141099,-73.9986004,90.2,17.88,2007,2009
1001620007,12 MOTT STREET,32SON32hl70X33emNbIc2Q,2009-04,2009,40.71411024906693,-73.99873234743684,40.7141099,-73.9986004,90.2,17.88,2011,2009
1001620007,12 MOTT STREET,LE5GJcD6TMQXXjS7ldOa2A,2014-10,2014,40.71411294858321,-73.99873808611217,40.7141099,-73.9986004,91.67,17.88,2014,2014
1001620007,12 MOTT STREET,81STfj4ZyGnO0oYmTjCyHg,2019-06,2019,40.71414088909522,-73.99874095544978,40.7141099,-73.9986004,106.22,17.88,2018,2019
1001620007,12 MOTT STREET,34dJzs-9JmoxfdS_Fm_1sg,2022-07,2022,40.71411949954018,-73.99873853444618,40.7141099,-73.9986004,95.24,17.88,2022,2022
1001620007,12 MOTT STREET,JgFzLys1pIwxOztinAkByw,2024-11,2024,40.71414421835918,-73.99874741145922,40.7141099,-73.9986004,107.12,17.88,2026,2024
1001620008,14 MOTT STREET,32SON32hl70X33emNbIc2Q,2009-04,2009,40.71411024906693,-73.99873234743684,40.71419500000002,-73.9984814,65.98,54.41,2007,2009
1001620008,14 MOTT STREET,32SON32hl70X33emNbIc2Q,2009-04,2009,40.71411024906693,-73.99873234743684,40.71419500000002,-73.9984814,65.98,54.41,2011,2009
1001620008,14 MOTT STREET,LE5GJcD6TMQXXjS7ldOa2A,2014-10,2014,40.71411294858321,-73.99873808611217,40.71419500000002,-73.9984814,67.13,54.41,2014,2014
1001620008,14 MOTT STREET,81STfj4ZyGnO0oYmTjCyHg,2019-06,2019,40.71414088909522,-73.99874095544978,40.71419500000002,-73.9984814,74.62,54.41,2018,2019
1001620008,14 MOTT STREET,34dJzs-9JmoxfdS_Fm_1sg,2022-07,2022,40.71411949954018,-73.99873853444618,40.71419500000002,-73.9984814,68.82,54.41,2022,2022
1001620008,14 MOTT STREET,JgFzLys1pIwxOztinAkByw,2024-11,2024,40.71414421835918,-73.99874741145922,40.71419500000002,-73.9984814,75.86,54.41,2026,2024
1001620009,16 MOTT STREET,cHtUtl5TYraud3NdpeJbrg,2009-04,2009,40.71420762164863,-73.9987476804596,40.714252599999995,-73.9984922,76.92,54.0,2007,2009
1001620009,16 MOTT STREET,_hyqxinZtn01lifzmevJ5g,2011-06,2011,40.71422669216943,-73.99875449513601,40.714252599999995,-73.9984922,82.58,54.0,2011,2011
1001620009,16 MOTT STREET,qa3XcbVawOFvDblCTIbILQ,2014-10,2014,40.7142283119024,-73.9987531501341,40.714252599999995,-73.9984922,83.0,54.0,2014,2014
1001620009,16 MOTT STREET,GQ-RbfSaZROYZgDC3Gdh8Q,2019-06,2019,40.71422720834337,-73.99875494346998,40.714252599999995,-73.9984922,82.73,54.0,2018,2019
1001620009,16 MOTT STREET,KgjZwTF59DbgV-BkOjwhCQ,2022-07,2022,40.71420810728512,-73.99875270180014,40.714252599999995,-73.9984922,77.3,54.0,2022,2022
1001620009,16 MOTT STREET,kFPHgMxT4Q219FQxmOF2uw,2024-11,2024,40.7142345585313,-73.99875996481032,40.714252599999995,-73.9984922,84.92,54.0,2026,2024
1001620010,18 MOTT STREET,dkRG__aiO48_0gLTV7A-0g,2009-04,2009,40.71430811569598,-73.99876534481768,40.714313,-73.998503,88.59,53.71,2007,2009
1001620010,18 MOTT STREET,PCrWgzjWtUIqTTxcjSqpnQ,2011-06,2011,40.71432539696017,-73.99876964882345,40.714313,-73.998503,93.51,53.71,2011,2011
1001620010,18 MOTT STREET,aU1bRssphBFxa1xEXzk6Cw,2016-11,2016,40.71432667001273,-73.99877171115952,40.714313,-73.998503,93.84,53.71,2014,2016
1001620010,18 MOTT STREET,dyelC0Djnob1apXbStE48A,2019-06,2019,40.7143148530642,-73.9987724284938,40.714313,-73.998503,90.52,53.71,2018,2019
1001620010,18 MOTT STREET,KYehMdtJqEv5IGggVy6Pgg,2022-07,2022,40.71430012301368,-73.99876749682058,40.714313,-73.998503,86.32,53.71,2022,2022
1001620010,18 MOTT STREET,Tdcbrpk-0I5P3oLxC5D1-A,2024-11,2024,40.7143264725146,-73.99877404249591,40.714313,-73.998503,93.75,53.71,2026,2024
1001620011,20 MOTT STREET,dkRG__aiO48_0gLTV7A-0g,2009-04,2009,40.71430811569598,-73.99876534481768,40.71437340000002,-73.9985246,70.31,50.45,2007,2009
1001620011,20 MOTT STREET,PCrWgzjWtUIqTTxcjSqpnQ,2011-06,2011,40.71432539696017,-73.99876964882345,40.71437340000002,-73.9985246,75.51,50.45,2011,2011
1001620011,20 MOTT STREET,aU1bRssphBFxa1xEXzk6Cw,2016-11,2016,40.71432667001273,-73.99877171115952,40.71437340000002,-73.9985246,75.99,50.45,2014,2016
1001620011,20 MOTT STREET,dyelC0Djnob1apXbStE48A,2019-06,2019,40.7143148530642,-73.9987724284938,40.71437340000002,-73.9985246,72.69,50.45,2018,2019
1001620011,20 MOTT STREET,KYehMdtJqEv5IGggVy6Pgg,2022-07,2022,40.71430012301368,-73.99876749682058,40.71437340000002,-73.9985246,68.3,50.45,2022,2022
1001620011,20 MOTT STREET,Tdcbrpk-0I5P3oLxC5D1-A,2024-11,2024,40.7143264725146,-73.99877404249591,40.71437340000002,-73.9985246,76.06,50.45,2026,2024
1001620012,22 MOTT STREET,iUDrXbyYl5V8fo_8Pa_4RA,2009-04,2009,40.71441613519535,-73.99878767184661,40.71443930000002,-73.9985355,83.09,50.39,2007,2009
1001620012,22 MOTT STREET,V57uonLI54Hwx9eIBi7h2g,2011-06,2011,40.71441418323483,-73.9987856095107,40.71443930000002,-73.9985355,82.45,50.39,2011,2011
1001620012,22 MOTT STREET,6jcdvhbs70cNEDf4qr7mfA,2014-10,2014,40.71440613717961,-73.99878578884427,40.71443930000002,-73.9985355,80.08,50.39,2014,2014
1001620012,22 MOTT STREET,NLoq01lU3UzPasKy_JVX0Q,2019-06,2019,40.71441197358997,-73.99878758217983,40.71443930000002,-73.9985355,81.86,50.39,2018,2019
1001620012,22 MOTT STREET,ZgPky5mksLYHvvng-M2hDA,2022-07,2022,40.7144191152765,-73.99878794084692,40.71443930000002,-73.9985355,83.98,50.39,2022,2022
1001620012,22 MOTT STREET,rTIZya9KcYhVvYR9Q2_ILQ,2024-11,2024,40.71441886608135,-73.99878937551537,40.71443930000002,-73.9985355,83.94,50.39,2026,2024
1001620013,24 MOTT STREET,2hfLbLdL66CHaDlxbwqVkw,2023-04,2023,40.7145336116249,-73.99883573323338,40.71450509999999,-73.9985391,97.23,52.32,2007,2023
1001620013,24 MOTT STREET,2hfLbLdL66CHaDlxbwqVkw,2023-04,2023,40.7145336116249,-73.99883573323338,40.71450509999999,-73.9985391,97.23,52.32,2011,2023
1001620013,24 MOTT STREET,2hfLbLdL66CHaDlxbwqVkw,2023-04,2023,40.7145336116249,-73.99883573323338,40.71450509999999,-73.9985391,97.23,52.32,2014,2023
1001620013,24 MOTT STREET,2hfLbLdL66CHaDlxbwqVkw,2023-04,2023,40.7145336116249,-73.99883573323338,40.71450509999999,-73.9985391,97.23,52.32,2018,2023
1001620013,24 MOTT STREET,2hfLbLdL66CHaDlxbwqVkw,2023-04,2023,40.7145336116249,-73.99883573323338,40.71450509999999,-73.9985391,97.23,52.32,2022,2023
1001620013,24 MOTT STREET,2hfLbLdL66CHaDlxbwqVkw,2023-04,2023,40.7145336116249,-73.99883573323338,40.71450509999999,-73.9985391,97.23,52.32,2026,2023
1001620014,26 MOTT STREET,2hfLbLdL66CHaDlxbwqVkw,2023-04,2023,40.7145336116249,-73.99883573323338,40.71457100000001,-73.9985535,80.09,51.29,2007,2023
1001620014,26 MOTT STREET,2hfLbLdL66CHaDlxbwqVkw,2023-04,2023,40.7145336116249,-73.99883573323338,40.71457100000001,-73.9985535,80.09,51.29,2011,2023
1001620014,26 MOTT STREET,2hfLbLdL66CHaDlxbwqVkw,2023-04,2023,40.7145336116249,-73.99883573323338,40.71457100000001,-73.9985535,80.09,51.29,2014,2023
1001620014,26 MOTT STREET,2hfLbLdL66CHaDlxbwqVkw,2023-04,2023,40.7145336116249,-73.99883573323338,40.71457100000001,-73.9985535,80.09,51.29,2018,2023
1001620014,26 MOTT STREET,2hfLbLdL66CHaDlxbwqVkw,2023-04,2023,40.7145336116249,-73.99883573323338,40.71457100000001,-73.9985535,80.09,51.29,2022,2023
1001620014,26 MOTT STREET,2hfLbLdL66CHaDlxbwqVkw,2023-04,2023,40.7145336116249,-73.99883573323338,40.71457100000001,-73.9985535,80.09,51.29,2026,2023
1001620015,28 MOTT STREET,JmCpWhpHgGnhjiy_32618g,2009-04,2009,40.71466434162368,-73.99882936689364,40.714636899999995,-73.9985643,97.78,51.32,2007,2009
1001620015,28 MOTT STREET,bvTJBLJxVKxwBOtuskKRYA,2011-06,2011,40.71466234646082,-73.99882380755457,40.714636899999995,-73.9985643,97.37,51.32,2011,2011
1001620015,28 MOTT STREET,AHgC4geJG6ODky8xRatu8g,2014-10,2014,40.71466177432961,-73.998827752892,40.714636899999995,-73.9985643,97.1,51.32,2014,2014
1001620015,28 MOTT STREET,MgkSKRXZYuds1HndJlL9dg,2019-10,2019,40.71463828044613,-73.99882219355287,40.714636899999995,-73.9985643,90.4,51.32,2018,2019
1001620015,28 MOTT STREET,ELPvSqLnOxf5JnsXJ6Ig4g,2022-07,2022,40.7146456865477,-73.9988228212202,40.714636899999995,-73.9985643,92.57,51.32,2022,2022
1001620015,28 MOTT STREET,ug0pDt7RzCKolkRYuhJ4MQ,2024-11,2024,40.71463469010448,-73.99882560088977,40.714636899999995,-73.9985643,89.36,51.32,2026,2024
1001620016,30 MOTT STREET,WGFiKix-U74Wz7SE_80PfQ,2009-04,2009,40.71474200557779,-73.99884030623784,40.71470279999998,-73.9985751,101.04,51.38,2007,2009
1001620016,30 MOTT STREET,8qdk1Q3azg1Z6s_vkCr2DA,2011-06,2011,40.71470909095973,-73.99883214656315,40.71470279999998,-73.9985751,91.85,51.38,2011,2011
1001620016,30 MOTT STREET,WE8yGMdlUKY2Qu4ptPnMPg,2014-10,2014,40.71471726664121,-73.9988344778988,40.71470279999998,-73.9985751,94.21,51.38,2014,2014
1001620016,30 MOTT STREET,zOjbOVdoEE1xlefdEBhmbA,2019-10,2019,40.71471912960054,-73.99883591256689,40.71470279999998,-73.9985751,94.72,51.38,2018,2019
1001620016,30 MOTT STREET,nhz_PtmdsWd2_Cvr06H6Kg,2022-07,2022,40.71468976290608,-73.99882936689364,40.71470279999998,-73.9985751,86.13,51.38,2022,2022
1001620016,30 MOTT STREET,QC8NsrfMocYYGwXx7-u4EQ,2024-11,2024,40.71471967119691,-73.99883654023417,40.71470279999998,-73.9985751,94.87,51.38,2026,2024
1001620017,32 MOTT STREET,V9px7Wg6OpR83oK2nzyV6w,2011-06,2011,40.71492532250176,-73.99853660470477,40.71476860000001,-73.998586,193.44,50.25,2007,2011
1001620017,32 MOTT STREET,V9px7Wg6OpR83oK2nzyV6w,2011-06,2011,40.71492532250176,-73.99853660470477,40.71476860000001,-73.998586,193.44,50.25,2011,2011
1001620017,32 MOTT STREET,BEGgWu0wuIEJoEv5KoqLbQ,2014-10,2014,40.71492005571731,-73.9985212716651,40.71476860000001,-73.998586,197.95,50.25,2014,2014
1001620017,32 MOTT STREET,RQfr44XhukmVGct53qfhrQ,2019-06,2019,40.71491646798053,-73.99846245016815,40.71476860000001,-73.998586,212.35,50.25,2018,2019
1001620017,32 MOTT STREET,gT7HkRJ_7yuUxlwo4P-3KQ,2022-07,2022,40.7149160526541,-73.99851006330198,40.71476860000001,-73.998586,201.32,50.25,2022,2022
1001620017,32 MOTT STREET,AQkyS-mj4t4J5XFr3m4BlA,2024-05,2024,40.71495610369104,-73.99850737329473,40.71476860000001,-73.998586,197.63,50.25,2026,2024
1001620018,34 MOTT STREET,BfiSyEToeNb5y3LjHmEi-w,2011-06,2011,40.71494386121989,-73.99865299229928,40.714853700000006,-73.9986761,190.99,27.5,2007,2011
1001620018,34 MOTT STREET,BfiSyEToeNb5y3LjHmEi-w,2011-06,2011,40.71494386121989,-73.99865299229928,40.714853700000006,-73.9986761,190.99,27.5,2011,2011
1001620018,34 MOTT STREET,-xz6xYBzpK4nL4xRxuT6rw,2014-10,2014,40.71494825589017,-73.99864142527649,40.714853700000006,-73.9986761,195.53,27.5,2014,2014
1001620018,34 MOTT STREET,r2L1vJIuswGi8bhyL1EMZw,2017-11,2017,40.71495112657058,-73.99866007597957,40.714853700000006,-73.9986761,187.11,27.5,2018,2017
1001620018,34 MOTT STREET,maVE7LuUODCsQO-i6Bv86g,2022-07,2022,40.71495385149365,-73.99866599399074,40.714853700000006,-73.9986761,184.37,27.5,2022,2022
1001620018,34 MOTT STREET,5yYD488YR9zge1YTx-X8Qg,2024-05,2024,40.71497779287621,-73.99861246288303,40.714853700000006,-73.9986761,201.24,27.5,2026,2024
1001620021,29 PELL STREET,V9px7Wg6OpR83oK2nzyV6w,2011-06,2011,40.71492532250176,-73.99853660470477,40.71484550000002,-73.9984994,160.54,16.62,2007,2011
1001620021,29 PELL STREET,V9px7Wg6OpR83oK2nzyV6w,2011-06,2011,40.71492532250176,-73.99853660470477,40.71484550000002,-73.9984994,160.54,16.62,2011,2011
1001620021,29 PELL STREET,BEGgWu0wuIEJoEv5KoqLbQ,2014-10,2014,40.71492005571731,-73.9985212716651,40.71484550000002,-73.9984994,167.46,16.62,2014,2014
1001620021,29 PELL STREET,RQfr44XhukmVGct53qfhrQ,2019-06,2019,40.71491646798053,-73.99846245016815,40.71484550000002,-73.9984994,201.54,16.62,2018,2019
1001620021,29 PELL STREET,gT7HkRJ_7yuUxlwo4P-3KQ,2022-07,2022,40.7149160526541,-73.99851006330198,40.71484550000002,-73.9984994,173.46,16.62,2022,2022
1001620021,29 PELL STREET,AQkyS-mj4t4J5XFr3m4BlA,2024-05,2024,40.71495610369104,-73.99850737329473,40.71484550000002,-73.9984994,176.87,16.62,2026,2024
1001620022,25 PELL STREET,N0rlIERrzuLxPHOfWVN6Ug,2011-06,2011,40.71487524717399,-73.9982972836122,40.7147824,-73.9983767,212.96,29.14,2007,2011
1001620022,25 PELL STREET,N0rlIERrzuLxPHOfWVN6Ug,2011-06,2011,40.71487524717399,-73.9982972836122,40.7147824,-73.9983767,212.96,29.14,2011,2011
1001620022,25 PELL STREET,7BhEZcnzt3rzrZaMUfdY6Q,2014-10,2014,40.71486575265868,-73.99827181818048,40.7147824,-73.9983767,223.64,29.14,2014,2014
1001620022,25 PELL STREET,wiKhuFnrl13HwCaLdTumBg,2017-11,2017,40.71487599645418,-73.99831799668974,40.7147824,-73.9983767,205.43,29.14,2018,2017
1001620022,25 PELL STREET,2buzYGlqVHlgn2WddoW5GQ,2022-07,2022,40.71486980745184,-73.99828392322767,40.7147824,-73.9983767,218.82,29.14,2022,2022
1001620022,25 PELL STREET,QzMwr9ZGNSOJxEDt2zJ2EQ,2024-05,2024,40.71490136407697,-73.99824420073664,40.7147824,-73.9983767,220.17,29.14,2026,2024
1001620023,23 PELL STREET,N0rlIERrzuLxPHOfWVN6Ug,2011-06,2011,40.71487524717399,-73.9982972836122,40.71474940000001,-73.9983082,183.76,35.35,2007,2011
1001620023,23 PELL STREET,N0rlIERrzuLxPHOfWVN6Ug,2011-06,2011,40.71487524717399,-73.9982972836122,40.71474940000001,-73.9983082,183.76,35.35,2011,2011
1001620023,23 PELL STREET,7BhEZcnzt3rzrZaMUfdY6Q,2014-10,2014,40.71486575265868,-73.99827181818048,40.71474940000001,-73.9983082,193.33,35.35,2014,2014
1001620023,23 PELL STREET,wiKhuFnrl13HwCaLdTumBg,2017-11,2017,40.71487599645418,-73.99831799668974,40.71474940000001,-73.9983082,176.64,35.35,2018,2017
1001620023,23 PELL STREET,2buzYGlqVHlgn2WddoW5GQ,2022-07,2022,40.71486980745184,-73.99828392322767,40.71474940000001,-73.9983082,188.69,35.35,2022,2022
1001620023,23 PELL STREET,QzMwr9ZGNSOJxEDt2zJ2EQ,2024-05,2024,40.71490136407697,-73.99824420073664,40.71474940000001,-73.9983082,197.7,35.35,2026,2024
1001620024,21 PELL STREET,iR5DzZEINZlnOqHOjcl4pw,2014-10,2014,40.71469012709974,-73.99808656602956,40.714735699999984,-73.9982324,292.41,34.1,2007,2014
1001620024,21 PELL STREET,iR5DzZEINZlnOqHOjcl4pw,2014-10,2014,40.71469012709974,-73.99808656602956,40.714735699999984,-73.9982324,292.41,34.1,2011,2014
1001620024,21 PELL STREET,iR5DzZEINZlnOqHOjcl4pw,2014-10,2014,40.71469012709974,-73.99808656602956,40.714735699999984,-73.9982324,292.41,34.1,2014,2014
1001620024,21 PELL STREET,-ob2JE81p6h9l6ASXvCG7Q,2017-11,2017,40.71470228806361,-73.99808880770719,40.714735699999984,-73.9982324,287.07,34.1,2018,2017
1001620024,21 PELL STREET,c9Ea2C6SytlWYwWh24B2Tw,2024-05,2024,40.71471098323671,-73.99806979828004,40.714735699999984,-73.9982324,281.34,34.1,2022,2024
1001620024,21 PELL STREET,c9Ea2C6SytlWYwWh24B2Tw,2024-05,2024,40.71471098323671,-73.99806979828004,40.714735699999984,-73.9982324,281.34,34.1,2026,2024
1001620025,19 PELL STREET,iR5DzZEINZlnOqHOjcl4pw,2014-10,2014,40.71469012709974,-73.99808656602956,40.71472199999999,-73.9981531,302.29,11.58,2007,2014
1001620025,19 PELL STREET,iR5DzZEINZlnOqHOjcl4pw,2014-10,2014,40.71469012709974,-73.99808656602956,40.71472199999999,-73.9981531,302.29,11.58,2011,2014
1001620025,19 PELL STREET,iR5DzZEINZlnOqHOjcl4pw,2014-10,2014,40.71469012709974,-73.99808656602956,40.71472199999999,-73.9981531,302.29,11.58,2014,2014
1001620025,19 PELL STREET,-ob2JE81p6h9l6ASXvCG7Q,2017-11,2017,40.71470228806361,-73.99808880770719,40.71472199999999,-73.9981531,292.02,11.58,2018,2017
1001620025,19 PELL STREET,c9Ea2C6SytlWYwWh24B2Tw,2024-05,2024,40.71471098323671,-73.99806979828004,40.71472199999999,-73.9981531,279.9,11.58,2022,2024
1001620025,19 PELL STREET,c9Ea2C6SytlWYwWh24B2Tw,2024-05,2024,40.71471098323671,-73.99806979828004,40.71472199999999,-73.9981531,279.9,11.58,2026,2024
1001620026,15 DOYERS STREET,4AS3ARjQlrvMn88kZlkt6A,2014-10,2014,40.71456169538311,-73.99813095124178,40.714593,-73.9982685,286.71,30.4,2007,2014
1001620026,15 DOYERS STREET,4AS3ARjQlrvMn88kZlkt6A,2014-10,2014,40.71456169538311,-73.99813095124178,40.714593,-73.9982685,286.71,30.4,2011,2014
1001620026,15 DOYERS STREET,4AS3ARjQlrvMn88kZlkt6A,2014-10,2014,40.71456169538311,-73.99813095124178,40.714593,-73.9982685,286.71,30.4,2014,2014
1001620026,15 DOYERS STREET,RHaO15p04ZjhrXIPookTnw,2017-11,2017,40.71456853275644,-73.99812969590258,40.714593,-73.9982685,283.09,30.4,2018,2017
1001620026,15 DOYERS STREET,F27UFGwPH1XfV0TFr0Fq1g,2024-05,2024,40.71453740642542,-73.99811552850252,40.714593,-73.9982685,295.62,30.4,2022,2024
1001620026,15 DOYERS STREET,F27UFGwPH1XfV0TFr0Fq1g,2024-05,2024,40.71453740642542,-73.99811552850252,40.714593,-73.9982685,295.62,30.4,2026,2024
1001620028,11 DOYERS STREET,gcRME71CDFTFwg56-AQ1YQ,2017-11,2017,40.71444358671896,-73.99812844056336,40.71445570000001,-73.9982613,276.86,26.62,2007,2017
1001620028,11 DOYERS STREET,gcRME71CDFTFwg56-AQ1YQ,2017-11,2017,40.71444358671896,-73.99812844056336,40.71445570000001,-73.9982613,276.86,26.62,2011,2017
1001620028,11 DOYERS STREET,gcRME71CDFTFwg56-AQ1YQ,2017-11,2017,40.71444358671896,-73.99812844056336,40.71445570000001,-73.9982613,276.86,26.62,2014,2017
1001620028,11 DOYERS STREET,gcRME71CDFTFwg56-AQ1YQ,2017-11,2017,40.71444358671896,-73.99812844056336,40.71445570000001,-73.9982613,276.86,26.62,2018,2017
1001620028,11 DOYERS STREET,gcRME71CDFTFwg56-AQ1YQ,2017-11,2017,40.71444358671896,-73.99812844056336,40.71445570000001,-73.9982613,276.86,26.62,2022,2017
1001620028,11 DOYERS STREET,gcRME71CDFTFwg56-AQ1YQ,2017-11,2017,40.71444358671896,-73.99812844056336,40.71445570000001,-73.9982613,276.86,26.62,2026,2017
1001620030,9 DOYERS STREET,gcRME71CDFTFwg56-AQ1YQ,2017-11,2017,40.71444358671896,-73.99812844056336,40.7143404,-73.9982252,215.4,32.49,2007,2017
1001620030,9 DOYERS STREET,gcRME71CDFTFwg56-AQ1YQ,2017-11,2017,40.71444358671896,-73.99812844056336,40.7143404,-73.9982252,215.4,32.49,2011,2017
1001620030,9 DOYERS STREET,gcRME71CDFTFwg56-AQ1YQ,2017-11,2017,40.71444358671896,-73.99812844056336,40.7143404,-73.9982252,215.4,32.49,2014,2017
1001620030,9 DOYERS STREET,gcRME71CDFTFwg56-AQ1YQ,2017-11,2017,40.71444358671896,-73.99812844056336,40.7143404,-73.9982252,215.4,32.49,2018,2017
1001620030,9 DOYERS STREET,gcRME71CDFTFwg56-AQ1YQ,2017-11,2017,40.71444358671896,-73.99812844056336,40.7143404,-73.9982252,215.4,32.49,2022,2017
1001620030,9 DOYERS STREET,gcRME71CDFTFwg56-AQ1YQ,2017-11,2017,40.71444358671896,-73.99812844056336,40.7143404,-73.9982252,215.4,32.49,2026,2017
1001620033,3 DOYERS STREET,2y6jEvu2Qjh18KQX4BsVPQ,2014-10,2014,40.71432267940262,-73.9979141361076,40.714241600000015,-73.9979944,216.88,27.71,2007,2014
1001620033,3 DOYERS STREET,2y6jEvu2Qjh18KQX4BsVPQ,2014-10,2014,40.71432267940262,-73.9979141361076,40.714241600000015,-73.9979944,216.88,27.71,2011,2014
1001620033,3 DOYERS STREET,2y6jEvu2Qjh18KQX4BsVPQ,2014-10,2014,40.71432267940262,-73.9979141361076,40.714241600000015,-73.9979944,216.88,27.71,2014,2014
1001620033,3 DOYERS STREET,5ulL_3DOvXh4FQ_wyXshIA,2017-11,2017,40.71430241542277,-73.99788400793058,40.714241600000015,-73.9979944,233.99,27.71,2018,2017
1001620033,3 DOYERS STREET,-EtHOVGUqZa63nV_OQYMiQ,2024-05,2024,40.71433813484223,-73.99788481493538,40.714241600000015,-73.9979944,220.71,27.71,2022,2024
1001620033,3 DOYERS STREET,-EtHOVGUqZa63nV_OQYMiQ,2024-05,2024,40.71433813484223,-73.99788481493538,40.714241600000015,-73.9979944,220.71,27.71,2026,2024
1001620034,13 CHATHAM SQUARE,s_vJKW6S8Ky7VRUxLO5vbg,2014-10,2014,40.71413608341055,-73.99770951547883,40.71410440000002,-73.9977996,245.11,14.09,2007,2014
1001620034,13 CHATHAM SQUARE,s_vJKW6S8Ky7VRUxLO5vbg,2014-10,2014,40.71413608341055,-73.99770951547883,40.71410440000002,-73.9977996,245.11,14.09,2011,2014
1001620034,13 CHATHAM SQUARE,s_vJKW6S8Ky7VRUxLO5vbg,2014-10,2014,40.71413608341055,-73.99770951547883,40.71410440000002,-73.9977996,245.11,14.09,2014,2014
1001620034,13 CHATHAM SQUARE,IVHTUkXhWBayJG4IXjj6vA,2017-11,2017,40.71409095136216,-73.99767956660423,40.71410440000002,-73.9977996,278.41,14.09,2018,2017
1001620034,13 CHATHAM SQUARE,pHGREkBlyl1-WFKyE0NV9A,2024-07,2024,40.71410386618819,-73.99772915261264,40.71410440000002,-73.9977996,270.57,14.09,2022,2024
1001620034,13 CHATHAM SQUARE,pHGREkBlyl1-WFKyE0NV9A,2024-07,2024,40.71410386618819,-73.99772915261264,40.71410440000002,-73.9977996,270.57,14.09,2026,2024
1001620035,11 CHATHAM SQUARE,8bBDuCogtK8zW8CAaMr0tQ,2014-08,2014,40.71419258160692,-73.99777174456258,40.7140989,-73.9979222,230.6,42.89,2007,2014
1001620035,11 CHATHAM SQUARE,8bBDuCogtK8zW8CAaMr0tQ,2014-08,2014,40.71419258160692,-73.99777174456258,40.7140989,-73.9979222,230.6,42.89,2011,2014
1001620035,11 CHATHAM SQUARE,8bBDuCogtK8zW8CAaMr0tQ,2014-08,2014,40.71419258160692,-73.99777174456258,40.7140989,-73.9979222,230.6,42.89,2014,2014
1001620035,11 CHATHAM SQUARE,m8n-4I6yrLKPEFYLMtvDJg,2017-11,2017,40.71419818500974,-73.99778519465008,40.7140989,-73.9979222,226.29,42.89,2018,2017
1001620035,11 CHATHAM SQUARE,PUK_b-vrbVg8YQ3xzmI0uQ,2024-07,2024,40.71412454557226,-73.99775954981578,40.7140989,-73.9979222,258.25,42.89,2022,2024
1001620035,11 CHATHAM SQUARE,PUK_b-vrbVg8YQ3xzmI0uQ,2024-07,2024,40.71412454557226,-73.99775954981578,40.7140989,-73.9979222,258.25,42.89,2026,2024
1001620037,10 CHATHAM SQUARE,31n6Ha1dj0K8v2T38z3jPw,2012-08,2012,40.7138593778566,-73.99793341455171,40.714057699999984,-73.9980124,343.2,46.99,2007,2012
1001620037,10 CHATHAM SQUARE,31n6Ha1dj0K8v2T38z3jPw,2012-08,2012,40.7138593778566,-73.99793341455171,40.714057699999984,-73.9980124,343.2,46.99,2011,2012
1001620037,10 CHATHAM SQUARE,ct-_uKesFGyTFb5ps9sjpg,2014-08,2014,40.71383946554767,-73.99791906780278,40.714057699999984,-73.9980124,342.04,46.99,2014,2014
1001620037,10 CHATHAM SQUARE,wCNeZDVShswa863162lAnA,2018-06,2018,40.71381525509905,-73.99788983629853,40.714057699999984,-73.9980124,339.03,46.99,2018,2018
1001620037,10 CHATHAM SQUARE,UbomQWIE6tXu2HVUq3aghA,2022-07,2022,40.71384537486411,-73.99790328637772,40.714057699999984,-73.9980124,338.72,46.99,2022,2022
1001620037,10 CHATHAM SQUARE,FA_nG9b-RKeKdYJu3upUNg,2026-04,2026,40.71387517082341,-73.99791072875449,40.714057699999984,-73.9980124,337.11,46.99,2026,2026
1001620038,9 CHATHAM SQUARE,2y6jEvu2Qjh18KQX4BsVPQ,2014-10,2014,40.71432267940262,-73.9979141361076,40.7141785,-73.9981098,225.81,66.18,2007,2014
1001620038,9 CHATHAM SQUARE,2y6jEvu2Qjh18KQX4BsVPQ,2014-10,2014,40.71432267940262,-73.9979141361076,40.7141785,-73.9981098,225.81,66.18,2011,2014
1001620038,9 CHATHAM SQUARE,2y6jEvu2Qjh18KQX4BsVPQ,2014-10,2014,40.71432267940262,-73.9979141361076,40.7141785,-73.9981098,225.81,66.18,2014,2014
1001620038,9 CHATHAM SQUARE,5ulL_3DOvXh4FQ_wyXshIA,2017-11,2017,40.71430241542277,-73.99788400793058,40.7141785,-73.9981098,234.09,66.18,2018,2017
1001620038,9 CHATHAM SQUARE,-EtHOVGUqZa63nV_OQYMiQ,2024-05,2024,40.71433813484223,-73.99788481493538,40.7141785,-73.9981098,226.89,66.18,2022,2024
1001620038,9 CHATHAM SQUARE,-EtHOVGUqZa63nV_OQYMiQ,2024-05,2024,40.71433813484223,-73.99788481493538,40.7141785,-73.9981098,226.89,66.18,2026,2024
1001620041,6 CHATHAM SQUARE,RXqzLwdDqh895YwFuBhoQA,2010-08,2010,40.71382455242687,-73.99826078913684,40.71400280000001,-73.9983335,342.82,74.79,2007,2010
1001620041,6 CHATHAM SQUARE,RXqzLwdDqh895YwFuBhoQA,2010-08,2010,40.71382455242687,-73.99826078913684,40.71400280000001,-73.9983335,342.82,74.79,2011,2010
1001620041,6 CHATHAM SQUARE,RXqzLwdDqh895YwFuBhoQA,2010-08,2010,40.71382455242687,-73.99826078913684,40.71400280000001,-73.9983335,342.82,74.79,2014,2010
1001620041,6 CHATHAM SQUARE,RXqzLwdDqh895YwFuBhoQA,2010-08,2010,40.71382455242687,-73.99826078913684,40.71400280000001,-73.9983335,342.82,74.79,2018,2010
1001620041,6 CHATHAM SQUARE,RXqzLwdDqh895YwFuBhoQA,2010-08,2010,40.71382455242687,-73.99826078913684,40.71400280000001,-73.9983335,342.82,74.79,2022,2010
1001620041,6 CHATHAM SQUARE,RXqzLwdDqh895YwFuBhoQA,2010-08,2010,40.71382455242687,-73.99826078913684,40.71400280000001,-73.9983335,342.82,74.79,2026,2010
1001620042,5 CHATHAM SQUARE,UxJ-JKr9ZcvWe-8MSz3lFQ,2009-04,2009,40.7139395485345,-73.99870580606115,40.71397540000001,-73.9984453,79.71,54.58,2007,2009
1001620042,5 CHATHAM SQUARE,P2NbBj91j5B7qzdo8ygNsg,2011-06,2011,40.71392856129464,-73.99870652339568,40.71397540000001,-73.9984453,76.69,54.58,2011,2011
1001620042,5 CHATHAM SQUARE,IzXc_65RegOZw-Xq09kpMQ,2014-10,2014,40.71397159648554,-73.99871423474166,40.71397540000001,-73.9984453,88.93,54.58,2014,2014
1001620042,5 CHATHAM SQUARE,J6A87HfaGjpq1wTaFbZzXg,2019-06,2019,40.71396407757118,-73.99871387607442,40.71397540000001,-73.9984453,86.82,54.58,2018,2019
1001620042,5 CHATHAM SQUARE,rCnIFg2s9H958DkjqXp6dg,2022-07,2022,40.71396685848511,-73.99871540041022,40.71397540000001,-73.9984453,87.61,54.58,2022,2022
1001620042,5 CHATHAM SQUARE,MJPVkaS0ZOFqXi_whQiqrQ,2024-11,2024,40.71396166871887,-73.99871710407963,40.71397540000001,-73.9984453,86.19,54.58,2026,2024
1001620043,2 DOYERS STREET,2y6jEvu2Qjh18KQX4BsVPQ,2014-10,2014,40.71432267940262,-73.9979141361076,40.714367899999985,-73.9978176,58.28,16.95,2007,2014
1001620043,2 DOYERS STREET,2y6jEvu2Qjh18KQX4BsVPQ,2014-10,2014,40.71432267940262,-73.9979141361076,40.714367899999985,-73.9978176,58.28,16.95,2011,2014
1001620043,2 DOYERS STREET,2y6jEvu2Qjh18KQX4BsVPQ,2014-10,2014,40.71432267940262,-73.9979141361076,40.714367899999985,-73.9978176,58.28,16.95,2014,2014
1001620043,2 DOYERS STREET,5ulL_3DOvXh4FQ_wyXshIA,2017-11,2017,40.71430241542277,-73.99788400793058,40.714367899999985,-73.9978176,37.55,16.95,2018,2017
1001620043,2 DOYERS STREET,-EtHOVGUqZa63nV_OQYMiQ,2024-05,2024,40.71433813484223,-73.99788481493538,40.714367899999985,-73.9978176,59.7,16.95,2022,2024
1001620043,2 DOYERS STREET,-EtHOVGUqZa63nV_OQYMiQ,2024-05,2024,40.71433813484223,-73.99788481493538,40.714367899999985,-73.9978176,59.7,16.95,2026,2024
1001620044,4 DOYERS STREET,F5JCt0mK6iHTFpUVyR27vg,2014-10,2014,40.71437652029839,-73.9980055069488,40.71443650000001,-73.9979006,52.97,25.43,2007,2014
1001620044,4 DOYERS STREET,F5JCt0mK6iHTFpUVyR27vg,2014-10,2014,40.71437652029839,-73.9980055069488,40.71443650000001,-73.9979006,52.97,25.43,2011,2014
1001620044,4 DOYERS STREET,F5JCt0mK6iHTFpUVyR27vg,2014-10,2014,40.71437652029839,-73.9980055069488,40.71443650000001,-73.9979006,52.97,25.43,2014,2014
1001620044,4 DOYERS STREET,kbfx1LbmgHd71cD0WIpsQA,2017-11,2017,40.71435982889292,-73.99797663412636,40.71443650000001,-73.9979006,36.93,25.43,2018,2017
1001620044,4 DOYERS STREET,IqYzw4LTA-Bl1j9Cb0Btkg,2024-05,2024,40.71436167248344,-73.99801357699157,40.71443650000001,-73.9979006,48.85,25.43,2022,2024
1001620044,4 DOYERS STREET,IqYzw4LTA-Bl1j9Cb0Btkg,2024-05,2024,40.71436167248344,-73.99801357699157,40.71443650000001,-73.9979006,48.85,25.43,2026,2024
1001620047,10 DOYERS STREET,4AS3ARjQlrvMn88kZlkt6A,2014-10,2014,40.71456169538311,-73.99813095124178,40.7144996,-73.9980449,133.59,13.51,2007,2014
1001620047,10 DOYERS STREET,4AS3ARjQlrvMn88kZlkt6A,2014-10,2014,40.71456169538311,-73.99813095124178,40.7144996,-73.9980449,133.59,13.51,2011,2014
1001620047,10 DOYERS STREET,4AS3ARjQlrvMn88kZlkt6A,2014-10,2014,40.71456169538311,-73.99813095124178,40.7144996,-73.9980449,133.59,13.51,2014,2014
1001620047,10 DOYERS STREET,RHaO15p04ZjhrXIPookTnw,2017-11,2017,40.71456853275644,-73.99812969590258,40.7144996,-73.9980449,137.0,13.51,2018,2017
1001620047,10 DOYERS STREET,F27UFGwPH1XfV0TFr0Fq1g,2024-05,2024,40.71453740642542,-73.99811552850252,40.7144996,-73.9980449,125.23,13.51,2022,2024
1001620047,10 DOYERS STREET,F27UFGwPH1XfV0TFr0Fq1g,2024-05,2024,40.71453740642542,-73.99811552850252,40.7144996,-73.9980449,125.23,13.51,2026,2024
1001620048,16 DOYERS STREET,WScnu94DXeyva60jXIF1rA,2014-10,2014,40.71460512670656,-73.99811911518617,40.7145902,-73.9980232,101.6,17.0,2007,2014
1001620048,16 DOYERS STREET,WScnu94DXeyva60jXIF1rA,2014-10,2014,40.71460512670656,-73.99811911518617,40.7145902,-73.9980232,101.6,17.0,2011,2014
1001620048,16 DOYERS STREET,WScnu94DXeyva60jXIF1rA,2014-10,2014,40.71460512670656,-73.99811911518617,40.7145902,-73.9980232,101.6,17.0,2014,2014
1001620048,16 DOYERS STREET,CnF3RJ-3olWjrAU88S-AzA,2017-11,2017,40.71461719357686,-73.99810952080726,40.7145902,-73.9980232,112.42,17.0,2018,2017
1001620048,16 DOYERS STREET,Nozhzjl9Q6UV7wUXZwT5YQ,2024-05,2024,40.71462888760124,-73.99813453792513,40.7145902,-73.9980232,114.63,17.0,2022,2024
1001620048,16 DOYERS STREET,Nozhzjl9Q6UV7wUXZwT5YQ,2024-05,2024,40.71462888760124,-73.99813453792513,40.7145902,-73.9980232,114.63,17.0,2026,2024
1001620049,17 PELL STREET,iR5DzZEINZlnOqHOjcl4pw,2014-10,2014,40.71469012709974,-73.99808656602956,40.7147028,-73.9979944,79.72,13.51,2007,2014
1001620049,17 PELL STREET,iR5DzZEINZlnOqHOjcl4pw,2014-10,2014,40.71469012709974,-73.99808656602956,40.7147028,-73.9979944,79.72,13.51,2011,2014
1001620049,17 PELL STREET,iR5DzZEINZlnOqHOjcl4pw,2014-10,2014,40.71469012709974,-73.99808656602956,40.7147028,-73.9979944,79.72,13.51,2014,2014
1001620049,17 PELL STREET,-ob2JE81p6h9l6ASXvCG7Q,2017-11,2017,40.71470228806361,-73.99808880770719,40.7147028,-73.9979944,89.59,13.51,2018,2017
1001620049,17 PELL STREET,c9Ea2C6SytlWYwWh24B2Tw,2024-05,2024,40.71471098323671,-73.99806979828004,40.7147028,-73.9979944,98.15,13.51,2022,2024
1001620049,17 PELL STREET,c9Ea2C6SytlWYwWh24B2Tw,2024-05,2024,40.71471098323671,-73.99806979828004,40.7147028,-73.9979944,98.15,13.51,2026,2024
1001620050,13 PELL STREET,8qRQt6YMZOfMvnJ-qqMGaw,2011-06,2011,40.71478444296513,-73.99787073718444,40.71468900000001,-73.9979222,202.23,27.28,2007,2011
1001620050,13 PELL STREET,8qRQt6YMZOfMvnJ-qqMGaw,2011-06,2011,40.71478444296513,-73.99787073718444,40.71468900000001,-73.9979222,202.23,27.28,2011,2011
1001620050,13 PELL STREET,iDohm4Vse7HoEn1idOxqvg,2014-10,2014,40.71478251047386,-73.99786508815033,40.71468900000001,-73.9979222,204.84,27.28,2014,2014
1001620050,13 PELL STREET,fcTV-rPavFVE5QaCvhGMLw,2019-06,2019,40.71479811943043,-73.99788526327139,40.71468900000001,-73.9979222,194.39,27.28,2018,2019
1001620050,13 PELL STREET,QsBuSzWYWFB0PitsXoXdnQ,2022-07,2022,40.71478680858433,-73.99787997290652,40.71468900000001,-73.9979222,198.12,27.28,2022,2022
1001620050,13 PELL STREET,piYLjEino-mFHqQnn5BAOw,2024-05,2024,40.71481440459878,-73.9978798832393,40.71468900000001,-73.9979222,194.35,27.28,2026,2024
1001620051,11 PELL STREET,zbjENwbsmvbkZ5Kpf5kgAw,2011-06,2011,40.71477092468123,-73.99780519044508,40.71462589999999,-73.9978717,199.17,45.77,2007,2011
1001620051,11 PELL STREET,zbjENwbsmvbkZ5Kpf5kgAw,2011-06,2011,40.71477092468123,-73.99780519044508,40.71462589999999,-73.9978717,199.17,45.77,2011,2011
1001620051,11 PELL STREET,ha4kBWNe8UpQeAFn4AhpKg,2014-10,2014,40.71476363027909,-73.99777183422984,40.71462589999999,-73.9978717,208.79,45.77,2014,2014
1001620051,11 PELL STREET,1V2QKZ3ZfIL4Pd4A0_mvWg,2019-06,2019,40.71476994213295,-73.99777219289885,40.71462589999999,-73.9978717,207.64,45.77,2018,2019
1001620051,11 PELL STREET,oKs63jkBYx-nTwpiLH1eaA,2022-07,2022,40.71476260298672,-73.99776618519282,40.71462589999999,-73.9978717,210.33,45.77,2022,2022
1001620051,11 PELL STREET,LJ2WsHt_sxfKemNKNzF7Hg,2024-05,2024,40.7147863415592,-73.99774367871032,40.71462589999999,-73.9978717,211.17,45.77,2026,2024
1001620052,9 PELL STREET,zbjENwbsmvbkZ5Kpf5kgAw,2011-06,2011,40.71477092468123,-73.99780519044508,40.7146012,-73.9977888,175.81,48.41,2007,2011
1001620052,9 PELL STREET,zbjENwbsmvbkZ5Kpf5kgAw,2011-06,2011,40.71477092468123,-73.99780519044508,40.7146012,-73.9977888,175.81,48.41,2011,2011
1001620052,9 PELL STREET,ha4kBWNe8UpQeAFn4AhpKg,2014-10,2014,40.71476363027909,-73.99777183422984,40.7146012,-73.9977888,184.53,48.41,2014,2014
1001620052,9 PELL STREET,1V2QKZ3ZfIL4Pd4A0_mvWg,2019-06,2019,40.71476994213295,-73.99777219289885,40.7146012,-73.9977888,184.27,48.41,2018,2019
1001620052,9 PELL STREET,oKs63jkBYx-nTwpiLH1eaA,2022-07,2022,40.71476260298672,-73.99776618519282,40.7146012,-73.9977888,186.06,48.41,2022,2022
1001620052,9 PELL STREET,LJ2WsHt_sxfKemNKNzF7Hg,2024-05,2024,40.7147863415592,-73.99774367871032,40.7146012,-73.9977888,190.47,48.41,2026,2024
1001620053,18 BOWERY,CqBnId_7YMKZ4lc4M1JvXw,2011-06,2011,40.71469320628068,-73.9974342367247,40.71463409999999,-73.9975038,221.74,16.06,2007,2011
1001620053,18 BOWERY,CqBnId_7YMKZ4lc4M1JvXw,2011-06,2011,40.71469320628068,-73.9974342367247,40.71463409999999,-73.9975038,221.74,16.06,2011,2011
1001620053,18 BOWERY,WG9j_8LIrHnhffEgkuvL6w,2014-10,2014,40.71470265860201,-73.99745674324353,40.71463409999999,-73.9975038,207.49,16.06,2014,2014
1001620053,18 BOWERY,Tyh5o3oXFTF-LzzvF-fMig,2019-06,2019,40.71470589271111,-73.99743486439657,40.71463409999999,-73.9975038,216.05,16.06,2018,2019
1001620053,18 BOWERY,943wNOkpocC5N_7u_yMTng,2022-07,2022,40.71470431953141,-73.99742589765529,40.71463409999999,-73.9975038,220.06,16.06,2022,2022
1001620053,18 BOWERY,-jSrMpyETID6xwDm-s5GLQ,2026-04,2026,40.71469953588873,-73.9974299326889,40.71463409999999,-73.9975038,220.55,16.06,2026,2026
1001620054,16 BOWERY,eOwEmUG0pjRP1EtuDX0x0g,2011-06,2011,40.71470945498767,-73.99751691005983,40.714573699999995,-73.9975471,189.57,40.45,2007,2011
1001620054,16 BOWERY,eOwEmUG0pjRP1EtuDX0x0g,2011-06,2011,40.71470945498767,-73.99751691005983,40.714573699999995,-73.9975471,189.57,40.45,2011,2011
1001620054,16 BOWERY,hB09t_lyxfe9i9i0Il0gYA,2014-10,2014,40.7147121054701,-73.99753134650624,40.714573699999995,-73.9975471,184.93,40.45,2014,2014
1001620054,16 BOWERY,ZPwFeFY_fjWiaKCdiq6m3w,2019-06,2019,40.71472683550088,-73.99754425860645,40.714573699999995,-73.9975471,180.81,40.45,2018,2019
1001620054,16 BOWERY,1WAS-HP1X5vJWE1YAuUv5w,2022-07,2022,40.71472100245781,-73.99753663688074,40.714573699999995,-73.9975471,183.08,40.45,2022,2022
1001620054,16 BOWERY,WTOcXvWy-9kZmcK92dJNCA,2026-04,2026,40.71472358510395,-73.99754793496815,40.714573699999995,-73.9975471,179.76,40.45,2026,2026
1001620055,14 BOWERY,XeO_wZaPrpOAQqkFDRMM1w,2012-07,2012,40.71439723434507,-73.99736635848251,40.7145161,-73.9975904,304.99,52.85,2007,2012
1001620055,14 BOWERY,XeO_wZaPrpOAQqkFDRMM1w,2012-07,2012,40.71439723434507,-73.99736635848251,40.7145161,-73.9975904,304.99,52.85,2011,2012
1001620055,14 BOWERY,ssCgvxAhm0jVRh1eV-mDww,2014-08,2014,40.71438616181315,-73.99738456097253,40.7145161,-73.9975904,309.79,52.85,2014,2014
1001620055,14 BOWERY,fh6cXLQPX6XZJV2u75vtoQ,2018-06,2018,40.71435572511698,-73.99735344637031,40.7145161,-73.9975904,311.76,52.85,2018,2018
1001620055,14 BOWERY,d4c4WRMpbsC6YuViXdpBDw,2022-07,2022,40.7144037538494,-73.99736286145222,40.7145161,-73.9975904,303.08,52.85,2022,2022
1001620055,14 BOWERY,W1jD7wE20kF9QtjtY66lTQ,2026-04,2026,40.71437025273725,-73.99737344221036,40.7145161,-73.9975904,311.57,52.85,2026,2026
1001620056,12 BOWERY,XeO_wZaPrpOAQqkFDRMM1w,2012-07,2012,40.71439723434507,-73.99736635848251,40.714463899999984,-73.9976012,290.53,46.21,2007,2012
1001620056,12 BOWERY,XeO_wZaPrpOAQqkFDRMM1w,2012-07,2012,40.71439723434507,-73.99736635848251,40.714463899999984,-73.9976012,290.53,46.21,2011,2012
1001620056,12 BOWERY,ssCgvxAhm0jVRh1eV-mDww,2014-08,2014,40.71438616181315,-73.99738456097253,40.714463899999984,-73.9976012,295.33,46.21,2014,2014
1001620056,12 BOWERY,fh6cXLQPX6XZJV2u75vtoQ,2018-06,2018,40.71435572511698,-73.99735344637031,40.714463899999984,-73.9976012,299.94,46.21,2018,2018
1001620056,12 BOWERY,d4c4WRMpbsC6YuViXdpBDw,2022-07,2022,40.7144037538494,-73.99736286145222,40.714463899999984,-73.9976012,288.41,46.21,2022,2022
1001620056,12 BOWERY,W1jD7wE20kF9QtjtY66lTQ,2026-04,2026,40.71437025273725,-73.99737344221036,40.714463899999984,-73.9976012,298.48,46.21,2026,2026
1001620057,10 BOWERY,XeO_wZaPrpOAQqkFDRMM1w,2012-07,2012,40.71439723434507,-73.99736635848251,40.714422800000015,-73.99762640000002,277.39,45.03,2007,2012
1001620057,10 BOWERY,XeO_wZaPrpOAQqkFDRMM1w,2012-07,2012,40.71439723434507,-73.99736635848251,40.714422800000015,-73.99762640000002,277.39,45.03,2011,2012
1001620057,10 BOWERY,ssCgvxAhm0jVRh1eV-mDww,2014-08,2014,40.71438616181315,-73.99738456097253,40.714422800000015,-73.99762640000002,281.3,45.03,2014,2014
1001620057,10 BOWERY,fh6cXLQPX6XZJV2u75vtoQ,2018-06,2018,40.71435572511698,-73.99735344637031,40.714422800000015,-73.99762640000002,287.96,45.03,2018,2018
1001620057,10 BOWERY,d4c4WRMpbsC6YuViXdpBDw,2022-07,2022,40.7144037538494,-73.99736286145222,40.714422800000015,-73.99762640000002,275.45,45.03,2022,2022
1001620057,10 BOWERY,W1jD7wE20kF9QtjtY66lTQ,2026-04,2026,40.71437025273725,-73.99737344221036,40.714422800000015,-73.99762640000002,285.33,45.03,2026,2026
1001620058,8 BOWERY,usWx_CP7SN1pwz0I8AWHOA,2012-08,2012,40.71426189272157,-73.99746149561571,40.7143569,-73.9976589,302.41,41.23,2007,2012
1001620058,8 BOWERY,usWx_CP7SN1pwz0I8AWHOA,2012-08,2012,40.71426189272157,-73.99746149561571,40.7143569,-73.9976589,302.41,41.23,2011,2012
1001620058,8 BOWERY,141bE9JfcGawawxfSjHrGw,2014-08,2014,40.71429554557095,-73.99744347246781,40.7143569,-73.9976589,290.59,41.23,2014,2014
1001620058,8 BOWERY,4xAC_p65spviydd7RnanUw,2018-06,2018,40.71424856856725,-73.99743136736753,40.7143569,-73.9976589,302.13,41.23,2018,2018
1001620058,8 BOWERY,ewD9aPgVo0-OVjwe7EvjcA,2022-07,2022,40.71429356311309,-73.99744598315517,40.7143569,-73.9976589,291.43,41.23,2022,2022
1001620058,8 BOWERY,v0Prkyvc-zaF6yoOYhLyBA,2026-04,2026,40.71428808177344,-73.99743818209073,40.7143569,-73.9976589,292.36,41.23,2026,2026
1001620060,4 BOWERY,VnXc-Bt4W1uXXfmL_ftifg,2014-08,2014,40.71423581924682,-73.99780429377269,40.71429650000002,-73.9977022,51.9,29.15,2007,2014
1001620060,4 BOWERY,VnXc-Bt4W1uXXfmL_ftifg,2014-08,2014,40.71423581924682,-73.99780429377269,40.71429650000002,-73.9977022,51.9,29.15,2011,2014
1001620060,4 BOWERY,VnXc-Bt4W1uXXfmL_ftifg,2014-08,2014,40.71423581924682,-73.99780429377269,40.71429650000002,-73.9977022,51.9,29.15,2014,2014
1001620060,4 BOWERY,1YxEJpQLHG95iuHyyNKPDw,2017-11,2017,40.71423573963533,-73.99781756452344,40.71429650000002,-73.9977022,55.21,29.15,2018,2017
1001620060,4 BOWERY,y6CB1NnsR7TiZhaVZ4Qkqg,2024-05,2024,40.71426920448425,-73.99780779079494,40.71429650000002,-73.9977022,71.17,29.15,2022,2024
1001620060,4 BOWERY,y6CB1NnsR7TiZhaVZ4Qkqg,2024-05,2024,40.71426920448425,-73.99780779079494,40.71429650000002,-73.9977022,71.17,29.15,2026,2024
1001620061,2 BOWERY,8bBDuCogtK8zW8CAaMr0tQ,2014-08,2014,40.71419258160692,-73.99777174456258,40.7142389,-73.9977166,42.06,14.67,2007,2014
1001620061,2 BOWERY,8bBDuCogtK8zW8CAaMr0tQ,2014-08,2014,40.71419258160692,-73.99777174456258,40.7142389,-73.9977166,42.06,14.67,2011,2014
1001620061,2 BOWERY,8bBDuCogtK8zW8CAaMr0tQ,2014-08,2014,40.71419258160692,-73.99777174456258,40.7142389,-73.9977166,42.06,14.67,2014,2014
1001620061,2 BOWERY,m8n-4I6yrLKPEFYLMtvDJg,2017-11,2017,40.71419818500974,-73.99778519465008,40.7142389,-73.9977166,51.94,14.67,2018,2017
1001620061,2 BOWERY,PUK_b-vrbVg8YQ3xzmI0uQ,2024-07,2024,40.71412454557226,-73.99775954981578,40.7142389,-73.9977166,15.89,14.67,2022,2024
1001620061,2 BOWERY,PUK_b-vrbVg8YQ3xzmI0uQ,2024-07,2024,40.71412454557226,-73.99775954981578,40.7142389,-73.9977166,15.89,14.67,2026,2024
1001620133,1 DOYERS STREET,VnXc-Bt4W1uXXfmL_ftifg,2014-08,2014,40.71423581924682,-73.99780429377269,40.714195,-73.9978753,232.82,11.93,2007,2014
1001620133,1 DOYERS STREET,VnXc-Bt4W1uXXfmL_ftifg,2014-08,2014,40.71423581924682,-73.99780429377269,40.714195,-73.9978753,232.82,11.93,2011,2014
1001620133,1 DOYERS STREET,VnXc-Bt4W1uXXfmL_ftifg,2014-08,2014,40.71423581924682,-73.99780429377269,40.714195,-73.9978753,232.82,11.93,2014,2014
1001620133,1 DOYERS STREET,1YxEJpQLHG95iuHyyNKPDw,2017-11,2017,40.71423573963533,-73.99781756452344,40.714195,-73.9978753,227.05,11.93,2018,2017
1001620133,1 DOYERS STREET,y6CB1NnsR7TiZhaVZ4Qkqg,2024-05,2024,40.71426920448425,-73.99780779079494,40.714195,-73.9978753,214.59,11.93,2022,2024
1001620133,1 DOYERS STREET,y6CB1NnsR7TiZhaVZ4Qkqg,2024-05,2024,40.71426920448425,-73.99780779079494,40.714195,-73.9978753,214.59,11.93,2026,2024
1001627501,7 CHATHAM SQUARE,6XA0YaMDvCJ7f8R739VuAw,2012-08,2012,40.71381725986942,-73.998028999739,40.7140468,-73.998218,328.03,73.69,2007,2012
1001627501,7 CHATHAM SQUARE,6XA0YaMDvCJ7f8R739VuAw,2012-08,2012,40.71381725986942,-73.998028999739,40.7140468,-73.998218,328.03,73.69,2011,2012
1001627501,7 CHATHAM SQUARE,x7HWuG4sv9I4rmMoX8-Ehw,2014-08,2014,40.71379501245497,-73.99800882463309,40.7140468,-73.998218,327.8,73.69,2014,2014
1001627501,7 CHATHAM SQUARE,w3yvWgA7yC3WFxgQdP2vIQ,2018-06,2018,40.71376259655753,-73.99799035320092,40.7140468,-73.998218,328.74,73.69,2018,2018
1001627501,7 CHATHAM SQUARE,ASi93Lnj7L1YGIsUCiJuNw,2022-07,2022,40.71379645758599,-73.99800837629738,40.7140468,-73.998218,327.6,73.69,2022,2022
1001627501,7 CHATHAM SQUARE,CTbIkwk8CQBVmqi1Xl_3TQ,2026-04,2026,40.71382669515408,-73.99800882463309,40.7140468,-73.998218,324.23,73.69,2026,2026
1001630001,10 PELL STREET,Yd2YmM8RAIJQK_HDupeVdg,2011-06,2011,40.71473389568769,-73.99763607796064,40.7148729,-73.9975759,18.17,38.85,2007,2011
1001630001,10 PELL STREET,Yd2YmM8RAIJQK_HDupeVdg,2011-06,2011,40.71473389568769,-73.99763607796064,40.7148729,-73.9975759,18.17,38.85,2011,2011
1001630001,10 PELL STREET,wpgMvPmbF90WzJeTatXT0A,2014-10,2014,40.71473952286589,-73.99765661177503,40.7148729,-73.9975759,24.64,38.85,2014,2014
1001630001,10 PELL STREET,KAVAmAoxHNzycRjqwSqHtA,2019-06,2019,40.71474908682484,-73.99765437009235,40.7148729,-73.9975759,25.66,38.85,2018,2019
1001630001,10 PELL STREET,M5Bu8wIcR-bImFa3TQjK6w,2022-07,2022,40.71474025852626,-73.9976527560808,40.7148729,-73.9975759,23.71,38.85,2022,2022
1001630001,10 PELL STREET,0r67YfT3-Lm9KBFhRMGVYA,2026-04,2026,40.71474934713422,-73.99766790985538,40.7148729,-73.9975759,29.44,38.85,2026,2026
1001630002,12 PELL STREET,zbjENwbsmvbkZ5Kpf5kgAw,2011-06,2011,40.71477092468123,-73.99780519044508,40.71490310000002,-73.9977094,28.78,39.62,2007,2011
1001630002,12 PELL STREET,zbjENwbsmvbkZ5Kpf5kgAw,2011-06,2011,40.71477092468123,-73.99780519044508,40.71490310000002,-73.9977094,28.78,39.62,2011,2011
1001630002,12 PELL STREET,ha4kBWNe8UpQeAFn4AhpKg,2014-10,2014,40.71476363027909,-73.99777183422984,40.71490310000002,-73.9977094,18.74,39.62,2014,2014
1001630002,12 PELL STREET,1V2QKZ3ZfIL4Pd4A0_mvWg,2019-06,2019,40.71476994213295,-73.99777219289885,40.71490310000002,-73.9977094,19.67,39.62,2018,2019
1001630002,12 PELL STREET,oKs63jkBYx-nTwpiLH1eaA,2022-07,2022,40.71476260298672,-73.99776618519282,40.71490310000002,-73.9977094,17.03,39.62,2022,2022
1001630002,12 PELL STREET,LJ2WsHt_sxfKemNKNzF7Hg,2024-05,2024,40.7147863415592,-73.99774367871032,40.71490310000002,-73.9977094,12.55,39.62,2026,2024
1001630004,16 PELL STREET,8qRQt6YMZOfMvnJ-qqMGaw,2011-06,2011,40.71478444296513,-73.99787073718444,40.71493879999999,-73.9978356,9.79,42.86,2007,2011
1001630004,16 PELL STREET,8qRQt6YMZOfMvnJ-qqMGaw,2011-06,2011,40.71478444296513,-73.99787073718444,40.71493879999999,-73.9978356,9.79,42.86,2011,2011
1001630004,16 PELL STREET,iDohm4Vse7HoEn1idOxqvg,2014-10,2014,40.71478251047386,-73.99786508815033,40.71493879999999,-73.9978356,8.14,42.86,2014,2014
1001630004,16 PELL STREET,fcTV-rPavFVE5QaCvhGMLw,2019-06,2019,40.71479811943043,-73.99788526327139,40.71493879999999,-73.9978356,14.98,42.86,2018,2019
1001630004,16 PELL STREET,QsBuSzWYWFB0PitsXoXdnQ,2022-07,2022,40.71478680858433,-73.99787997290652,40.71493879999999,-73.9978356,12.48,42.86,2022,2022
1001630004,16 PELL STREET,piYLjEino-mFHqQnn5BAOw,2024-05,2024,40.71481440459878,-73.9978798832393,40.71493879999999,-73.9978356,15.1,42.86,2026,2024
1001630005,18 PELL STREET,eJDAWiwbKEeLjYeT0bb4Zw,2011-06,2011,40.71482746053341,-73.99805069918389,40.71495800000001,-73.9979222,36.73,43.22,2007,2011
1001630005,18 PELL STREET,eJDAWiwbKEeLjYeT0bb4Zw,2011-06,2011,40.71482746053341,-73.99805069918389,40.71495800000001,-73.9979222,36.73,43.22,2011,2011
1001630005,18 PELL STREET,7td1etw4jjHjyL0DtW8EfA,2014-10,2014,40.71481205401092,-73.99799151887389,40.71495800000001,-73.9979222,19.8,43.22,2014,2014
1001630005,18 PELL STREET,8y7keeK6l8snF7mQfcBBeg,2019-06,2019,40.71482128574907,-73.99799385021977,40.71495800000001,-73.9979222,21.66,43.22,2018,2019
1001630005,18 PELL STREET,CuCzZhGkoiAS8GfeU6cU8g,2022-07,2022,40.71482276583238,-73.99804738150034,40.71495800000001,-73.9979222,35.05,43.22,2022,2022
1001630005,18 PELL STREET,xMJbwbB6yvoX2llGjQmVvA,2024-05,2024,40.71484043898783,-73.9979656050657,40.71495800000001,-73.9979222,15.63,43.22,2026,2024
1001630006,20 PELL STREET,EiZ2E3ua3GDn44MJ_ZCHoA,2011-06,2011,40.71484829759123,-73.99817318443414,40.7149745,-73.9980521,36.03,39.44,2007,2011
1001630006,20 PELL STREET,EiZ2E3ua3GDn44MJ_ZCHoA,2011-06,2011,40.71484829759123,-73.99817318443414,40.7149745,-73.9980521,36.03,39.44,2011,2011
1001630006,20 PELL STREET,43-5HYBqXuof6ilHPxXzSg,2014-10,2014,40.71485309832281,-73.99821183093535,40.7149745,-73.9980521,44.92,39.44,2014,2014
1001630006,20 PELL STREET,m0rUhatUS2RZyUu84P70XA,2017-11,2017,40.71485152606123,-73.99820340223273,40.7149745,-73.9980521,43.0,39.44,2018,2017
1001630006,20 PELL STREET,3Kr7JdAgFTd4ZApr2QvTag,2022-07,2022,40.71484627612053,-73.99816690773947,40.7149745,-73.9980521,34.16,39.44,2022,2022
1001630006,20 PELL STREET,tlr7f5-N1xasxYkchS-4Pw,2024-05,2024,40.71483625544014,-73.99822232197958,40.7149745,-73.9980521,43.02,39.44,2026,2024
1001630008,24 PELL STREET,EiZ2E3ua3GDn44MJ_ZCHoA,2011-06,2011,40.71484829759123,-73.99817318443414,40.715021100000016,-73.9981675,1.43,47.31,2007,2011
1001630008,24 PELL STREET,EiZ2E3ua3GDn44MJ_ZCHoA,2011-06,2011,40.71484829759123,-73.99817318443414,40.715021100000016,-73.9981675,1.43,47.31,2011,2011
1001630008,24 PELL STREET,43-5HYBqXuof6ilHPxXzSg,2014-10,2014,40.71485309832281,-73.99821183093535,40.715021100000016,-73.9981675,11.31,47.31,2014,2014
1001630008,24 PELL STREET,m0rUhatUS2RZyUu84P70XA,2017-11,2017,40.71485152606123,-73.99820340223273,40.715021100000016,-73.9981675,9.12,47.31,2018,2017
1001630008,24 PELL STREET,3Kr7JdAgFTd4ZApr2QvTag,2022-07,2022,40.71484627612053,-73.99816690773947,40.715021100000016,-73.9981675,359.85,47.31,2022,2022
1001630008,24 PELL STREET,tlr7f5-N1xasxYkchS-4Pw,2024-05,2024,40.71483625544014,-73.99822232197958,40.715021100000016,-73.9981675,12.67,47.31,2026,2024
1001630009,26 PELL STREET,NClRJsaNs9dQo9U2YyQo8w,2011-06,2011,40.71490322639747,-73.99841268501564,40.7150459,-73.9982938,32.28,46.71,2007,2011
1001630009,26 PELL STREET,NClRJsaNs9dQo9U2YyQo8w,2011-06,2011,40.71490322639747,-73.99841268501564,40.7150459,-73.9982938,32.28,46.71,2011,2011
1001630009,26 PELL STREET,shWYcve3ANa1xD2gZOuPWA,2014-10,2014,40.71489436420812,-73.99840551165924,40.7150459,-73.9982938,29.2,46.71,2014,2014
1001630009,26 PELL STREET,4iD6T2AhCVRTHjdhf06fzQ,2017-11,2017,40.7148879548701,-73.99837520422557,40.7150459,-73.9982938,21.34,46.71,2018,2017
1001630009,26 PELL STREET,3JVCgAyg10em2D4UUqSF4A,2022-07,2022,40.71489325982198,-73.9983987866374,40.7150459,-73.9982938,27.53,46.71,2022,2022
1001630009,26 PELL STREET,oS1Wsy9VP3YILgTr1y_bWA,2024-05,2024,40.7149269880048,-73.9984206653743,40.7150459,-73.9982938,38.96,46.71,2026,2024
1001630011,30 PELL STREET,V9px7Wg6OpR83oK2nzyV6w,2011-06,2011,40.71492532250176,-73.99853660470477,40.71508700000001,-73.9984525,21.52,49.45,2007,2011
1001630011,30 PELL STREET,V9px7Wg6OpR83oK2nzyV6w,2011-06,2011,40.71492532250176,-73.99853660470477,40.71508700000001,-73.9984525,21.52,49.45,2011,2011
1001630011,30 PELL STREET,BEGgWu0wuIEJoEv5KoqLbQ,2014-10,2014,40.71492005571731,-73.9985212716651,40.71508700000001,-73.9984525,17.34,49.45,2014,2014
1001630011,30 PELL STREET,RQfr44XhukmVGct53qfhrQ,2019-06,2019,40.71491646798053,-73.99846245016815,40.71508700000001,-73.9984525,2.53,49.45,2018,2019
1001630011,30 PELL STREET,gT7HkRJ_7yuUxlwo4P-3KQ,2022-07,2022,40.7149160526541,-73.99851006330198,40.71508700000001,-73.9984525,14.32,49.45,2022,2022
1001630011,30 PELL STREET,AQkyS-mj4t4J5XFr3m4BlA,2024-05,2024,40.71495610369104,-73.99850737329473,40.71508700000001,-73.9984525,17.63,49.45,2026,2024
1001630013,34 PELL STREET,6Wb9cAO_c4qS-KeTvvG7Og,2009-04,2009,40.71518092310994,-73.9987884788476,40.71511999999998,-73.9985715,110.33,45.27,2007,2009
1001630013,34 PELL STREET,_PuIR4qm53T3orvOn41u_A,2011-06,2011,40.71518050016649,-73.99879134818445,40.71511999999998,-73.9985715,109.95,45.27,2011,2011
1001630013,34 PELL STREET,d8FZ19xEPq4VCpGglIR_zw,2014-10,2014,40.71516638053515,-73.99879870085992,40.71511999999998,-73.9985715,105.07,45.27,2014,2014
1001630013,34 PELL STREET,3DP8VO9w6cGI0C7CGXjyKQ,2019-10,2019,40.71519320608236,-73.9987724284938,40.71511999999998,-73.9985715,115.67,45.27,2018,2019
1001630013,34 PELL STREET,3eQvat7XJX1xQdYY0YYdvQ,2022-07,2022,40.71515878377734,-73.99880470853358,40.71511999999998,-73.9985715,102.38,45.27,2022,2022
1001630013,34 PELL STREET,hW41_QxeFHIAnupdkCSFlw,2024-11,2024,40.71517057430437,-73.99879529352255,40.71511999999998,-73.9985715,106.6,45.27,2026,2024
1001630014,36 PELL STREET,6Wb9cAO_c4qS-KeTvvG7Og,2009-04,2009,40.71518092310994,-73.9987884788476,40.71507600000001,-73.9986978,146.77,20.56,2007,2009
1001630014,36 PELL STREET,_PuIR4qm53T3orvOn41u_A,2011-06,2011,40.71518050016649,-73.99879134818445,40.71507600000001,-73.9986978,145.84,20.56,2011,2011
1001630014,36 PELL STREET,d8FZ19xEPq4VCpGglIR_zw,2014-10,2014,40.71516638053515,-73.99879870085992,40.71507600000001,-73.9986978,139.76,20.56,2014,2014
1001630014,36 PELL STREET,3DP8VO9w6cGI0C7CGXjyKQ,2019-10,2019,40.71519320608236,-73.9987724284938,40.71507600000001,-73.9986978,154.24,20.56,2018,2019
1001630014,36 PELL STREET,3eQvat7XJX1xQdYY0YYdvQ,2022-07,2022,40.71515878377734,-73.99880470853358,40.71507600000001,-73.9986978,135.61,20.56,2022,2022
1001630014,36 PELL STREET,hW41_QxeFHIAnupdkCSFlw,2024-11,2024,40.71517057430437,-73.99879529352255,40.71507600000001,-73.9986978,142.0,20.56,2026,2024
1001630015,42 MOTT STREET,7j1J5ficcZt5wAJEdFlDCw,2009-04,2009,40.7152617267471,-73.99874176245096,40.71522150000002,-73.9986076,111.58,20.33,2007,2009
1001630015,42 MOTT STREET,upl4C3uw55Y9wWchIRfvlw,2011-06,2011,40.71526256584055,-73.99873970011458,40.71522150000002,-73.9986076,112.3,20.33,2011,2011
1001630015,42 MOTT STREET,1NQlrnylTK2n2Bf-C1gxYA,2014-10,2014,40.71523279761455,-73.99875745414016,40.71522150000002,-73.9986076,95.68,20.33,2014,2014
1001630015,42 MOTT STREET,A_hpXiYjh3dHC77PfaxpGw,2019-10,2019,40.71527568787415,-73.9987215874201,40.71522150000002,-73.9986076,122.1,20.33,2018,2019
1001630015,42 MOTT STREET,l8fcXA3rGzNm2r-GezD1PQ,2022-07,2022,40.71524268955469,-73.9987559298047,40.71522150000002,-73.9986076,100.67,20.33,2022,2022
1001630015,42 MOTT STREET,0voftGRHdhbZ4SiAt0MSfw,2024-11,2024,40.71525101350928,-73.99874866679437,40.71522150000002,-73.9986076,105.43,20.33,2026,2024
1001630016,46 MOTT STREET,W8lY2tWqAQxTSOo1V9VctA,2009-04,2009,40.71534607050278,-73.99869181803736,40.715301100000005,-73.9985102,108.09,32.22,2007,2009
1001630016,46 MOTT STREET,SFdxCJE2Bihkkp1C93wSag,2011-06,2011,40.71534589082194,-73.99868948669996,40.715301100000005,-73.9985102,108.24,32.22,2011,2011
1001630016,46 MOTT STREET,0O5alYTvOrLCQh5wYgYL7g,2014-10,2014,40.71533702444977,-73.99869558404386,40.715301100000005,-73.9985102,104.34,32.22,2014,2014
1001630016,46 MOTT STREET,8issGMNYlFvK2w3DhO0giA,2019-10,2019,40.7153567337166,-73.99867711267791,40.715301100000005,-73.9985102,113.74,32.22,2018,2019
1001630016,46 MOTT STREET,caN_QhJJR1Xr71D0GUdKYw,2022-07,2022,40.71536156058335,-73.9986845550246,40.715301100000005,-73.9985102,114.58,32.22,2022,2022
1001630016,46 MOTT STREET,ZS6D1_TNaevaW5ElcvVAqw,2024-11,2024,40.71533490638229,-73.99869979838438,40.715301100000005,-73.9985102,103.24,32.22,2026,2024
1001630017,48 MOTT STREET,nJOYu1FpMjSYedwptJ2UtQ,2009-04,2009,40.71543157863489,-73.9986389146048,40.71536150000001,-73.9984777,119.83,30.89,2007,2009
1001630017,48 MOTT STREET,oHeICz7G-VURjXVhF50ujg,2011-06,2011,40.71543115061603,-73.99863855593739,40.71536150000001,-73.9984777,119.74,30.89,2011,2011
1001630017,48 MOTT STREET,oU-w8NC06bc5eT6F099PwQ,2014-10,2014,40.71541420868462,-73.99864994362669,40.71536150000001,-73.9984777,111.99,30.89,2014,2014
1001630017,48 MOTT STREET,d9Pp7Ah92wZf_Gs96TA8_w,2019-10,2019,40.71543765311577,-73.99863227925798,40.71536150000001,-73.9984777,123.02,30.89,2018,2019
1001630017,48 MOTT STREET,EmaBrz3Oh_02TgV7yNKdig,2022-07,2022,40.71540516772936,-73.99865693764023,40.71536150000001,-73.9984777,107.82,30.89,2022,2022
1001630017,48 MOTT STREET,QBlJ38P8j69QbBqVSyWu4w,2026-04,2026,40.7154252956568,-73.99863290692593,40.71536150000001,-73.9984777,118.47,30.89,2026,2026
1001630018,69 BAYARD STREET,Tw8OtU2zE3zpWU7Iw-pp8w,2009-04,2009,40.71548782114886,-73.99860358586372,40.7154219,-73.9983984,112.97,41.26,2007,2009
1001630018,69 BAYARD STREET,sG-fbSCKZkd4oCJtuMFF_Q,2011-06,2011,40.71551744086432,-73.99858744582757,40.7154219,-73.9983984,123.69,41.26,2011,2011
1001630018,69 BAYARD STREET,paKTBFN-5fz5osJkN1hzGw,2014-10,2014,40.71549694599412,-73.99860197186017,40.7154219,-73.9983984,115.94,41.26,2014,2014
1001630018,69 BAYARD STREET,K8jdWP6Cw5JaJmrlWDbkXA,2019-10,2019,40.71552056581971,-73.99858394881954,40.7154219,-73.9983984,125.05,41.26,2018,2019
1001630018,69 BAYARD STREET,wC6M_tAJXP8ZJxdWclXC9g,2022-07,2022,40.71548573530028,-73.99860430319863,40.7154219,-73.9983984,112.25,41.26,2022,2022
1001630018,69 BAYARD STREET,J37SYgYDNfpTxIM2sRQdug,2026-04,2026,40.71549914795316,-73.99858717682694,40.7154219,-73.9983984,118.36,41.26,2026,2026
1001630021,67 BAYARD STREET,uZO-3K7F3E44O0XzjyuC1A,2012-08,2012,40.71552731214396,-73.99817452944012,40.71533680000002,-73.9982901,204.69,57.12,2007,2012
1001630021,67 BAYARD STREET,uZO-3K7F3E44O0XzjyuC1A,2012-08,2012,40.71552731214396,-73.99817452944012,40.71533680000002,-73.9982901,204.69,57.12,2011,2012
1001630021,67 BAYARD STREET,Dk4nZMjsBoCGCorfo3aP2w,2014-10,2014,40.7155311203022,-73.99818968317344,40.71533680000002,-73.9982901,201.39,57.12,2014,2014
1001630021,67 BAYARD STREET,y4ONusZal8JGj8GRrya82Q,2019-10,2019,40.71554783692341,-73.998234696031,40.71533680000002,-73.9982901,191.25,57.12,2018,2019
1001630021,67 BAYARD STREET,QjHP1XJ1wPlalIafxSS5Yw,2022-07,2022,40.71554023676843,-73.99821461061379,40.71533680000002,-73.9982901,195.71,57.12,2022,2022
1001630021,67 BAYARD STREET,QQBKv0b1txP2jasRTmrbsw,2026-04,2026,40.71553670576768,-73.99819981555066,40.71533680000002,-73.9982901,198.9,57.12,2026,2026
1001630022,65 BAYARD STREET,_CUOnyhcPB5uoDiRL5klcw,2012-08,2012,40.71549652237533,-73.99808665569665,40.71530659999999,-73.9982036,205.02,56.89,2007,2012
1001630022,65 BAYARD STREET,_CUOnyhcPB5uoDiRL5klcw,2012-08,2012,40.71549652237533,-73.99808665569665,40.71530659999999,-73.9982036,205.02,56.89,2011,2012
1001630022,65 BAYARD STREET,CGfMl2R6cTH_SfQzVRtn7w,2014-10,2014,40.71549496116178,-73.99808522102296,40.71530659999999,-73.9982036,205.47,56.89,2014,2014
1001630022,65 BAYARD STREET,IBoPSV7cXMEJiVmy-kxkgA,2019-10,2019,40.71551060905875,-73.99813014423799,40.71530659999999,-73.9982036,195.26,56.89,2018,2019
1001630022,65 BAYARD STREET,q9gRSf_ggCfnqYs1awrgQg,2022-07,2022,40.71550304532236,-73.99810925180597,40.71530659999999,-73.9982036,200.0,56.89,2022,2022
1001630022,65 BAYARD STREET,rsI7lij-VeeFvJ1SMuUSog,2026-04,2026,40.71549956681759,-73.99808791103614,40.71530659999999,-73.9982036,204.44,56.89,2026,2026
1001630023,63 BAYARD STREET,d8N2YN26HShKJsBWoJbD8w,2012-08,2012,40.71545557691385,-73.99797663412636,40.7152792,-73.9981134,210.44,55.29,2007,2012
1001630023,63 BAYARD STREET,d8N2YN26HShKJsBWoJbD8w,2012-08,2012,40.71545557691385,-73.99797663412636,40.7152792,-73.9981134,210.44,55.29,2011,2012
1001630023,63 BAYARD STREET,oyLUSQpHM_LKiLjvidV2nw,2014-10,2014,40.71545958762259,-73.99798470417034,40.7152792,-73.9981134,208.4,55.29,2014,2014
1001630023,63 BAYARD STREET,fP4TmRgjbbITwlGg08nMjQ,2019-10,2019,40.71545910959745,-73.99798452483603,40.7152792,-73.9981134,208.5,55.29,2018,2019
1001630023,63 BAYARD STREET,X-Gx0ZEk1NDZ0gz6CisABA,2022-07,2022,40.71546724378808,-73.99800837629738,40.7152792,-73.9981134,202.94,55.29,2022,2022
1001630023,63 BAYARD STREET,LQ5MnbFeTRY6r8bnNeixVw,2026-04,2026,40.71546003681516,-73.99798255215865,40.7152792,-73.9981134,208.74,55.29,2026,2026
1001630024,61 BAYARD STREET,GmsDaiAJCJHwtdaxUQh9qw,2012-08,2012,40.71541982262779,-73.99786598482241,40.7152572,-73.9980268,216.85,52.34,2007,2012
1001630024,61 BAYARD STREET,GmsDaiAJCJHwtdaxUQh9qw,2012-08,2012,40.71541982262779,-73.99786598482241,40.7152572,-73.9980268,216.85,52.34,2011,2012
1001630024,61 BAYARD STREET,biBWkOr83MFu8l9gz0XdXw,2014-10,2014,40.71541843350747,-73.99787001984677,40.7152572,-73.9980268,216.39,52.34,2014,2014
1001630024,61 BAYARD STREET,LvgKWNiZBOxWGK14uXWkhw,2019-10,2019,40.71541062906078,-73.99785594209474,40.7152572,-73.9980268,220.17,52.34,2018,2019
1001630024,61 BAYARD STREET,0I2Z-K1rksMWVwotb4E1GQ,2022-07,2022,40.71543164897868,-73.99791108742323,40.7152572,-73.9980268,206.69,52.34,2022,2022
1001630024,61 BAYARD STREET,WgOdYYHHGmxe2HT9BGvRgw,2026-04,2026,40.71542119064028,-73.99787244086136,40.7152572,-73.9980268,215.51,52.34,2026,2026
1001630025,59 BAYARD STREET,GmsDaiAJCJHwtdaxUQh9qw,2012-08,2012,40.71541982262779,-73.99786598482241,40.71521330000002,-73.99795470000001,198.03,58.31,2007,2012
1001630025,59 BAYARD STREET,GmsDaiAJCJHwtdaxUQh9qw,2012-08,2012,40.71541982262779,-73.99786598482241,40.71521330000002,-73.99795470000001,198.03,58.31,2011,2012
1001630025,59 BAYARD STREET,biBWkOr83MFu8l9gz0XdXw,2014-10,2014,40.71541843350747,-73.99787001984677,40.71521330000002,-73.99795470000001,197.37,58.31,2014,2014
1001630025,59 BAYARD STREET,LvgKWNiZBOxWGK14uXWkhw,2019-10,2019,40.71541062906078,-73.99785594209474,40.71521330000002,-73.99795470000001,200.77,58.31,2018,2019
1001630025,59 BAYARD STREET,0I2Z-K1rksMWVwotb4E1GQ,2022-07,2022,40.71543164897868,-73.99791108742323,40.71521330000002,-73.99795470000001,188.61,58.31,2022,2022
1001630025,59 BAYARD STREET,WgOdYYHHGmxe2HT9BGvRgw,2026-04,2026,40.71542119064028,-73.99787244086136,40.71521330000002,-73.99795470000001,196.69,58.31,2026,2026
1001630026,57 BAYARD STREET,gEY1mRhFUEXiQjtkGlFR0A,2012-08,2012,40.71539368923685,-73.99779712039353,40.715188600000005,-73.9978753,196.12,57.17,2007,2012
1001630026,57 BAYARD STREET,gEY1mRhFUEXiQjtkGlFR0A,2012-08,2012,40.71539368923685,-73.99779712039353,40.715188600000005,-73.9978753,196.12,57.17,2011,2012
1001630026,57 BAYARD STREET,2fgZwHYII6Y4X7C8ZmqStg,2014-09,2014,40.71539507552246,-73.99775954981578,40.715188600000005,-73.9978753,203.02,57.17,2014,2014
1001630026,57 BAYARD STREET,6dDQ7UdceYerJnfm9sAbmA,2019-10,2019,40.715367468501,-73.99772870427628,40.715188600000005,-73.9978753,211.85,57.17,2018,2019
1001630026,57 BAYARD STREET,qKBxAEdrnw6QDnn2wkBH8A,2022-07,2022,40.71539645404043,-73.99780438343993,40.715188600000005,-73.9978753,194.5,57.17,2022,2022
1001630026,57 BAYARD STREET,-I0wSAhJTT8LBuQ3NPYeBA,2026-04,2026,40.71538778481281,-73.99776026715385,40.715188600000005,-73.9978753,203.64,57.17,2026,2026
1001630027,55 BAYARD STREET,nxXupNGOS-hF4XhvahQ9DQ,2012-08,2012,40.71534084768054,-73.99766172281146,40.715180299999986,-73.9977887,210.94,49.97,2007,2012
1001630027,55 BAYARD STREET,nxXupNGOS-hF4XhvahQ9DQ,2012-08,2012,40.71534084768054,-73.99766172281146,40.715180299999986,-73.9977887,210.94,49.97,2011,2012
1001630027,55 BAYARD STREET,MoihqhzjSeD1jNYO_MyHHw,2014-10,2014,40.71533092828273,-73.99762208985874,40.715180299999986,-73.9977887,219.98,49.97,2014,2014
1001630027,55 BAYARD STREET,Hbic7_aORuLKqLg08EBi3g,2019-06,2019,40.7153478342568,-73.99767535224127,40.715180299999986,-73.9977887,207.15,49.97,2018,2019
1001630027,55 BAYARD STREET,msbTL2kJdR_HjWT79rIKOA,2023-04,2023,40.71534647553489,-73.99766683384775,40.715180299999986,-73.9977887,209.07,49.97,2022,2023
1001630027,55 BAYARD STREET,TS2DkW7miSThiuI6yiJVIw,2026-04,2026,40.71534439209783,-73.99765320441732,40.715180299999986,-73.9977887,212.04,49.97,2026,2026
1001630028,53 BAYARD STREET,a8KmhbU6SRHzBHZT2bvx9w,2012-08,2012,40.71529725901355,-73.99755008698473,40.7151529,-73.9977058,219.27,49.44,2007,2012
1001630028,53 BAYARD STREET,a8KmhbU6SRHzBHZT2bvx9w,2012-08,2012,40.71529725901355,-73.99755008698473,40.7151529,-73.9977058,219.27,49.44,2011,2012
1001630028,53 BAYARD STREET,tsMNKRRKuzB-T6BeYgRooA,2014-10,2014,40.71530885375827,-73.99756004006109,40.7151529,-73.9977058,215.31,49.44,2014,2014
1001630028,53 BAYARD STREET,AK9NKU2LQsn-mCCRxJFQ9A,2019-06,2019,40.71530996835647,-73.99756524076743,40.7151529,-73.9977058,214.15,49.44,2018,2019
1001630028,53 BAYARD STREET,UHlDy0-hA8B4vEoTSAPxpA,2023-04,2023,40.71530652625938,-73.99755107332565,40.7151529,-73.9977058,217.36,49.44,2022,2023
1001630028,53 BAYARD STREET,sUey1bqUZtNaMkAFhhJZZQ,2026-04,2026,40.71530504217578,-73.99755071465623,40.7151529,-73.9977058,217.69,49.44,2026,2026
1001630029,51 BAYARD STREET,0SVlfpwfeO7_uyBzzUfPTw,2010-05,2010,40.71520165234099,-73.99747378004888,40.71512270000001,-73.9976228,235.05,49.77,2007,2010
1001630029,51 BAYARD STREET,0SVlfpwfeO7_uyBzzUfPTw,2010-05,2010,40.71520165234099,-73.99747378004888,40.71512270000001,-73.9976228,235.05,49.77,2011,2010
1001630029,51 BAYARD STREET,0SVlfpwfeO7_uyBzzUfPTw,2010-05,2010,40.71520165234099,-73.99747378004888,40.71512270000001,-73.9976228,235.05,49.77,2014,2010
1001630029,51 BAYARD STREET,0SVlfpwfeO7_uyBzzUfPTw,2010-05,2010,40.71520165234099,-73.99747378004888,40.71512270000001,-73.9976228,235.05,49.77,2018,2010
1001630029,51 BAYARD STREET,0SVlfpwfeO7_uyBzzUfPTw,2010-05,2010,40.71520165234099,-73.99747378004888,40.71512270000001,-73.9976228,235.05,49.77,2022,2010
1001630029,51 BAYARD STREET,0SVlfpwfeO7_uyBzzUfPTw,2010-05,2010,40.71520165234099,-73.99747378004888,40.71512270000001,-73.9976228,235.05,49.77,2026,2010
1001630030,49 BAYARD STREET,0SVlfpwfeO7_uyBzzUfPTw,2010-05,2010,40.71520165234099,-73.99747378004888,40.715098,-73.9975398,205.77,48.28,2007,2010
1001630030,49 BAYARD STREET,0SVlfpwfeO7_uyBzzUfPTw,2010-05,2010,40.71520165234099,-73.99747378004888,40.715098,-73.9975398,205.77,48.28,2011,2010
1001630030,49 BAYARD STREET,0SVlfpwfeO7_uyBzzUfPTw,2010-05,2010,40.71520165234099,-73.99747378004888,40.715098,-73.9975398,205.77,48.28,2014,2010
1001630030,49 BAYARD STREET,0SVlfpwfeO7_uyBzzUfPTw,2010-05,2010,40.71520165234099,-73.99747378004888,40.715098,-73.9975398,205.77,48.28,2018,2010
1001630030,49 BAYARD STREET,0SVlfpwfeO7_uyBzzUfPTw,2010-05,2010,40.71520165234099,-73.99747378004888,40.715098,-73.9975398,205.77,48.28,2022,2010
1001630030,49 BAYARD STREET,0SVlfpwfeO7_uyBzzUfPTw,2010-05,2010,40.71520165234099,-73.99747378004888,40.715098,-73.9975398,205.77,48.28,2026,2010
1001630031,47 BAYARD STREET,0SVlfpwfeO7_uyBzzUfPTw,2010-05,2010,40.71520165234099,-73.99747378004888,40.71507330000001,-73.9974569,174.31,46.79,2007,2010
1001630031,47 BAYARD STREET,0SVlfpwfeO7_uyBzzUfPTw,2010-05,2010,40.71520165234099,-73.99747378004888,40.71507330000001,-73.9974569,174.31,46.79,2011,2010
1001630031,47 BAYARD STREET,0SVlfpwfeO7_uyBzzUfPTw,2010-05,2010,40.71520165234099,-73.99747378004888,40.71507330000001,-73.9974569,174.31,46.79,2014,2010
1001630031,47 BAYARD STREET,0SVlfpwfeO7_uyBzzUfPTw,2010-05,2010,40.71520165234099,-73.99747378004888,40.71507330000001,-73.9974569,174.31,46.79,2018,2010
1001630031,47 BAYARD STREET,0SVlfpwfeO7_uyBzzUfPTw,2010-05,2010,40.71520165234099,-73.99747378004888,40.71507330000001,-73.9974569,174.31,46.79,2022,2010
1001630031,47 BAYARD STREET,0SVlfpwfeO7_uyBzzUfPTw,2010-05,2010,40.71520165234099,-73.99747378004888,40.71507330000001,-73.9974569,174.31,46.79,2026,2010
1001630032,45 BAYARD STREET,rmmpPY0kcmP4ONJ8iMWJig,2010-06,2010,40.71508537317833,-73.99730807463582,40.71508149999999,-73.9973523,263.41,31.91,2007,2010
1001630032,45 BAYARD STREET,rmmpPY0kcmP4ONJ8iMWJig,2010-06,2010,40.71508537317833,-73.99730807463582,40.71508149999999,-73.9973523,263.41,31.91,2011,2010
1001630032,45 BAYARD STREET,rmmpPY0kcmP4ONJ8iMWJig,2010-06,2010,40.71508537317833,-73.99730807463582,40.71508149999999,-73.9973523,263.41,31.91,2014,2010
1001630032,45 BAYARD STREET,rmmpPY0kcmP4ONJ8iMWJig,2010-06,2010,40.71508537317833,-73.99730807463582,40.71508149999999,-73.9973523,263.41,31.91,2018,2010
1001630032,45 BAYARD STREET,rmmpPY0kcmP4ONJ8iMWJig,2010-06,2010,40.71508537317833,-73.99730807463582,40.71508149999999,-73.9973523,263.41,31.91,2022,2010
1001630032,45 BAYARD STREET,rmmpPY0kcmP4ONJ8iMWJig,2010-06,2010,40.71508537317833,-73.99730807463582,40.71508149999999,-73.9973523,263.41,31.91,2026,2010
1001630033,28 BOWERY,b9PpT-JrBwFaucodyuBKQg,2012-08,2012,40.71514036142088,-73.99712452523667,40.7150266,-73.9971791,199.98,29.9,2007,2012
1001630033,28 BOWERY,b9PpT-JrBwFaucodyuBKQg,2012-08,2012,40.71514036142088,-73.99712452523667,40.7150266,-73.9971791,199.98,29.9,2011,2012
1001630033,28 BOWERY,8J6LfpZeWrB-V-uR0YsdLA,2014-10,2014,40.71514038625605,-73.99708480250527,40.7150266,-73.9971791,212.13,29.9,2014,2014
1001630033,28 BOWERY,B8TmaevtyP6q6vCTSJGNlg,2019-10,2019,40.71514697875948,-73.99709565228147,40.7150266,-73.9971791,207.72,29.9,2018,2019
1001630033,28 BOWERY,55pw8bAxFozgv66s_EUvZg,2023-04,2023,40.71515529203241,-73.99712129720463,40.7150266,-73.9971791,198.8,29.9,2022,2023
1001630033,28 BOWERY,3CunFAIfR24bbgZmOW71pw,2026-04,2026,40.71514748221689,-73.99709601095175,40.7150266,-73.9971791,207.52,29.9,2026,2026
1001630035,26 BOWERY,HQy7saZe5ICzqcz78E-8Ug,2011-06,2011,40.71483576346984,-73.99705431552749,40.714952499999995,-73.9972765,304.73,55.71,2007,2011
1001630035,26 BOWERY,HQy7saZe5ICzqcz78E-8Ug,2011-06,2011,40.71483576346984,-73.99705431552749,40.714952499999995,-73.9972765,304.73,55.71,2011,2011
1001630035,26 BOWERY,WeCQtV1j9xpWXOsn-_0wKw,2014-10,2014,40.71485020403406,-73.99703539566532,40.714952499999995,-73.9972765,299.24,55.71,2014,2014
1001630035,26 BOWERY,IMrU26o808M9gHCXWdgVhA,2018-06,2018,40.71484623346505,-73.99699728693251,40.714952499999995,-73.9972765,296.66,55.71,2018,2018
1001630035,26 BOWERY,zGxRzQxjtk-0URp_N4Q4lQ,2022-07,2022,40.71483653370865,-73.99704059638592,40.714952499999995,-73.9972765,302.97,55.71,2022,2022
1001630035,26 BOWERY,gtHH9YPQ5tafamImOoWrXA,2026-04,2026,40.71485299875356,-73.99699818360868,40.714952499999995,-73.9972765,295.25,55.71,2026,2026
1001630036,24 BOWERY,ZtoBdVPCeYlCZLtn3ZqltA,2011-06,2011,40.71476250305154,-73.99710847474348,40.71488939999998,-73.9973162,308.87,54.71,2007,2011
1001630036,24 BOWERY,ZtoBdVPCeYlCZLtn3ZqltA,2011-06,2011,40.71476250305154,-73.99710847474348,40.71488939999998,-73.9973162,308.87,54.71,2011,2011
1001630036,24 BOWERY,nxRkJWL8CudTdZVjoXmpag,2014-10,2014,40.71476172317727,-73.99710031499504,40.71488939999998,-73.9973162,307.96,54.71,2014,2014
1001630036,24 BOWERY,vRqUW2nW7gii9YdekpRbIQ,2018-06,2018,40.71476841408312,-73.99705440519507,40.71488939999998,-73.9973162,301.37,54.71,2018,2018
1001630036,24 BOWERY,VjTgeX_ajxHI7C2HqQaI0w,2022-07,2022,40.71476452083806,-73.99708865821093,40.71488939999998,-73.9973162,305.91,54.71,2022,2022
1001630036,24 BOWERY,Nizipwff6tZif9HnWBUZ9Q,2026-04,2026,40.71477588359831,-73.99704750079061,40.71488939999998,-73.9973162,299.13,54.71,2026,2026
1001630038,20 BOWERY,CqBnId_7YMKZ4lc4M1JvXw,2011-06,2011,40.71469320628068,-73.9974342367247,40.71479329999999,-73.9973847,20.56,24.98,2007,2011
1001630038,20 BOWERY,CqBnId_7YMKZ4lc4M1JvXw,2011-06,2011,40.71469320628068,-73.9974342367247,40.71479329999999,-73.9973847,20.56,24.98,2011,2011
1001630038,20 BOWERY,WG9j_8LIrHnhffEgkuvL6w,2014-10,2014,40.71470265860201,-73.99745674324353,40.71479329999999,-73.9973847,31.07,24.98,2014,2014
1001630038,20 BOWERY,Tyh5o3oXFTF-LzzvF-fMig,2019-06,2019,40.71470589271111,-73.99743486439657,40.71479329999999,-73.9973847,23.51,24.98,2018,2019
1001630038,20 BOWERY,943wNOkpocC5N_7u_yMTng,2022-07,2022,40.71470431953141,-73.99742589765529,40.71479329999999,-73.9973847,19.34,24.98,2022,2022
1001630038,20 BOWERY,-jSrMpyETID6xwDm-s5GLQ,2026-04,2026,40.71469953588873,-73.9974299326889,40.71479329999999,-73.9973847,20.08,24.98,2026,2026
1001640001,30 MULBERRY STREET,zyzBP3hUZ7n91rlDgSSFqg,2023-04,2023,40.71448828284981,-73.9993135667754,40.714538100000006,-73.9993796,314.87,13.79,2007,2023
1001640001,30 MULBERRY STREET,zyzBP3hUZ7n91rlDgSSFqg,2023-04,2023,40.71448828284981,-73.9993135667754,40.714538100000006,-73.9993796,314.87,13.79,2011,2023
1001640001,30 MULBERRY STREET,zyzBP3hUZ7n91rlDgSSFqg,2023-04,2023,40.71448828284981,-73.9993135667754,40.714538100000006,-73.9993796,314.87,13.79,2014,2023
1001640001,30 MULBERRY STREET,zyzBP3hUZ7n91rlDgSSFqg,2023-04,2023,40.71448828284981,-73.9993135667754,40.714538100000006,-73.9993796,314.87,13.79,2018,2023
1001640001,30 MULBERRY STREET,zyzBP3hUZ7n91rlDgSSFqg,2023-04,2023,40.71448828284981,-73.9993135667754,40.714538100000006,-73.9993796,314.87,13.79,2022,2023
1001640001,30 MULBERRY STREET,zyzBP3hUZ7n91rlDgSSFqg,2023-04,2023,40.71448828284981,-73.9993135667754,40.714538100000006,-73.9993796,314.87,13.79,2026,2023
1001640002,32 MULBERRY STREET,zyzBP3hUZ7n91rlDgSSFqg,2023-04,2023,40.71448828284981,-73.9993135667754,40.714604,-73.9993868,334.37,37.87,2007,2023
1001640002,32 MULBERRY STREET,zyzBP3hUZ7n91rlDgSSFqg,2023-04,2023,40.71448828284981,-73.9993135667754,40.714604,-73.9993868,334.37,37.87,2011,2023
1001640002,32 MULBERRY STREET,zyzBP3hUZ7n91rlDgSSFqg,2023-04,2023,40.71448828284981,-73.9993135667754,40.714604,-73.9993868,334.37,37.87,2014,2023
1001640002,32 MULBERRY STREET,zyzBP3hUZ7n91rlDgSSFqg,2023-04,2023,40.71448828284981,-73.9993135667754,40.714604,-73.9993868,334.37,37.87,2018,2023
1001640002,32 MULBERRY STREET,zyzBP3hUZ7n91rlDgSSFqg,2023-04,2023,40.71448828284981,-73.9993135667754,40.714604,-73.9993868,334.37,37.87,2022,2023
1001640002,32 MULBERRY STREET,zyzBP3hUZ7n91rlDgSSFqg,2023-04,2023,40.71448828284981,-73.9993135667754,40.714604,-73.9993868,334.37,37.87,2026,2023
1001640003,34 MULBERRY STREET,FeDa8oBWa8hKuh7iJY_f7g,2011-06,2011,40.71477833256019,-73.99962219872798,40.714719200000005,-73.9994012,109.44,45.06,2007,2011
1001640003,34 MULBERRY STREET,FeDa8oBWa8hKuh7iJY_f7g,2011-06,2011,40.71477833256019,-73.99962219872798,40.714719200000005,-73.9994012,109.44,45.06,2011,2011
1001640003,34 MULBERRY STREET,G-QRcI8EJQ4FIZxRXptR6Q,2014-10,2014,40.71477214443899,-73.99962058473301,40.714719200000005,-73.9994012,107.66,45.06,2014,2014
1001640003,34 MULBERRY STREET,4Kg7GyAvxm4_GcdVPka54Q,2019-10,2019,40.71475547937654,-73.99962435072126,40.714719200000005,-73.9994012,102.11,45.06,2018,2019
1001640003,34 MULBERRY STREET,DycfFh8Of-nHqqQNr8emaw,2022-07,2022,40.71474530006978,-73.9996190604044,40.714719200000005,-73.9994012,98.98,45.06,2022,2022
1001640003,34 MULBERRY STREET,_wyl0XQ_GuqbLMThC1UwrQ,2024-11,2024,40.71476781422372,-73.99961717741024,40.714719200000005,-73.9994012,106.54,45.06,2026,2024
1001640006,40 MULBERRY STREET,lXHqAUSqkh4aaluHOyngeA,2009-04,2009,40.71479209792466,-73.99962937203881,40.71484,-73.999412,73.79,44.86,2007,2009
1001640006,40 MULBERRY STREET,FeDa8oBWa8hKuh7iJY_f7g,2011-06,2011,40.71477833256019,-73.99962219872798,40.71484,-73.999412,68.84,44.86,2011,2011
1001640006,40 MULBERRY STREET,G-QRcI8EJQ4FIZxRXptR6Q,2014-10,2014,40.71477214443899,-73.99962058473301,40.71484,-73.999412,66.77,44.86,2014,2014
1001640006,40 MULBERRY STREET,dsGiJ0x2q7I0cyuVy0wIjw,2019-10,2019,40.71480127293893,-73.99962757871113,40.71484,-73.999412,76.67,44.86,2018,2019
1001640006,40 MULBERRY STREET,aPSJ8973ZJZaso36OR7ftw,2022-07,2022,40.71478893147506,-73.99962246772714,40.71484,-73.999412,72.25,44.86,2022,2022
1001640006,40 MULBERRY STREET,BPTFt0_Snes94aBBbh79EA,2024-11,2024,40.71480970800464,-73.99962695104644,40.71484,-73.999412,79.47,44.86,2026,2024
1001640007,42 MULBERRY STREET,GXkjjkEiFn075oL8JXWiLg,2009-04,2009,40.71487278432436,-73.99963555901917,40.7149278,-73.9994192,71.45,44.89,2007,2009
1001640007,42 MULBERRY STREET,bGDP3zCOnsLEkJmCQjS5fg,2011-07,2011,40.71486523177386,-73.99962166072966,40.7149278,-73.9994192,67.82,44.89,2011,2011
1001640007,42 MULBERRY STREET,TgP8Ml2iIykM6b41-JNI_Q,2014-10,2014,40.71485848589423,-73.99962515771873,40.7149278,-73.9994192,66.06,44.89,2014,2014
1001640007,42 MULBERRY STREET,d5j_AqFZ6b7u1e0ipbyg2w,2019-10,2019,40.71489050879206,-73.99963394502431,40.7149278,-73.9994192,77.1,44.89,2018,2019
1001640007,42 MULBERRY STREET,ndHfX7pJwUCYJgb7X55GQw,2022-07,2022,40.71487947683041,-73.99963008936987,40.7149278,-73.9994192,73.18,44.89,2022,2022
1001640007,42 MULBERRY STREET,CcmVElS8ueHWEatJMk9MsQ,2024-11,2024,40.71486134135641,-73.99962614404896,40.7149278,-73.9994192,67.04,44.89,2026,2024
1001640009,46 MULBERRY STREET,woQ2kvhQM9kTwYZF0KagEg,2009-04,2009,40.71515543974077,-73.99965474762368,40.715125500000006,-73.9994156,99.38,48.03,2007,2009
1001640009,46 MULBERRY STREET,m-9z4V51Ge9knf3wF5O18g,2011-06,2011,40.71514374677756,-73.99964622931819,40.715125500000006,-73.9994156,95.96,48.03,2011,2011
1001640009,46 MULBERRY STREET,-5mkBG5kQ-ThDocVgISHJw,2014-10,2014,40.71514337465633,-73.99964945730767,40.715125500000006,-73.9994156,95.76,48.03,2014,2014
1001640009,46 MULBERRY STREET,HrnIFinJaFqpAnK7c_9sjg,2019-10,2019,40.71515943781871,-73.99964676731642,40.715125500000006,-73.9994156,100.96,48.03,2018,2019
1001640009,46 MULBERRY STREET,KEMGJ-j7bi-uqHVWzshrCg,2022-07,2022,40.71514348906858,-73.99965026430505,40.715125500000006,-73.9994156,95.78,48.03,2022,2022
1001640009,46 MULBERRY STREET,alR9jutuy-wUOR4JfoNYBQ,2026-04,2026,40.71519760134075,-73.99964300132862,40.715125500000006,-73.9994156,112.7,48.03,2026,2026
1001640013,54 MULBERRY STREET,RcGJOXyKtK4AAAQZWSpi5g,2015-02,2015,40.71533229930721,-73.99938529998713,40.71531479999999,-73.9993254,111.08,50.29,2007,2015
1001640013,54 MULBERRY STREET,RcGJOXyKtK4AAAQZWSpi5g,2015-02,2015,40.71533229930721,-73.99938529998713,40.71531479999999,-73.9993254,111.08,50.29,2011,2015
1001640013,54 MULBERRY STREET,RcGJOXyKtK4AAAQZWSpi5g,2015-02,2015,40.71533229930721,-73.99938529998713,40.71531479999999,-73.9993254,111.08,50.29,2014,2015
1001640013,54 MULBERRY STREET,RcGJOXyKtK4AAAQZWSpi5g,2015-02,2015,40.71533229930721,-73.99938529998713,40.71531479999999,-73.9993254,111.08,50.29,2018,2015
1001640013,54 MULBERRY STREET,RcGJOXyKtK4AAAQZWSpi5g,2015-02,2015,40.71533229930721,-73.99938529998713,40.71531479999999,-73.9993254,111.08,50.29,2022,2015
1001640013,54 MULBERRY STREET,RcGJOXyKtK4AAAQZWSpi5g,2015-02,2015,40.71533229930721,-73.99938529998713,40.71531479999999,-73.9993254,111.08,50.29,2026,2015
1001640015,58 MULBERRY STREET,F95uRAYb6sT7QemjcC-Arg,2009-04,2009,40.71542003765608,-73.9995598805789,40.71541090000001,-73.9992822,92.49,50.76,2007,2009
1001640015,58 MULBERRY STREET,dF2fAEEGvo48lYlzI3Ww0A,2011-06,2011,40.71546359849059,-73.99953459464788,40.71541090000001,-73.9992822,105.4,50.76,2011,2011
1001640015,58 MULBERRY STREET,T088kVqcuM90kV-oRnwwXQ,2014-10,2014,40.71546835675694,-73.99953038032572,40.71541090000001,-73.9992822,106.98,50.76,2014,2014
1001640015,58 MULBERRY STREET,wPQZI70_ibyaxOEemBBwFQ,2019-10,2019,40.71542457139221,-73.99954876194298,40.71541090000001,-73.9992822,93.87,50.76,2018,2019
1001640015,58 MULBERRY STREET,ObPw5V2Po-mQr-dUQ6E0Fw,2022-07,2022,40.71544836005756,-73.99954203696126,40.71541090000001,-73.9992822,100.77,50.76,2022,2022
1001640015,58 MULBERRY STREET,9KeW6KirvCKOd1STZASx2w,2026-04,2026,40.71545072980928,-73.9995459822839,40.71541090000001,-73.9992822,101.27,50.76,2026,2026
1001640016,60 MULBERRY STREET,5Dlj92pSv58HTvHQg6bKBA,2009-04,2009,40.71555394144681,-73.99950195606533,40.715479500000015,-73.9992497,111.27,51.53,2007,2009
1001640016,60 MULBERRY STREET,S5VeqFswOExffNwJVcrSaQ,2011-07,2011,40.71556095595325,-73.99949343775302,40.715479500000015,-73.9992497,113.79,51.53,2011,2011
1001640016,60 MULBERRY STREET,ExcBwLnOyd9Ah32_H4_tuA,2014-10,2014,40.71554669059921,-73.99949603807997,40.715479500000015,-73.9992497,109.79,51.53,2014,2014
1001640016,60 MULBERRY STREET,rhO5UTjCfKNz2OfIdB00FA,2019-10,2019,40.71550724489681,-73.99950778438405,40.715479500000015,-73.9992497,98.07,51.53,2018,2019
1001640016,60 MULBERRY STREET,S89PWdRUjQDFXPNgSQgeEg,2022-07,2022,40.71553359311816,-73.99950581172234,40.715479500000015,-73.9992497,105.57,51.53,2022,2022
1001640016,60 MULBERRY STREET,Vk_85t_GCR-L2KrEG4imcw,2026-04,2026,40.71552822036705,-73.99951101237588,40.715479500000015,-73.9992497,103.82,51.53,2026,2026
1001640017,62 MULBERRY STREET,Tg80C4LigmgNjUkoHCSGAw,2009-04,2009,40.71562746267751,-73.99946931747719,40.7155783,-73.9992028,103.68,52.67,2007,2009
1001640017,62 MULBERRY STREET,j9INoQhUiGk0Pe5skQ5Rww,2011-07,2011,40.71564240865865,-73.99945981283237,40.7155783,-73.9992028,108.22,52.67,2011,2011
1001640017,62 MULBERRY STREET,7KyOgSWaCinI9xxtxXru8w,2014-09,2014,40.71560567265355,-73.99947577346211,40.7155783,-73.9992028,97.54,52.67,2014,2014
1001640017,62 MULBERRY STREET,L3ofMJgyY_pk4iVLzKdMuw,2019-10,2019,40.71559025642899,-73.9994659998182,40.7155783,-73.9992028,93.43,52.67,2018,2019
1001640017,62 MULBERRY STREET,zROlOEkbEMfzNj7Q4TkqQw,2022-07,2022,40.71561812254112,-73.99946994514241,40.7155783,-73.9992028,101.13,52.67,2022,2022
1001640017,62 MULBERRY STREET,ze7KaTwjyaEI1OU8vC7tug,2026-04,2026,40.71561336007779,-73.99947146947218,40.7155783,-73.9992028,99.77,52.67,2026,2026
1001640019,66 MULBERRY STREET,PDOzlDZQBdVkaAouma19bg,2009-04,2009,40.71581775855769,-73.99901533565968,40.7157128,-73.9991415,222.34,30.38,2007,2009
1001640019,66 MULBERRY STREET,sI6oOAnZm_btdKX5FME9yQ,2012-08,2012,40.7158109434185,-73.99899067732355,40.7157128,-73.9991415,229.35,30.38,2011,2012
1001640019,66 MULBERRY STREET,nkp72qal2NvHhfLWwxGe9g,2014-10,2014,40.71581547865981,-73.99900457565884,40.7157128,-73.9991415,225.31,30.38,2014,2014
1001640019,66 MULBERRY STREET,-ySB0McWKFjkscrHqw8vnQ,2019-10,2019,40.71583317636706,-73.99905012632487,40.7157128,-73.9991415,209.91,30.38,2018,2019
1001640019,66 MULBERRY STREET,CRkiqi2FcnhMm5UH0MeX2A,2022-07,2022,40.71583115834627,-73.99904600165871,40.7157128,-73.9991415,211.45,30.38,2022,2022
1001640019,66 MULBERRY STREET,XmcV7scJtWHNFdoXcd4CSg,2026-04,2026,40.71582397453538,-73.99901874299314,40.7157128,-73.9991415,219.93,30.38,2026,2026
1001640021,83 BAYARD STREET,rZr6Jpx5Kxf-NKdY4nDgfg,2009-04,2009,40.71577877542983,-73.99889733428422,40.715605800000006,-73.9989503,193.07,43.89,2007,2009
1001640021,83 BAYARD STREET,ZzDtd09_oE_zJiEstHPksw,2012-08,2012,40.71579068693384,-73.99893293197127,40.715605800000006,-73.9989503,184.07,43.89,2011,2012
1001640021,83 BAYARD STREET,6MLn-ZckYTZUhsqxenBwkg,2014-10,2014,40.71577832198734,-73.99889679628387,40.715605800000006,-73.9989503,193.23,43.89,2014,2014
1001640021,83 BAYARD STREET,W6fHu8YmH0Oewns2S-APMw,2019-06,2019,40.71578647968563,-73.99891975096449,40.715605800000006,-73.9989503,187.3,43.89,2018,2019
1001640021,83 BAYARD STREET,oxguTG1q4QPk1bmWsjkoHQ,2022-07,2022,40.71577296714472,-73.9988813736063,40.715605800000006,-73.9989503,197.36,43.89,2022,2022
1001640021,83 BAYARD STREET,JOlWFDLrcfcBRbnLWZqv2A,2026-04,2026,40.7157869441652,-73.99891132229303,40.715605800000006,-73.9989503,189.26,43.89,2026,2026
1001640022,81 BAYARD STREET,KuVeZd-WDXeYIXej3e3r7w,2009-04,2009,40.71574507667458,-73.9987900031828,40.715578300000026,-73.9988745,201.01,44.3,2007,2009
1001640022,81 BAYARD STREET,9_6r4DRHwIq5ldhOPdF_1A,2012-08,2012,40.71575431586253,-73.99882909789338,40.715578300000026,-73.9988745,191.06,44.3,2011,2012
1001640022,81 BAYARD STREET,ewGiR9wfgon_S_LSPFnLJA,2014-10,2014,40.71574244838923,-73.99879753519188,40.715578300000026,-73.9988745,199.56,44.3,2014,2014
1001640022,81 BAYARD STREET,3MZCqAjQ7T2c23X9IUjL4A,2019-06,2019,40.71574754643911,-73.9988095505391,40.715578300000026,-73.9988745,196.22,44.3,2018,2019
1001640022,81 BAYARD STREET,roAPKE-z2mSQZefXud1aYQ,2022-07,2022,40.71575440146789,-73.99882757355847,40.715578300000026,-73.9988745,191.42,44.3,2022,2022
1001640022,81 BAYARD STREET,uIDVWpy93x0C1k_BtHk79w,2026-04,2026,40.71574767274154,-73.99879394852093,40.715578300000026,-73.9988745,199.82,44.3,2026,2026
1001640024,77 BAYARD STREET,Tw8OtU2zE3zpWU7Iw-pp8w,2009-04,2009,40.71548782114886,-73.99860358586372,40.7155646,-73.9987266,309.47,26.09,2007,2009
1001640024,77 BAYARD STREET,sG-fbSCKZkd4oCJtuMFF_Q,2011-06,2011,40.71551744086432,-73.99858744582757,40.7155646,-73.9987266,294.09,26.09,2011,2011
1001640024,77 BAYARD STREET,paKTBFN-5fz5osJkN1hzGw,2014-10,2014,40.71549694599412,-73.99860197186017,40.7155646,-73.9987266,305.61,26.09,2014,2014
1001640024,77 BAYARD STREET,K8jdWP6Cw5JaJmrlWDbkXA,2019-10,2019,40.71552056581971,-73.99858394881954,40.7155646,-73.9987266,292.16,26.09,2018,2019
1001640024,77 BAYARD STREET,wC6M_tAJXP8ZJxdWclXC9g,2022-07,2022,40.71548573530028,-73.99860430319863,40.7155646,-73.9987266,310.39,26.09,2022,2022
1001640024,77 BAYARD STREET,J37SYgYDNfpTxIM2sRQdug,2026-04,2026,40.71549914795316,-73.99858717682694,40.7155646,-73.9987266,301.77,26.09,2026,2026
1001640025,51 MOTT STREET,nJOYu1FpMjSYedwptJ2UtQ,2009-04,2009,40.71543157863489,-73.9986389146048,40.7154658,-73.9987843,287.25,27.99,2007,2009
1001640025,51 MOTT STREET,oHeICz7G-VURjXVhF50ujg,2011-06,2011,40.71543115061603,-73.99863855593739,40.7154658,-73.9987843,287.41,27.99,2011,2011
1001640025,51 MOTT STREET,oU-w8NC06bc5eT6F099PwQ,2014-10,2014,40.71541420868462,-73.99864994362669,40.7154658,-73.9987843,296.87,27.99,2014,2014
1001640025,51 MOTT STREET,d9Pp7Ah92wZf_Gs96TA8_w,2019-10,2019,40.71543765311577,-73.99863227925798,40.7154658,-73.9987843,283.73,27.99,2018,2019
1001640025,51 MOTT STREET,EmaBrz3Oh_02TgV7yNKdig,2022-07,2022,40.71540516772936,-73.99865693764023,40.7154658,-73.9987843,302.13,27.99,2022,2022
1001640025,51 MOTT STREET,QBlJ38P8j69QbBqVSyWu4w,2026-04,2026,40.7154252956568,-73.99863290692593,40.7154658,-73.9987843,289.44,27.99,2026,2026
1001640026,47 MOTT STREET,W8lY2tWqAQxTSOo1V9VctA,2009-04,2009,40.71534607050278,-73.99869181803736,40.715397200000005,-73.9989106,287.14,51.59,2007,2009
1001640026,47 MOTT STREET,SFdxCJE2Bihkkp1C93wSag,2011-06,2011,40.71534589082194,-73.99868948669996,40.715397200000005,-73.9989106,287.02,51.59,2011,2011
1001640026,47 MOTT STREET,0O5alYTvOrLCQh5wYgYL7g,2014-10,2014,40.71533702444977,-73.99869558404386,40.715397200000005,-73.9989106,290.27,51.59,2014,2014
1001640026,47 MOTT STREET,8issGMNYlFvK2w3DhO0giA,2019-10,2019,40.7153567337166,-73.99867711267791,40.715397200000005,-73.9989106,282.88,51.59,2018,2019
1001640026,47 MOTT STREET,caN_QhJJR1Xr71D0GUdKYw,2022-07,2022,40.71536156058335,-73.9986845550246,40.715397200000005,-73.9989106,281.75,51.59,2022,2022
1001640026,47 MOTT STREET,ZS6D1_TNaevaW5ElcvVAqw,2024-11,2024,40.71533490638229,-73.99869979838438,40.715397200000005,-73.9989106,291.3,51.59,2026,2024
1001640028,45 MOTT STREET,7j1J5ficcZt5wAJEdFlDCw,2009-04,2009,40.7152617267471,-73.99874176245096,40.715301100000005,-73.9989611,283.32,51.99,2007,2009
1001640028,45 MOTT STREET,upl4C3uw55Y9wWchIRfvlw,2011-06,2011,40.71526256584055,-73.99873970011458,40.715301100000005,-73.9989611,282.93,51.99,2011,2011
1001640028,45 MOTT STREET,1NQlrnylTK2n2Bf-C1gxYA,2014-10,2014,40.71523279761455,-73.99875745414016,40.715301100000005,-73.9989611,293.87,51.99,2014,2014
1001640028,45 MOTT STREET,A_hpXiYjh3dHC77PfaxpGw,2019-10,2019,40.71527568787415,-73.9987215874201,40.715301100000005,-73.9989611,277.97,51.99,2018,2019
1001640028,45 MOTT STREET,l8fcXA3rGzNm2r-GezD1PQ,2022-07,2022,40.71524268955469,-73.9987559298047,40.715301100000005,-73.9989611,290.59,51.99,2022,2022
1001640028,45 MOTT STREET,0voftGRHdhbZ4SiAt0MSfw,2024-11,2024,40.71525101350928,-73.99874866679437,40.715301100000005,-73.9989611,287.28,51.99,2026,2024
1001640029,43 MOTT STREET,6Wb9cAO_c4qS-KeTvvG7Og,2009-04,2009,40.71518092310994,-73.9987884788476,40.71523519999999,-73.9989972,288.94,52.63,2007,2009
1001640029,43 MOTT STREET,_PuIR4qm53T3orvOn41u_A,2011-06,2011,40.71518050016649,-73.99879134818445,40.71523519999999,-73.9989972,289.32,52.63,2011,2011
1001640029,43 MOTT STREET,d8FZ19xEPq4VCpGglIR_zw,2014-10,2014,40.71516638053515,-73.99879870085992,40.71523519999999,-73.9989972,294.58,52.63,2014,2014
1001640029,43 MOTT STREET,3DP8VO9w6cGI0C7CGXjyKQ,2019-10,2019,40.71519320608236,-73.9987724284938,40.71523519999999,-73.9989972,283.85,52.63,2018,2019
1001640029,43 MOTT STREET,3eQvat7XJX1xQdYY0YYdvQ,2022-07,2022,40.71515878377734,-73.99880470853358,40.71523519999999,-73.9989972,297.64,52.63,2022,2022
1001640029,43 MOTT STREET,hW41_QxeFHIAnupdkCSFlw,2024-11,2024,40.71517057430437,-73.99879529352255,40.71523519999999,-73.9989972,292.89,52.63,2026,2024
1001640030,41 MOTT STREET,4qpe9ugkRZv7OXTQtNoZFg,2009-04,2009,40.71502284474151,-73.99885572891873,40.7151721,-73.9990333,317.96,53.65,2007,2009
1001640030,41 MOTT STREET,bGv-28IONtZbAjYGx9k1ig,2011-06,2011,40.7150494041061,-73.9988680132625,40.7151721,-73.9990333,314.4,53.65,2011,2011
1001640030,41 MOTT STREET,aoiI9cd9fndtAsu4suGQGg,2014-10,2014,40.71508373831135,-73.99885160424837,40.7151721,-73.9990333,302.68,53.65,2014,2014
1001640030,41 MOTT STREET,qRKxCyASqe2enfXH3653Jg,2019-10,2019,40.71503314182257,-73.99886397825915,40.7151721,-73.9990333,317.27,53.65,2018,2019
1001640030,41 MOTT STREET,5HCiaqvpjhPkRWS6mv33tg,2022-07,2022,40.71503326726345,-73.99886379892567,40.7151721,-73.9990333,317.22,53.65,2022,2022
1001640030,41 MOTT STREET,0ok-c73rA1MVku32wQyz9g,2024-11,2024,40.71505171038849,-73.99885554958523,40.7151721,-73.9990333,311.78,53.65,2026,2024
1001640031,39 MOTT STREET,4qpe9ugkRZv7OXTQtNoZFg,2009-04,2009,40.71502284474151,-73.99885572891873,40.71511449999999,-73.9990729,299.11,56.3,2007,2009
1001640031,39 MOTT STREET,bGv-28IONtZbAjYGx9k1ig,2011-06,2011,40.7150494041061,-73.9988680132625,40.71511449999999,-73.9990729,292.74,56.3,2011,2011
1001640031,39 MOTT STREET,aoiI9cd9fndtAsu4suGQGg,2014-10,2014,40.71508373831135,-73.99885160424837,40.71511449999999,-73.9990729,280.39,56.3,2014,2014
1001640031,39 MOTT STREET,qRKxCyASqe2enfXH3653Jg,2019-10,2019,40.71503314182257,-73.99886397825915,40.71511449999999,-73.9990729,297.19,56.3,2018,2019
1001640031,39 MOTT STREET,5HCiaqvpjhPkRWS6mv33tg,2022-07,2022,40.71503326726345,-73.99886379892567,40.71511449999999,-73.9990729,297.14,56.3,2022,2022
1001640031,39 MOTT STREET,0ok-c73rA1MVku32wQyz9g,2024-11,2024,40.71505171038849,-73.99885554958523,40.71511449999999,-73.9990729,290.86,56.3,2026,2024
1001640032,33 MOTT STREET,YX3pvKgWzQHfPEs3dX1knQ,2009-04,2009,40.71497048103223,-73.99886361959219,40.71499369999999,-73.9991126,277.01,55.85,2007,2009
1001640032,33 MOTT STREET,dnCKQCrCHubEbMIZQ7O5MA,2011-06,2011,40.71500764518765,-73.99887993893854,40.71499369999999,-73.9991126,265.48,55.85,2011,2011
1001640032,33 MOTT STREET,t2uQCtdXBKhlTdZCOhiK6Q,2013-08,2013,40.71496633302388,-73.99886415759264,40.71499369999999,-73.9991126,278.27,55.85,2014,2013
1001640032,33 MOTT STREET,JYFTWjEkK9ZAe4fEs1wtkw,2019-10,2019,40.71498589067163,-73.99886908926337,40.71499369999999,-73.9991126,272.42,55.85,2018,2019
1001640032,33 MOTT STREET,bP-cPuo4cXQKjPEQ2QB9ww,2022-07,2022,40.71498558809157,-73.99886855126294,40.71499369999999,-73.9991126,272.51,55.85,2022,2022
1001640032,33 MOTT STREET,aOoTuu-ssKeRDxqJJtTxQw,2024-11,2024,40.715000497687,-73.99886783392901,40.71499369999999,-73.9991126,267.9,55.85,2026,2024
1001640037,23 MOTT STREET,WGFiKix-U74Wz7SE_80PfQ,2009-04,2009,40.71474200557779,-73.99884030623784,40.71470549999999,-73.9990838,258.81,52.25,2007,2009
1001640037,23 MOTT STREET,8qdk1Q3azg1Z6s_vkCr2DA,2011-06,2011,40.71470909095973,-73.99883214656315,40.71470549999999,-73.9990838,268.92,52.25,2011,2011
1001640037,23 MOTT STREET,WE8yGMdlUKY2Qu4ptPnMPg,2014-10,2014,40.71471726664121,-73.9988344778988,40.71470549999999,-73.9990838,266.44,52.25,2014,2014
1001640037,23 MOTT STREET,zOjbOVdoEE1xlefdEBhmbA,2019-10,2019,40.71471912960054,-73.99883591256689,40.71470549999999,-73.9990838,265.85,52.25,2018,2019
1001640037,23 MOTT STREET,nhz_PtmdsWd2_Cvr06H6Kg,2022-07,2022,40.71468976290608,-73.99882936689364,40.71470549999999,-73.9990838,274.67,52.25,2022,2022
1001640037,23 MOTT STREET,QC8NsrfMocYYGwXx7-u4EQ,2024-11,2024,40.71471967119691,-73.99883654023417,40.71470549999999,-73.9990838,265.68,52.25,2026,2024
1001640043,103 MOSCO STREET,AFb8gDpP1Z8x_fcRONZnYA,2010-06,2010,40.7144253461667,-73.99928998447619,40.7143569,-73.9992822,175.07,37.07,2007,2010
1001640043,103 MOSCO STREET,AFb8gDpP1Z8x_fcRONZnYA,2010-06,2010,40.7144253461667,-73.99928998447619,40.7143569,-73.9992822,175.07,37.07,2011,2010
1001640043,103 MOSCO STREET,AFb8gDpP1Z8x_fcRONZnYA,2010-06,2010,40.7144253461667,-73.99928998447619,40.7143569,-73.9992822,175.07,37.07,2014,2010
1001640043,103 MOSCO STREET,AFb8gDpP1Z8x_fcRONZnYA,2010-06,2010,40.7144253461667,-73.99928998447619,40.7143569,-73.9992822,175.07,37.07,2018,2010
1001640043,103 MOSCO STREET,AFb8gDpP1Z8x_fcRONZnYA,2010-06,2010,40.7144253461667,-73.99928998447619,40.7143569,-73.9992822,175.07,37.07,2022,2010
1001640043,103 MOSCO STREET,AFb8gDpP1Z8x_fcRONZnYA,2010-06,2010,40.7144253461667,-73.99928998447619,40.7143569,-73.9992822,175.07,37.07,2026,2010
1001640044,105 MOSCO STREET,kkTWAc10yyfduhWweYIPBw,2023-04,2023,40.71449232952799,-73.99919206858677,40.714362400000006,-73.9992136,187.16,36.6,2007,2023
1001640044,105 MOSCO STREET,kkTWAc10yyfduhWweYIPBw,2023-04,2023,40.71449232952799,-73.99919206858677,40.714362400000006,-73.9992136,187.16,36.6,2011,2023
1001640044,105 MOSCO STREET,kkTWAc10yyfduhWweYIPBw,2023-04,2023,40.71449232952799,-73.99919206858677,40.714362400000006,-73.9992136,187.16,36.6,2014,2023
1001640044,105 MOSCO STREET,kkTWAc10yyfduhWweYIPBw,2023-04,2023,40.71449232952799,-73.99919206858677,40.714362400000006,-73.9992136,187.16,36.6,2018,2023
1001640044,105 MOSCO STREET,kkTWAc10yyfduhWweYIPBw,2023-04,2023,40.71449232952799,-73.99919206858677,40.714362400000006,-73.9992136,187.16,36.6,2022,2023
1001640044,105 MOSCO STREET,kkTWAc10yyfduhWweYIPBw,2023-04,2023,40.71449232952799,-73.99919206858677,40.714362400000006,-73.9992136,187.16,36.6,2026,2023
1001640045,21 MOTT STREET,hkLiQxCGTcP1CHdSLgqshQ,2023-04,2023,40.71449595730037,-73.99907612965299,40.714411799999986,-73.999026,155.7,22.85,2007,2023
1001640045,21 MOTT STREET,hkLiQxCGTcP1CHdSLgqshQ,2023-04,2023,40.71449595730037,-73.99907612965299,40.714411799999986,-73.999026,155.7,22.85,2011,2023
1001640045,21 MOTT STREET,hkLiQxCGTcP1CHdSLgqshQ,2023-04,2023,40.71449595730037,-73.99907612965299,40.714411799999986,-73.999026,155.7,22.85,2014,2023
1001640045,21 MOTT STREET,hkLiQxCGTcP1CHdSLgqshQ,2023-04,2023,40.71449595730037,-73.99907612965299,40.714411799999986,-73.999026,155.7,22.85,2018,2023
1001640045,21 MOTT STREET,hkLiQxCGTcP1CHdSLgqshQ,2023-04,2023,40.71449595730037,-73.99907612965299,40.714411799999986,-73.999026,155.7,22.85,2022,2023
1001640045,21 MOTT STREET,hkLiQxCGTcP1CHdSLgqshQ,2023-04,2023,40.71449595730037,-73.99907612965299,40.714411799999986,-73.999026,155.7,22.85,2026,2023
1001640046,19 MOTT STREET,dkRG__aiO48_0gLTV7A-0g,2009-04,2009,40.71430811569598,-73.99876534481768,40.71433500000002,-73.99901160000002,278.2,46.91,2007,2009
1001640046,19 MOTT STREET,PCrWgzjWtUIqTTxcjSqpnQ,2011-06,2011,40.71432539696017,-73.99876964882345,40.71433500000002,-73.99901160000002,273.0,46.91,2011,2011
1001640046,19 MOTT STREET,aU1bRssphBFxa1xEXzk6Cw,2016-11,2016,40.71432667001273,-73.99877171115952,40.71433500000002,-73.99901160000002,272.62,46.91,2014,2016
1001640046,19 MOTT STREET,dyelC0Djnob1apXbStE48A,2019-06,2019,40.7143148530642,-73.9987724284938,40.71433500000002,-73.99901160000002,276.34,46.91,2018,2019
1001640046,19 MOTT STREET,KYehMdtJqEv5IGggVy6Pgg,2022-07,2022,40.71430012301368,-73.99876749682058,40.71433500000002,-73.99901160000002,280.68,46.91,2022,2022
1001640046,19 MOTT STREET,Tdcbrpk-0I5P3oLxC5D1-A,2024-11,2024,40.7143264725146,-73.99877404249591,40.71433500000002,-73.99901160000002,272.71,46.91,2026,2024
1001640047,17 MOTT STREET,dkRG__aiO48_0gLTV7A-0g,2009-04,2009,40.71430811569598,-73.99876534481768,40.7142636,-73.999008,256.39,49.8,2007,2009
1001640047,17 MOTT STREET,PCrWgzjWtUIqTTxcjSqpnQ,2011-06,2011,40.71432539696017,-73.99876964882345,40.7142636,-73.999008,251.12,49.8,2011,2011
1001640047,17 MOTT STREET,aU1bRssphBFxa1xEXzk6Cw,2016-11,2016,40.71432667001273,-73.99877171115952,40.7142636,-73.999008,250.6,49.8,2014,2016
1001640047,17 MOTT STREET,dyelC0Djnob1apXbStE48A,2019-06,2019,40.7143148530642,-73.9987724284938,40.7142636,-73.999008,253.98,49.8,2018,2019
1001640047,17 MOTT STREET,KYehMdtJqEv5IGggVy6Pgg,2022-07,2022,40.71430012301368,-73.99876749682058,40.7142636,-73.999008,258.67,49.8,2022,2022
1001640047,17 MOTT STREET,Tdcbrpk-0I5P3oLxC5D1-A,2024-11,2024,40.7143264725146,-73.99877404249591,40.7142636,-73.999008,250.48,49.8,2026,2024
1001640048,15 MOTT STREET,cHtUtl5TYraud3NdpeJbrg,2009-04,2009,40.71420762164863,-73.9987476804596,40.7141895,-73.9990044,264.68,52.83,2007,2009
1001640048,15 MOTT STREET,_hyqxinZtn01lifzmevJ5g,2011-06,2011,40.71422669216943,-73.99875449513601,40.7141895,-73.9990044,258.89,52.83,2011,2011
1001640048,15 MOTT STREET,qa3XcbVawOFvDblCTIbILQ,2014-10,2014,40.7142283119024,-73.9987531501341,40.7141895,-73.9990044,258.48,52.83,2014,2014
1001640048,15 MOTT STREET,GQ-RbfSaZROYZgDC3Gdh8Q,2019-06,2019,40.71422720834337,-73.99875494346998,40.7141895,-73.9990044,258.72,52.83,2018,2019
1001640048,15 MOTT STREET,KgjZwTF59DbgV-BkOjwhCQ,2022-07,2022,40.71420810728512,-73.99875270180014,40.7141895,-73.9990044,264.43,52.83,2022,2022
1001640048,15 MOTT STREET,kFPHgMxT4Q219FQxmOF2uw,2024-11,2024,40.7142345585313,-73.99875996481032,40.7141895,-73.9990044,256.33,52.83,2026,2024
1001640049,13 MOTT STREET,32SON32hl70X33emNbIc2Q,2009-04,2009,40.71411024906693,-73.99873234743684,40.7141099,-73.9989936,269.9,54.1,2007,2009
1001640049,13 MOTT STREET,32SON32hl70X33emNbIc2Q,2009-04,2009,40.71411024906693,-73.99873234743684,40.7141099,-73.9989936,269.9,54.1,2011,2009
1001640049,13 MOTT STREET,LE5GJcD6TMQXXjS7ldOa2A,2014-10,2014,40.71411294858321,-73.99873808611217,40.7141099,-73.9989936,269.1,54.1,2014,2014
1001640049,13 MOTT STREET,81STfj4ZyGnO0oYmTjCyHg,2019-06,2019,40.71414088909522,-73.99874095544978,40.7141099,-73.9989936,260.81,54.1,2018,2019
1001640049,13 MOTT STREET,34dJzs-9JmoxfdS_Fm_1sg,2022-07,2022,40.71411949954018,-73.99873853444618,40.7141099,-73.9989936,267.16,54.1,2022,2022
1001640049,13 MOTT STREET,JgFzLys1pIwxOztinAkByw,2024-11,2024,40.71414421835918,-73.99874741145922,40.7141099,-73.9989936,259.58,54.1,2026,2024
1001640050,11 MOTT STREET,upHHxPBiFIEYv-ProWBe5g,2009-04,2009,40.71404470642808,-73.99872284275541,40.7140303,-73.9989936,265.98,57.47,2007,2009
1001640050,11 MOTT STREET,avG5A7GwuA4kVAWhRVg3DA,2011-06,2011,40.71402208783253,-73.99872239442138,40.7140303,-73.9989936,272.29,57.47,2011,2011
1001640050,11 MOTT STREET,Uy0cc4l8i4WfCK0ugJ8FSw,2014-09,2014,40.71404980545999,-73.99872741576257,40.7140303,-73.9989936,264.48,57.47,2014,2014
1001640050,11 MOTT STREET,-fY-Q39KRvq8-evnC3m8jg,2019-06,2019,40.71403256225788,-73.99872338075626,40.7140303,-73.9989936,269.37,57.47,2018,2019
1001640050,11 MOTT STREET,s0lXHRskqjmnTpSuM9kGFw,2022-07,2022,40.71403346916551,-73.99872445675796,40.7140303,-73.9989936,269.11,57.47,2022,2022
1001640050,11 MOTT STREET,3Wfuvj21Z51vrJrKZuJUDA,2024-11,2024,40.71405246683855,-73.99873288543765,40.7140303,-73.9989936,263.6,57.47,2026,2024
1001640051,9 MOTT STREET,UxJ-JKr9ZcvWe-8MSz3lFQ,2009-04,2009,40.7139395485345,-73.99870580606115,40.713937,-73.9989611,269.25,52.47,2007,2009
1001640051,9 MOTT STREET,P2NbBj91j5B7qzdo8ygNsg,2011-06,2011,40.71392856129464,-73.99870652339568,40.713937,-73.9989611,272.5,52.47,2011,2011
1001640051,9 MOTT STREET,IzXc_65RegOZw-Xq09kpMQ,2014-10,2014,40.71397159648554,-73.99871423474166,40.713937,-73.9989611,259.52,52.47,2014,2014
1001640051,9 MOTT STREET,J6A87HfaGjpq1wTaFbZzXg,2019-06,2019,40.71396407757118,-73.99871387607442,40.713937,-73.9989611,261.78,52.47,2018,2019
1001640051,9 MOTT STREET,rCnIFg2s9H958DkjqXp6dg,2022-07,2022,40.71396685848511,-73.99871540041022,40.713937,-73.9989611,260.89,52.47,2022,2022
1001640051,9 MOTT STREET,MJPVkaS0ZOFqXi_whQiqrQ,2024-11,2024,40.71396166871887,-73.99871710407963,40.713937,-73.9989611,262.4,52.47,2026,2024
1001640053,5 MOTT STREET,ejjzMtCGG31zVTXOOItbUg,2009-09,2009,40.71369079490434,-73.99899865765812,40.7138491,-73.9989503,13.04,36.27,2007,2009
1001640053,5 MOTT STREET,LXuI7fLmyVJm3HCujOZ8kQ,2011-06,2011,40.71369047708023,-73.99899641599114,40.7138491,-73.9989503,12.43,36.27,2011,2011
1001640053,5 MOTT STREET,ncmwxsd6Ou7s-xAhx7DRFA,2014-10,2014,40.71369172808212,-73.99900045099169,40.7138491,-73.9989503,13.58,36.27,2014,2014
1001640053,5 MOTT STREET,7auzjjAwLATy9W3DWHKrXw,2019-10,2019,40.71371523428103,-73.99899758165799,40.7138491,-73.9989503,14.99,36.27,2018,2019
1001640053,5 MOTT STREET,BMZCCVqvJtZQsnnK_1WXIw,2022-07,2022,40.71369367737591,-73.99901685999308,40.7138491,-73.9989503,17.98,36.27,2022,2022
1001640053,5 MOTT STREET,2pVhAp4s3HGDBWpaDtC06g,2024-11,2024,40.71369740426801,-73.99901228699284,40.7138491,-73.9989503,17.21,36.27,2026,2024
1001640054,1 MOTT STREET,huLXzUl0_hqHpMn452y2Ew,2009-09,2009,40.71362849490893,-73.99886837192945,40.7137586,-73.99886010000002,2.76,21.85,2007,2009
1001640054,1 MOTT STREET,KcrUcflPOAZAbxBdO_1RHQ,2011-07,2011,40.71362615823067,-73.99885348725007,40.7137586,-73.99886010000002,357.83,21.85,2011,2011
1001640054,1 MOTT STREET,bgoDVyKKgVC_Mene9AMlOg,2014-10,2014,40.71364210777942,-73.99889841028495,40.7137586,-73.99886010000002,14.0,21.85,2014,2014
1001640054,1 MOTT STREET,F1q2Cq-rLOLBig75Q_Whqg,2019-10,2019,40.71364138859924,-73.99884864524567,40.7137586,-73.99886010000002,355.76,21.85,2018,2019
1001640054,1 MOTT STREET,ks9BIW67iDExK_cD0zqy9Q,2022-07,2022,40.71362664975876,-73.99886227459105,40.7137586,-73.99886010000002,0.72,21.85,2022,2022
1001640054,1 MOTT STREET,8Anr4GDjozvw51A6X8tcaA,2026-04,2026,40.71362444273993,-73.99884990058015,40.7137586,-73.99886010000002,356.7,21.85,2026,2026
1001640058,197 WORTH STREET,9n-sm1LHc4j9xr4w5faFeA,2014-08,2014,40.71379821759788,-73.999217354563,40.7138876,-73.99919200000001,12.13,12.17,2007,2014
1001640058,197 WORTH STREET,9n-sm1LHc4j9xr4w5faFeA,2014-08,2014,40.71379821759788,-73.999217354563,40.7138876,-73.99919200000001,12.13,12.17,2011,2014
1001640058,197 WORTH STREET,9n-sm1LHc4j9xr4w5faFeA,2014-08,2014,40.71379821759788,-73.999217354563,40.7138876,-73.99919200000001,12.13,12.17,2014,2014
1001640058,197 WORTH STREET,oNL5usddrO2454aONR19MA,2017-11,2017,40.7137906087273,-73.9992238105564,40.7138876,-73.99919200000001,13.96,12.17,2018,2017
1001640058,197 WORTH STREET,iO-_AC6rUW960uIRsIo3eA,2021-04,2021,40.71371842060602,-73.99928236281991,40.7138876,-73.99919200000001,22.04,12.17,2022,2021
1001640058,197 WORTH STREET,AsWakV3OzeqhwnyHOhYtgg,2024-11,2024,40.71379282009436,-73.99922291389066,40.7138876,-73.99919200000001,13.89,12.17,2026,2024
1001640061,191 WORTH STREET,EnqLEtNjLuXrJtg3_1CSsQ,2009-09,2009,40.71390058956174,-73.9994547018439,40.7139974,-73.9993002,50.42,29.85,2007,2009
1001640061,191 WORTH STREET,l59bFLf8bw02IW5t7U1qNQ,2012-08,2012,40.71392084999735,-73.99947469746463,40.7139974,-73.9993002,59.94,29.85,2011,2012
1001640061,191 WORTH STREET,3ZwF70oO3V53EcSKK1rmrA,2014-10,2014,40.71390296020016,-73.99945918516711,40.7139974,-73.9993002,51.91,29.85,2014,2014
1001640061,191 WORTH STREET,Olyn5qhqpurS0Utuwx-PIA,2019-10,2019,40.71393205948668,-73.99946330982438,40.7139974,-73.9993002,62.14,29.85,2018,2019
1001640061,191 WORTH STREET,u8SZxY0kVVZ0Iv8wdFZ-uA,2023-04,2023,40.71389285198924,-73.99945120485171,40.7139974,-73.9993002,47.59,29.85,2022,2023
1001640061,191 WORTH STREET,i5Ht04MjbLCUZoCofWsdqw,2024-11,2024,40.71391269448218,-73.99947729779184,40.7139974,-73.9993002,57.75,29.85,2026,2024
1001640062,20 MULBERRY STREET,dSsW_i7qFr_7EQc-R87Maw,2009-04,2009,40.71417947036005,-73.9995818488496,40.714173,-73.99933990000001,92.02,48.11,2007,2009
1001640062,20 MULBERRY STREET,PWwlJ-XvAwMIgm2gr5IaZg,2011-07,2011,40.71419298843746,-73.9995835525113,40.714173,-73.99933990000001,96.18,48.11,2011,2011
1001640062,20 MULBERRY STREET,k51j9KefhnSP9l_nyGBg3Q,2014-09,2014,40.71415786467111,-73.9995779035277,40.714173,-73.99933990000001,85.2,48.11,2014,2014
1001640062,20 MULBERRY STREET,hW0jTtBPuikIaO1c0rxmFQ,2019-06,2019,40.71417056484188,-73.9995791588574,40.714173,-73.99933990000001,89.23,48.11,2018,2019
1001640062,20 MULBERRY STREET,IsLPuYvmmSMObLNBI89zDw,2022-07,2022,40.71415705095899,-73.99958014518788,40.714173,-73.99933990000001,84.99,48.11,2022,2022
1001640062,20 MULBERRY STREET,dkmns7kHOnnJ7l8eBBJOjw,2024-08,2024,40.7141417122962,-73.99951558536421,40.714173,-73.99933990000001,76.78,48.11,2026,2024
1001640065,26 MULBERRY STREET,ekE910clbycKjYz83WkIGQ,2009-04,2009,40.71427726857112,-73.9995879461651,40.714304800000015,-73.9994156,78.1,30.82,2007,2009
1001640065,26 MULBERRY STREET,yLwPpOMg8Fc0fyFik1h_xA,2011-07,2011,40.71425329722101,-73.99959072582357,40.714304800000015,-73.9994156,68.79,30.82,2011,2011
1001640065,26 MULBERRY STREET,-W1eVNYLSyQcDrBNe02Ljg,2014-09,2014,40.7142324230016,-73.99958821516431,40.714304800000015,-73.9994156,61.05,30.82,2014,2014
1001640065,26 MULBERRY STREET,YigCdMD0IZyyDheAfvxDeQ,2019-06,2019,40.71423218146471,-73.99958651150264,40.714304800000015,-73.9994156,60.73,30.82,2018,2019
1001640065,26 MULBERRY STREET,B9VsTHBgStSQ4poLAyq3NA,2022-07,2022,40.71428449759636,-73.99958785649869,40.714304800000015,-73.9994156,81.16,30.82,2022,2022
1001640065,26 MULBERRY STREET,XB7oYbG0kRR_6AePbaOpPg,2024-08,2024,40.71429600846172,-73.99953602931072,40.714304800000015,-73.9994156,84.5,30.82,2026,2024
1001640066,28 MULBERRY STREET,5czDhiZgKClSrPNyMzkl9Q,2013-08,2013,40.71447209909167,-73.99947236613677,40.7143789,-73.9994265,159.54,25.86,2007,2013
1001640066,28 MULBERRY STREET,5czDhiZgKClSrPNyMzkl9Q,2013-08,2013,40.71447209909167,-73.99947236613677,40.7143789,-73.9994265,159.54,25.86,2011,2013
1001640066,28 MULBERRY STREET,7mvUuwPyKhQAVr8MqEPdHg,2014-10,2014,40.71447317004647,-73.99943363022338,40.7143789,-73.9994265,176.72,25.86,2014,2014
1001640066,28 MULBERRY STREET,L0IKov_uE9M-N_WOlJSpFQ,2019-10,2019,40.71447285035998,-73.99944627319597,40.7143789,-73.9994265,170.94,25.86,2018,2019
1001640066,28 MULBERRY STREET,J_KKDzxQevLUWF4NX4OCGA,2023-04,2023,40.71447700485658,-73.99947398013298,40.7143789,-73.9994265,159.86,25.86,2022,2023
1001640066,28 MULBERRY STREET,E2rC5rvSM6PQHAiuVSrPdA,2024-11,2024,40.714474386062,-73.99945550884208,40.7143789,-73.9994265,167.03,25.86,2026,2024
1001650001,55 MULBERRY STREET,woQ2kvhQM9kTwYZF0KagEg,2009-04,2009,40.71515543974077,-73.99965474762368,40.71513919999999,-74.0000072,266.52,54.6,2007,2009
1001650001,55 MULBERRY STREET,m-9z4V51Ge9knf3wF5O18g,2011-06,2011,40.71514374677756,-73.99964622931819,40.71513919999999,-74.0000072,269.05,54.6,2011,2011
1001650001,55 MULBERRY STREET,-5mkBG5kQ-ThDocVgISHJw,2014-10,2014,40.71514337465633,-73.99964945730767,40.71513919999999,-74.0000072,269.12,54.6,2014,2014
1001650001,55 MULBERRY STREET,HrnIFinJaFqpAnK7c_9sjg,2019-10,2019,40.71515943781871,-73.99964676731642,40.71513919999999,-74.0000072,265.76,54.6,2018,2019
1001650001,55 MULBERRY STREET,KEMGJ-j7bi-uqHVWzshrCg,2022-07,2022,40.71514348906858,-73.99965026430505,40.71513919999999,-74.0000072,269.09,54.6,2022,2022
1001650001,55 MULBERRY STREET,alR9jutuy-wUOR4JfoNYBQ,2026-04,2026,40.71519760134075,-73.99964300132862,40.71513919999999,-74.0000072,258.05,54.6,2026,2026
1001660027,80 CENTRE STREET,7AYC0oQctz3hY-4eJjCiYA,2009-09,2009,40.71486248729077,-74.00143219586207,40.71509530000001,-74.0011868,38.62,90.26,2007,2009
1001660027,80 CENTRE STREET,-aA828MdFX_ddEiIyaVaiQ,2012-08,2012,40.71486132619918,-74.00142932656478,40.71509530000001,-74.0011868,38.16,90.26,2011,2012
1001660027,80 CENTRE STREET,X1XmN7NXc8uGYdPfLqNFUQ,2014-10,2014,40.71486566077314,-74.00142744358841,40.71509530000001,-74.0011868,38.46,90.26,2014,2014
1001660027,80 CENTRE STREET,0hNBKhSGAnqnmxX9AsLiJg,2019-10,2019,40.71479502393147,-74.00141605606427,40.71509530000001,-74.0011868,30.06,90.26,2018,2019
1001660027,80 CENTRE STREET,P7rqgH6FhiWbeMG1Xq6FtQ,2022-07,2022,40.7148380859082,-74.0013925636895,40.71509530000001,-74.0011868,31.23,90.26,2022,2022
1001660027,80 CENTRE STREET,neDzot1Q3nAE5FjzBEen6Q,2026-04,2026,40.71484254052447,-74.00142771258503,40.71509530000001,-74.0011868,35.85,90.26,2026,2026
1001670001,145-125 WHITE STREET,506zuwAyBeD2mQbfbGvd3w,2011-08,2011,40.71616226693196,-74.00016781791548,40.71635790000001,-74.0006024,300.71,112.24,2007,2011
1001670001,145-125 WHITE STREET,506zuwAyBeD2mQbfbGvd3w,2011-08,2011,40.71616226693196,-74.00016781791548,40.71635790000001,-74.0006024,300.71,112.24,2011,2011
1001670001,145-125 WHITE STREET,8pT_Un_9HHthrseag2jTxg,2014-09,2014,40.71615549732749,-74.00018019184122,40.71635790000001,-74.0006024,302.31,112.24,2014,2014
1001670001,145-125 WHITE STREET,ZQJ8TSoqn0ktMiIMo_kQLg,2019-10,2019,40.71616775552427,-74.0001804608396,40.71635790000001,-74.0006024,300.73,112.24,2018,2019
1001670001,145-125 WHITE STREET,vcKyCMTzkNiWjzjcWN3CZw,2022-07,2022,40.71613991650943,-74.00019373142572,40.71635790000001,-74.0006024,305.14,112.24,2022,2022
1001670001,145-125 WHITE STREET,nAbxybg6ca0SZy8Tap6qAw,2026-04,2026,40.71614897871651,-74.00018422681684,40.71635790000001,-74.0006024,303.39,112.24,2026,2026
1001680001,PEARL STREET,M0i30hWf984yVHpEvOsq-g,2021-04,2021,40.71475385066731,-74.00275879292276,40.7147741,-74.0027956,305.97,11.36,2007,2021
1001680001,PEARL STREET,M0i30hWf984yVHpEvOsq-g,2021-04,2021,40.71475385066731,-74.00275879292276,40.7147741,-74.0027956,305.97,11.36,2011,2021
1001680001,PEARL STREET,M0i30hWf984yVHpEvOsq-g,2021-04,2021,40.71475385066731,-74.00275879292276,40.7147741,-74.0027956,305.97,11.36,2014,2021
1001680001,PEARL STREET,M0i30hWf984yVHpEvOsq-g,2021-04,2021,40.71475385066731,-74.00275879292276,40.7147741,-74.0027956,305.97,11.36,2018,2021
1001680001,PEARL STREET,M0i30hWf984yVHpEvOsq-g,2021-04,2021,40.71475385066731,-74.00275879292276,40.7147741,-74.0027956,305.97,11.36,2022,2021
1001680001,PEARL STREET,M0i30hWf984yVHpEvOsq-g,2021-04,2021,40.71475385066731,-74.00275879292276,40.7147741,-74.0027956,305.97,11.36,2026,2021
1001680032,75 CENTRE STREET,XTS__nqlG4WsKRTvcw1kUg,2009-09,2009,40.71537907265957,-74.00250988294809,40.7156689,-74.002352,22.44,82.15,2007,2009
1001680032,75 CENTRE STREET,ZNt9-wEccxSG9D7qugo5CA,2012-07,2012,40.71538473681009,-74.00255516378529,40.7156689,-74.002352,28.45,82.15,2011,2012
1001680032,75 CENTRE STREET,WJL8vIIiaGI5QqfbX8Jmow,2014-08,2014,40.71540451834673,-74.00257497975225,40.7156689,-74.002352,32.59,82.15,2014,2014
1001680032,75 CENTRE STREET,gnRLl_VLPPrPOcyznnuwnA,2017-11,2017,40.71541665216434,-74.0025759660673,40.7156689,-74.002352,33.94,82.15,2018,2017
1001680032,75 CENTRE STREET,biJCa75XjMU4bpsRejjjOA,2022-07,2022,40.71536894133435,-74.00261774995451,40.7156689,-74.002352,33.88,82.15,2022,2022
1001680032,75 CENTRE STREET,pfCrDkEbm2-adw8FoVYO1A,2026-04,2026,40.71537252556881,-74.00256108167609,40.7156689,-74.002352,28.13,82.15,2026,2026
1001690001,93 CENTRE STREET,flU_Whg3F8NuLji3JVfvCQ,2021-04,2021,40.71625959040893,-74.00183766300229,40.71632770000002,-74.0018217,10.07,21.61,2007,2021
1001690001,93 CENTRE STREET,flU_Whg3F8NuLji3JVfvCQ,2021-04,2021,40.71625959040893,-74.00183766300229,40.71632770000002,-74.0018217,10.07,21.61,2011,2021
1001690001,93 CENTRE STREET,flU_Whg3F8NuLji3JVfvCQ,2021-04,2021,40.71625959040893,-74.00183766300229,40.71632770000002,-74.0018217,10.07,21.61,2014,2021
1001690001,93 CENTRE STREET,flU_Whg3F8NuLji3JVfvCQ,2021-04,2021,40.71625959040893,-74.00183766300229,40.71632770000002,-74.0018217,10.07,21.61,2018,2021
1001690001,93 CENTRE STREET,flU_Whg3F8NuLji3JVfvCQ,2021-04,2021,40.71625959040893,-74.00183766300229,40.71632770000002,-74.0018217,10.07,21.61,2022,2021
1001690001,93 CENTRE STREET,flU_Whg3F8NuLji3JVfvCQ,2021-04,2021,40.71625959040893,-74.00183766300229,40.71632770000002,-74.0018217,10.07,21.61,2026,2021
1001690010,111 CENTRE STREET,qKe7QQdCU3-1vELqMRtfmg,2011-08,2011,40.71661254555747,-74.0010384740734,40.7168162,-74.0014321,304.32,95.74,2007,2011
1001690010,111 CENTRE STREET,qKe7QQdCU3-1vELqMRtfmg,2011-08,2011,40.71661254555747,-74.0010384740734,40.7168162,-74.0014321,304.32,95.74,2011,2011
1001690010,111 CENTRE STREET,Vh5VeJm_YjChJ1KYPUq7FQ,2014-10,2014,40.71662613098786,-74.00107577501088,40.7168162,-74.0014321,305.14,95.74,2014,2014
1001690010,111 CENTRE STREET,RrHOgoUsoR_thD8z4vt7tw,2019-10,2019,40.71658928598371,-74.00108617623253,40.7168162,-74.0014321,310.87,95.74,2018,2019
1001690010,111 CENTRE STREET,jmpOCoipTs1HoUfnsL7eKw,2022-07,2022,40.71659184363389,-74.00109783277338,40.7168162,-74.0014321,311.53,95.74,2022,2022
1001690010,111 CENTRE STREET,zPLw2KqeIyDw1qQcOP9J5A,2026-04,2026,40.71661962179095,-74.00103730841897,40.7168162,-74.0014321,303.3,95.74,2026,2026
1001710031,109 LEONARD STREET,8jxH0cxWccgK1bgA_LMzNA,2009-04,2009,40.71645970271666,-74.00232822150147,40.7166543,-74.002738,302.07,94.77,2007,2009
1001710031,109 LEONARD STREET,lp4C8xV1onlzeYlcD1krfg,2011-07,2011,40.71645564734958,-74.0022990803353,40.7166543,-74.002738,300.84,94.77,2011,2011
1001710031,109 LEONARD STREET,fHPm4w0MSW1kiBEI7cfLXg,2014-07,2014,40.71646195655087,-74.00234678218038,40.7166543,-74.002738,302.97,94.77,2014,2014
1001710031,109 LEONARD STREET,iSTQKbC18uVj96ZKVz1ftg,2018-07,2018,40.71647082054614,-74.00236354955543,40.7166543,-74.002738,302.88,94.77,2018,2018
1001710031,109 LEONARD STREET,5DtHwzki9l74as0mfoeDGA,2022-07,2022,40.71646502112897,-74.00232849049682,40.7166543,-74.002738,301.38,94.77,2022,2022
1001710031,109 LEONARD STREET,SqeUKMdHqg3dSfbCyvonlQ,2026-04,2026,40.7164868164604,-74.00231728235653,40.7166543,-74.002738,297.71,94.77,2026,2026
1001720004,370 BROADWAY,l8G1ZN2Pc9I7hMsUYfu2cQ,2014-09,2014,40.71743886517762,-74.00268248806218,40.71753809999999,-74.0029653,294.84,76.98,2007,2014
1001720004,370 BROADWAY,l8G1ZN2Pc9I7hMsUYfu2cQ,2014-09,2014,40.71743886517762,-74.00268248806218,40.71753809999999,-74.0029653,294.84,76.98,2011,2014
1001720004,370 BROADWAY,l8G1ZN2Pc9I7hMsUYfu2cQ,2014-09,2014,40.71743886517762,-74.00268248806218,40.71753809999999,-74.0029653,294.84,76.98,2014,2014
1001720004,370 BROADWAY,Zm4Y_n6X321pscKREIyNGg,2019-06,2019,40.71742779165938,-74.00269217187696,40.71753809999999,-74.0029653,298.05,76.98,2018,2019
1001720004,370 BROADWAY,Qlgupxk7uRz6bRcksc3ikA,2024-06,2024,40.71745281083388,-74.00270104870674,40.71753809999999,-74.0029653,293.07,76.98,2022,2024
1001720004,370 BROADWAY,3J91xz7LMX3r4_KJlJy3lw,2026-04,2026,40.71742859929667,-74.00269414450584,40.71753809999999,-74.0029653,298.05,76.98,2026,2026
1001720013,83 WHITE STREET,LGz10yidejQLPxnRvuE9kg,2009-04,2009,40.71755058237049,-74.00206523352432,40.7173844,-74.0022366,218.01,57.32,2007,2009
1001720013,83 WHITE STREET,r8MUZHuOzsnYlXqUfePYBQ,2011-07,2011,40.71757111721281,-74.00210100995295,40.7173844,-74.0022366,208.83,57.32,2011,2011
1001720013,83 WHITE STREET,0a12KWP6S3Y9rcIUfbKnQQ,2014-10,2014,40.71755704462058,-74.00207357239175,40.7173844,-74.0022366,215.59,57.32,2014,2014
1001720013,83 WHITE STREET,AELC4jUk_JatGMVcjTYcPQ,2018-07,2018,40.71756691267162,-74.00209742334387,40.7173844,-74.0022366,210.03,57.32,2018,2018
1001720013,83 WHITE STREET,6CZfdGdjqeYAxjmHHkhxeA,2022-07,2022,40.71754268240874,-74.00203770629274,40.7173844,-74.0022366,223.6,57.32,2022,2022
1001720013,83 WHITE STREET,OBjWgJBKW2ky1d5jkDyfMg,2026-04,2026,40.71756064571403,-74.00207715900127,40.7173844,-74.0022366,214.44,57.32,2026,2026
1001720020,76 LAFAYETTE STREET,wCd8jREOi0hFVSg6ruObeg,2010-06,2010,40.71709308078067,-74.001977361566,40.71717579999998,-74.0020959,312.64,59.85,2007,2010
1001720020,76 LAFAYETTE STREET,wCd8jREOi0hFVSg6ruObeg,2010-06,2010,40.71709308078067,-74.001977361566,40.71717579999998,-74.0020959,312.64,59.85,2011,2010
1001720020,76 LAFAYETTE STREET,wCd8jREOi0hFVSg6ruObeg,2010-06,2010,40.71709308078067,-74.001977361566,40.71717579999998,-74.0020959,312.64,59.85,2014,2010
1001720020,76 LAFAYETTE STREET,wCd8jREOi0hFVSg6ruObeg,2010-06,2010,40.71709308078067,-74.001977361566,40.71717579999998,-74.0020959,312.64,59.85,2018,2010
1001720020,76 LAFAYETTE STREET,wCd8jREOi0hFVSg6ruObeg,2010-06,2010,40.71709308078067,-74.001977361566,40.71717579999998,-74.0020959,312.64,59.85,2022,2010
1001720020,76 LAFAYETTE STREET,wCd8jREOi0hFVSg6ruObeg,2010-06,2010,40.71709308078067,-74.001977361566,40.71717579999998,-74.0020959,312.64,59.85,2026,2010
1001720023,40 FRANKLIN STREET,y8fgCpfv6WjV9jiM-PcAQg,2009-04,2009,40.71688393221708,-74.00194400607738,40.7169507,-74.0021067,298.43,15.37,2007,2009
1001720023,40 FRANKLIN STREET,mt-gxWfXorkbRw9NCbuMyQ,2011-06,2011,40.71685815085684,-74.00196274612412,40.7169507,-74.0021067,310.31,15.37,2011,2011
1001720023,40 FRANKLIN STREET,F1jBYgp3Mwb7whpecRYqJw,2014-09,2014,40.71686160660137,-74.00195360026422,40.7169507,-74.0021067,307.52,15.37,2014,2014
1001720023,40 FRANKLIN STREET,ceShuqvSS6npLXj1HyAIyA,2019-06,2019,40.71684762352184,-74.0019597871695,40.7169507,-74.0021067,312.79,15.37,2018,2019
1001720023,40 FRANKLIN STREET,48tpzwrrcEpgRCQOVd-v9A,2022-07,2022,40.71686137922917,-74.00196104248359,40.7169507,-74.0021067,308.98,15.37,2022,2022
1001720023,40 FRANKLIN STREET,mh3xbys62nmr1qjXvOiCvQ,2026-04,2026,40.71688012981698,-74.00198103784263,40.7169507,-74.0021067,306.54,15.37,2026,2026
1001720030,54 FRANKLIN STREET,w7V_0HJt9-ya7-78SuEhig,2014-09,2014,40.71727772561447,-74.00281806142449,40.71725810000001,-74.0026695,99.89,27.55,2007,2014
1001720030,54 FRANKLIN STREET,w7V_0HJt9-ya7-78SuEhig,2014-09,2014,40.71727772561447,-74.00281806142449,40.71725810000001,-74.0026695,99.89,27.55,2011,2014
1001720030,54 FRANKLIN STREET,w7V_0HJt9-ya7-78SuEhig,2014-09,2014,40.71727772561447,-74.00281806142449,40.71725810000001,-74.0026695,99.89,27.55,2014,2014
1001720030,54 FRANKLIN STREET,t8Bq1rtawa0iZRgIX-VglQ,2017-08,2017,40.71731594577564,-74.00279447955685,40.71725810000001,-74.0026695,121.41,27.55,2018,2017
1001720030,54 FRANKLIN STREET,s8qruPMpGqIkZUVh87tFSg,2024-05,2024,40.71731971420319,-74.0027433705562,40.71725810000001,-74.0026695,137.74,27.55,2022,2024
1001720030,54 FRANKLIN STREET,Xay1p1sCo2IgAlR85R6X9g,2026-04,2026,40.71730819068374,-74.00279564520058,40.71725810000001,-74.0026695,117.65,27.55,2026,2026
1001727501,374 BROADWAY,ZcseAxjXjLKdifjz7jxpCw,2009-04,2009,40.71781862329644,-74.00262528181304,40.71771369999999,-74.0028138,233.71,19.18,2007,2009
1001727501,374 BROADWAY,nsSqHf2p5keXx04tlVCULQ,2011-07,2011,40.71782674082193,-74.00263093070674,40.71771369999999,-74.0028138,230.8,19.18,2011,2011
1001727501,374 BROADWAY,kCE_wGOHcxNyY7wvv8LAow,2014-10,2014,40.71782279824524,-74.00262599913289,40.71771369999999,-74.0028138,232.53,19.18,2014,2014
1001727501,374 BROADWAY,cDFsl8i0c9nqEBQ0NMFEGw,2018-07,2018,40.71782892997576,-74.00263200668648,40.71771369999999,-74.0028138,230.09,19.18,2018,2018
1001727501,374 BROADWAY,9ofakiMU9bJvxMgT-DzoTA,2022-07,2022,40.7178370314745,-74.00263541395559,40.71771369999999,-74.0028138,227.63,19.18,2022,2022
1001727501,374 BROADWAY,0SpL_mhTRXSaaG_olMYJhg,2026-04,2026,40.71784923110332,-74.00265496091936,40.71771369999999,-74.0028138,221.61,19.18,2026,2026
1001727502,81 WHITE STREET,sIZtbg0r8fjxx1AlrZNaYA,2014-09,2014,40.71759168912418,-74.00256009536096,40.717458500000006,-74.0023881,135.61,53.15,2007,2014
1001727502,81 WHITE STREET,sIZtbg0r8fjxx1AlrZNaYA,2014-09,2014,40.71759168912418,-74.00256009536096,40.717458500000006,-74.0023881,135.61,53.15,2011,2014
1001727502,81 WHITE STREET,sIZtbg0r8fjxx1AlrZNaYA,2014-09,2014,40.71759168912418,-74.00256009536096,40.717458500000006,-74.0023881,135.61,53.15,2014,2014
1001727502,81 WHITE STREET,t1Nn6venekA4bdCTLk7r6Q,2019-06,2019,40.7175796571557,-74.00256780655177,40.717458500000006,-74.0023881,131.65,53.15,2018,2019
1001727502,81 WHITE STREET,tXCpoJIGNnVc0Fcs1FO4dg,2024-05,2024,40.71754969880518,-74.00255175651473,40.717458500000006,-74.0023881,126.32,53.15,2022,2024
1001727502,81 WHITE STREET,Tn0YAj-UIMWGhXmYD8bSXA,2026-04,2026,40.71756438909902,-74.00258035965244,40.717458500000006,-74.0023881,126.0,53.15,2026,2026
1001727503,77 WHITE STREET,sIZtbg0r8fjxx1AlrZNaYA,2014-09,2014,40.71759168912418,-74.00256009536096,40.71751609999999,-74.0025071,152.01,14.05,2007,2014
1001727503,77 WHITE STREET,sIZtbg0r8fjxx1AlrZNaYA,2014-09,2014,40.71759168912418,-74.00256009536096,40.71751609999999,-74.0025071,152.01,14.05,2011,2014
1001727503,77 WHITE STREET,sIZtbg0r8fjxx1AlrZNaYA,2014-09,2014,40.71759168912418,-74.00256009536096,40.71751609999999,-74.0025071,152.01,14.05,2014,2014
1001727503,77 WHITE STREET,t1Nn6venekA4bdCTLk7r6Q,2019-06,2019,40.7175796571557,-74.00256780655177,40.71751609999999,-74.0025071,144.1,14.05,2018,2019
1001727503,77 WHITE STREET,tXCpoJIGNnVc0Fcs1FO4dg,2024-05,2024,40.71754969880518,-74.00255175651473,40.71751609999999,-74.0025071,134.79,14.05,2022,2024
1001727503,77 WHITE STREET,Tn0YAj-UIMWGhXmYD8bSXA,2026-04,2026,40.71756438909902,-74.00258035965244,40.71751609999999,-74.0025071,131.01,14.05,2026,2026
1001727504,50 FRANKLIN STREET,0aS9xQTCLxp9358a0aaoQw,2009-04,2009,40.71695918853327,-74.00255579144037,40.717164800000006,-74.0024783,15.94,50.2,2007,2009
1001727504,50 FRANKLIN STREET,EXhlbqee_PtzKCb8TRZDlQ,2011-07,2011,40.71696562017112,-74.00254422465332,40.717164800000006,-74.0024783,14.08,50.2,2011,2011
1001727504,50 FRANKLIN STREET,yXZxHXs9WmALPvIwEebm8Q,2014-09,2014,40.71698387797331,-74.002570855162,40.717164800000006,-74.0024783,21.19,50.2,2014,2014
1001727504,50 FRANKLIN STREET,qW8fAJfsZA6TbiO8wERqfQ,2018-07,2018,40.71696821359043,-74.0025465559438,40.717164800000006,-74.0024783,14.74,50.2,2018,2018
1001727504,50 FRANKLIN STREET,UEibZqPWnEFvb3iWJ2dnxQ,2022-07,2022,40.71698428770836,-74.00258385658746,40.717164800000006,-74.0024783,23.9,50.2,2022,2022
1001727504,50 FRANKLIN STREET,6LWvHae4eHlv_5NVpfjIlw,2026-04,2026,40.71696881865055,-74.0025721104721,40.717164800000006,-74.0024783,19.94,50.2,2026,2026
1001727505,372 BROADWAY,ZcseAxjXjLKdifjz7jxpCw,2009-04,2009,40.71781862329644,-74.00262528181304,40.71759849999999,-74.00291480000001,224.91,69.62,2007,2009
1001727505,372 BROADWAY,nsSqHf2p5keXx04tlVCULQ,2011-07,2011,40.71782674082193,-74.00263093070674,40.71759849999999,-74.00291480000001,223.31,69.62,2011,2011
1001727505,372 BROADWAY,kCE_wGOHcxNyY7wvv8LAow,2014-10,2014,40.71782279824524,-74.00262599913289,40.71759849999999,-74.00291480000001,224.3,69.62,2014,2014
1001727505,372 BROADWAY,cDFsl8i0c9nqEBQ0NMFEGw,2018-07,2018,40.71782892997576,-74.00263200668648,40.71759849999999,-74.00291480000001,222.93,69.62,2018,2018
1001727505,372 BROADWAY,9ofakiMU9bJvxMgT-DzoTA,2022-07,2022,40.7178370314745,-74.00263541395559,40.71759849999999,-74.00291480000001,221.6,69.62,2022,2022
1001727505,372 BROADWAY,0SpL_mhTRXSaaG_olMYJhg,2026-04,2026,40.71784923110332,-74.00265496091936,40.71759849999999,-74.00291480000001,218.15,69.62,2026,2026
1001930045,393 BROADWAY,pA9CTNhCHSSKHXgS75w3ow,2009-04,2009,40.71871877363382,-74.00269208221201,40.71854540000001,-74.0029762,231.16,88.3,2007,2009
1001930045,393 BROADWAY,8ZyEPp67JlEdp4nRPuyxxQ,2011-06,2011,40.71870261397273,-74.00268876460885,40.71854540000001,-74.0029762,234.18,88.3,2011,2011
1001930045,393 BROADWAY,UyGb-Bfd2ZPm6IXx_ix49A,2014-09,2014,40.71870298946163,-74.00268768862944,40.71854540000001,-74.0029762,234.22,88.3,2014,2014
1001930045,393 BROADWAY,ppS_cRN2W3AV0lwX8ymH4w,2018-07,2018,40.7187124944912,-74.00271270514926,40.71854540000001,-74.0029762,230.08,88.3,2018,2018
1001930045,393 BROADWAY,4wBg86fSty_zz-mX-8MRqQ,2022-07,2022,40.71869368866788,-74.00268912326865,40.71854540000001,-74.0029762,235.72,88.3,2022,2022
1001930045,393 BROADWAY,KsvTEhap9SB7NM22CKPg9w,2026-04,2026,40.71868799408117,-74.00266491373041,40.71854540000001,-74.0029762,238.85,88.3,2026,2026
1001937501,395 BROADWAY,pA9CTNhCHSSKHXgS75w3ow,2009-04,2009,40.71871877363382,-74.00269208221201,40.718647,-74.0029798,251.78,84.65,2007,2009
1001937501,395 BROADWAY,8ZyEPp67JlEdp4nRPuyxxQ,2011-06,2011,40.71870261397273,-74.00268876460885,40.718647,-74.0029798,255.85,84.65,2011,2011
1001937501,395 BROADWAY,UyGb-Bfd2ZPm6IXx_ix49A,2014-09,2014,40.71870298946163,-74.00268768862944,40.718647,-74.0029798,255.81,84.65,2014,2014
1001937501,395 BROADWAY,ppS_cRN2W3AV0lwX8ymH4w,2018-07,2018,40.7187124944912,-74.00271270514926,40.718647,-74.0029798,252.07,84.65,2018,2018
1001937501,395 BROADWAY,4wBg86fSty_zz-mX-8MRqQ,2022-07,2022,40.71869368866788,-74.00268912326865,40.718647,-74.0029798,258.03,84.65,2022,2022
1001937501,395 BROADWAY,KsvTEhap9SB7NM22CKPg9w,2026-04,2026,40.71868799408117,-74.00266491373041,40.718647,-74.0029798,260.25,84.65,2026,2026
1001940031,58 LISPENARD STREET,HKiOBWlKV9MZWgYzh44Izw,2009-04,2009,40.71941629756645,-74.00259703734203,40.719366099999995,-74.0029437,259.18,74.68,2007,2009
1001940031,58 LISPENARD STREET,0VwgcCnuCQ7OF5sprTBIHA,2011-06,2011,40.71941032205316,-74.00258627754245,40.719366099999995,-74.0029437,260.73,74.68,2011,2011
1001940031,58 LISPENARD STREET,T0wEtcZIWbHeNTN6mDyJmQ,2014-08,2014,40.71940615327063,-74.00258134596744,40.719366099999995,-74.0029437,261.7,74.68,2014,2014
1001940031,58 LISPENARD STREET,tAHdfx0Ls102kitaswSmkg,2018-07,2018,40.71940451130318,-74.00259264375728,40.719366099999995,-74.0029437,261.79,74.68,2018,2018
1001940031,58 LISPENARD STREET,Ziem6bofSonYM2yf1380Ew,2022-07,2022,40.7194055380909,-74.00260627283619,40.719366099999995,-74.0029437,261.23,74.68,2022,2022
1001940031,58 LISPENARD STREET,lRQLUcyZg-p8VxIDulBc1A,2026-04,2026,40.7194133240012,-74.00258457390747,40.719366099999995,-74.0029437,260.16,74.68,2026,2026
1001940032,60 LISPENARD STREET,HKiOBWlKV9MZWgYzh44Izw,2009-04,2009,40.71941629756645,-74.00259703734203,40.71931119999998,-74.0028319,239.44,39.97,2007,2009
1001940032,60 LISPENARD STREET,0VwgcCnuCQ7OF5sprTBIHA,2011-06,2011,40.71941032205316,-74.00258627754245,40.71931119999998,-74.0028319,241.97,39.97,2011,2011
1001940032,60 LISPENARD STREET,T0wEtcZIWbHeNTN6mDyJmQ,2014-08,2014,40.71940615327063,-74.00258134596744,40.71931119999998,-74.0028319,243.43,39.97,2014,2014
1001940032,60 LISPENARD STREET,tAHdfx0Ls102kitaswSmkg,2018-07,2018,40.71940451130318,-74.00259264375728,40.71931119999998,-74.0028319,242.77,39.97,2018,2018
1001940032,60 LISPENARD STREET,Ziem6bofSonYM2yf1380Ew,2022-07,2022,40.7194055380909,-74.00260627283619,40.71931119999998,-74.0028319,241.12,39.97,2022,2022
1001940032,60 LISPENARD STREET,lRQLUcyZg-p8VxIDulBc1A,2026-04,2026,40.7194133240012,-74.00258457390747,40.71931119999998,-74.0028319,241.42,39.97,2026,2026
1001940036,413 BROADWAY,XcTpVzQzbRm-FXPWXqVFYw,2009-04,2009,40.71934359409001,-74.00245715990039,40.719204100000006,-74.0025397,204.15,6.83,2007,2009
1001940036,413 BROADWAY,2KObUo-8FsySiy9xmrSj2g,2011-06,2011,40.71935939096343,-74.0024861217124,40.719204100000006,-74.0025397,194.65,6.83,2011,2011
1001940036,413 BROADWAY,MtxiKVw94WNwiS6XsZ4gxA,2014-09,2014,40.71932433951689,-74.00245222832206,40.719204100000006,-74.0025397,208.87,6.83,2014,2014
1001940036,413 BROADWAY,0Ql_GM9X8CpSuzbunYv6JA,2018-07,2018,40.71935668112241,-74.00249786783304,40.719204100000006,-74.0025397,191.74,6.83,2018,2018
1001940036,413 BROADWAY,dt69Vf45t3Bs0Q1RIPKE6g,2022-07,2022,40.71933268897856,-74.00246164315331,40.719204100000006,-74.0025397,204.71,6.83,2022,2022
1001940036,413 BROADWAY,EbU77EWsP4c7BVAsiO5GIQ,2026-04,2026,40.7193402423064,-74.00245213865699,40.719204100000006,-74.0025397,205.99,6.83,2026,2026
1001940038,407 BROADWAY,6in3y4U_R_xTCh_ZyahhQg,2009-04,2009,40.71890804561216,-74.00228141630319,40.71905319999998,-74.0025505,305.44,52.92,2007,2009
1001940038,407 BROADWAY,UhnNV9AoI0DKBCCvTxk1WQ,2011-07,2011,40.71891397994781,-74.00228177496375,40.71905319999998,-74.0025505,304.35,52.92,2011,2011
1001940038,407 BROADWAY,odyJGN1iu2TzwM4ceUfHIw,2014-09,2014,40.71893987904078,-74.00232346925006,40.71905319999998,-74.0025505,303.37,52.92,2014,2014
1001940038,407 BROADWAY,IEOfraRtBY_53yIw3c78Vw,2018-07,2018,40.71894292778238,-74.00225451675877,40.71905319999998,-74.0025505,296.18,52.92,2018,2018
1001940038,407 BROADWAY,O3SZGomyHGQ72CkWreAvcA,2022-07,2022,40.71894473532696,-74.00229334176667,40.71905319999998,-74.0025505,299.1,52.92,2022,2022
1001940038,407 BROADWAY,1exVL_huxWcARwSh7sbxtw,2026-04,2026,40.71894363535609,-74.0022893068355,40.71905319999998,-74.0025505,298.96,52.92,2026,2026
1001940042,60 WALKER STREET,4Ot6bNg3p01whhVkFagjnQ,2009-04,2009,40.71878772405311,-74.00238775913179,40.71894340000001,-74.0027994,296.52,89.7,2007,2009
1001940042,60 WALKER STREET,3XPX_UHTZhtUXTfaRfD2nw,2011-07,2011,40.71877967660931,-74.00239484267392,40.71894340000001,-74.0027994,298.1,89.7,2011,2011
1001940042,60 WALKER STREET,sVz1fNkz3xQTOACGTRe6Jg,2014-10,2014,40.7188027698398,-74.00242685310789,40.71894340000001,-74.0027994,296.48,89.7,2014,2014
1001940042,60 WALKER STREET,Ximsazftu16_YKIOE6O45A,2018-07,2018,40.71879521806729,-74.00238049625919,40.71894340000001,-74.0027994,295.02,89.7,2018,2018
1001940042,60 WALKER STREET,MeiKnC1MnlCXZrUcnqRnvA,2022-07,2022,40.71878806985534,-74.0024162726289,40.71894340000001,-74.0027994,298.14,89.7,2022,2022
1001940042,60 WALKER STREET,KdzJ6hP0J8f1KwzvkYyscg,2026-04,2026,40.718777178049,-74.00239690497095,40.71894340000001,-74.0027994,298.59,89.7,2026,2026
1001947505,405 BROADWAY,AHIT-ZWVs4xcySajd63k4g,2009-04,2009,40.7188689001696,-74.00231548905403,40.71896260000001,-74.0026262,291.7,52.93,2007,2009
1001947505,405 BROADWAY,Boc8aHgS1WIeuu65OcXoAw,2011-07,2011,40.71884362123007,-74.00234149193874,40.71896260000001,-74.0026262,298.87,52.93,2011,2011
1001947505,405 BROADWAY,MI0zVoFbwwHelATrHbDIIw,2014-10,2014,40.71890772107564,-74.00233978830157,40.71896260000001,-74.0026262,284.19,52.93,2014,2014
1001947505,405 BROADWAY,6GjqP_fwBBAYsUIS-sxF8w,2018-07,2018,40.7188687526402,-74.00231764101703,40.71896260000001,-74.0026262,291.87,52.93,2018,2018
1001947505,405 BROADWAY,ylP956y7NwgQzf9I5-G3bQ,2022-07,2022,40.71886851107356,-74.00234839615237,40.71896260000001,-74.0026262,294.08,52.93,2022,2022
1001947505,405 BROADWAY,BVf3OJVwdV_lvPiJfnI2jQ,2026-04,2026,40.71886432038648,-74.0023374570086,40.71896260000001,-74.0026262,294.18,52.93,2026,2026
1001950001,380 BROADWAY,ZcseAxjXjLKdifjz7jxpCw,2009-04,2009,40.71781862329644,-74.00262528181304,40.7179278,-74.0025829,16.4,21.34,2007,2009
1001950001,380 BROADWAY,nsSqHf2p5keXx04tlVCULQ,2011-07,2011,40.71782674082193,-74.00263093070674,40.7179278,-74.0025829,19.81,21.34,2011,2011
1001950001,380 BROADWAY,kCE_wGOHcxNyY7wvv8LAow,2014-10,2014,40.71782279824524,-74.00262599913289,40.7179278,-74.0025829,17.28,21.34,2014,2014
1001950001,380 BROADWAY,cDFsl8i0c9nqEBQ0NMFEGw,2018-07,2018,40.71782892997576,-74.00263200668648,40.7179278,-74.0025829,20.63,21.34,2018,2018
1001950001,380 BROADWAY,9ofakiMU9bJvxMgT-DzoTA,2022-07,2022,40.7178370314745,-74.00263541395559,40.7179278,-74.0025829,23.68,21.34,2022,2022
1001950001,380 BROADWAY,0SpL_mhTRXSaaG_olMYJhg,2026-04,2026,40.71784923110332,-74.00265496091936,40.7179278,-74.0025829,34.81,21.34,2026,2026
1001950002,384 BROADWAY,ZcseAxjXjLKdifjz7jxpCw,2009-04,2009,40.71781862329644,-74.00262528181304,40.718012899999984,-74.0025036,25.39,59.32,2007,2009
1001950002,384 BROADWAY,nsSqHf2p5keXx04tlVCULQ,2011-07,2011,40.71782674082193,-74.00263093070674,40.718012899999984,-74.0025036,27.4,59.32,2011,2011
1001950002,384 BROADWAY,kCE_wGOHcxNyY7wvv8LAow,2014-10,2014,40.71782279824524,-74.00262599913289,40.718012899999984,-74.0025036,26.01,59.32,2014,2014
1001950002,384 BROADWAY,cDFsl8i0c9nqEBQ0NMFEGw,2018-07,2018,40.71782892997576,-74.00263200668648,40.718012899999984,-74.0025036,27.88,59.32,2018,2018
1001950002,384 BROADWAY,9ofakiMU9bJvxMgT-DzoTA,2022-07,2022,40.7178370314745,-74.00263541395559,40.718012899999984,-74.0025036,29.6,59.32,2022,2022
1001950002,384 BROADWAY,0SpL_mhTRXSaaG_olMYJhg,2026-04,2026,40.71784923110332,-74.00265496091936,40.718012899999984,-74.0025036,35.03,59.32,2026,2026
1001950003,388 BROADWAY,ZcseAxjXjLKdifjz7jxpCw,2009-04,2009,40.71781862329644,-74.00262528181304,40.71809800000002,-74.0024386,26.86,95.13,2007,2009
1001950003,388 BROADWAY,nsSqHf2p5keXx04tlVCULQ,2011-07,2011,40.71782674082193,-74.00263093070674,40.71809800000002,-74.0024386,28.25,95.13,2011,2011
1001950003,388 BROADWAY,kCE_wGOHcxNyY7wvv8LAow,2014-10,2014,40.71782279824524,-74.00262599913289,40.71809800000002,-74.0024386,27.3,95.13,2014,2014
1001950003,388 BROADWAY,cDFsl8i0c9nqEBQ0NMFEGw,2018-07,2018,40.71782892997576,-74.00263200668648,40.71809800000002,-74.0024386,28.58,95.13,2018,2018
1001950003,388 BROADWAY,9ofakiMU9bJvxMgT-DzoTA,2022-07,2022,40.7178370314745,-74.00263541395559,40.71809800000002,-74.0024386,29.75,95.13,2022,2022
1001950003,388 BROADWAY,0SpL_mhTRXSaaG_olMYJhg,2026-04,2026,40.71784923110332,-74.00265496091936,40.71809800000002,-74.0024386,33.39,95.13,2026,2026
1001950004,390 BROADWAY,xRnoqgMVCNHMCU0ZaC6EnA,2011-09,2011,40.71822323779043,-74.00274238424203,40.718163900000015,-74.0023845,102.34,99.94,2007,2011
1001950004,390 BROADWAY,xRnoqgMVCNHMCU0ZaC6EnA,2011-09,2011,40.71822323779043,-74.00274238424203,40.718163900000015,-74.0023845,102.34,99.94,2011,2011
1001950004,390 BROADWAY,xRnoqgMVCNHMCU0ZaC6EnA,2011-09,2011,40.71822323779043,-74.00274238424203,40.718163900000015,-74.0023845,102.34,99.94,2014,2011
1001950004,390 BROADWAY,xRnoqgMVCNHMCU0ZaC6EnA,2011-09,2011,40.71822323779043,-74.00274238424203,40.718163900000015,-74.0023845,102.34,99.94,2018,2011
1001950004,390 BROADWAY,xRnoqgMVCNHMCU0ZaC6EnA,2011-09,2011,40.71822323779043,-74.00274238424203,40.718163900000015,-74.0023845,102.34,99.94,2022,2011
1001950004,390 BROADWAY,xRnoqgMVCNHMCU0ZaC6EnA,2011-09,2011,40.71822323779043,-74.00274238424203,40.718163900000015,-74.0023845,102.34,99.94,2026,2011
1001950005,392 BROADWAY,OEodV8AMX3lDU29SeztJNg,2009-04,2009,40.71846825299499,-74.00216781053486,40.718227,-74.0023304,207.06,79.59,2007,2009
1001950005,392 BROADWAY,nuCCkWcH3Re8EpSwNi5zCA,2011-06,2011,40.71845112189665,-74.00213795202261,40.718227,-74.0023304,213.06,79.59,2011,2011
1001950005,392 BROADWAY,DLH-yjd2_lUiNmUI92fJog,2014-09,2014,40.71845935353495,-74.0021523881207,40.718227,-74.0023304,210.14,79.59,2014,2014
1001950005,392 BROADWAY,LlgZMQE9cujAl3aZ_v-c-g,2018-07,2018,40.71845805294909,-74.0021080935057,40.718227,-74.0023304,216.1,79.59,2018,2018
1001950005,392 BROADWAY,DsDieq6qUb4yS5bEdxXmrQ,2022-07,2022,40.71846657288751,-74.00217883935352,40.718227,-74.0023304,205.62,79.59,2022,2022
1001950005,392 BROADWAY,tq8sr7t7gL1TzYJjU7N6Zg,2026-04,2026,40.71845139236671,-74.00213400675337,40.718227,-74.0023304,213.56,79.59,2026,2026
1001950006,394 BROADWAY,OEodV8AMX3lDU29SeztJNg,2009-04,2009,40.71846825299499,-74.00216781053486,40.7182929,-74.0022763,205.12,51.3,2007,2009
1001950006,394 BROADWAY,nuCCkWcH3Re8EpSwNi5zCA,2011-06,2011,40.71845112189665,-74.00213795202261,40.7182929,-74.0022763,213.53,51.3,2011,2011
1001950006,394 BROADWAY,DLH-yjd2_lUiNmUI92fJog,2014-09,2014,40.71845935353495,-74.0021523881207,40.7182929,-74.0022763,209.43,51.3,2014,2014
1001950006,394 BROADWAY,LlgZMQE9cujAl3aZ_v-c-g,2018-07,2018,40.71845805294909,-74.0021080935057,40.7182929,-74.0022763,217.67,51.3,2018,2018
1001950006,394 BROADWAY,DsDieq6qUb4yS5bEdxXmrQ,2022-07,2022,40.71846657288751,-74.00217883935352,40.7182929,-74.0022763,203.04,51.3,2022,2022
1001950006,394 BROADWAY,tq8sr7t7gL1TzYJjU7N6Zg,2026-04,2026,40.71845139236671,-74.00213400675337,40.7182929,-74.0022763,214.23,51.3,2026,2026
1001950007,396 BROADWAY,OEodV8AMX3lDU29SeztJNg,2009-04,2009,40.71846825299499,-74.00216781053486,40.7183588,-74.002215,198.1,22.0,2007,2009
1001950007,396 BROADWAY,nuCCkWcH3Re8EpSwNi5zCA,2011-06,2011,40.71845112189665,-74.00213795202261,40.7183588,-74.002215,212.31,22.0,2011,2011
1001950007,396 BROADWAY,DLH-yjd2_lUiNmUI92fJog,2014-09,2014,40.71845935353495,-74.0021523881207,40.7183588,-74.002215,205.26,22.0,2014,2014
1001950007,396 BROADWAY,LlgZMQE9cujAl3aZ_v-c-g,2018-07,2018,40.71845805294909,-74.0021080935057,40.7183588,-74.002215,219.23,22.0,2018,2018
1001950007,396 BROADWAY,DsDieq6qUb4yS5bEdxXmrQ,2022-07,2022,40.71846657288751,-74.00217883935352,40.7183588,-74.002215,194.27,22.0,2022,2022
1001950007,396 BROADWAY,tq8sr7t7gL1TzYJjU7N6Zg,2026-04,2026,40.71845139236671,-74.00213400675337,40.7183588,-74.002215,213.54,22.0,2026,2026
1001950009,79 WALKER STREET,39KZVSj5Vj651Adske32Fw,2014-09,2014,40.71813129568692,-74.00197404395045,40.71809800000002,-74.0018867,116.7,28.37,2007,2014
1001950009,79 WALKER STREET,39KZVSj5Vj651Adske32Fw,2014-09,2014,40.71813129568692,-74.00197404395045,40.71809800000002,-74.0018867,116.7,28.37,2011,2014
1001950009,79 WALKER STREET,39KZVSj5Vj651Adske32Fw,2014-09,2014,40.71813129568692,-74.00197404395045,40.71809800000002,-74.0018867,116.7,28.37,2014,2014
1001950009,79 WALKER STREET,TGcEhCmrKxyQ4Y9aOGsANA,2019-10,2019,40.71813815151735,-74.00196866403324,40.71809800000002,-74.0018867,122.88,28.37,2018,2019
1001950009,79 WALKER STREET,Gyvks9ToMKXJJp4PGBQ1ww,2022-09,2022,40.71813656978506,-74.00194579938336,40.71809800000002,-74.0018867,130.73,28.37,2022,2022
1001950009,79 WALKER STREET,5ndI47k-NKZg1-WabRJFqQ,2026-04,2026,40.71812271328702,-74.00198480378445,40.71809800000002,-74.0018867,108.39,28.37,2026,2026
1001950013,85 WALKER STREET,UbMSsDY520A3VRgz-NIepw,2009-04,2009,40.71816830610586,-74.00150347995267,40.717969,-74.0016017,200.48,57.08,2007,2009
1001950013,85 WALKER STREET,xRNGDmZ1SsV26Wegp2wAhQ,2011-06,2011,40.71817375128769,-74.00151262583408,40.717969,-74.0016017,198.25,57.08,2011,2011
1001950013,85 WALKER STREET,E8W7NbqUUL319x0E7wVKrw,2014-09,2014,40.71816280506376,-74.00149074745039,40.717969,-74.0016017,203.46,57.08,2014,2014
1001950013,85 WALKER STREET,pnA_sc_8upJ7BreEmQZQ5Q,2018-07,2018,40.71817115939302,-74.0015193507466,40.717969,-74.0016017,197.16,57.08,2018,2018
1001950013,85 WALKER STREET,9XZobN6dxAw0q42Hh0neWg,2022-07,2022,40.71816895084915,-74.0015138811511,40.717969,-74.0016017,198.41,57.08,2022,2022
1001950013,85 WALKER STREET,PaN3B3veDPToaHIB2DJhQw,2026-04,2026,40.71816619489631,-74.00150401794572,40.717969,-74.0016017,200.58,57.08,2026,2026
1001950014,87 WALKER STREET,Dzjd_ihNBDDewRyp_T6h3A,2009-04,2009,40.71812504917853,-74.00141596639872,40.71794160000001,-74.0015187,203.0,53.67,2007,2009
1001950014,87 WALKER STREET,ES94Yh80kxGv9zdwUjuPvA,2011-06,2011,40.71812553236693,-74.00141139345577,40.71794160000001,-74.0015187,203.85,53.67,2011,2011
1001950014,87 WALKER STREET,kFVJ8gTCsb4omo7gi9pj_w,2014-09,2014,40.71812577136867,-74.00141148312132,40.71794160000001,-74.0015187,203.81,53.67,2014,2014
1001950014,87 WALKER STREET,WuBeFwEqufGyyAVtrtqYlQ,2018-07,2018,40.71811975401011,-74.0014062825194,40.71794160000001,-74.0015187,205.56,53.67,2018,2018
1001950014,87 WALKER STREET,QZtAVUVBS-03iNKCkXxazQ,2022-07,2022,40.71812439238373,-74.00141399375669,40.71794160000001,-74.0015187,203.47,53.67,2022,2022
1001950014,87 WALKER STREET,41cH9je8XL6TFjPzGFS8Ug,2026-04,2026,40.71811533523584,-74.0013942673351,40.71794160000001,-74.0015187,208.5,53.67,2026,2026
1001950015,89 WALKER STREET,l4RO4Mw84Adaq4V9MyIhMg,2009-04,2009,40.7180351958797,-74.00123600756116,40.717919599999995,-74.0014358,232.64,48.6,2007,2009
1001950015,89 WALKER STREET,9iuF6Ayba_3rISesNr-Rmg,2011-06,2011,40.71806987131518,-74.00130236011687,40.717919599999995,-74.0014358,213.94,48.6,2011,2011
1001950015,89 WALKER STREET,2REv6wQvUULq_Ljdqn7M4A,2014-09,2014,40.71806265004895,-74.00127483277561,40.717919599999995,-74.0014358,220.46,48.6,2014,2014
1001950015,89 WALKER STREET,mEXRVPoUKpO6jVCr8jgFIQ,2018-07,2018,40.71807335632896,-74.00130406376326,40.717919599999995,-74.0014358,213.0,48.6,2018,2018
1001950015,89 WALKER STREET,CEKU7Uf1zAkAdjxRf1ec6w,2022-07,2022,40.7180734394497,-74.00130092546726,40.717919599999995,-74.0014358,213.6,48.6,2022,2022
1001950015,89 WALKER STREET,udXuQ--sUriDNQD0EIj47g,2026-04,2026,40.71805895161175,-74.00126523855475,40.717919599999995,-74.0014358,222.85,48.6,2026,2026
1001950017,91 WALKER STREET,T10guTPS8q33tBZe6bTQsg,2009-04,2009,40.71769733539023,-74.00121520513355,40.717796100000015,-74.0014249,301.86,36.22,2007,2009
1001950017,91 WALKER STREET,oZQqtMFxK7rzh9KBJ2Rehw,2011-07,2011,40.71770270316802,-74.00119879632054,40.717796100000015,-74.0014249,298.59,36.22,2011,2011
1001950017,91 WALKER STREET,02tABjyCQrrnNmmMN62-7Q,2014-06,2014,40.71769654480671,-74.0012484710835,40.717796100000015,-74.0014249,306.67,36.22,2014,2014
1001950017,91 WALKER STREET,OEvMYfr4SeHKUVSabspOYQ,2018-07,2018,40.71768038873335,-74.00122336470672,40.717796100000015,-74.0014249,307.14,36.22,2018,2018
1001950017,91 WALKER STREET,CCCt1_weseG1AXCa_twUhA,2022-07,2022,40.71772064647192,-74.00119287838763,40.717796100000015,-74.0014249,293.22,36.22,2022,2022
1001950017,91 WALKER STREET,0wIvsCbawKk8WjDMt-P4Bw,2026-04,2026,40.71771108051428,-74.00122596501019,40.717796100000015,-74.0014249,299.42,36.22,2026,2026
1001950021,92 LAFAYETTE STREET,njkaaZvWZNhWGFLxpb8qKQ,2009-04,2009,40.71745128506873,-74.00143712746667,40.7175381,-74.0016161,302.62,25.55,2007,2009
1001950021,92 LAFAYETTE STREET,1dJkPieLH53qX0moCeyDFQ,2011-07,2011,40.71744870834817,-74.00144555602698,40.7175381,-74.0016161,304.67,25.55,2011,2011
1001950021,92 LAFAYETTE STREET,rRR4GDNSTk6aHGSepQl_YA,2014-08,2014,40.71746471959032,-74.00146644809507,40.7175381,-74.0016161,302.9,25.55,2014,2014
1001950021,92 LAFAYETTE STREET,RonYaS8sf1P5Nkeg1JdVpg,2018-07,2018,40.7174796856599,-74.00142143599702,40.7175381,-74.0016161,291.6,25.55,2018,2018
1001950021,92 LAFAYETTE STREET,Q2LTJfooQEgxfcVw08UPdQ,2022-07,2022,40.71746523666678,-74.0014269952607,40.7175381,-74.0016161,296.95,25.55,2022,2022
1001950021,92 LAFAYETTE STREET,Ez0RZGQAxstN9b9qn6dTJw,2026-04,2026,40.7174854125745,-74.00141767004412,40.7175381,-74.0016161,289.31,25.55,2026,2026
1001950024,90 WHITE STREET,h33hc_uWfQcAPg-HGq_jLQ,2009-04,2009,40.71744601803436,-74.0018512024696,40.717620399999994,-74.0017496,23.83,50.55,2007,2009
1001950024,90 WHITE STREET,uasnRnB9gQwKSAVlptm3aQ,2011-07,2011,40.71744096708302,-74.00183685601414,40.717620399999994,-74.0017496,20.23,50.55,2011,2011
1001950024,90 WHITE STREET,zWKF3pWojBJ259CvR-YZig,2014-10,2014,40.71744516975206,-74.00184734685979,40.717620399999994,-74.0017496,22.92,50.55,2014,2014
1001950024,90 WHITE STREET,XO7C6QeyrSSkFaJ05Ph0BA,2018-07,2018,40.71744249569087,-74.0018497678241,40.717620399999994,-74.0017496,23.11,50.55,2018,2018
1001950024,90 WHITE STREET,teucxvtDFJx_oYSXU7qN1Q,2022-07,2022,40.71744270971534,-74.00183371772687,40.717620399999994,-74.0017496,19.74,50.55,2022,2022
1001950024,90 WHITE STREET,uT1r5DCfD863yvU7U8TOww,2026-04,2026,40.71745620663067,-74.0018709288441,40.717620399999994,-74.0017496,29.25,50.55,2026,2026
1001950026,88 WHITE STREET,YLUq2KIQARRAoTi-5l3YEA,2009-04,2009,40.71748671882577,-74.00193611553084,40.717702800000005,-74.0018253,21.24,64.89,2007,2009
1001950026,88 WHITE STREET,814juJle5nYtYLr71dD0MQ,2011-07,2011,40.71748886903037,-74.00193638452674,40.717702800000005,-74.0018253,21.48,64.89,2011,2011
1001950026,88 WHITE STREET,R34MqJD9_-XiIQ4fq7di7w,2014-10,2014,40.71750231196418,-74.00196310478529,40.717702800000005,-74.0018253,27.52,64.89,2014,2014
1001950026,88 WHITE STREET,69AvJT49QTNiESjnzS-vdQ,2018-07,2018,40.7175204261659,-74.0020025575092,40.717702800000005,-74.0018253,36.38,64.89,2018,2018
1001950026,88 WHITE STREET,NbM4YO-46LUQJEhWH_IaoA,2022-07,2022,40.71749371016809,-74.00193701218387,40.717702800000005,-74.0018253,22.05,64.89,2022,2022
1001950026,88 WHITE STREET,wfZ7gvccijmmJlGIP0_iEg,2026-04,2026,40.71751294480153,-74.00197745123128,40.717702800000005,-74.0018253,31.28,64.89,2026,2026
1001950027,84 WHITE STREET,LGz10yidejQLPxnRvuE9kg,2009-04,2009,40.71755058237049,-74.00206523352432,40.7177577,-74.0019408,24.48,64.9,2007,2009
1001950027,84 WHITE STREET,r8MUZHuOzsnYlXqUfePYBQ,2011-07,2011,40.71757111721281,-74.00210100995295,40.7177577,-74.0019408,33.06,64.9,2011,2011
1001950027,84 WHITE STREET,0a12KWP6S3Y9rcIUfbKnQQ,2014-10,2014,40.71755704462058,-74.00207357239175,40.7177577,-74.0019408,26.63,64.9,2014,2014
1001950027,84 WHITE STREET,AELC4jUk_JatGMVcjTYcPQ,2018-07,2018,40.71756691267162,-74.00209742334387,40.7177577,-74.0019408,31.89,64.9,2018,2018
1001950027,84 WHITE STREET,6CZfdGdjqeYAxjmHHkhxeA,2022-07,2022,40.71754268240874,-74.00203770629274,40.7177577,-74.0019408,18.86,64.9,2022,2022
1001950027,84 WHITE STREET,OBjWgJBKW2ky1d5jkDyfMg,2026-04,2026,40.71756064571403,-74.00207715900127,40.7177577,-74.0019408,27.68,64.9,2026,2026
1001950030,80 WHITE STREET,Je28PD0GIiOdl7EWbKbkWA,2014-09,2014,40.71790329778651,-74.00216314794467,40.71782899999999,-74.0020923,144.14,33.01,2007,2014
1001950030,80 WHITE STREET,Je28PD0GIiOdl7EWbKbkWA,2014-09,2014,40.71790329778651,-74.00216314794467,40.71782899999999,-74.0020923,144.14,33.01,2011,2014
1001950030,80 WHITE STREET,Je28PD0GIiOdl7EWbKbkWA,2014-09,2014,40.71790329778651,-74.00216314794467,40.71782899999999,-74.0020923,144.14,33.01,2014,2014
1001950030,80 WHITE STREET,TuEcYpDCFzCx_UstnEkD9g,2018-07,2018,40.71789501894143,-74.00216700354811,40.71782899999999,-74.0020923,139.38,33.01,2018,2018
1001950030,80 WHITE STREET,-3bav0LuRVwMpJuHv-vKYA,2022-09,2022,40.71784791321852,-74.0021837709389,40.71782899999999,-74.0020923,105.26,33.01,2022,2022
1001950030,80 WHITE STREET,FjO4yeoYBsnl5zLxdoIJgA,2026-04,2026,40.71788452860878,-74.00217973600542,40.71782899999999,-74.0020923,129.96,33.01,2026,2026
1001957501,81 WALKER STREET,q8zcCgQ2FyMn_PAedrHPxQ,2009-04,2009,40.71823479248384,-74.00164577905798,40.71804590000001,-74.0017676,206.05,57.01,2007,2009
1001957501,81 WALKER STREET,8EIhIbGMBFpYrMQFVmEZkA,2011-06,2011,40.71822393861029,-74.00162668031842,40.71804590000001,-74.0017676,210.96,57.01,2011,2011
1001957501,81 WALKER STREET,_p1xrYn6CGhPYLbhWALIpQ,2014-09,2014,40.71821198926817,-74.00159027614292,40.71804590000001,-74.0017676,218.98,57.01,2014,2014
1001957501,81 WALKER STREET,yjMEpCrC4jV0UUOqNxLhrg,2018-07,2018,40.71822893017902,-74.00164326842567,40.71804590000001,-74.0017676,207.24,57.01,2018,2018
1001957501,81 WALKER STREET,_M5t6kDMSVUZrhmLsmICwA,2022-07,2022,40.71820759038739,-74.00159915302379,40.71804590000001,-74.0017676,218.29,57.01,2022,2022
1001957501,81 WALKER STREET,1rjuUZc2idIy1z_6Jnumjg,2026-04,2026,40.71822608526323,-74.00163277756883,40.71804590000001,-74.0017676,209.56,57.01,2026,2026
1001957502,83 WALKER STREET,UbMSsDY520A3VRgz-NIepw,2009-04,2009,40.71816830610586,-74.00150347995267,40.718002,-74.0016738,217.82,57.18,2007,2009
1001957502,83 WALKER STREET,xRNGDmZ1SsV26Wegp2wAhQ,2011-06,2011,40.71817375128769,-74.00151262583408,40.718002,-74.0016738,215.42,57.18,2011,2011
1001957502,83 WALKER STREET,E8W7NbqUUL319x0E7wVKrw,2014-09,2014,40.71816280506376,-74.00149074745039,40.718002,-74.0016738,220.79,57.18,2014,2014
1001957502,83 WALKER STREET,pnA_sc_8upJ7BreEmQZQ5Q,2018-07,2018,40.71817115939302,-74.0015193507466,40.718002,-74.0016738,214.68,57.18,2018,2018
1001957502,83 WALKER STREET,9XZobN6dxAw0q42Hh0neWg,2022-07,2022,40.71816895084915,-74.0015138811511,40.718002,-74.0016738,215.98,57.18,2022,2022
1001957502,83 WALKER STREET,PaN3B3veDPToaHIB2DJhQw,2026-04,2026,40.71816619489631,-74.00150401794572,40.718002,-74.0016738,218.09,57.18,2026,2026
1001960001,400 BROADWAY,wmUW-HDFxwD-f9ujvpneXQ,2009-04,2009,40.71848937120621,-74.00221515375195,40.718583800000005,-74.0021789,16.22,17.28,2007,2009
1001960001,400 BROADWAY,ygDyillHg9oMwdhGeLxBDg,2011-06,2011,40.71849170408864,-74.00222788620607,40.718583800000005,-74.0021789,21.96,17.28,2011,2011
1001960001,400 BROADWAY,hRs_bmSvBZopDkLg7IKE1A,2014-09,2014,40.71848758464363,-74.00221425710022,40.718583800000005,-74.0021789,15.56,17.28,2014,2014
1001960001,400 BROADWAY,Qssn_f1GqDEUVytUEIfrCQ,2018-07,2018,40.71849765101977,-74.00220385593984,40.718583800000005,-74.0021789,12.38,17.28,2018,2018
1001960001,400 BROADWAY,QoHbi-8Epu-dmHaffBfVsQ,2022-07,2022,40.71848987251044,-74.00223039683073,40.718583800000005,-74.0021789,22.56,17.28,2022,2022
1001960001,400 BROADWAY,wud-ET9v7VGJu-zkBFTXkg,2026-04,2026,40.71849758906169,-74.00223694238771,40.718583800000005,-74.0021789,27.03,17.28,2026,2026
1001960002,402 BROADWAY,wmUW-HDFxwD-f9ujvpneXQ,2009-04,2009,40.71848937120621,-74.00221515375195,40.7186552,-74.0021248,22.44,47.3,2007,2009
1001960002,402 BROADWAY,ygDyillHg9oMwdhGeLxBDg,2011-06,2011,40.71849170408864,-74.00222788620607,40.7186552,-74.0021248,25.54,47.3,2011,2011
1001960002,402 BROADWAY,hRs_bmSvBZopDkLg7IKE1A,2014-09,2014,40.71848758464363,-74.00221425710022,40.7186552,-74.0021248,22.02,47.3,2014,2014
1001960002,402 BROADWAY,Qssn_f1GqDEUVytUEIfrCQ,2018-07,2018,40.71849765101977,-74.00220385593984,40.7186552,-74.0021248,20.82,47.3,2018,2018
1001960002,402 BROADWAY,QoHbi-8Epu-dmHaffBfVsQ,2022-07,2022,40.71848987251044,-74.00223039683073,40.7186552,-74.0021248,25.83,47.3,2022,2022
1001960002,402 BROADWAY,wud-ET9v7VGJu-zkBFTXkg,2026-04,2026,40.71849758906169,-74.00223694238771,40.7186552,-74.0021248,28.34,47.3,2026,2026
1001960005,408 BROADWAY,txdY3j4PdZLac1ybSGhAQg,2014-09,2014,40.71867442711702,-74.00153531120469,40.718787000000006,-74.0018146,298.0,88.95,2007,2014
1001960005,408 BROADWAY,txdY3j4PdZLac1ybSGhAQg,2014-09,2014,40.71867442711702,-74.00153531120469,40.718787000000006,-74.0018146,298.0,88.95,2011,2014
1001960005,408 BROADWAY,txdY3j4PdZLac1ybSGhAQg,2014-09,2014,40.71867442711702,-74.00153531120469,40.718787000000006,-74.0018146,298.0,88.95,2014,2014
1001960005,408 BROADWAY,VG1xpFdLGe_nUbEEkTZOIQ,2018-07,2018,40.71866822650978,-74.00154158778899,40.718787000000006,-74.0018146,299.86,88.95,2018,2018
1001960005,408 BROADWAY,fhZwUG6WYOoVoL3Xim6akQ,2022-09,2022,40.71870280276859,-74.00146357879831,40.718787000000006,-74.0018146,287.56,88.95,2022,2022
1001960005,408 BROADWAY,jwNI09M3rcELD4ise7dK9w,2026-04,2026,40.71869613508836,-74.00151710910913,40.718787000000006,-74.0018146,291.95,88.95,2026,2026
1001960007,412 BROADWAY,KpYMehqyU1wAAAQYIqfXRg,2014-09,2014,40.7190269724421,-74.00175445353977,40.718904999999985,-74.0017496,178.27,65.94,2007,2014
1001960007,412 BROADWAY,KpYMehqyU1wAAAQYIqfXRg,2014-09,2014,40.7190269724421,-74.00175445353977,40.718904999999985,-74.0017496,178.27,65.94,2011,2014
1001960007,412 BROADWAY,KpYMehqyU1wAAAQYIqfXRg,2014-09,2014,40.7190269724421,-74.00175445353977,40.718904999999985,-74.0017496,178.27,65.94,2014,2014
1001960007,412 BROADWAY,KpYMehqyU1wAAAQYIqfXRg,2014-09,2014,40.7190269724421,-74.00175445353977,40.718904999999985,-74.0017496,178.27,65.94,2018,2014
1001960007,412 BROADWAY,KpYMehqyU1wAAAQYIqfXRg,2014-09,2014,40.7190269724421,-74.00175445353977,40.718904999999985,-74.0017496,178.27,65.94,2022,2014
1001960007,412 BROADWAY,KpYMehqyU1wAAAQYIqfXRg,2014-09,2014,40.7190269724421,-74.00175445353977,40.718904999999985,-74.0017496,178.27,65.94,2026,2014
1001960008,414 BROADWAY,KpYMehqyU1wAAAQYIqfXRg,2014-09,2014,40.7190269724421,-74.00175445353977,40.71903400000001,-74.0018434,275.95,42.33,2007,2014
1001960008,414 BROADWAY,KpYMehqyU1wAAAQYIqfXRg,2014-09,2014,40.7190269724421,-74.00175445353977,40.71903400000001,-74.0018434,275.95,42.33,2011,2014
1001960008,414 BROADWAY,KpYMehqyU1wAAAQYIqfXRg,2014-09,2014,40.7190269724421,-74.00175445353977,40.71903400000001,-74.0018434,275.95,42.33,2014,2014
1001960008,414 BROADWAY,KpYMehqyU1wAAAQYIqfXRg,2014-09,2014,40.7190269724421,-74.00175445353977,40.71903400000001,-74.0018434,275.95,42.33,2018,2014
1001960008,414 BROADWAY,KpYMehqyU1wAAAQYIqfXRg,2014-09,2014,40.7190269724421,-74.00175445353977,40.71903400000001,-74.0018434,275.95,42.33,2022,2014
1001960008,414 BROADWAY,KpYMehqyU1wAAAQYIqfXRg,2014-09,2014,40.7190269724421,-74.00175445353977,40.71903400000001,-74.0018434,275.95,42.33,2026,2014
1001960009,416 BROADWAY,KpYMehqyU1wAAAQYIqfXRg,2014-09,2014,40.7190269724421,-74.00175445353977,40.719064200000005,-74.0017532,1.46,17.25,2007,2014
1001960009,416 BROADWAY,KpYMehqyU1wAAAQYIqfXRg,2014-09,2014,40.7190269724421,-74.00175445353977,40.719064200000005,-74.0017532,1.46,17.25,2011,2014
1001960009,416 BROADWAY,KpYMehqyU1wAAAQYIqfXRg,2014-09,2014,40.7190269724421,-74.00175445353977,40.719064200000005,-74.0017532,1.46,17.25,2014,2014
1001960009,416 BROADWAY,KpYMehqyU1wAAAQYIqfXRg,2014-09,2014,40.7190269724421,-74.00175445353977,40.719064200000005,-74.0017532,1.46,17.25,2018,2014
1001960009,416 BROADWAY,KpYMehqyU1wAAAQYIqfXRg,2014-09,2014,40.7190269724421,-74.00175445353977,40.719064200000005,-74.0017532,1.46,17.25,2022,2014
1001960009,416 BROADWAY,KpYMehqyU1wAAAQYIqfXRg,2014-09,2014,40.7190269724421,-74.00175445353977,40.719064200000005,-74.0017532,1.46,17.25,2026,2014
1001960011,274 CANAL STREET,YXJlBrhSEM39AgUDOInegw,2014-09,2014,40.71883258068362,-74.00140000593068,40.71889680000001,-74.0015332,302.46,27.1,2007,2014
1001960011,274 CANAL STREET,YXJlBrhSEM39AgUDOInegw,2014-09,2014,40.71883258068362,-74.00140000593068,40.71889680000001,-74.0015332,302.46,27.1,2011,2014
1001960011,274 CANAL STREET,YXJlBrhSEM39AgUDOInegw,2014-09,2014,40.71883258068362,-74.00140000593068,40.71889680000001,-74.0015332,302.46,27.1,2014,2014
1001960011,274 CANAL STREET,lYFpCjD1eeM8Xw3Cq60t0A,2018-07,2018,40.71882352399273,-74.00140475820501,40.71889680000001,-74.0015332,306.97,27.1,2018,2018
1001960011,274 CANAL STREET,wxlZg_g3xuBbLOLpGFuO5A,2022-09,2022,40.71883886720644,-74.00132782514565,40.71889680000001,-74.0015332,290.41,27.1,2022,2022
1001960011,274 CANAL STREET,vIqpXnxCJ4WwFMPh79WhiQ,2026-04,2026,40.71884598783387,-74.00138763208375,40.71889680000001,-74.0015332,294.73,27.1,2026,2026
1001960013,268 CANAL STREET,txdY3j4PdZLac1ybSGhAQg,2014-09,2014,40.71867442711702,-74.00153531120469,40.7186744,-74.00137810000001,90.01,35.3,2007,2014
1001960013,268 CANAL STREET,txdY3j4PdZLac1ybSGhAQg,2014-09,2014,40.71867442711702,-74.00153531120469,40.7186744,-74.00137810000001,90.01,35.3,2011,2014
1001960013,268 CANAL STREET,txdY3j4PdZLac1ybSGhAQg,2014-09,2014,40.71867442711702,-74.00153531120469,40.7186744,-74.00137810000001,90.01,35.3,2014,2014
1001960013,268 CANAL STREET,VG1xpFdLGe_nUbEEkTZOIQ,2018-07,2018,40.71866822650978,-74.00154158778899,40.7186744,-74.00137810000001,87.15,35.3,2018,2018
1001960013,268 CANAL STREET,fhZwUG6WYOoVoL3Xim6akQ,2022-09,2022,40.71870280276859,-74.00146357879831,40.7186744,-74.00137810000001,113.67,35.3,2022,2022
1001960013,268 CANAL STREET,jwNI09M3rcELD4ise7dK9w,2026-04,2026,40.71869613508836,-74.00151710910913,40.7186744,-74.00137810000001,101.66,35.3,2026,2026
1001960015,264 CANAL STREET,q8fWq-Hf307IeEVoz1B7Og,2009-09,2009,40.71874977456248,-74.00099041323936,40.718581100000016,-74.0012554,229.97,56.76,2007,2009
1001960015,264 CANAL STREET,z9AkYsec5KHKPEKm--gDTg,2011-06,2011,40.71874230885535,-74.00098350897677,40.718581100000016,-74.0012554,231.96,56.76,2011,2011
1001960015,264 CANAL STREET,aSiA8TuVHsyAmM_n49wo4g,2014-09,2014,40.71870876247338,-74.00102834184632,40.718581100000016,-74.0012554,233.43,56.76,2014,2014
1001960015,264 CANAL STREET,mQEWdKPKZaMMWYhviAWVLw,2018-10,2018,40.71876567189855,-74.00096261685597,40.718581100000016,-74.0012554,230.25,56.76,2018,2018
1001960015,264 CANAL STREET,S3R1igyJAezKqEVe_9KnYQ,2022-07,2022,40.7187346142244,-74.00098297098228,40.718581100000016,-74.0012554,233.37,56.76,2022,2022
1001960015,264 CANAL STREET,VlrKVke7NfFFirP8f6VyYg,2025-10,2025,40.71872127871164,-74.00102511388006,40.718581100000016,-74.0012554,231.23,56.76,2026,2025
1001960017,262 CANAL STREET,LPT_5R-Y4kycHvy-Ns3RIQ,2011-06,2011,40.71862456673187,-74.00088084166597,40.71851519999999,-74.0011508,241.87,53.92,2007,2011
1001960017,262 CANAL STREET,LPT_5R-Y4kycHvy-Ns3RIQ,2011-06,2011,40.71862456673187,-74.00088084166597,40.71851519999999,-74.0011508,241.87,53.92,2011,2011
1001960017,262 CANAL STREET,n6bFrExWgGzqVH--fyEUOw,2014-09,2014,40.71860146555004,-74.00090038880886,40.71851519999999,-74.0011508,245.56,53.92,2014,2014
1001960017,262 CANAL STREET,k6mEAS549li73OSuOoO__Q,2019-06,2019,40.71863483418615,-74.00083834007316,40.71851519999999,-74.0011508,243.2,53.92,2018,2019
1001960017,262 CANAL STREET,nORIh8q4hm743VAe9W_Z7Q,2022-07,2022,40.71865742444685,-74.00086999210414,40.71851519999999,-74.0011508,236.25,53.92,2022,2022
1001960017,262 CANAL STREET,KIvEBvW_Vu1GCQdEMs-6vg,2025-10,2025,40.71862872448176,-74.00089473986411,40.71851519999999,-74.0011508,239.67,53.92,2026,2025
1001960021,254 CANAL STREET,12MqV6EBk00Q_VZLCPZ9cg,2011-07,2011,40.71852494055365,-74.00074634292223,40.7183945,-74.0009704,232.47,50.77,2007,2011
1001960021,254 CANAL STREET,12MqV6EBk00Q_VZLCPZ9cg,2011-07,2011,40.71852494055365,-74.00074634292223,40.7183945,-74.0009704,232.47,50.77,2011,2011
1001960021,254 CANAL STREET,d11tf-kYUxPeSkCesNVTRg,2014-09,2014,40.71851697087406,-74.00077898129273,40.7183945,-74.0009704,229.83,50.77,2014,2014
1001960021,254 CANAL STREET,fzojbUaUQPL9fmS3c7V75g,2018-10,2018,40.71858440323698,-74.00070554495129,40.7183945,-74.0009704,226.59,50.77,2018,2018
1001960021,254 CANAL STREET,6z4Ci6Da0IOIjyaiYXDikA,2022-07,2022,40.7185813599442,-74.00076122745452,40.7183945,-74.0009704,220.31,50.77,2022,2022
1001960021,254 CANAL STREET,53E7vOFhTeiWSc3pj2G7BQ,2025-10,2025,40.7185315374929,-74.00076042046183,40.7183945,-74.0009704,229.27,50.77,2026,2025
1001960022,92 WALKER STREET,fihSPLAnctuvpzASBdWuGg,2009-04,2009,40.71806080681763,-74.00088245565031,40.718163900000015,-74.0010606,307.36,30.6,2007,2009
1001960022,92 WALKER STREET,PJW2V8-lxzrOQdNZ2ayR7w,2011-06,2011,40.71806691641198,-74.0008984161615,40.718163900000015,-74.0010606,308.27,30.6,2011,2011
1001960022,92 WALKER STREET,uxgxPwYm7oQ1fVp_aNqu1w,2014-10,2014,40.71810070541813,-74.00086380516365,40.718163900000015,-74.0010606,292.96,30.6,2014,2014
1001960022,92 WALKER STREET,W5jGUCuX0OgoP3DZjzodLA,2018-07,2018,40.71809685500232,-74.00086963344093,40.718163900000015,-74.0010606,294.85,30.6,2018,2018
1001960022,92 WALKER STREET,gTfxTnI9WxpykcG7eF_htQ,2022-07,2022,40.71806498018531,-74.00087411673103,40.718163900000015,-74.0010606,304.99,30.6,2022,2022
1001960022,92 WALKER STREET,jmICJ27Ujkf1NxksJ65gZg,2026-04,2026,40.71808625257425,-74.00085869421265,40.718163900000015,-74.0010606,296.9,30.6,2026,2026
1001960024,88 WALKER STREET,Dzjd_ihNBDDewRyp_T6h3A,2009-04,2009,40.71812504917853,-74.00141596639872,40.7182408,-74.0012157,52.67,43.73,2007,2009
1001960024,88 WALKER STREET,ES94Yh80kxGv9zdwUjuPvA,2011-06,2011,40.71812553236693,-74.00141139345577,40.7182408,-74.0012157,52.15,43.73,2011,2011
1001960024,88 WALKER STREET,kFVJ8gTCsb4omo7gi9pj_w,2014-09,2014,40.71812577136867,-74.00141148312132,40.7182408,-74.0012157,52.22,43.73,2014,2014
1001960024,88 WALKER STREET,WuBeFwEqufGyyAVtrtqYlQ,2018-07,2018,40.71811975401011,-74.0014062825194,40.7182408,-74.0012157,50.04,43.73,2018,2018
1001960024,88 WALKER STREET,QZtAVUVBS-03iNKCkXxazQ,2022-07,2022,40.71812439238373,-74.00141399375669,40.7182408,-74.0012157,52.24,43.73,2022,2022
1001960024,88 WALKER STREET,41cH9je8XL6TFjPzGFS8Ug,2026-04,2026,40.71811533523584,-74.0013942673351,40.7182408,-74.0012157,47.17,43.73,2026,2026
1001960026,86 WALKER STREET,Dzjd_ihNBDDewRyp_T6h3A,2009-04,2009,40.71812504917853,-74.00141596639872,40.71829569999999,-74.0013275,21.45,45.5,2007,2009
1001960026,86 WALKER STREET,ES94Yh80kxGv9zdwUjuPvA,2011-06,2011,40.71812553236693,-74.00141139345577,40.71829569999999,-74.0013275,20.49,45.5,2011,2011
1001960026,86 WALKER STREET,kFVJ8gTCsb4omo7gi9pj_w,2014-09,2014,40.71812577136867,-74.00141148312132,40.71829569999999,-74.0013275,20.54,45.5,2014,2014
1001960026,86 WALKER STREET,WuBeFwEqufGyyAVtrtqYlQ,2018-07,2018,40.71811975401011,-74.0014062825194,40.71829569999999,-74.0013275,18.75,45.5,2018,2018
1001960026,86 WALKER STREET,QZtAVUVBS-03iNKCkXxazQ,2022-07,2022,40.71812439238373,-74.00141399375669,40.71829569999999,-74.0013275,20.94,45.5,2022,2022
1001960026,86 WALKER STREET,41cH9je8XL6TFjPzGFS8Ug,2026-04,2026,40.71811533523584,-74.0013942673351,40.71829569999999,-74.0013275,15.67,45.5,2026,2026
1001960027,84 WALKER STREET,UJ70qNl8WWX_RPW_ClpqJw,2009-04,2009,40.71819061883912,-74.00155073366857,40.71833409999999,-74.0013997,38.58,47.57,2007,2009
1001960027,84 WALKER STREET,blV5ZEn8J0tHD9RyJsSrRA,2011-06,2011,40.71819930817018,-74.0015683977681,40.71833409999999,-74.0013997,43.49,47.57,2011,2011
1001960027,84 WALKER STREET,1o5OaWCjoBeNgMn5IfHd_w,2014-09,2014,40.7181945321927,-74.00153683551805,40.71833409999999,-74.0013997,36.68,47.57,2014,2014
1001960027,84 WALKER STREET,zj1vIbjdisove8MsAKpkBg,2018-07,2018,40.71820132318137,-74.0015868688552,40.71833409999999,-74.0013997,46.89,47.57,2018,2018
1001960027,84 WALKER STREET,LiFSE4P0SdHLP12bd5YtaA,2022-09,2022,40.7181505967095,-74.00162757697291,40.71833409999999,-74.0013997,43.27,47.57,2022,2022
1001960027,84 WALKER STREET,0bi-Nyl3q86SSaIZqAetUA,2026-04,2026,40.718203984482,-74.0015843582221,40.71833409999999,-74.0013997,47.09,47.57,2026,2026
1001960028,82 WALKER STREET,UJ70qNl8WWX_RPW_ClpqJw,2009-04,2009,40.71819061883912,-74.00155073366857,40.7183725,-74.0014754,17.43,49.15,2007,2009
1001960028,82 WALKER STREET,blV5ZEn8J0tHD9RyJsSrRA,2011-06,2011,40.71819930817018,-74.0015683977681,40.7183725,-74.0014754,22.15,49.15,2011,2011
1001960028,82 WALKER STREET,1o5OaWCjoBeNgMn5IfHd_w,2014-09,2014,40.7181945321927,-74.00153683551805,40.7183725,-74.0014754,14.66,49.15,2014,2014
1001960028,82 WALKER STREET,zj1vIbjdisove8MsAKpkBg,2018-07,2018,40.71820132318137,-74.0015868688552,40.7183725,-74.0014754,26.27,49.15,2018,2018
1001960028,82 WALKER STREET,D1biJhjaf1oH5Q70no1f0g,2022-07,2022,40.71819361277471,-74.00156812877167,40.7183725,-74.0014754,21.45,49.15,2022,2022
1001960028,82 WALKER STREET,ADLKL1VDH5xTR_A7c2vG9g,2026-04,2026,40.71819800544836,-74.00157144639425,40.7183725,-74.0014754,22.65,49.15,2026,2026
1001960029,78 WALKER STREET,cnVc2tD5JoSnt40PNZfnNw,2014-09,2014,40.71844002549749,-74.00172710559431,40.71842740000002,-74.0015873,96.79,34.16,2007,2014
1001960029,78 WALKER STREET,cnVc2tD5JoSnt40PNZfnNw,2014-09,2014,40.71844002549749,-74.00172710559431,40.71842740000002,-74.0015873,96.79,34.16,2011,2014
1001960029,78 WALKER STREET,cnVc2tD5JoSnt40PNZfnNw,2014-09,2014,40.71844002549749,-74.00172710559431,40.71842740000002,-74.0015873,96.79,34.16,2014,2014
1001960029,78 WALKER STREET,xEPvKyTUbSE_bPWZBnVWOQ,2018-07,2018,40.71847436287394,-74.00169742634415,40.71842740000002,-74.0015873,119.36,34.16,2018,2018
1001960029,78 WALKER STREET,W8f4HBs7axE73ebfKiemlg,2022-09,2022,40.71847755641677,-74.00165716656846,40.71842740000002,-74.0015873,133.45,34.16,2022,2022
1001960029,78 WALKER STREET,trnvEy1k1ioy8iFGzOqDUg,2026-04,2026,40.71846724333986,-74.00171105548678,40.71842740000002,-74.0015873,113.01,34.16,2026,2026
1001960031,72 WALKER STREET,WR2kmgBmnzjdZmoTtcLRtg,2009-04,2009,40.71838179830007,-74.00198148616903,40.71851800000001,-74.0018506,36.07,42.57,2007,2009
1001960031,72 WALKER STREET,wTdaE19bDvnseUGE2w_kQw,2012-08,2012,40.71838161430898,-74.00198444512333,40.71851800000001,-74.0018506,36.64,42.57,2011,2012
1001960031,72 WALKER STREET,00IttsSljX3rMYacslQVGw,2014-09,2014,40.71834850904779,-74.00191692715492,40.71851800000001,-74.0018506,16.52,42.57,2014,2014
1001960031,72 WALKER STREET,oPuHaT33BeO2VYPU7qOjeg,2018-07,2018,40.71838120402538,-74.00195494524364,40.71851800000001,-74.0018506,30.03,42.57,2018,2018
1001960031,72 WALKER STREET,EFRcRAp8tvic8UeE9NY6Ww,2022-07,2022,40.71836306976715,-74.00194301975908,40.71851800000001,-74.0018506,24.33,42.57,2022,2022
1001960031,72 WALKER STREET,gYVQ1A_41Uk0uiHCiQ1_gw,2026-04,2026,40.71835841643504,-74.00192562469005,40.71851800000001,-74.0018506,19.61,42.57,2026,2026
1001970001,87 LAFAYETTE STREET,RZDR2Yv6FBzB15aSC7sbsw,2012-08,2012,40.71712796055613,-74.00120175528691,40.717310299999994,-74.0011508,11.96,43.35,2007,2012
1001970001,87 LAFAYETTE STREET,RZDR2Yv6FBzB15aSC7sbsw,2012-08,2012,40.71712796055613,-74.00120175528691,40.717310299999994,-74.0011508,11.96,43.35,2011,2012
1001970001,87 LAFAYETTE STREET,ovFNxk3E2O1Ne512N7qPVQ,2014-10,2014,40.71714928081791,-74.00126541788599,40.717310299999994,-74.0011508,28.35,43.35,2014,2014
1001970001,87 LAFAYETTE STREET,InXW2h1WfxX2RRleYcdEeg,2017-12,2017,40.71715602900852,-74.001263534908,40.717310299999994,-74.0011508,28.98,43.35,2018,2017
1001970001,87 LAFAYETTE STREET,3rBjSWvX3D8b7_uvvgpcow,2022-07,2022,40.71713816284885,-74.0012221093878,40.717310299999994,-74.0011508,17.43,43.35,2022,2022
1001970001,87 LAFAYETTE STREET,VG1GP1_jp-GOWf_LFLWPfQ,2026-04,2026,40.71713909577878,-74.00123188294206,40.717310299999994,-74.0011508,19.75,43.35,2026,2026
1001970007,101 LAFAYETTE STREET,XM86A9fMjiK5xszocd-uKQ,2012-08,2012,40.71783514658203,-74.00076293110573,40.717711,-74.0008874,217.23,36.04,2007,2012
1001970007,101 LAFAYETTE STREET,XM86A9fMjiK5xszocd-uKQ,2012-08,2012,40.71783514658203,-74.00076293110573,40.717711,-74.0008874,217.23,36.04,2011,2012
1001970007,101 LAFAYETTE STREET,tVInn-QeptxXERJDcTm83Q,2014-09,2014,40.71781949050387,-74.00073603134798,40.717711,-74.0008874,226.6,36.04,2014,2014
1001970007,101 LAFAYETTE STREET,bsi48a8DNsmxV1C9diZRwQ,2018-07,2018,40.71781717338516,-74.00073352070372,40.717711,-74.0008874,227.69,36.04,2018,2018
1001970007,101 LAFAYETTE STREET,AuJ0FKkzuhmT75pdOoGwNA,2022-07,2022,40.71782373559758,-74.00074948122733,40.717711,-74.0008874,222.84,36.04,2022,2022
1001970007,101 LAFAYETTE STREET,QCTdjRcX5wUoKo7cBMAkcA,2026-04,2026,40.71783500411534,-74.00076831105682,40.717711,-74.0008874,216.05,36.04,2026,2026
1001970017,133 CENTRE STREET,1exj0XqjZHV4IeKUpMabHg,2011-06,2011,40.71710838991648,-74.00067102358447,40.71719230000001,-74.000891,296.71,34.38,2007,2011
1001970017,133 CENTRE STREET,1exj0XqjZHV4IeKUpMabHg,2011-06,2011,40.71710838991648,-74.00067102358447,40.71719230000001,-74.000891,296.71,34.38,2011,2011
1001970017,133 CENTRE STREET,wx-BH0In8tEH4uaefdunrw,2014-10,2014,40.71709093079591,-74.00070536561952,40.71719230000001,-74.000891,305.77,34.38,2014,2014
1001970017,133 CENTRE STREET,stR0q0Fg2_uXaNArdqz2pg,2019-06,2019,40.71707647939346,-74.00070133065489,40.71719230000001,-74.000891,308.86,34.38,2018,2019
1001970017,133 CENTRE STREET,1vlJ2t7CLHC5xgLcVUk5WA,2022-07,2022,40.71705596583011,-74.00072796141991,40.71719230000001,-74.000891,317.81,34.38,2022,2022
1001970017,133 CENTRE STREET,o2QPPcK5MVEjxFOBaGNdbw,2026-04,2026,40.71708297991026,-74.00070993857933,40.71719230000001,-74.000891,308.54,34.38,2026,2026
1001970021,246 CANAL STREET,MOSMj7GX5acPL9sO8X-NkQ,2009-09,2009,40.71826794013734,-74.00032912721815,40.71810079999999,-74.0005159,220.26,42.3,2007,2009
1001970021,246 CANAL STREET,YxKiRSZqrVdbq2vurpq7bA,2011-07,2011,40.71824008939485,-74.0003502884062,40.71810079999999,-74.0005159,222.02,42.3,2011,2011
1001970021,246 CANAL STREET,mMQj2Ucg_XLz4GRfvGfz6Q,2014-09,2014,40.71831173728649,-74.00027945221669,40.71810079999999,-74.0005159,220.35,42.3,2014,2014
1001970021,246 CANAL STREET,GWl8E9s5cSjulmTkwolGPw,2018-10,2018,40.71827116037117,-74.00027416191793,40.71810079999999,-74.0005159,227.08,42.3,2018,2018
1001970021,246 CANAL STREET,k6JdkIXsxnDr96E6Dav8Hw,2022-07,2022,40.71826366437869,-74.00032823055759,40.71810079999999,-74.0005159,221.13,42.3,2022,2022
1001970021,246 CANAL STREET,xN243PY1p9FhyhBK73XADg,2026-04,2026,40.71823942338755,-74.00033441751538,40.71810079999999,-74.0005159,224.78,42.3,2026,2026
1001970024,244 CANAL STREET,DOmb_WKiDoNiKQ7Gr0rL5w,2009-09,2009,40.71821005309772,-74.00025228339274,40.71802120000001,-74.000386,208.22,38.56,2007,2009
1001970024,244 CANAL STREET,XgdsL_HIspk_S_FAIDCEBw,2011-07,2011,40.71818180061674,-74.0002738032536,40.71802120000001,-74.000386,207.9,38.56,2011,2011
1001970024,244 CANAL STREET,dJahjEtfRcXFSNUcsxU41Q,2014-09,2014,40.71824481151211,-74.0001867374683,40.71802120000001,-74.000386,214.04,38.56,2014,2014
1001970024,244 CANAL STREET,coqdbk3FrspdpQttZIp2ug,2018-10,2018,40.71824024299279,-74.00023166019047,40.71802120000001,-74.000386,208.1,38.56,2018,2018
1001970024,244 CANAL STREET,NghpMZGgfG7iAqqIzB9BsQ,2022-07,2022,40.71820290425754,-74.00024708275933,40.71802120000001,-74.000386,210.09,38.56,2022,2022
1001970024,244 CANAL STREET,busepLca6aIrUFCYMwNg5Q,2026-04,2026,40.71817661568679,-74.00024627576448,40.71802120000001,-74.000386,214.27,38.56,2026,2026
1001970025,242 CANAL STREET,d2KVjeEX8qoyLV2lXH9bBQ,2009-09,2009,40.71813401387507,-74.00014423572142,40.71797999999999,-74.0003211,221.04,36.97,2007,2009
1001970025,242 CANAL STREET,4etn5nTBXz9upQm7uCr_Xw,2011-07,2011,40.71812188283675,-74.00019274509842,40.71797999999999,-74.0003211,214.44,36.97,2011,2011
1001970025,242 CANAL STREET,FYtTM_tn0Wh8O78u5TxLbA,2014-09,2014,40.71812782571648,-74.00019050344541,40.71797999999999,-74.0003211,213.81,36.97,2014,2014
1001970025,242 CANAL STREET,m6NVm0Id_6hTu1ds7h2njw,2018-10,2018,40.71817418600389,-74.00011581155213,40.71797999999999,-74.0003211,218.7,36.97,2018,2018
1001970025,242 CANAL STREET,a8yjOOEqtL301DgN6izh6Q,2022-07,2022,40.71815664765756,-74.00017938484609,40.71797999999999,-74.0003211,211.3,36.97,2022,2022
1001970025,242 CANAL STREET,R5xQGAmDePpv40DTeK4K0g,2026-04,2026,40.71811989733187,-74.00016118262162,40.71797999999999,-74.0003211,220.91,36.97,2026,2026
1001970026,240 CANAL STREET,DI3gGDsUuhq6fQuaaKoGnw,2012-08,2012,40.71778803208018,-74.00013051680112,40.71786199999998,-74.0003211,297.12,26.43,2007,2012
1001970026,240 CANAL STREET,DI3gGDsUuhq6fQuaaKoGnw,2012-08,2012,40.71778803208018,-74.00013051680112,40.71786199999998,-74.0003211,297.12,26.43,2011,2012
1001970026,240 CANAL STREET,rRLHpohoqS0KDgfY9JG4wQ,2014-10,2014,40.7177691099464,-74.00014549104743,40.71786199999998,-74.0003211,304.91,26.43,2014,2014
1001970026,240 CANAL STREET,nSJ2aEmufb_BzK1UgRsq7w,2018-07,2018,40.71778340027806,-74.00013508977467,40.71786199999998,-74.0003211,299.14,26.43,2018,2018
1001970026,240 CANAL STREET,aeb1qFq3Hebknb1R6DHGFA,2022-07,2022,40.71779199940661,-74.00012710948744,40.71786199999998,-74.0003211,295.46,26.43,2022,2022
1001970026,240 CANAL STREET,9ICsr7425xwofPSMb3s92g,2026-04,2026,40.717791305717,-74.0001738255462,40.71786199999998,-74.0003211,302.35,26.43,2026,2026
1001977501,109 LAFAYETTE STREET,F4sENS4tagWonosXzIP4Zg,2012-08,2012,40.7177734049225,-74.0006248456425,40.71792510000001,-74.0005952,8.43,30.39,2007,2012
1001977501,109 LAFAYETTE STREET,F4sENS4tagWonosXzIP4Zg,2012-08,2012,40.7177734049225,-74.0006248456425,40.71792510000001,-74.0005952,8.43,30.39,2011,2012
1001977501,109 LAFAYETTE STREET,MbzAz_ot8XTVQtQcaem_7g,2014-09,2014,40.7177961969688,-74.00067281690238,40.71792510000001,-74.0005952,24.53,30.39,2014,2014
1001977501,109 LAFAYETTE STREET,rtAtZwJpARKOa-hnhBMZ9Q,2018-07,2018,40.71777344221769,-74.00062457664475,40.71792510000001,-74.0005952,8.35,30.39,2018,2018
1001977501,109 LAFAYETTE STREET,0x-SGA_LrJaNNIoOuiGHSA,2022-07,2022,40.7177775990734,-74.00064591713198,40.71792510000001,-74.0005952,14.61,30.39,2022,2022
1001977501,109 LAFAYETTE STREET,EHw1nz4buI0uqesCRI7QHg,2026-04,2026,40.71778860150769,-74.00066340198318,40.71792510000001,-74.0005952,20.74,30.39,2026,2026
1001977502,139 CENTRE STREET,oUVx9GMsv0bTchuyO67l5Q,2011-08,2011,40.71731882514459,-74.00050648659479,40.717510699999984,-74.0008117,309.67,75.11,2007,2011
1001977502,139 CENTRE STREET,oUVx9GMsv0bTchuyO67l5Q,2011-08,2011,40.71731882514459,-74.00050648659479,40.717510699999984,-74.0008117,309.67,75.11,2011,2011
1001977502,139 CENTRE STREET,3t2o_7mxe0LrtayxuXTZKw,2014-10,2014,40.7172877725115,-74.0005385870104,40.717510699999984,-74.0008117,317.12,75.11,2014,2014
1001977502,139 CENTRE STREET,VeX4iQ6BqwYAVC2DIT0PFA,2019-06,2019,40.71728634542865,-74.00052639243974,40.717510699999984,-74.0008117,316.05,75.11,2018,2019
1001977502,139 CENTRE STREET,Ru4PBJs44hiTBVZCivNFcQ,2022-07,2022,40.71734124613606,-74.00049384369217,40.717510699999984,-74.0008117,305.12,75.11,2022,2022
1001977502,139 CENTRE STREET,QMbDAswQW4AsqQ-2hA0f4g,2026-04,2026,40.71731662985987,-74.0005176051751,40.717510699999984,-74.0008117,311.04,75.11,2026,2026
1001980027,234 CANAL STREET,DI3gGDsUuhq6fQuaaKoGnw,2012-08,2012,40.71778803208018,-74.00013051680112,40.71768630000001,-73.9999531,127.11,36.77,2007,2012
1001980027,234 CANAL STREET,DI3gGDsUuhq6fQuaaKoGnw,2012-08,2012,40.71778803208018,-74.00013051680112,40.71768630000001,-73.9999531,127.11,36.77,2011,2012
1001980027,234 CANAL STREET,rRLHpohoqS0KDgfY9JG4wQ,2014-10,2014,40.7177691099464,-74.00014549104743,40.71768630000001,-73.9999531,119.59,36.77,2014,2014
1001980027,234 CANAL STREET,nSJ2aEmufb_BzK1UgRsq7w,2018-07,2018,40.71778340027806,-74.00013508977467,40.71768630000001,-73.9999531,125.14,36.77,2018,2018
1001980027,234 CANAL STREET,aeb1qFq3Hebknb1R6DHGFA,2022-07,2022,40.71779199940661,-74.00012710948744,40.71768630000001,-73.9999531,128.71,36.77,2022,2022
1001980027,234 CANAL STREET,9ICsr7425xwofPSMb3s92g,2026-04,2026,40.717791305717,-74.0001738255462,40.71768630000001,-73.9999531,122.12,36.77,2026,2026
1001980029,232 CANAL STREET,mj720ezfIDucKznUs2U7cQ,2011-06,2011,40.71747491855974,-73.99987299544811,40.71762319999999,-73.9998232,14.28,31.83,2007,2011
1001980029,232 CANAL STREET,mj720ezfIDucKznUs2U7cQ,2011-06,2011,40.71747491855974,-73.99987299544811,40.71762319999999,-73.9998232,14.28,31.83,2011,2011
1001980029,232 CANAL STREET,tQl7XW_qlu1OuSCmKFStCQ,2014-09,2014,40.71749093169358,-73.99990294397979,40.71762319999999,-73.9998232,24.56,31.83,2014,2014
1001980029,232 CANAL STREET,LHUdn8_YTNSRyGknhS75uw,2019-06,2019,40.71747424142544,-73.99986609114522,40.71762319999999,-73.9998232,12.31,31.83,2018,2019
1001980029,232 CANAL STREET,-vlajwQewN-9vPa82K3a6Q,2022-07,2022,40.71747412448182,-73.99986367015586,40.71762319999999,-73.9998232,11.63,31.83,2022,2022
1001980029,232 CANAL STREET,WmUVkCDv8dae5eBtaAjR8w,2026-04,2026,40.71748001899206,-73.99987864442302,40.71762319999999,-73.9998232,16.36,31.83,2026,2026
1001980030,224 CANAL STREET,8gP7fZuOAYcWgqP8eEJEJA,2011-08,2011,40.71743679696817,-73.99978234282814,40.7175326,-73.9996501,46.29,22.23,2007,2011
1001980030,224 CANAL STREET,8gP7fZuOAYcWgqP8eEJEJA,2011-08,2011,40.71743679696817,-73.99978234282814,40.7175326,-73.9996501,46.29,22.23,2011,2011
1001980030,224 CANAL STREET,cgylO5E-XjAryimEmlwVlQ,2014-09,2014,40.71744967690204,-73.99979444777988,40.7175326,-73.9996501,52.84,22.23,2014,2014
1001980030,224 CANAL STREET,8vaoJDcytCm-vb3wcWwK1w,2019-10,2019,40.71743963213962,-73.99975445660309,40.7175326,-73.9996501,40.39,22.23,2018,2019
1001980030,224 CANAL STREET,cUYWsXraDtO5F14xX9og1Q,2022-07,2022,40.71743723866933,-73.9997593882509,40.7175326,-73.9996501,40.98,22.23,2022,2022
1001980030,224 CANAL STREET,LOZjqudYGfAPlHo9xPdDmA,2026-04,2026,40.71742922696792,-73.99974916628983,40.7175326,-73.9996501,35.99,22.23,2026,2026
1001980126,125 WALKER STREET,mj720ezfIDucKznUs2U7cQ,2011-06,2011,40.71747491855974,-73.99987299544811,40.7173213,-73.9999315,196.1,35.65,2007,2011
1001980126,125 WALKER STREET,mj720ezfIDucKznUs2U7cQ,2011-06,2011,40.71747491855974,-73.99987299544811,40.7173213,-73.9999315,196.1,35.65,2011,2011
1001980126,125 WALKER STREET,tQl7XW_qlu1OuSCmKFStCQ,2014-09,2014,40.71749093169358,-73.99990294397979,40.7173213,-73.9999315,187.27,35.65,2014,2014
1001980126,125 WALKER STREET,LHUdn8_YTNSRyGknhS75uw,2019-06,2019,40.71747424142544,-73.99986609114522,40.7173213,-73.9999315,197.96,35.65,2018,2019
1001980126,125 WALKER STREET,-vlajwQewN-9vPa82K3a6Q,2022-07,2022,40.71747412448182,-73.99986367015586,40.7173213,-73.9999315,198.59,35.65,2022,2022
1001980126,125 WALKER STREET,WmUVkCDv8dae5eBtaAjR8w,2026-04,2026,40.71748001899206,-73.99987864442302,40.7173213,-73.9999315,194.17,35.65,2026,2026
1001990001,79 BAXTER STREET,6OoRvrya7pMgzK5qoZvlIg,2010-05,2010,40.7165045676917,-73.99984744055959,40.71646220000001,-73.9996898,109.52,53.13,2007,2010
1001990001,79 BAXTER STREET,6OoRvrya7pMgzK5qoZvlIg,2010-05,2010,40.7165045676917,-73.99984744055959,40.71646220000001,-73.9996898,109.52,53.13,2011,2010
1001990001,79 BAXTER STREET,6OoRvrya7pMgzK5qoZvlIg,2010-05,2010,40.7165045676917,-73.99984744055959,40.71646220000001,-73.9996898,109.52,53.13,2014,2010
1001990001,79 BAXTER STREET,6OoRvrya7pMgzK5qoZvlIg,2010-05,2010,40.7165045676917,-73.99984744055959,40.71646220000001,-73.9996898,109.52,53.13,2018,2010
1001990001,79 BAXTER STREET,6OoRvrya7pMgzK5qoZvlIg,2010-05,2010,40.7165045676917,-73.99984744055959,40.71646220000001,-73.9996898,109.52,53.13,2022,2010
1001990001,79 BAXTER STREET,6OoRvrya7pMgzK5qoZvlIg,2010-05,2010,40.7165045676917,-73.99984744055959,40.71646220000001,-73.9996898,109.52,53.13,2026,2010
1001990002,81 BAXTER STREET,1O-ky1bb4zuEbCa4tlX-0A,2011-06,2011,40.71662230712279,-73.99988940437474,40.71652530000001,-73.9996537,118.5,52.53,2007,2011
1001990002,81 BAXTER STREET,1O-ky1bb4zuEbCa4tlX-0A,2011-06,2011,40.71662230712279,-73.99988940437474,40.71652530000001,-73.9996537,118.5,52.53,2011,2011
1001990002,81 BAXTER STREET,-ICwmEnGyIpKeqM5Dshpdw,2014-09,2014,40.71661812268512,-73.99989872966574,40.71652530000001,-73.9996537,116.56,52.53,2014,2014
1001990002,81 BAXTER STREET,DZwBTtxSC55wSErP5FdBBg,2019-10,2019,40.71660806888048,-73.9999172009139,40.71652530000001,-73.9996537,112.51,52.53,2018,2019
1001990002,81 BAXTER STREET,_zo_P8y-8Z9TTjTB1XxKUg,2022-07,2022,40.71659260021964,-73.99992195322503,40.71652530000001,-73.9996537,108.31,52.53,2022,2022
1001990002,81 BAXTER STREET,EU5j70BxyiCQURYDIliYcA,2026-04,2026,40.71661588270658,-73.99988931470848,40.71652530000001,-73.9996537,116.9,52.53,2026,2026
1001990003,83 BAXTER STREET,Z7CTG-2h4Bj9SmDEE17PRg,2011-08,2011,40.7167138436358,-73.99983327328658,40.7166186,-73.9995924,117.55,53.63,2007,2011
1001990003,83 BAXTER STREET,Z7CTG-2h4Bj9SmDEE17PRg,2011-08,2011,40.7167138436358,-73.99983327328658,40.7166186,-73.9995924,117.55,53.63,2011,2011
1001990003,83 BAXTER STREET,lHASW0UUXtOn4HZnm5LY_Q,2014-09,2014,40.71669389139002,-73.99984896488637,40.7166186,-73.9995924,111.17,53.63,2014,2014
1001990003,83 BAXTER STREET,Fjhpd1XVP3c1U0R2f5vDsg,2019-06,2019,40.7167267984272,-73.99982887963841,40.7166186,-73.9995924,121.12,53.63,2018,2019
1001990003,83 BAXTER STREET,uoirfBy4uKp72jwbBNjD2A,2022-07,2022,40.71671000919023,-73.99984932355149,40.7166186,-73.9995924,115.15,53.63,2022,2022
1001990003,83 BAXTER STREET,jPvHkEDgtobh2GY3HvZz8g,2026-04,2026,40.71669714352381,-73.99983838426493,40.7166186,-73.9995924,112.84,53.63,2026,2026
1001990005,87 BAXTER STREET,f_2wbrgd_1_m7KcOM_v66g,2011-06,2011,40.7167924954787,-73.99978628814583,40.71671189999999,-73.9995383,113.21,52.92,2007,2011
1001990005,87 BAXTER STREET,f_2wbrgd_1_m7KcOM_v66g,2011-06,2011,40.7167924954787,-73.99978628814583,40.71671189999999,-73.9995383,113.21,52.92,2011,2011
1001990005,87 BAXTER STREET,k_f7CJK4gMIRJMFH6YrMTQ,2014-09,2014,40.71678018995007,-73.9997878124731,40.71671189999999,-73.9995383,109.85,52.92,2014,2014
1001990005,87 BAXTER STREET,6-UIlo4JkM6PXudJjBQUaA,2019-06,2019,40.7167504502446,-73.99980735972755,40.71671189999999,-73.9995383,100.7,52.92,2018,2019
1001990005,87 BAXTER STREET,HtG02V3y-H2SiEyLfs95cA,2022-07,2022,40.7167628362705,-73.99980906338725,40.71671189999999,-73.9995383,103.94,52.92,2022,2022
1001990005,87 BAXTER STREET,6YACiYRy8PqgD1uKz20CcA,2026-04,2026,40.71678453527559,-73.99979292345266,40.71671189999999,-73.9995383,110.62,52.92,2026,2026
1001990006,89 BAXTER STREET,4xUjFqPD6iTAjTutb9TDqg,2011-06,2011,40.71683633922036,-73.99975768459075,40.71677230000001,-73.9994986,108.06,53.63,2007,2011
1001990006,89 BAXTER STREET,4xUjFqPD6iTAjTutb9TDqg,2011-06,2011,40.71683633922036,-73.99975768459075,40.71677230000001,-73.9994986,108.06,53.63,2011,2011
1001990006,89 BAXTER STREET,kcTiN259nZTBTkdaOSI3MQ,2014-09,2014,40.71686169793203,-73.99973437134523,40.71677230000001,-73.9994986,116.58,53.63,2014,2014
1001990006,89 BAXTER STREET,nDfFqdsYrjyYVEUEmDZssg,2019-06,2019,40.71687124049041,-73.9997266600403,40.71677230000001,-73.9994986,119.79,53.63,2018,2019
1001990006,89 BAXTER STREET,caIBGGY2eFy1Y5Q_8IDZgQ,2022-07,2022,40.71687893016324,-73.99973993065787,40.71677230000001,-73.9994986,120.24,53.63,2022,2022
1001990006,89 BAXTER STREET,rqf3xVTmWQ_i4kLwriw2-Q,2026-04,2026,40.71686851044218,-73.99974145498551,40.71677230000001,-73.9994986,117.6,53.63,2026,2026
1001990007,91 BAXTER STREET,PtYiPs5znFcOleWYdaEhag,2011-06,2011,40.71713939953715,-73.99956705389206,40.71686840000001,-73.9994409,160.57,52.63,2007,2011
1001990007,91 BAXTER STREET,PtYiPs5znFcOleWYdaEhag,2011-06,2011,40.71713939953715,-73.99956705389206,40.71686840000001,-73.9994409,160.57,52.63,2011,2011
1001990007,91 BAXTER STREET,tn1775H3j9tACvSdU06Kmw,2014-09,2014,40.71708876729264,-73.99960363778497,40.71686840000001,-73.9994409,150.76,52.63,2014,2014
1001990007,91 BAXTER STREET,4MaWIWKEK_QJ-jgYukaXeA,2019-10,2019,40.71708861381179,-73.99961798440775,40.71686840000001,-73.9994409,148.64,52.63,2018,2019
1001990007,91 BAXTER STREET,sVlxh1MXCvOrFbtZ6eM_gA,2022-07,2022,40.7170967630333,-73.99959565747561,40.71686840000001,-73.9994409,152.81,52.63,2022,2022
1001990007,91 BAXTER STREET,ZCZIBZy2J0YF3b5QHzT8Mw,2026-04,2026,40.71711014068989,-73.9995804141871,40.71686840000001,-73.9994409,156.37,52.63,2026,2026
1001990009,95 BAXTER STREET,PtYiPs5znFcOleWYdaEhag,2011-06,2011,40.71713939953715,-73.99956705389206,40.71703309999998,-73.9994445,138.85,1.39,2007,2011
1001990009,95 BAXTER STREET,PtYiPs5znFcOleWYdaEhag,2011-06,2011,40.71713939953715,-73.99956705389206,40.71703309999998,-73.9994445,138.85,1.39,2011,2011
1001990009,95 BAXTER STREET,tn1775H3j9tACvSdU06Kmw,2014-09,2014,40.71708876729264,-73.99960363778497,40.71703309999998,-73.9994445,114.77,1.39,2014,2014
1001990009,95 BAXTER STREET,4MaWIWKEK_QJ-jgYukaXeA,2019-10,2019,40.71708861381179,-73.99961798440775,40.71703309999998,-73.9994445,112.89,1.39,2018,2019
1001990009,95 BAXTER STREET,sVlxh1MXCvOrFbtZ6eM_gA,2022-07,2022,40.7170967630333,-73.99959565747561,40.71703309999998,-73.9994445,119.06,1.39,2022,2022
1001990009,95 BAXTER STREET,ZCZIBZy2J0YF3b5QHzT8Mw,2026-04,2026,40.71711014068989,-73.9995804141871,40.71703309999998,-73.9994445,126.79,1.39,2026,2026
1001990011,218 CANAL STREET,qqLfrLChiphGulxxLKatDA,2011-06,2011,40.71718581430513,-73.99954275429266,40.717164800000006,-73.9993651,98.87,26.71,2007,2011
1001990011,218 CANAL STREET,qqLfrLChiphGulxxLKatDA,2011-06,2011,40.71718581430513,-73.99954275429266,40.717164800000006,-73.9993651,98.87,26.71,2011,2011
1001990011,218 CANAL STREET,Z5Y0c8Srm5CRUUDZyVNG3A,2014-09,2014,40.71717499365349,-73.99956911621955,40.717164800000006,-73.9993651,93.77,26.71,2014,2014
1001990011,218 CANAL STREET,FNQNr46AljJ6Dkwn-04Hmg,2019-06,2019,40.71721381451084,-73.99952849733069,40.717164800000006,-73.9993651,111.59,26.71,2018,2019
1001990011,218 CANAL STREET,ROTm3lxqZuAeyXDS2hQ5lQ,2022-07,2022,40.71717123654197,-73.99956230157211,40.717164800000006,-73.9993651,92.47,26.71,2022,2022
1001990011,218 CANAL STREET,3-P-DbrSI9IcFTo-PHGOoA,2026-04,2026,40.717190943646,-73.99953477398074,40.717164800000006,-73.9993651,101.49,26.71,2026,2026
1001990012,216 CANAL STREET,PtYiPs5znFcOleWYdaEhag,2011-06,2011,40.71713939953715,-73.99956705389206,40.71704679999997,-73.9992821,113.21,25.95,2007,2011
1001990012,216 CANAL STREET,PtYiPs5znFcOleWYdaEhag,2011-06,2011,40.71713939953715,-73.99956705389206,40.71704679999997,-73.9992821,113.21,25.95,2011,2011
1001990012,216 CANAL STREET,tn1775H3j9tACvSdU06Kmw,2014-09,2014,40.71708876729264,-73.99960363778497,40.71704679999997,-73.9992821,99.77,25.95,2014,2014
1001990012,216 CANAL STREET,4MaWIWKEK_QJ-jgYukaXeA,2019-10,2019,40.71708861381179,-73.99961798440775,40.71704679999997,-73.9992821,99.33,25.95,2018,2019
1001990012,216 CANAL STREET,sVlxh1MXCvOrFbtZ6eM_gA,2022-07,2022,40.7170967630333,-73.99959565747561,40.71704679999997,-73.9992821,101.87,25.95,2022,2022
1001990012,216 CANAL STREET,ZCZIBZy2J0YF3b5QHzT8Mw,2026-04,2026,40.71711014068989,-73.9995804141871,40.71704679999997,-73.9992821,105.65,25.95,2026,2026
1001990013,214 CANAL STREET,6Qv_UUxEFrovR3QBqvZKHg,2011-06,2011,40.71721511535956,-73.9990529956578,40.7170139,-73.9991919,207.62,42.87,2007,2011
1001990013,214 CANAL STREET,6Qv_UUxEFrovR3QBqvZKHg,2011-06,2011,40.71721511535956,-73.9990529956578,40.7170139,-73.9991919,207.62,42.87,2011,2011
1001990013,214 CANAL STREET,wxc3uktuVwQg2SO78KwxKA,2014-09,2014,40.71724234158021,-73.9990024236586,40.7170139,-73.9991919,212.16,42.87,2014,2014
1001990013,214 CANAL STREET,g5vZ6VfF0CJRvbIynZsOUA,2019-10,2019,40.71723656228278,-73.99904465665885,40.7170139,-73.9991919,206.62,42.87,2018,2019
1001990013,214 CANAL STREET,EkstBxSmjTpBamJLlZgmkQ,2021-05,2021,40.71722210159979,-73.99904268399239,40.7170139,-73.9991919,208.51,42.87,2022,2021
1001990013,214 CANAL STREET,UBOoTcOfB_ph4ep-E2wQwA,2026-04,2026,40.717225886693,-73.99903533132627,40.7170139,-73.9991919,209.24,42.87,2026,2026
1001990017,91 MULBERRY STREET,7TWRDfPksQhDcBVxhBG35g,2011-07,2011,40.71675108063815,-73.9988248835557,40.7168437,-73.999044,299.15,52.89,2007,2011
1001990017,91 MULBERRY STREET,7TWRDfPksQhDcBVxhBG35g,2011-07,2011,40.71675108063815,-73.9988248835557,40.7168437,-73.999044,299.15,52.89,2011,2011
1001990017,91 MULBERRY STREET,RFdV_lXQbexBSIIULgbbOQ,2014-09,2014,40.716729040274,-73.99883169822935,40.7168437,-73.999044,305.47,52.89,2014,2014
1001990017,91 MULBERRY STREET,3-dior4tst3ztfURl3Av3Q,2019-06,2019,40.71672559840093,-73.99883349156448,40.7168437,-73.999044,306.51,52.89,2018,2019
1001990017,91 MULBERRY STREET,Q-2VRcQyzRytLc7g8j547A,2022-07,2022,40.71675262908744,-73.99881824821533,40.7168437,-73.999044,298.02,52.89,2022,2022
1001990017,91 MULBERRY STREET,3W-Dw-aXPd0JeeClygcGIQ,2026-04,2026,40.7167584864595,-73.99881753088123,40.7168437,-73.999044,296.4,52.89,2026,2026
1001990018,89 MULBERRY STREET,E8069C7jYJaGacMe1jRiDA,2011-07,2011,40.71667868008485,-73.99886541292702,40.71677780000001,-73.9990801,301.35,51.63,2007,2011
1001990018,89 MULBERRY STREET,E8069C7jYJaGacMe1jRiDA,2011-07,2011,40.71667868008485,-73.99886541292702,40.71677780000001,-73.9990801,301.35,51.63,2011,2011
1001990018,89 MULBERRY STREET,o0EvYv52PbGcvok1ihCReg,2014-09,2014,40.71664965083736,-73.99888092527262,40.71677780000001,-73.9990801,310.33,51.63,2014,2014
1001990018,89 MULBERRY STREET,y9AMv2mL3IOrCddbc84QJg,2019-06,2019,40.71664503934487,-73.99888244960708,40.71677780000001,-73.9990801,311.55,51.63,2018,2019
1001990018,89 MULBERRY STREET,kLeV5qZq23aPkCXGI5fZLQ,2022-07,2022,40.71665857039872,-73.99887680060282,40.71677780000001,-73.9990801,307.73,51.63,2022,2022
1001990018,89 MULBERRY STREET,DBGDl7WIPpch4i-v0ZXzsw,2026-04,2026,40.71667103692579,-73.99886577159398,40.71677780000001,-73.9990801,303.31,51.63,2026,2026
1001990019,87 MULBERRY STREET,E8069C7jYJaGacMe1jRiDA,2011-07,2011,40.71667868008485,-73.99886541292702,40.7167147,-73.9991198,280.58,51.71,2007,2011
1001990019,87 MULBERRY STREET,E8069C7jYJaGacMe1jRiDA,2011-07,2011,40.71667868008485,-73.99886541292702,40.7167147,-73.9991198,280.58,51.71,2011,2011
1001990019,87 MULBERRY STREET,o0EvYv52PbGcvok1ihCReg,2014-09,2014,40.71664965083736,-73.99888092527262,40.7167147,-73.9991198,289.76,51.71,2014,2014
1001990019,87 MULBERRY STREET,y9AMv2mL3IOrCddbc84QJg,2019-06,2019,40.71664503934487,-73.99888244960708,40.7167147,-73.9991198,291.17,51.71,2018,2019
1001990019,87 MULBERRY STREET,kLeV5qZq23aPkCXGI5fZLQ,2022-07,2022,40.71665857039872,-73.99887680060282,40.7167147,-73.9991198,286.95,51.71,2022,2022
1001990019,87 MULBERRY STREET,DBGDl7WIPpch4i-v0ZXzsw,2026-04,2026,40.71667103692579,-73.99886577159398,40.7167147,-73.9991198,282.78,51.71,2026,2026
1001990020,85 MULBERRY STREET,gDAKrs-O51di0Gl4GB_VNA,2011-07,2011,40.71656143319751,-73.99893651863961,40.7166543,-73.9991595,298.79,52.21,2007,2011
1001990020,85 MULBERRY STREET,gDAKrs-O51di0Gl4GB_VNA,2011-07,2011,40.71656143319751,-73.99893651863961,40.7166543,-73.9991595,298.79,52.21,2011,2011
1001990020,85 MULBERRY STREET,5nPsBzcxh_-ZKhy8DACjGA,2014-09,2014,40.7165619205366,-73.99893463563873,40.7166543,-73.9991595,298.46,52.21,2014,2014
1001990020,85 MULBERRY STREET,a2OtUadLKJFQL8ZS-z4G3g,2019-06,2019,40.71656345290085,-73.99893373897164,40.7166543,-73.9991595,297.96,52.21,2018,2019
1001990020,85 MULBERRY STREET,QdfOM1BKQlSidDxVV4Kx6A,2022-07,2022,40.71654964127949,-73.99894485764327,40.7166543,-73.9991595,302.75,52.21,2022,2022
1001990020,85 MULBERRY STREET,QJqdm82A5A8FWAM-UAidNA,2026-04,2026,40.7165796868034,-73.99892001996463,40.7166543,-73.9991595,292.35,52.21,2026,2026
1001990021,83 MULBERRY STREET,S6UpsdbIcQkFPVGR6Sz9bQ,2011-07,2011,40.71647572834103,-73.99899121532364,40.716561,-73.9992172,296.47,52.07,2007,2011
1001990021,83 MULBERRY STREET,S6UpsdbIcQkFPVGR6Sz9bQ,2011-07,2011,40.71647572834103,-73.99899121532364,40.716561,-73.9992172,296.47,52.07,2011,2011
1001990021,83 MULBERRY STREET,KACgchaNWtnLDHsote2S2Q,2014-09,2014,40.71648119842094,-73.99898404198892,40.716561,-73.9992172,294.3,52.07,2014,2014
1001990021,83 MULBERRY STREET,yW6jiq7Kl0BbQAlck0yllQ,2019-06,2019,40.71648281045607,-73.99898583532263,40.716561,-73.9992172,294.03,52.07,2018,2019
1001990021,83 MULBERRY STREET,-IK7CI4wbod-85dkozcrOA,2022-07,2022,40.71647286278046,-73.99899175332374,40.716561,-73.9992172,297.28,52.07,2022,2022
1001990021,83 MULBERRY STREET,MYq0wW9rbaG88o5vm94aMA,2026-04,2026,40.71649035194264,-73.99897677898724,40.716561,-73.9992172,291.19,52.07,2026,2026
1001990023,79 MULBERRY STREET,4RENU8I0NanLQ7WBvaXIUA,2011-07,2011,40.71643385264517,-73.99901614265971,40.7164676,-73.9992749,279.76,51.92,2007,2011
1001990023,79 MULBERRY STREET,4RENU8I0NanLQ7WBvaXIUA,2011-07,2011,40.71643385264517,-73.99901614265971,40.7164676,-73.9992749,279.76,51.92,2011,2011
1001990023,79 MULBERRY STREET,-12edJUb24ks5cU_YU6S9Q,2014-09,2014,40.7164024238114,-73.99903282065972,40.7164676,-73.9992749,289.56,51.92,2014,2014
1001990023,79 MULBERRY STREET,iYU_wIPc_5hvjC2y8ahdYw,2019-06,2019,40.71639781822088,-73.99903811099276,40.7164676,-73.9992749,291.25,51.92,2018,2019
1001990023,79 MULBERRY STREET,CJGzDk4wdgiMrVTKUc9FvQ,2022-07,2022,40.71639039114259,-73.99903999399261,40.7164676,-73.9992749,293.44,51.92,2022,2022
1001990023,79 MULBERRY STREET,XhklenggMNSW-FiaZ2pfpg,2026-04,2026,40.71640626575653,-73.99902959265984,40.7164676,-73.9992749,288.26,51.92,2026,2026
1001990024,77 MULBERRY STREET,nqLuqN9Lbl9e43JGwYHLHw,2011-07,2011,40.71630509529191,-73.99909119364835,40.7164045,-73.99931100000002,300.82,51.09,2007,2011
1001990024,77 MULBERRY STREET,nqLuqN9Lbl9e43JGwYHLHw,2011-07,2011,40.71630509529191,-73.99909119364835,40.7164045,-73.99931100000002,300.82,51.09,2011,2011
1001990024,77 MULBERRY STREET,Qu7PVykHuIfb9JveD9ragw,2014-09,2014,40.71631623974687,-73.99908679998316,40.7164045,-73.99931100000002,297.45,51.09,2014,2014
1001990024,77 MULBERRY STREET,XRResrd-KCeFvcnnLmFEcg,2019-06,2019,40.7163585808694,-73.99906196232294,40.7164045,-73.99931100000002,283.67,51.09,2018,2019
1001990024,77 MULBERRY STREET,IfHh04WiLpfxhW9WAf8mYw,2022-07,2022,40.71630156185336,-73.99909074531517,40.7164045,-73.99931100000002,301.66,51.09,2022,2022
1001990024,77 MULBERRY STREET,FGhXur5pRaK9J5W4VLnXIA,2026-04,2026,40.71632559587184,-73.99908043365178,40.7164045,-73.99931100000002,294.3,51.09,2026,2026
1001990025,75 MULBERRY STREET,FOdLBw-sIBCwF5j2_K5yOQ,2011-07,2011,40.71621630733935,-73.99914436595584,40.716344099999986,-73.9993507,309.25,51.59,2007,2011
1001990025,75 MULBERRY STREET,FOdLBw-sIBCwF5j2_K5yOQ,2011-07,2011,40.71621630733935,-73.99914436595584,40.716344099999986,-73.9993507,309.25,51.59,2011,2011
1001990025,75 MULBERRY STREET,zkGovMgsfqYUpPRZ4vKWew,2014-09,2014,40.71622437773333,-73.99914382795617,40.716344099999986,-73.9993507,307.36,51.59,2014,2014
1001990025,75 MULBERRY STREET,kfBhQuPkA_Y44KbWFZz4PQ,2019-06,2019,40.71624111946105,-73.99913315762919,40.716344099999986,-73.9993507,301.99,51.59,2018,2019
1001990025,75 MULBERRY STREET,OVgKxtJx0TAx3vCVQmBwHQ,2022-07,2022,40.71622326575604,-73.99914024129171,40.716344099999986,-73.9993507,307.14,51.59,2022,2022
1001990025,75 MULBERRY STREET,Ijo9Np9OMKL5ZBaVY4FvGA,2026-04,2026,40.7162407465302,-73.99913584762764,40.716344099999986,-73.9993507,302.4,51.59,2026,2026
1001990026,73 MULBERRY STREET,FOdLBw-sIBCwF5j2_K5yOQ,2011-07,2011,40.71621630733935,-73.99914436595584,40.71628100000001,-73.9993904,289.13,51.67,2007,2011
1001990026,73 MULBERRY STREET,FOdLBw-sIBCwF5j2_K5yOQ,2011-07,2011,40.71621630733935,-73.99914436595584,40.71628100000001,-73.9993904,289.13,51.67,2011,2011
1001990026,73 MULBERRY STREET,zkGovMgsfqYUpPRZ4vKWew,2014-09,2014,40.71622437773333,-73.99914382795617,40.71628100000001,-73.9993904,286.86,51.67,2014,2014
1001990026,73 MULBERRY STREET,kfBhQuPkA_Y44KbWFZz4PQ,2019-06,2019,40.71624111946105,-73.99913315762919,40.71628100000001,-73.9993904,281.56,51.67,2018,2019
1001990026,73 MULBERRY STREET,OVgKxtJx0TAx3vCVQmBwHQ,2022-07,2022,40.71622326575604,-73.99914024129171,40.71628100000001,-73.9993904,286.94,51.67,2022,2022
1001990026,73 MULBERRY STREET,Ijo9Np9OMKL5ZBaVY4FvGA,2026-04,2026,40.7162407465302,-73.99913584762764,40.71628100000001,-73.9993904,281.78,51.67,2026,2026
1001990027,94 BAYARD STREET,la9ZUpqw1rOKWTYjaQruQg,2012-08,2012,40.7159656304564,-73.99945497084329,40.716075100000005,-73.9994192,13.91,17.16,2007,2012
1001990027,94 BAYARD STREET,la9ZUpqw1rOKWTYjaQruQg,2012-08,2012,40.7159656304564,-73.99945497084329,40.716075100000005,-73.9994192,13.91,17.16,2011,2012
1001990027,94 BAYARD STREET,OPEKFyXldcY32V2tcTnTmA,2014-09,2014,40.71597441359206,-73.99946797248032,40.716075100000005,-73.9994192,20.16,17.16,2014,2014
1001990027,94 BAYARD STREET,WzwNodrCgc0clBnpYOdwaw,2019-06,2019,40.71596427773237,-73.99945819883601,40.716075100000005,-73.9994192,14.93,17.16,2018,2019
1001990027,94 BAYARD STREET,pCnqkM7gN1do7j9AZx58TQ,2022-07,2022,40.71595927741565,-73.9994202699181,40.716075100000005,-73.9994192,0.4,17.16,2022,2022
1001990027,94 BAYARD STREET,mPQXYdMVBhUDpMhfVrzdtA,2026-04,2026,40.71596653997975,-73.99944170020598,40.716075100000005,-73.9994192,8.93,17.16,2026,2026
1001990028,71 MULBERRY STREET,TybCNdDSy9qrSdch2U-5PA,2011-07,2011,40.71604754626168,-73.99925223485808,40.716141,-73.9993868,312.5,28.88,2007,2011
1001990028,71 MULBERRY STREET,TybCNdDSy9qrSdch2U-5PA,2011-07,2011,40.71604754626168,-73.99925223485808,40.716141,-73.9993868,312.5,28.88,2011,2011
1001990028,71 MULBERRY STREET,D9IPCaWs3xUXgy26im5j2A,2014-08,2014,40.71605905188906,-73.99923761920822,40.716141,-73.9993868,305.93,28.88,2014,2014
1001990028,71 MULBERRY STREET,t-W6gKmS6FytAzQ5g8761A,2019-06,2019,40.71604320167784,-73.99925564218734,40.716141,-73.9993868,314.53,28.88,2018,2019
1001990028,71 MULBERRY STREET,PzrC6GZgDN8nm1GcheeBZw,2022-07,2022,40.71606057916488,-73.99924147487056,40.716141,-73.9993868,306.13,28.88,2022,2022
1001990028,71 MULBERRY STREET,ggVcXIuJRjR5n-cW--66gw,2026-04,2026,40.71607355356919,-73.9992334945461,40.716141,-73.9993868,300.13,28.88,2026,2026
1001990030,98 BAYARD STREET,uKRdsHXUXRPesxPi-yhsQQ,2012-08,2012,40.71602840583667,-73.99963331735964,40.71615470000001,-73.9995779,18.4,26.62,2007,2012
1001990030,98 BAYARD STREET,uKRdsHXUXRPesxPi-yhsQQ,2012-08,2012,40.71602840583667,-73.99963331735964,40.71615470000001,-73.9995779,18.4,26.62,2011,2012
1001990030,98 BAYARD STREET,g3tyG_jqJZRh8bjO18BE-g,2014-09,2014,40.71603355378769,-73.99964515332167,40.71615470000001,-73.9995779,22.82,26.62,2014,2014
1001990030,98 BAYARD STREET,xLAejgCY5amL-0UqrXpHlw,2019-06,2019,40.71604550070056,-73.99967142556808,40.71615470000001,-73.9995779,32.99,26.62,2018,2019
1001990030,98 BAYARD STREET,r__28S3hOcuMMsPN9nqX8A,2022-07,2022,40.71604569307338,-73.9996738465599,40.71615470000001,-73.9995779,33.71,26.62,2022,2022
1001990030,98 BAYARD STREET,25H2eDXQiSh-ohi7S9kNkg,2026-04,2026,40.71604031630068,-73.99966039660501,40.71615470000001,-73.9995779,28.66,26.62,2026,2026
1001990031,102 BAYARD STREET,IUeju-4LC5RdKg8TXu7peg,2012-08,2012,40.71606697192589,-73.99975051128474,40.71625899999999,-73.9996573,20.2,52.13,2007,2012
1001990031,102 BAYARD STREET,IUeju-4LC5RdKg8TXu7peg,2012-08,2012,40.71606697192589,-73.99975051128474,40.71625899999999,-73.9996573,20.2,52.13,2011,2012
1001990031,102 BAYARD STREET,YabhYyr_jJfZtxQ-lfuHAw,2014-09,2014,40.71607364206657,-73.99976297490377,40.71625899999999,-73.9996573,23.37,52.13,2014,2014
1001990031,102 BAYARD STREET,2lnCNo5AP6gqMDPDDtWvsQ,2019-06,2019,40.71608283111223,-73.99977830784405,40.71625899999999,-73.9996573,27.5,52.13,2018,2019
1001990031,102 BAYARD STREET,CN-1dnoT59YUIajlid_lmw,2022-07,2022,40.71607857312918,-73.99976476823018,40.71625899999999,-73.9996573,24.3,52.13,2022,2022
1001990031,102 BAYARD STREET,ze84AItI9ZLZUw0x3QNHUw,2026-04,2026,40.71608033939576,-73.99976871354824,40.71625899999999,-73.9996573,25.3,52.13,2026,2026
1001990032,104 BAYARD STREET,7f7BPEhjvg3AY9b7NS9HZA,2012-08,2012,40.71610888485169,-73.99986949846357,40.71628919999999,-73.9997403,28.51,52.63,2007,2012
1001990032,104 BAYARD STREET,7f7BPEhjvg3AY9b7NS9HZA,2012-08,2012,40.71610888485169,-73.99986949846357,40.71628919999999,-73.9997403,28.51,52.63,2011,2012
1001990032,104 BAYARD STREET,QTeldInksv6a4Wap3txf8A,2014-09,2014,40.71611361765186,-73.99986510481622,40.71628919999999,-73.9997403,28.31,52.63,2014,2014
1001990032,104 BAYARD STREET,JiC0ZcajPvbgcqB2WTbYqg,2019-06,2019,40.71611604663885,-73.9998747887735,40.71628919999999,-73.9997403,30.49,52.63,2018,2019
1001990032,104 BAYARD STREET,sXT-Ff6BPt3oLwZugORhwQ,2022-07,2022,40.71611474400068,-73.99986985712866,40.71628919999999,-73.9997403,29.37,52.63,2022,2022
1001990032,104 BAYARD STREET,simES1TS8Xd2pDV3ML8Vjg,2026-04,2026,40.71612263300391,-73.9998738921108,40.71628919999999,-73.9997403,31.3,52.63,2026,2026
1001990034,106 BAYARD STREET,4vk383PvS7LfGihfis1eXg,2011-06,2011,40.71635788649687,-74.00005412122695,40.7163359,-73.9998701,98.96,27.17,2007,2011
1001990034,106 BAYARD STREET,4vk383PvS7LfGihfis1eXg,2011-06,2011,40.71635788649687,-74.00005412122695,40.7163359,-73.9998701,98.96,27.17,2011,2011
1001990034,106 BAYARD STREET,jnaEo56syzZjffwWcpqm0w,2014-09,2014,40.71637236106538,-74.0000487412558,40.7163359,-73.9998701,105.07,27.17,2014,2014
1001990034,106 BAYARD STREET,213ekvQJMXnONxW2_S-78w,2019-10,2019,40.71638192991976,-74.00004972758386,40.7163359,-73.9998701,108.68,27.17,2018,2019
1001990034,106 BAYARD STREET,jugXcXfadySmg0IGd6hYdw,2022-07,2022,40.71639735640623,-74.00003403600051,40.7163359,-73.9998701,116.32,27.17,2022,2022
1001990034,106 BAYARD STREET,DqFB3aqPFrTgCDOYAt_Bow,2026-04,2026,40.71636967186969,-74.00004147829449,40.7163359,-73.9998701,104.57,27.17,2026,2026
1001990127,71 1/2 MULBERRY STREET,wAYNfNedh7jlPMhl7BGqvw,2011-07,2011,40.71613035170632,-73.99919995924638,40.71621789999999,-73.99943,296.66,51.72,2007,2011
1001990127,71 1/2 MULBERRY STREET,wAYNfNedh7jlPMhl7BGqvw,2011-07,2011,40.71613035170632,-73.99919995924638,40.71621789999999,-73.99943,296.66,51.72,2011,2011
1001990127,71 1/2 MULBERRY STREET,762ia4FSsXMKF6sYqqNI4Q,2014-09,2014,40.71614564839326,-73.99918973725546,40.71621789999999,-73.99943,291.64,51.72,2014,2014
1001990127,71 1/2 MULBERRY STREET,a_h-65cZeTs6GKeiF7pD_g,2019-06,2019,40.71616207993979,-73.99918166726223,40.71621789999999,-73.99943,286.52,51.72,2018,2019
1001990127,71 1/2 MULBERRY STREET,tqU-6j1XMQ5TJdlPNZ0BYA,2022-07,2022,40.71617864117522,-73.9991681276062,40.71621789999999,-73.99943,281.19,51.72,2022,2022
1001990127,71 1/2 MULBERRY STREET,xAeiDkD7oSJ8_VDy8O4G9g,2026-04,2026,40.71616035176269,-73.99918597125867,40.71621789999999,-73.99943,287.28,51.72,2026,2026
1001997501,210 CANAL STREET,XFJ_O8rx3clcV6l2LsBwAg,2009-09,2009,40.71719358312617,-73.99880802620405,40.71697270000001,-73.9989611,207.71,43.98,2007,2009
1001997501,210 CANAL STREET,EIYRYeRTNLQrAbCBn0900A,2011-07,2011,40.71716926146025,-73.99884290657364,40.71697270000001,-73.9989611,204.5,43.98,2011,2011
1001997501,210 CANAL STREET,2uqQDqYNIz6zUZrjJ3JMng,2014-10,2014,40.71715974186227,-73.99882524222274,40.71697270000001,-73.9989611,208.83,43.98,2014,2014
1001997501,210 CANAL STREET,hWj_d8zoE6ZX3-JyNRdR-w,2018-10,2018,40.71724497087119,-73.99878049850426,40.71697270000001,-73.9989611,206.69,43.98,2018,2018
1001997501,210 CANAL STREET,nU6LLf9qcOFztKBQbIxbuw,2022-07,2022,40.71717709188025,-73.99884972124666,40.71697270000001,-73.9989611,202.44,43.98,2022,2022
1001997501,210 CANAL STREET,YohueKjqxN15dYCO4xBeGg,2026-04,2026,40.71719988210383,-73.99883223622989,40.71697270000001,-73.9989611,203.26,43.98,2026,2026
1002000001,70 MULBERRY STREET,wAYNfNedh7jlPMhl7BGqvw,2011-07,2011,40.71613035170632,-73.99919995924638,40.71605039999998,-73.9989467,112.61,55.69,2007,2011
1002000001,70 MULBERRY STREET,wAYNfNedh7jlPMhl7BGqvw,2011-07,2011,40.71613035170632,-73.99919995924638,40.71605039999998,-73.9989467,112.61,55.69,2011,2011
1002000001,70 MULBERRY STREET,762ia4FSsXMKF6sYqqNI4Q,2014-09,2014,40.71614564839326,-73.99918973725546,40.71605039999998,-73.9989467,117.34,55.69,2014,2014
1002000001,70 MULBERRY STREET,a_h-65cZeTs6GKeiF7pD_g,2019-06,2019,40.71616207993979,-73.99918166726223,40.71605039999998,-73.9989467,122.09,55.69,2018,2019
1002000001,70 MULBERRY STREET,tqU-6j1XMQ5TJdlPNZ0BYA,2022-07,2022,40.71617864117522,-73.9991681276062,40.71605039999998,-73.9989467,127.38,55.69,2022,2022
1002000001,70 MULBERRY STREET,xAeiDkD7oSJ8_VDy8O4G9g,2026-04,2026,40.71616035176269,-73.99918597125867,40.71605039999998,-73.9989467,121.23,55.69,2026,2026
1002000005,76 MULBERRY STREET,NdzLQLe1U-tlkUrBx_H5YQ,2010-06,2010,40.71629437144448,-73.9989634186501,40.7162371,-73.9988276,119.09,57.16,2007,2010
1002000005,76 MULBERRY STREET,NdzLQLe1U-tlkUrBx_H5YQ,2010-06,2010,40.71629437144448,-73.9989634186501,40.7162371,-73.9988276,119.09,57.16,2011,2010
1002000005,76 MULBERRY STREET,NdzLQLe1U-tlkUrBx_H5YQ,2010-06,2010,40.71629437144448,-73.9989634186501,40.7162371,-73.9988276,119.09,57.16,2014,2010
1002000005,76 MULBERRY STREET,NdzLQLe1U-tlkUrBx_H5YQ,2010-06,2010,40.71629437144448,-73.9989634186501,40.7162371,-73.9988276,119.09,57.16,2018,2010
1002000005,76 MULBERRY STREET,NdzLQLe1U-tlkUrBx_H5YQ,2010-06,2010,40.71629437144448,-73.9989634186501,40.7162371,-73.9988276,119.09,57.16,2022,2010
1002000005,76 MULBERRY STREET,NdzLQLe1U-tlkUrBx_H5YQ,2010-06,2010,40.71629437144448,-73.9989634186501,40.7162371,-73.9988276,119.09,57.16,2026,2010
1002000006,78 MULBERRY STREET,4RENU8I0NanLQ7WBvaXIUA,2011-07,2011,40.71643385264517,-73.99901614265971,40.71633039999999,-73.9987699,119.0,57.44,2007,2011
1002000006,78 MULBERRY STREET,4RENU8I0NanLQ7WBvaXIUA,2011-07,2011,40.71643385264517,-73.99901614265971,40.71633039999999,-73.9987699,119.0,57.44,2011,2011
1002000006,78 MULBERRY STREET,-12edJUb24ks5cU_YU6S9Q,2014-09,2014,40.7164024238114,-73.99903282065972,40.71633039999999,-73.9987699,109.87,57.44,2014,2014
1002000006,78 MULBERRY STREET,iYU_wIPc_5hvjC2y8ahdYw,2019-06,2019,40.71639781822088,-73.99903811099276,40.71633039999999,-73.9987699,108.35,57.44,2018,2019
1002000006,78 MULBERRY STREET,CJGzDk4wdgiMrVTKUc9FvQ,2022-07,2022,40.71639039114259,-73.99903999399261,40.71633039999999,-73.9987699,106.33,57.44,2022,2022
1002000006,78 MULBERRY STREET,XhklenggMNSW-FiaZ2pfpg,2026-04,2026,40.71640626575653,-73.99902959265984,40.71633039999999,-73.9987699,111.08,57.44,2026,2026
1002000008,82 MULBERRY STREET,S6UpsdbIcQkFPVGR6Sz9bQ,2011-07,2011,40.71647572834103,-73.99899121532364,40.7164237,-73.9987158,104.0,56.81,2007,2011
1002000008,82 MULBERRY STREET,S6UpsdbIcQkFPVGR6Sz9bQ,2011-07,2011,40.71647572834103,-73.99899121532364,40.7164237,-73.9987158,104.0,56.81,2011,2011
1002000008,82 MULBERRY STREET,KACgchaNWtnLDHsote2S2Q,2014-09,2014,40.71648119842094,-73.99898404198892,40.7164237,-73.9987158,105.79,56.81,2014,2014
1002000008,82 MULBERRY STREET,yW6jiq7Kl0BbQAlck0yllQ,2019-06,2019,40.71648281045607,-73.99898583532263,40.7164237,-73.9987158,106.11,56.81,2018,2019
1002000008,82 MULBERRY STREET,-IK7CI4wbod-85dkozcrOA,2022-07,2022,40.71647286278046,-73.99899175332374,40.7164237,-73.9987158,103.23,56.81,2022,2022
1002000008,82 MULBERRY STREET,MYq0wW9rbaG88o5vm94aMA,2026-04,2026,40.71649035194264,-73.99897677898724,40.7164237,-73.9987158,108.62,56.81,2026,2026
1002000009,84 MULBERRY STREET,gDAKrs-O51di0Gl4GB_VNA,2011-07,2011,40.71656143319751,-73.99893651863961,40.71648410000001,-73.9986761,111.39,57.58,2007,2011
1002000009,84 MULBERRY STREET,gDAKrs-O51di0Gl4GB_VNA,2011-07,2011,40.71656143319751,-73.99893651863961,40.71648410000001,-73.9986761,111.39,57.58,2011,2011
1002000009,84 MULBERRY STREET,5nPsBzcxh_-ZKhy8DACjGA,2014-09,2014,40.7165619205366,-73.99893463563873,40.71648410000001,-73.9986761,111.66,57.58,2014,2014
1002000009,84 MULBERRY STREET,a2OtUadLKJFQL8ZS-z4G3g,2019-06,2019,40.71656345290085,-73.99893373897164,40.71648410000001,-73.9986761,112.11,57.58,2018,2019
1002000009,84 MULBERRY STREET,QdfOM1BKQlSidDxVV4Kx6A,2022-07,2022,40.71654964127949,-73.99894485764327,40.71648410000001,-73.9986761,107.84,57.58,2022,2022
1002000009,84 MULBERRY STREET,QJqdm82A5A8FWAM-UAidNA,2026-04,2026,40.7165796868034,-73.99892001996463,40.71648410000001,-73.9986761,117.34,57.58,2026,2026
1002000010,86 MULBERRY STREET,E8069C7jYJaGacMe1jRiDA,2011-07,2011,40.71667868008485,-73.99886541292702,40.71654719999999,-73.9986364,127.14,57.93,2007,2011
1002000010,86 MULBERRY STREET,E8069C7jYJaGacMe1jRiDA,2011-07,2011,40.71667868008485,-73.99886541292702,40.71654719999999,-73.9986364,127.14,57.93,2011,2011
1002000010,86 MULBERRY STREET,o0EvYv52PbGcvok1ihCReg,2014-09,2014,40.71664965083736,-73.99888092527262,40.71654719999999,-73.9986364,118.93,57.93,2014,2014
1002000010,86 MULBERRY STREET,y9AMv2mL3IOrCddbc84QJg,2019-06,2019,40.71664503934487,-73.99888244960708,40.71654719999999,-73.9986364,117.68,57.93,2018,2019
1002000010,86 MULBERRY STREET,kLeV5qZq23aPkCXGI5fZLQ,2022-07,2022,40.71665857039872,-73.99887680060282,40.71654719999999,-73.9986364,121.43,57.93,2022,2022
1002000010,86 MULBERRY STREET,DBGDl7WIPpch4i-v0ZXzsw,2026-04,2026,40.71667103692579,-73.99886577159398,40.71654719999999,-73.9986364,125.46,57.93,2026,2026
1002000011,88 MULBERRY STREET,E8069C7jYJaGacMe1jRiDA,2011-07,2011,40.71667868008485,-73.99886541292702,40.7166131,-73.9985967,107.85,57.86,2007,2011
1002000011,88 MULBERRY STREET,E8069C7jYJaGacMe1jRiDA,2011-07,2011,40.71667868008485,-73.99886541292702,40.7166131,-73.9985967,107.85,57.86,2011,2011
1002000011,88 MULBERRY STREET,o0EvYv52PbGcvok1ihCReg,2014-09,2014,40.71664965083736,-73.99888092527262,40.7166131,-73.9985967,99.63,57.86,2014,2014
1002000011,88 MULBERRY STREET,y9AMv2mL3IOrCddbc84QJg,2019-06,2019,40.71664503934487,-73.99888244960708,40.7166131,-73.9985967,98.39,57.86,2018,2019
1002000011,88 MULBERRY STREET,kLeV5qZq23aPkCXGI5fZLQ,2022-07,2022,40.71665857039872,-73.99887680060282,40.7166131,-73.9985967,102.09,57.86,2022,2022
1002000011,88 MULBERRY STREET,DBGDl7WIPpch4i-v0ZXzsw,2026-04,2026,40.71667103692579,-73.99886577159398,40.7166131,-73.9985967,105.86,57.86,2026,2026
1002000016,196 CANAL STREET,-v04a6ZGlO9HjMhUjUEXtA,2009-09,2009,40.71696786730007,-73.99821093426488,40.7167311,-73.9982685,190.44,40.74,2007,2009
1002000016,196 CANAL STREET,o_MEGlZsqREbsGXVd9H3yA,2011-07,2011,40.71693215279102,-73.99820429890323,40.7167311,-73.9982685,193.61,40.74,2011,2011
1002000016,196 CANAL STREET,nhZmoghDvTk_UDnpKBF2JA,2014-10,2014,40.71690558161152,-73.99820788558523,40.7167311,-73.9982685,194.75,40.74,2014,2014
1002000016,196 CANAL STREET,YkdWtuQ24gM1T9dMZTI6WQ,2018-09,2018,40.71692536400062,-73.99820429890323,40.7167311,-73.9982685,194.06,40.74,2018,2018
1002000016,196 CANAL STREET,2gACIyzNj6K0iiMo_l-sTg,2022-07,2022,40.71692544973088,-73.99821873529785,40.7167311,-73.9982685,190.98,40.74,2022,2022
1002000016,196 CANAL STREET,HhsGFinVwN8Uc20F_m2hmg,2026-04,2026,40.71692893134788,-73.99821030659554,40.7167311,-73.9982685,192.57,40.74,2026,2026
1002000017,83 MOTT STREET,hpaYxNZvoR5eUQleZg1C8w,2010-06,2010,40.7167426186882,-73.99799752657285,40.7167037,-73.9980809,238.37,28.16,2007,2010
1002000017,83 MOTT STREET,hpaYxNZvoR5eUQleZg1C8w,2010-06,2010,40.7167426186882,-73.99799752657285,40.7167037,-73.9980809,238.37,28.16,2011,2010
1002000017,83 MOTT STREET,hpaYxNZvoR5eUQleZg1C8w,2010-06,2010,40.7167426186882,-73.99799752657285,40.7167037,-73.9980809,238.37,28.16,2014,2010
1002000017,83 MOTT STREET,hpaYxNZvoR5eUQleZg1C8w,2010-06,2010,40.7167426186882,-73.99799752657285,40.7167037,-73.9980809,238.37,28.16,2018,2010
1002000017,83 MOTT STREET,hpaYxNZvoR5eUQleZg1C8w,2010-06,2010,40.7167426186882,-73.99799752657285,40.7167037,-73.9980809,238.37,28.16,2022,2010
1002000017,83 MOTT STREET,hpaYxNZvoR5eUQleZg1C8w,2010-06,2010,40.7167426186882,-73.99799752657285,40.7167037,-73.9980809,238.37,28.16,2026,2010
1002000019,81 MOTT STREET,tcMBaVsxA9ATmXkzy8C1fg,2011-06,2011,40.71653703155742,-73.99796641207016,40.71660489999999,-73.9981422,296.99,40.99,2007,2011
1002000019,81 MOTT STREET,tcMBaVsxA9ATmXkzy8C1fg,2011-06,2011,40.71653703155742,-73.99796641207016,40.71660489999999,-73.9981422,296.99,40.99,2011,2011
1002000019,81 MOTT STREET,c1iuzhBbADRFtcBV8T5RSw,2014-10,2014,40.71654561189065,-73.99794659562635,40.71660489999999,-73.9981422,291.8,40.99,2014,2014
1002000019,81 MOTT STREET,4KxBPZ4Sf00TQ0L9ltdhBQ,2019-06,2019,40.71656035899208,-73.99793090387072,40.71660489999999,-73.9981422,285.54,40.99,2018,2019
1002000019,81 MOTT STREET,wiEWk0w6fjII0CFROVvy7Q,2022-07,2022,40.71655130739063,-73.99794686462786,40.71660489999999,-73.9981422,289.9,40.99,2022,2022
1002000019,81 MOTT STREET,4i0xWAwiQRak6PGIPuDCIA,2026-04,2026,40.71655097767707,-73.99794507128442,40.71660489999999,-73.9981422,289.84,40.99,2026,2026
1002000020,79 MOTT STREET,s8SMFJEngLCjp4Z3zxCABg,2011-06,2011,40.71645386339418,-73.99802675806067,40.716555499999984,-73.998218,305.04,52.27,2007,2011
1002000020,79 MOTT STREET,s8SMFJEngLCjp4Z3zxCABg,2011-06,2011,40.71645386339418,-73.99802675806067,40.716555499999984,-73.998218,305.04,52.27,2011,2011
1002000020,79 MOTT STREET,SOSkuBwHTlBKeycfGEBTiQ,2014-10,2014,40.71646419550841,-73.99799376055262,40.716555499999984,-73.998218,298.25,52.27,2014,2014
1002000020,79 MOTT STREET,7EazcWODirE95iFBCIKBEg,2019-06,2019,40.71647896132885,-73.99798192448856,40.716555499999984,-73.998218,293.16,52.27,2018,2019
1002000020,79 MOTT STREET,JLjkUf-U_1r-Kd5HsSSAzw,2022-07,2022,40.7164405848025,-73.99801716367713,40.716555499999984,-73.998218,307.05,52.27,2022,2022
1002000020,79 MOTT STREET,kPEvM4ntb68GnrSw50Rbww,2026-04,2026,40.71647009017793,-73.99799277421398,40.716555499999984,-73.998218,296.58,52.27,2026,2026
1002000021,77 MOTT STREET,r1oUXODhbcbzFVhBlEII_Q,2011-06,2011,40.71636687508943,-73.99808037899916,40.71648690000003,-73.9982901,307.06,59.62,2007,2011
1002000021,77 MOTT STREET,r1oUXODhbcbzFVhBlEII_Q,2011-06,2011,40.71636687508943,-73.99808037899916,40.71648690000003,-73.9982901,307.06,59.62,2011,2011
1002000021,77 MOTT STREET,-_Owg2UbOiJOXo17zH6VTw,2014-09,2014,40.71638566319619,-73.99804424315097,40.71648690000003,-73.9982901,298.51,59.62,2014,2014
1002000021,77 MOTT STREET,x12yX1IIleDCSsEQ4kCA8A,2019-10,2019,40.71640452871014,-73.99804110480154,40.71648690000003,-73.9982901,293.58,59.62,2018,2019
1002000021,77 MOTT STREET,Pf4FeWHBdVCwfJv9Mq02_w,2022-07,2022,40.71639541085668,-73.99804702283183,40.71648690000003,-73.9982901,296.41,59.62,2022,2022
1002000021,77 MOTT STREET,9ltXMyoyG8LSUgYCiIPLfw,2026-04,2026,40.71638729385538,-73.99804191180569,40.71648690000003,-73.9982901,297.9,59.62,2026,2026
1002000022,73 MOTT STREET,bbwHn4j7m4NWa3mIIXtrnw,2011-06,2011,40.71627981961839,-73.99813139957719,40.716393499999995,-73.9982901,313.38,45.04,2007,2011
1002000022,73 MOTT STREET,bbwHn4j7m4NWa3mIIXtrnw,2011-06,2011,40.71627981961839,-73.99813139957719,40.716393499999995,-73.9982901,313.38,45.04,2011,2011
1002000022,73 MOTT STREET,KO-N8VU403k6No_vF-QAAQ,2014-10,2014,40.71630171064736,-73.99809373939787,40.716393499999995,-73.9982901,301.66,45.04,2014,2014
1002000022,73 MOTT STREET,itz_Yd-XpzGBF-bfwTCz7Q,2019-10,2019,40.71632046262031,-73.99809033204795,40.716393499999995,-73.9982901,295.75,45.04,2018,2019
1002000022,73 MOTT STREET,3C_lqjUhuDlQJHlxm1BqcQ,2022-07,2022,40.71630666463436,-73.99810207843822,40.716393499999995,-73.9982901,301.36,45.04,2022,2022
1002000022,73 MOTT STREET,klekI1XS71cFA3H-7NcwdQ,2026-04,2026,40.71630548138481,-73.99809320139526,40.716393499999995,-73.9982901,300.53,45.04,2026,2026
1002000024,69 MOTT STREET,cL5IM_Eq1rPFF61hI38yow,2011-06,2011,40.71619880782615,-73.99818035779921,40.7163139,-73.9983659,309.3,51.6,2007,2011
1002000024,69 MOTT STREET,cL5IM_Eq1rPFF61hI38yow,2011-06,2011,40.71619880782615,-73.99818035779921,40.7163139,-73.9983659,309.3,51.6,2011,2011
1002000024,69 MOTT STREET,AeExeenuaX_JanFpNXsQNA,2014-10,2014,40.71622030143992,-73.99814574631021,40.7163139,-73.9983659,299.29,51.6,2014,2014
1002000024,69 MOTT STREET,u5s-9qftwicHcwQmo0e1Xw,2019-10,2019,40.71623671165025,-73.99814018695129,40.7163139,-73.9983659,294.28,51.6,2018,2019
1002000024,69 MOTT STREET,l82_2zRxpf2MML2LpBdBag,2022-07,2022,40.71622223730023,-73.99815354734584,40.7163139,-73.9983659,299.66,51.6,2022,2022
1002000024,69 MOTT STREET,5j1DwrX4vVvpPdsweh4j0g,2026-04,2026,40.71622653941473,-73.99814718098347,40.7163139,-73.9983659,297.79,51.6,2026,2026
1002000026,67 MOTT STREET,t8BsRvHlS3_w9uc_jYXGjw,2011-06,2011,40.7161545201079,-73.9982063612454,40.716239799999975,-73.99842,297.77,53.59,2007,2011
1002000026,67 MOTT STREET,t8BsRvHlS3_w9uc_jYXGjw,2011-06,2011,40.7161545201079,-73.9982063612454,40.716239799999975,-73.99842,297.77,53.59,2011,2011
1002000026,67 MOTT STREET,CTSGie3bGXyUa8QN8VjfVA,2014-10,2014,40.71613461105654,-73.99819362852392,40.716239799999975,-73.99842,301.51,53.59,2014,2014
1002000026,67 MOTT STREET,SboeCNBxuJshsFv9vp0hjw,2019-06,2019,40.71615224172118,-73.99818071646747,40.716239799999975,-73.99842,295.77,53.59,2018,2019
1002000026,67 MOTT STREET,vmf8Booc6e9LR2esBz2ThA,2022-07,2022,40.71614144409028,-73.998205643909,40.716239799999975,-73.99842,301.19,53.59,2022,2022
1002000026,67 MOTT STREET,HzvBBd8bp9f6Oq-7K8hd1Q,2026-04,2026,40.71614565216547,-73.99820340223273,40.716239799999975,-73.99842,299.83,53.59,2026,2026
1002000027,65 MOTT STREET,KOFT1eAGC1oW_sEWMO-kRQ,2011-06,2011,40.71606592585879,-73.99825451244503,40.716182200000006,-73.9984525,307.77,52.74,2007,2011
1002000027,65 MOTT STREET,KOFT1eAGC1oW_sEWMO-kRQ,2011-06,2011,40.71606592585879,-73.99825451244503,40.716182200000006,-73.9984525,307.77,52.74,2011,2011
1002000027,65 MOTT STREET,YVhNtXuiaQ894xjT9pod3w,2014-10,2014,40.71605191745929,-73.99824455940475,40.716182200000006,-73.9984525,309.58,52.74,2014,2014
1002000027,65 MOTT STREET,tOMAmEbcdFVvNOlbKZ8hXQ,2019-10,2019,40.71607322235895,-73.99824160039267,40.716182200000006,-73.9984525,304.28,52.74,2018,2019
1002000027,65 MOTT STREET,blFtwKZdUhqJGInUOd8AoA,2022-07,2022,40.71606087785987,-73.99825827846013,40.716182200000006,-73.9984525,309.49,52.74,2022,2022
1002000027,65 MOTT STREET,Mb_KmA4dwAWV-sfN6uhRaA,2026-04,2026,40.71606212542181,-73.99825218110232,40.716182200000006,-73.9984525,308.34,52.74,2026,2026
1002000028,63 MOTT STREET,KOFT1eAGC1oW_sEWMO-kRQ,2011-06,2011,40.71606592585879,-73.99825451244503,40.71611910000002,-73.9984885,286.69,51.91,2007,2011
1002000028,63 MOTT STREET,KOFT1eAGC1oW_sEWMO-kRQ,2011-06,2011,40.71606592585879,-73.99825451244503,40.71611910000002,-73.9984885,286.69,51.91,2011,2011
1002000028,63 MOTT STREET,YVhNtXuiaQ894xjT9pod3w,2014-10,2014,40.71605191745929,-73.99824455940475,40.71611910000002,-73.9984885,289.97,51.91,2014,2014
1002000028,63 MOTT STREET,tOMAmEbcdFVvNOlbKZ8hXQ,2019-10,2019,40.71607322235895,-73.99824160039267,40.71611910000002,-73.9984885,283.77,51.91,2018,2019
1002000028,63 MOTT STREET,blFtwKZdUhqJGInUOd8AoA,2022-07,2022,40.71606087785987,-73.99825827846013,40.71611910000002,-73.9984885,288.45,51.91,2022,2022
1002000028,63 MOTT STREET,Mb_KmA4dwAWV-sfN6uhRaA,2026-04,2026,40.71606212542181,-73.99825218110232,40.71611910000002,-73.9984885,287.65,51.91,2026,2026
1002000029,61 MOTT STREET,sGXO-9wDYIEqc4gUO3vOaA,2011-06,2011,40.71598323712581,-73.99829271059478,40.716059699999995,-73.9985264,293.35,52.13,2007,2011
1002000029,61 MOTT STREET,sGXO-9wDYIEqc4gUO3vOaA,2011-06,2011,40.71598323712581,-73.99829271059478,40.716059699999995,-73.9985264,293.35,52.13,2011,2011
1002000029,61 MOTT STREET,l3RlqoKqALDXxTze19gefQ,2014-10,2014,40.71596154830267,-73.99830732631675,40.716059699999995,-73.9985264,300.59,52.13,2014,2014
1002000029,61 MOTT STREET,l56gAc-6obGTcwlWjSDabg,2019-10,2019,40.71599187709392,-73.99829459360197,40.716059699999995,-73.9985264,291.11,52.13,2018,2019
1002000029,61 MOTT STREET,AlLuZN-OWbju74yM1ZHOBg,2022-07,2022,40.71598126495332,-73.9983096576588,40.716059699999995,-73.9985264,295.52,52.13,2022,2022
1002000029,61 MOTT STREET,m1AT5oJJMUkhGQKnvvXv-g,2026-04,2026,40.71598011901597,-73.99830051162444,40.716059699999995,-73.9985264,294.93,52.13,2026,2026
1002000030,59 MOTT STREET,Mm_q1-aRjRYd-yQRWIsWeg,2011-06,2011,40.71590075509348,-73.99834247577847,40.71599550000002,-73.9985679,299.01,52.5,2007,2011
1002000030,59 MOTT STREET,Mm_q1-aRjRYd-yQRWIsWeg,2011-06,2011,40.71590075509348,-73.99834247577847,40.71599550000002,-73.9985679,299.01,52.5,2011,2011
1002000030,59 MOTT STREET,8UjdJ7zPQKc7wCzX9Jjj6A,2014-10,2014,40.7158813715864,-73.99836005050692,40.71599550000002,-73.9985679,305.92,52.5,2014,2014
1002000030,59 MOTT STREET,JYF_WAMuLKc1KejIGoxUYw,2019-10,2019,40.71591248865021,-73.99834489678707,40.71599550000002,-73.9985679,296.16,52.5,2018,2019
1002000030,59 MOTT STREET,Bq29_GB3a6KJ5rN5goaZLg,2022-07,2022,40.71590329613326,-73.9983593331711,40.71599550000002,-73.9985679,300.25,52.5,2022,2022
1002000030,59 MOTT STREET,-wYZiwuv16dA2tVU9UtFXg,2026-04,2026,40.71589921255419,-73.99834489678707,40.71599550000002,-73.9985679,299.67,52.5,2026,2026
1002000031,57 MOTT STREET,Db217Jksu3vR_1VyaGK1cQ,2011-06,2011,40.71581975529271,-73.99839950397308,40.7159324,-73.9986076,305.53,52.6,2007,2011
1002000031,57 MOTT STREET,Db217Jksu3vR_1VyaGK1cQ,2011-06,2011,40.71581975529271,-73.99839950397308,40.7159324,-73.9986076,305.53,52.6,2011,2011
1002000031,57 MOTT STREET,cXAGYgOqOMm72WddWYJOcA,2014-10,2014,40.71581722450911,-73.99840506332447,40.7159324,-73.9986076,306.88,52.6,2014,2014
1002000031,57 MOTT STREET,VljLbV85bvjby2mlyrmUTA,2019-10,2019,40.71583508162093,-73.99839215128226,40.7159324,-73.9986076,300.79,52.6,2018,2019
1002000031,57 MOTT STREET,RoIkYqFn-7fCXIhn_sMFTQ,2022-07,2022,40.71579895211002,-73.9984256867234,40.7159324,-73.9986076,314.06,52.6,2022,2022
1002000031,57 MOTT STREET,dUY_a3rcX4HXX3eqXARR4Q,2026-04,2026,40.71583144220247,-73.99838829560282,40.7159324,-73.9986076,301.27,52.6,2026,2026
1002000032,76 BAYARD STREET,RSZJMWii_lDR_sQhphdm7w,2011-06,2011,40.71577510865881,-73.9984293630682,40.71578690000001,-73.9985246,279.28,9.1,2007,2011
1002000032,76 BAYARD STREET,RSZJMWii_lDR_sQhphdm7w,2011-06,2011,40.71577510865881,-73.9984293630682,40.71578690000001,-73.9985246,279.28,9.1,2011,2011
1002000032,76 BAYARD STREET,nKSLRpCThRMrm-NZBNWF9Q,2014-10,2014,40.71578683629675,-73.998428018064,40.71578690000001,-73.9985246,270.05,9.1,2014,2014
1002000032,76 BAYARD STREET,45L5tBwkzQGUkbVDvZbG-w,2019-10,2019,40.71579302935812,-73.99841689936238,40.71578690000001,-73.9985246,265.71,9.1,2018,2019
1002000032,76 BAYARD STREET,wzbV1UFnn2OdE1OjzBImgA,2022-07,2022,40.71575038210263,-73.99845500781282,40.71578690000001,-73.9985246,304.7,9.1,2022,2022
1002000032,76 BAYARD STREET,3Hg68taa9I4hpnDFTkBKWA,2026-04,2026,40.71577437466555,-73.99842631439202,40.71578690000001,-73.9985246,279.54,9.1,2026,2026
1002000033,78 BAYARD STREET,KuVeZd-WDXeYIXej3e3r7w,2009-04,2009,40.71574507667458,-73.9987900031828,40.7158473,-73.9986942,35.39,25.77,2007,2009
1002000033,78 BAYARD STREET,9_6r4DRHwIq5ldhOPdF_1A,2012-08,2012,40.71575431586253,-73.99882909789338,40.7158473,-73.9986942,47.72,25.77,2011,2012
1002000033,78 BAYARD STREET,ewGiR9wfgon_S_LSPFnLJA,2014-10,2014,40.71574244838923,-73.99879753519188,40.7158473,-73.9986942,36.76,25.77,2014,2014
1002000033,78 BAYARD STREET,3MZCqAjQ7T2c23X9IUjL4A,2019-06,2019,40.71574754643911,-73.9988095505391,40.7158473,-73.9986942,41.23,25.77,2018,2019
1002000033,78 BAYARD STREET,roAPKE-z2mSQZefXud1aYQ,2022-07,2022,40.71575440146789,-73.99882757355847,40.7158473,-73.9986942,47.42,25.77,2022,2022
1002000033,78 BAYARD STREET,uIDVWpy93x0C1k_BtHk79w,2026-04,2026,40.71574767274154,-73.99879394852093,40.7158473,-73.9986942,37.19,25.77,2026,2026
1002007501,198 CANAL STREET,EbWRgPB1oBJN_UZqVk_EtA,2009-09,2009,40.71699435264259,-73.99828015721309,40.71674490000001,-73.9984128,201.95,52.83,2007,2009
1002007501,198 CANAL STREET,D4MFcoLoEF-4DbIQT2Jn-Q,2011-06,2011,40.71699496808494,-73.99829566960608,40.71674490000001,-73.9984128,199.55,52.83,2011,2011
1002007501,198 CANAL STREET,NpKe2Lu_DHh90TvE9sM_WA,2014-10,2014,40.71694579062605,-73.9983137823408,40.71674490000001,-73.9984128,200.48,52.83,2014,2014
1002007501,198 CANAL STREET,oJpNf0xaMmDuTkPNzcOogA,2018-09,2018,40.71696508575516,-73.99832005903066,40.71674490000001,-73.9984128,197.71,52.83,2018,2018
1002007501,198 CANAL STREET,j1RlfAly9PkYZRz-IoKQtQ,2022-07,2022,40.71696793017473,-73.99833001206702,40.71674490000001,-73.9984128,195.71,52.83,2022,2022
1002007501,198 CANAL STREET,4Q6oKGiiB256PZ5cVXYAuQ,2026-04,2026,40.71695826843844,-73.9983576294985,40.71674490000001,-73.9984128,191.09,52.83,2026,2026
1002007502,202 CANAL STREET,NDr5n1HHYb8i96eYHO0Q1w,2011-07,2011,40.71683260313464,-73.99877314582808,40.71680250000001,-73.9985823,101.76,32.57,2007,2011
1002007502,202 CANAL STREET,NDr5n1HHYb8i96eYHO0Q1w,2011-07,2011,40.71683260313464,-73.99877314582808,40.71680250000001,-73.9985823,101.76,32.57,2011,2011
1002007502,202 CANAL STREET,M8mTuBrxv9PSE_hhbDpHug,2014-08,2014,40.71680682431242,-73.99878498184326,40.71680250000001,-73.9985823,91.61,32.57,2014,2014
1002007502,202 CANAL STREET,IkxO8nPv0NHQEYl12Lqb0g,2019-06,2019,40.71680583184101,-73.99878543017715,40.71680250000001,-73.9985823,91.24,32.57,2018,2019
1002007502,202 CANAL STREET,e0YfPxZ264C-G17sq6gudQ,2022-07,2022,40.71683829859732,-73.99876543448445,40.71680250000001,-73.9985823,104.46,32.57,2022,2022
1002007502,202 CANAL STREET,XZM-wU_P1uGi7jY-DqB0kQ,2026-04,2026,40.7168422981519,-73.99876651048592,40.71680250000001,-73.9985823,105.91,32.57,2026,2026
1002010001,72 BAYARD STREET,Db217Jksu3vR_1VyaGK1cQ,2011-06,2011,40.71581975529271,-73.99839950397308,40.715729300000014,-73.9982469,128.03,31.14,2007,2011
1002010001,72 BAYARD STREET,Db217Jksu3vR_1VyaGK1cQ,2011-06,2011,40.71581975529271,-73.99839950397308,40.715729300000014,-73.9982469,128.03,31.14,2011,2011
1002010001,72 BAYARD STREET,cXAGYgOqOMm72WddWYJOcA,2014-10,2014,40.71581722450911,-73.99840506332447,40.715729300000014,-73.9982469,126.26,31.14,2014,2014
1002010001,72 BAYARD STREET,VljLbV85bvjby2mlyrmUTA,2019-10,2019,40.71583508162093,-73.99839215128226,40.715729300000014,-73.9982469,133.86,31.14,2018,2019
1002010001,72 BAYARD STREET,RoIkYqFn-7fCXIhn_sMFTQ,2022-07,2022,40.71579895211002,-73.9984256867234,40.715729300000014,-73.9982469,117.2,31.14,2022,2022
1002010001,72 BAYARD STREET,dUY_a3rcX4HXX3eqXARR4Q,2026-04,2026,40.71583144220247,-73.99838829560282,40.715729300000014,-73.9982469,133.62,31.14,2026,2026
1002010002,58 MOTT STREET,Mm_q1-aRjRYd-yQRWIsWeg,2011-06,2011,40.71590075509348,-73.99834247577847,40.715855600000005,-73.9981675,108.8,31.47,2007,2011
1002010002,58 MOTT STREET,Mm_q1-aRjRYd-yQRWIsWeg,2011-06,2011,40.71590075509348,-73.99834247577847,40.715855600000005,-73.9981675,108.8,31.47,2011,2011
1002010002,58 MOTT STREET,8UjdJ7zPQKc7wCzX9Jjj6A,2014-10,2014,40.7158813715864,-73.99836005050692,40.715855600000005,-73.9981675,100.01,31.47,2014,2014
1002010002,58 MOTT STREET,JYF_WAMuLKc1KejIGoxUYw,2019-10,2019,40.71591248865021,-73.99834489678707,40.715855600000005,-73.9981675,112.93,31.47,2018,2019
1002010002,58 MOTT STREET,Bq29_GB3a6KJ5rN5goaZLg,2022-07,2022,40.71590329613326,-73.9983593331711,40.715855600000005,-73.9981675,108.16,31.47,2022,2022
1002010002,58 MOTT STREET,-wYZiwuv16dA2tVU9UtFXg,2026-04,2026,40.71589921255419,-73.99834489678707,40.715855600000005,-73.9981675,107.97,31.47,2026,2026
1002010004,60 MOTT STREET,KOFT1eAGC1oW_sEWMO-kRQ,2011-06,2011,40.71606592585879,-73.99825451244503,40.71594340000001,-73.99792580000002,116.19,78.48,2007,2011
1002010004,60 MOTT STREET,KOFT1eAGC1oW_sEWMO-kRQ,2011-06,2011,40.71606592585879,-73.99825451244503,40.71594340000001,-73.99792580000002,116.19,78.48,2011,2011
1002010004,60 MOTT STREET,YVhNtXuiaQ894xjT9pod3w,2014-10,2014,40.71605191745929,-73.99824455940475,40.71594340000001,-73.99792580000002,114.19,78.48,2014,2014
1002010004,60 MOTT STREET,tOMAmEbcdFVvNOlbKZ8hXQ,2019-10,2019,40.71607322235895,-73.99824160039267,40.71594340000001,-73.99792580000002,118.47,78.48,2018,2019
1002010004,60 MOTT STREET,blFtwKZdUhqJGInUOd8AoA,2022-07,2022,40.71606087785987,-73.99825827846013,40.71594340000001,-73.99792580000002,114.99,78.48,2022,2022
1002010004,60 MOTT STREET,Mb_KmA4dwAWV-sfN6uhRaA,2026-04,2026,40.71606212542181,-73.99825218110232,40.71594340000001,-73.99792580000002,115.64,78.48,2026,2026
1002010006,66 MOTT STREET,t8BsRvHlS3_w9uc_jYXGjw,2011-06,2011,40.7161545201079,-73.9982063612454,40.7160806,-73.9979402,110.12,53.59,2007,2011
1002010006,66 MOTT STREET,t8BsRvHlS3_w9uc_jYXGjw,2011-06,2011,40.7161545201079,-73.9982063612454,40.7160806,-73.9979402,110.12,53.59,2011,2011
1002010006,66 MOTT STREET,CTSGie3bGXyUa8QN8VjfVA,2014-10,2014,40.71613461105654,-73.99819362852392,40.7160806,-73.9979402,105.7,53.59,2014,2014
1002010006,66 MOTT STREET,SboeCNBxuJshsFv9vp0hjw,2019-06,2019,40.71615224172118,-73.99818071646747,40.7160806,-73.9979402,111.45,53.59,2018,2019
1002010006,66 MOTT STREET,vmf8Booc6e9LR2esBz2ThA,2022-07,2022,40.71614144409028,-73.998205643909,40.7160806,-73.9979402,106.83,53.59,2022,2022
1002010006,66 MOTT STREET,HzvBBd8bp9f6Oq-7K8hd1Q,2026-04,2026,40.71614565216547,-73.99820340223273,40.7160806,-73.9979402,108.06,53.59,2026,2026
1002010007,68 MOTT STREET,cL5IM_Eq1rPFF61hI38yow,2011-06,2011,40.71619880782615,-73.99818035779921,40.71614370000001,-73.9979005,104.56,53.77,2007,2011
1002010007,68 MOTT STREET,cL5IM_Eq1rPFF61hI38yow,2011-06,2011,40.71619880782615,-73.99818035779921,40.71614370000001,-73.9979005,104.56,53.77,2011,2011
1002010007,68 MOTT STREET,AeExeenuaX_JanFpNXsQNA,2014-10,2014,40.71622030143992,-73.99814574631021,40.71614370000001,-73.9979005,112.4,53.77,2014,2014
1002010007,68 MOTT STREET,u5s-9qftwicHcwQmo0e1Xw,2019-10,2019,40.71623671165025,-73.99814018695129,40.71614370000001,-73.9979005,117.11,53.77,2018,2019
1002010007,68 MOTT STREET,l82_2zRxpf2MML2LpBdBag,2022-07,2022,40.71622223730023,-73.99815354734584,40.71614370000001,-73.9979005,112.27,53.77,2022,2022
1002010007,68 MOTT STREET,5j1DwrX4vVvpPdsweh4j0g,2026-04,2026,40.71622653941473,-73.99814718098347,40.71614370000001,-73.9979005,113.9,53.77,2026,2026
1002010008,70 MOTT STREET,bbwHn4j7m4NWa3mIIXtrnw,2011-06,2011,40.71627981961839,-73.99813139957719,40.71620410000001,-73.9978645,110.52,53.43,2007,2011
1002010008,70 MOTT STREET,bbwHn4j7m4NWa3mIIXtrnw,2011-06,2011,40.71627981961839,-73.99813139957719,40.71620410000001,-73.9978645,110.52,53.43,2011,2011
1002010008,70 MOTT STREET,KO-N8VU403k6No_vF-QAAQ,2014-10,2014,40.71630171064736,-73.99809373939787,40.71620410000001,-73.9978645,119.33,53.43,2014,2014
1002010008,70 MOTT STREET,itz_Yd-XpzGBF-bfwTCz7Q,2019-10,2019,40.71632046262031,-73.99809033204795,40.71620410000001,-73.9978645,124.21,53.43,2018,2019
1002010008,70 MOTT STREET,3C_lqjUhuDlQJHlxm1BqcQ,2022-07,2022,40.71630666463436,-73.99810207843822,40.71620410000001,-73.9978645,119.66,53.43,2022,2022
1002010008,70 MOTT STREET,klekI1XS71cFA3H-7NcwdQ,2026-04,2026,40.71630548138481,-73.99809320139526,40.71620410000001,-73.9978645,120.32,53.43,2026,2026
1002010009,72 MOTT STREET,r1oUXODhbcbzFVhBlEII_Q,2011-06,2011,40.71636687508943,-73.99808037899916,40.71626450000001,-73.9978248,117.86,54.02,2007,2011
1002010009,72 MOTT STREET,r1oUXODhbcbzFVhBlEII_Q,2011-06,2011,40.71636687508943,-73.99808037899916,40.71626450000001,-73.9978248,117.86,54.02,2011,2011
1002010009,72 MOTT STREET,-_Owg2UbOiJOXo17zH6VTw,2014-09,2014,40.71638566319619,-73.99804424315097,40.71626450000001,-73.9978248,126.07,54.02,2014,2014
1002010009,72 MOTT STREET,x12yX1IIleDCSsEQ4kCA8A,2019-10,2019,40.71640452871014,-73.99804110480154,40.71626450000001,-73.9978248,130.5,54.02,2018,2019
1002010009,72 MOTT STREET,Pf4FeWHBdVCwfJv9Mq02_w,2022-07,2022,40.71639541085668,-73.99804702283183,40.71626450000001,-73.9978248,127.86,54.02,2022,2022
1002010009,72 MOTT STREET,9ltXMyoyG8LSUgYCiIPLfw,2026-04,2026,40.71638729385538,-73.99804191180569,40.71626450000001,-73.9978248,126.73,54.02,2026,2026
1002010010,74 MOTT STREET,r1oUXODhbcbzFVhBlEII_Q,2011-06,2011,40.71636687508943,-73.99808037899916,40.71632760000001,-73.9977851,99.95,54.19,2007,2011
1002010010,74 MOTT STREET,r1oUXODhbcbzFVhBlEII_Q,2011-06,2011,40.71636687508943,-73.99808037899916,40.71632760000001,-73.9977851,99.95,54.19,2011,2011
1002010010,74 MOTT STREET,-_Owg2UbOiJOXo17zH6VTw,2014-09,2014,40.71638566319619,-73.99804424315097,40.71632760000001,-73.9977851,106.47,54.19,2014,2014
1002010010,74 MOTT STREET,x12yX1IIleDCSsEQ4kCA8A,2019-10,2019,40.71640452871014,-73.99804110480154,40.71632760000001,-73.9977851,111.63,54.19,2018,2019
1002010010,74 MOTT STREET,Pf4FeWHBdVCwfJv9Mq02_w,2022-07,2022,40.71639541085668,-73.99804702283183,40.71632760000001,-73.9977851,108.86,54.19,2022,2022
1002010010,74 MOTT STREET,9ltXMyoyG8LSUgYCiIPLfw,2026-04,2026,40.71638729385538,-73.99804191180569,40.71632760000001,-73.9977851,107.05,54.19,2026,2026
1002010011,76 MOTT STREET,s8SMFJEngLCjp4Z3zxCABg,2011-06,2011,40.71645386339418,-73.99802675806067,40.71641820000001,-73.9978212,102.89,31.09,2007,2011
1002010011,76 MOTT STREET,s8SMFJEngLCjp4Z3zxCABg,2011-06,2011,40.71645386339418,-73.99802675806067,40.71641820000001,-73.9978212,102.89,31.09,2011,2011
1002010011,76 MOTT STREET,SOSkuBwHTlBKeycfGEBTiQ,2014-10,2014,40.71646419550841,-73.99799376055262,40.71641820000001,-73.9978212,109.38,31.09,2014,2014
1002010011,76 MOTT STREET,7EazcWODirE95iFBCIKBEg,2019-06,2019,40.71647896132885,-73.99798192448856,40.71641820000001,-73.9978212,116.51,31.09,2018,2019
1002010011,76 MOTT STREET,JLjkUf-U_1r-Kd5HsSSAzw,2022-07,2022,40.7164405848025,-73.99801716367713,40.71641820000001,-73.9978212,98.57,31.09,2022,2022
1002010011,76 MOTT STREET,kPEvM4ntb68GnrSw50Rbww,2026-04,2026,40.71647009017793,-73.99799277421398,40.71641820000001,-73.9978212,111.75,31.09,2026,2026
1002010013,178 CANAL STREET,KRK6Hy8BIY-B8Jp5JZkYZQ,2011-06,2011,40.71666464177126,-73.99787477220869,40.716547199999994,-73.9977418,139.36,31.0,2007,2011
1002010013,178 CANAL STREET,KRK6Hy8BIY-B8Jp5JZkYZQ,2011-06,2011,40.71666464177126,-73.99787477220869,40.716547199999994,-73.9977418,139.36,31.0,2011,2011
1002010013,178 CANAL STREET,SU3Csy0ymWJYaZZRivCIoA,2014-10,2014,40.71663622731727,-73.9978972786758,40.716547199999994,-73.9977418,127.07,31.0,2014,2014
1002010013,178 CANAL STREET,yRErDptTCAiIxrP6qOgWyA,2019-10,2019,40.71660919603259,-73.99791996447462,40.716547199999994,-73.9977418,114.66,31.0,2018,2019
1002010013,178 CANAL STREET,S8TAg7yWTfM_mxURCmR4og,2022-07,2022,40.71663030894678,-73.99789916168687,40.716547199999994,-73.9977418,124.87,31.0,2022,2022
1002010013,178 CANAL STREET,DLeLHCzasDYpoH3eXxhtgg,2026-04,2026,40.71663648663185,-73.99789431965836,40.716547199999994,-73.9977418,127.68,31.0,2026,2026
1002010014,174 CANAL STREET,mwbYRh05HVXcE9IzoAbM_A,2009-09,2009,40.71668562336142,-73.99743916843224,40.71645939999999,-73.99760830000001,209.54,56.67,2007,2009
1002010014,174 CANAL STREET,EyY9PW-dRrnbAnOYhfh4Lw,2011-07,2011,40.71668119993585,-73.99743244337645,40.71645939999999,-73.99760830000001,211.0,56.67,2011,2011
1002010014,174 CANAL STREET,5dX4B1Ep9QWuA8dZ9fQnXg,2014-10,2014,40.71667210911189,-73.99747898075758,40.71645939999999,-73.99760830000001,204.74,56.67,2014,2014
1002010014,174 CANAL STREET,akG3ZWO2y__zS_fg0sui_g,2018-09,2018,40.71664893350855,-73.99745172186904,40.71645939999999,-73.99760830000001,212.05,56.67,2018,2018
1002010014,174 CANAL STREET,5TxPg--iYtBbEbPg-WogpA,2022-07,2022,40.71665868004609,-73.99749332753944,40.71645939999999,-73.99760830000001,203.62,56.67,2022,2022
1002010014,174 CANAL STREET,apacottfPgllKntvlr35bA,2026-04,2026,40.7166883868308,-73.9974692966792,40.71645939999999,-73.99760830000001,204.71,56.67,2026,2026
1002010016,172 1/2 CANAL STREET,pNKzHaIpzyOTErCLemwH9w,2009-09,2009,40.71665240576791,-73.99734268627614,40.7164896,-73.9974676,210.18,30.53,2007,2009
1002010016,172 1/2 CANAL STREET,o4ougtmuGTQEsVE1MI_ddA,2011-07,2011,40.71664010836053,-73.99731766905488,40.7164896,-73.9974676,217.05,30.53,2011,2011
1002010016,172 1/2 CANAL STREET,uF-ONGE9JyuBmRO1LPmILA,2014-10,2014,40.71663329079872,-73.99737066251971,40.7164896,-73.9974676,207.08,30.53,2014,2014
1002010016,172 1/2 CANAL STREET,pGl_n2pclpL8YHFJpbMz0w,2018-09,2018,40.7166307995323,-73.99740097011231,40.7164896,-73.9974676,199.68,30.53,2018,2018
1002010016,172 1/2 CANAL STREET,ZH43rOvZ6rq85Riu82uGTg,2022-07,2022,40.71660338135688,-73.99733847190578,40.7164896,-73.9974676,220.7,30.53,2022,2022
1002010016,172 1/2 CANAL STREET,DoEzOBjZmV_V_Pr9p1EIxw,2026-04,2026,40.71665002195668,-73.99736151644055,40.7164896,-73.9974676,206.62,30.53,2026,2026
1002010017,170 CANAL STREET,07g71fasNw6rIIicyPbGxA,2009-09,2009,40.71662358793146,-73.9972144617742,40.71646210000003,-73.9973919,219.79,30.98,2007,2009
1002010017,170 CANAL STREET,tOKJdi9Plt_p-TksUd_bZg,2011-07,2011,40.71660066699606,-73.99721293742647,40.71646210000003,-73.9973919,224.39,30.98,2011,2011
1002010017,170 CANAL STREET,FNAkkEGnC1ULxLC8J_Mf7w,2014-10,2014,40.71658786713056,-73.997243424379,40.71646210000003,-73.9973919,221.82,30.98,2014,2014
1002010017,170 CANAL STREET,vfSI5vy5gUE2Fmo0aTbamQ,2018-09,2018,40.71659749974202,-73.9973081643033,40.71646210000003,-73.9973919,205.11,30.98,2018,2018
1002010017,170 CANAL STREET,xatVfrIlAnlSRK5xIh_RHw,2022-07,2022,40.71656559691564,-73.99723212627363,40.71646210000003,-73.9973919,229.48,30.98,2022,2022
1002010017,170 CANAL STREET,O6I28u1iz9wv9-wsi9vbMA,2026-04,2026,40.7166104364903,-73.99725310846878,40.71646210000003,-73.9973919,215.34,30.98,2026,2026
1002010018,164 CANAL STREET,5kLbJz2_MmEHBiSrXC_f2w,2012-07,2012,40.71634029820829,-73.99711519981064,40.716346899999984,-73.9973594,272.04,42.8,2007,2012
1002010018,164 CANAL STREET,5kLbJz2_MmEHBiSrXC_f2w,2012-07,2012,40.71634029820829,-73.99711519981064,40.716346899999984,-73.9973594,272.04,42.8,2011,2012
1002010018,164 CANAL STREET,lVQnsqS9nDPU9rkhcvtvYQ,2014-09,2014,40.71633446212785,-73.9971213868722,40.716346899999984,-73.9973594,273.94,42.8,2014,2014
1002010018,164 CANAL STREET,NFCB0MYEo2Mj7WuuxsayMg,2019-06,2019,40.71632725612596,-73.99711206144599,40.716346899999984,-73.9973594,275.98,42.8,2018,2019
1002010018,164 CANAL STREET,vU7j7U5-1eLmkrOBf_enhg,2022-07,2022,40.71632807073339,-73.99711833817521,40.716346899999984,-73.9973594,275.88,42.8,2022,2022
1002010018,164 CANAL STREET,II3mmc0YKDjZB4F3bppEIA,2026-04,2026,40.71632507733463,-73.99712542191224,40.716346899999984,-73.9973594,277.02,42.8,2026,2026
1002010020,19 ELIZABETH STREET,UxvwHU7XumC5od_woWk-uQ,2012-07,2012,40.71606153522682,-73.99728565776701,40.7161877,-73.9974893,309.26,50.65,2007,2012
1002010020,19 ELIZABETH STREET,UxvwHU7XumC5od_woWk-uQ,2012-07,2012,40.71606153522682,-73.99728565776701,40.7161877,-73.9974893,309.26,50.65,2011,2012
1002010020,19 ELIZABETH STREET,PHx_6srHrIwp10e9O0PabQ,2014-09,2014,40.71607034718856,-73.99728503009463,40.7161877,-73.9974893,307.16,50.65,2014,2014
1002010020,19 ELIZABETH STREET,po899xuAaKx4X8HOH-pjBQ,2019-06,2019,40.71609077540086,-73.99726844160996,40.7161877,-73.9974893,300.07,50.65,2018,2019
1002010020,19 ELIZABETH STREET,5Zh_u7oyf4TdWNFCS8a5Qg,2022-07,2022,40.71608422310296,-73.99727489766903,40.7161877,-73.9974893,302.49,50.65,2022,2022
1002010020,19 ELIZABETH STREET,f2HXW1HNqayn0VOs-L0-Ig,2026-04,2026,40.71607670791284,-73.99727669101873,40.7161877,-73.9974893,304.56,50.65,2026,2026
1002010026,9 ELIZABETH STREET,40GnS8t0OIR90BeSam4tAg,2012-07,2012,40.71578903716611,-73.99745988160254,40.7158446,-73.9977021,286.84,50.73,2007,2012
1002010026,9 ELIZABETH STREET,40GnS8t0OIR90BeSam4tAg,2012-07,2012,40.71578903716611,-73.99745988160254,40.7158446,-73.9977021,286.84,50.73,2011,2012
1002010026,9 ELIZABETH STREET,rBn_Kcr7XB3QD1nxxDn2aA,2014-09,2014,40.71581853514148,-73.99743863042778,40.7158446,-73.9977021,277.44,50.73,2014,2014
1002010026,9 ELIZABETH STREET,qfN4L92l6Dht-QIOHkMIfA,2017-09,2017,40.71582977796645,-73.9974407824456,40.7158446,-73.9977021,274.28,50.73,2018,2017
1002010026,9 ELIZABETH STREET,CVnQ9pxuMrQ4dAKQdi-B4Q,2022-07,2022,40.71579954757816,-73.99745208053866,40.7158446,-73.9977021,283.37,50.73,2022,2022
1002010026,9 ELIZABETH STREET,gX-00BA4R86JkO4E-iCsnQ,2026-04,2026,40.71580980284212,-73.99744194812189,40.7158446,-73.9977021,280.01,50.73,2026,2026
1002010027,7 ELIZABETH STREET,_WZnH0L6MWxncEHHASQORQ,2012-07,2012,40.71570467394343,-73.99751233702379,40.7157814,-73.9977418,293.8,50.87,2007,2012
1002010027,7 ELIZABETH STREET,_WZnH0L6MWxncEHHASQORQ,2012-07,2012,40.71570467394343,-73.99751233702379,40.7157814,-73.9977418,293.8,50.87,2011,2012
1002010027,7 ELIZABETH STREET,6vrdcJiVTTdjv92CdalI5w,2014-09,2014,40.71568153924638,-73.9975268631379,40.7157814,-73.9977418,301.51,50.87,2014,2014
1002010027,7 ELIZABETH STREET,ehIUogg6LFDmL1cjBavu_w,2019-06,2019,40.71568758475121,-73.99751789640092,40.7157814,-73.9977418,298.93,50.87,2018,2019
1002010027,7 ELIZABETH STREET,XrWG4x9X-a4QQzPXTIL-wA,2022-07,2022,40.71571542158167,-73.99749556922401,40.7157814,-73.9977418,289.47,50.87,2022,2022
1002010027,7 ELIZABETH STREET,ebNH6K81pPCNgqwD4NHZaw,2026-04,2026,40.71570925491849,-73.99750740531813,40.7157814,-73.9977418,292.1,50.87,2026,2026
1002010028,5 ELIZABETH STREET,a48AG-nnw-3Qbg5cBsf3-Q,2012-07,2012,40.71561499894981,-73.9975688274614,40.7157018,-73.9977382,304.06,37.61,2007,2012
1002010028,5 ELIZABETH STREET,a48AG-nnw-3Qbg5cBsf3-Q,2012-07,2012,40.71561499894981,-73.9975688274614,40.7157018,-73.9977382,304.06,37.61,2011,2012
1002010028,5 ELIZABETH STREET,FVH8r-wAw65lOKXpXMui8A,2014-09,2014,40.71565412015992,-73.99754309293078,40.7157018,-73.9977382,287.87,37.61,2014,2014
1002010028,5 ELIZABETH STREET,MaahWCdiwSNdcoXg1K_SYw,2019-06,2019,40.7156070496873,-73.99756649611032,40.7157018,-73.9977382,306.06,37.61,2018,2019
1002010028,5 ELIZABETH STREET,D4reSmEG9voEZdWBiH6knA,2022-07,2022,40.71563602404299,-73.99754793496815,40.7157018,-73.9977382,294.52,37.61,2022,2022
1002010028,5 ELIZABETH STREET,QA0bh8qxPzLVg_k8UvGdDg,2026-04,2026,40.71562626629701,-73.99756264041427,40.7157018,-73.9977382,299.58,37.61,2026,2026
1002010029,60 BAYARD STREET,FvURRWQwW2ZPkCr7W87HRA,2012-07,2012,40.71551455215146,-73.99762702156144,40.71554540000001,-73.9977418,289.52,14.22,2007,2012
1002010029,60 BAYARD STREET,FvURRWQwW2ZPkCr7W87HRA,2012-07,2012,40.71551455215146,-73.99762702156144,40.71554540000001,-73.9977418,289.52,14.22,2011,2012
1002010029,60 BAYARD STREET,MBZ424YauUqMUtKuuas6bA,2014-08,2014,40.71550893207255,-73.99763473295087,40.71554540000001,-73.9977418,294.2,14.22,2014,2014
1002010029,60 BAYARD STREET,i7rmRnHvOaditxU1FoUFPQ,2019-06,2019,40.71552199362115,-73.99761832383112,40.71554540000001,-73.9977418,284.04,14.22,2018,2019
1002010029,60 BAYARD STREET,a0M28cq8X22-L8oTUCXEIw,2022-07,2022,40.71555526095963,-73.99760343905461,40.71554540000001,-73.9977418,264.63,14.22,2022,2022
1002010029,60 BAYARD STREET,mOlIkbHA534cmFD_thYyzQ,2026-04,2026,40.71555422615139,-73.99760890876178,40.71554540000001,-73.9977418,264.99,14.22,2026,2026
1002010030,62 BAYARD STREET,d8N2YN26HShKJsBWoJbD8w,2012-08,2012,40.71545557691385,-73.99797663412636,40.71559209999999,-73.9978573,33.53,38.97,2007,2012
1002010030,62 BAYARD STREET,d8N2YN26HShKJsBWoJbD8w,2012-08,2012,40.71545557691385,-73.99797663412636,40.71559209999999,-73.9978573,33.53,38.97,2011,2012
1002010030,62 BAYARD STREET,oyLUSQpHM_LKiLjvidV2nw,2014-10,2014,40.71545958762259,-73.99798470417034,40.71559209999999,-73.9978573,36.08,38.97,2014,2014
1002010030,62 BAYARD STREET,fP4TmRgjbbITwlGg08nMjQ,2019-10,2019,40.71545910959745,-73.99798452483603,40.71559209999999,-73.9978573,35.95,38.97,2018,2019
1002010030,62 BAYARD STREET,X-Gx0ZEk1NDZ0gz6CisABA,2022-07,2022,40.71546724378808,-73.99800837629738,40.71559209999999,-73.9978573,42.52,38.97,2022,2022
1002010030,62 BAYARD STREET,LQ5MnbFeTRY6r8bnNeixVw,2026-04,2026,40.71546003681516,-73.99798255215865,40.71559209999999,-73.9978573,35.71,38.97,2026,2026
1002010032,66 BAYARD STREET,_CUOnyhcPB5uoDiRL5klcw,2012-08,2012,40.71549652237533,-73.99808665569665,40.715666200000015,-73.99795830000001,29.83,52.09,2007,2012
1002010032,66 BAYARD STREET,_CUOnyhcPB5uoDiRL5klcw,2012-08,2012,40.71549652237533,-73.99808665569665,40.715666200000015,-73.99795830000001,29.83,52.09,2011,2012
1002010032,66 BAYARD STREET,CGfMl2R6cTH_SfQzVRtn7w,2014-10,2014,40.71549496116178,-73.99808522102296,40.715666200000015,-73.99795830000001,29.33,52.09,2014,2014
1002010032,66 BAYARD STREET,IBoPSV7cXMEJiVmy-kxkgA,2019-10,2019,40.71551060905875,-73.99813014423799,40.715666200000015,-73.99795830000001,39.93,52.09,2018,2019
1002010032,66 BAYARD STREET,q9gRSf_ggCfnqYs1awrgQg,2022-07,2022,40.71550304532236,-73.99810925180597,40.715666200000015,-73.99795830000001,35.04,52.09,2022,2022
1002010032,66 BAYARD STREET,rsI7lij-VeeFvJ1SMuUSog,2026-04,2026,40.71549956681759,-73.99808791103614,40.715666200000015,-73.99795830000001,30.52,52.09,2026,2026
1002010033,68 BAYARD STREET,_CUOnyhcPB5uoDiRL5klcw,2012-08,2012,40.71549652237533,-73.99808665569665,40.71569360000001,-73.9980376,10.68,52.17,2007,2012
1002010033,68 BAYARD STREET,_CUOnyhcPB5uoDiRL5klcw,2012-08,2012,40.71549652237533,-73.99808665569665,40.71569360000001,-73.9980376,10.68,52.17,2011,2012
1002010033,68 BAYARD STREET,CGfMl2R6cTH_SfQzVRtn7w,2014-10,2014,40.71549496116178,-73.99808522102296,40.71569360000001,-73.9980376,10.3,52.17,2014,2014
1002010033,68 BAYARD STREET,IBoPSV7cXMEJiVmy-kxkgA,2019-10,2019,40.71551060905875,-73.99813014423799,40.71569360000001,-73.9980376,20.97,52.17,2018,2019
1002010033,68 BAYARD STREET,q9gRSf_ggCfnqYs1awrgQg,2022-07,2022,40.71550304532236,-73.99810925180597,40.71569360000001,-73.9980376,15.91,52.17,2022,2022
1002010033,68 BAYARD STREET,rsI7lij-VeeFvJ1SMuUSog,2026-04,2026,40.71549956681759,-73.99808791103614,40.71569360000001,-73.9980376,11.12,52.17,2026,2026
1002010034,70 BAYARD STREET,uZO-3K7F3E44O0XzjyuC1A,2012-08,2012,40.71552731214396,-73.99817452944012,40.71571830000001,-73.9981098,14.41,52.16,2007,2012
1002010034,70 BAYARD STREET,uZO-3K7F3E44O0XzjyuC1A,2012-08,2012,40.71552731214396,-73.99817452944012,40.71571830000001,-73.9981098,14.41,52.16,2011,2012
1002010034,70 BAYARD STREET,Dk4nZMjsBoCGCorfo3aP2w,2014-10,2014,40.7155311203022,-73.99818968317344,40.71571830000001,-73.9981098,17.93,52.16,2014,2014
1002010034,70 BAYARD STREET,y4ONusZal8JGj8GRrya82Q,2019-10,2019,40.71554783692341,-73.998234696031,40.71571830000001,-73.9981098,29.05,52.16,2018,2019
1002010034,70 BAYARD STREET,QjHP1XJ1wPlalIafxSS5Yw,2022-07,2022,40.71554023676843,-73.99821461061379,40.71571830000001,-73.9981098,24.04,52.16,2022,2022
1002010034,70 BAYARD STREET,QQBKv0b1txP2jasRTmrbsw,2026-04,2026,40.71553670576768,-73.99819981555066,40.71571830000001,-73.9981098,20.59,52.16,2026,2026
1002017501,13 ELIZABETH STREET,i_jqIMsImahDakjpjPQaIA,2012-07,2012,40.71598842883105,-73.99733291252343,40.71603120000001,-73.9975867,282.54,50.77,2007,2012
1002017501,13 ELIZABETH STREET,i_jqIMsImahDakjpjPQaIA,2012-07,2012,40.71598842883105,-73.99733291252343,40.71603120000001,-73.9975867,282.54,50.77,2011,2012
1002017501,13 ELIZABETH STREET,GfcvWM7UEMYG-MZwRr3_og,2014-09,2014,40.71598860524521,-73.99734107226199,40.71603120000001,-73.9975867,282.89,50.77,2014,2014
1002017501,13 ELIZABETH STREET,5OYZxSDakks5pJmZagX9OA,2019-06,2019,40.71601184221417,-73.99731982107404,40.71603120000001,-73.9975867,275.47,50.77,2018,2019
1002017501,13 ELIZABETH STREET,MzaoLHL9tBDzgk-gc6nUkQ,2022-07,2022,40.71596367807283,-73.99735093568172,40.71603120000001,-73.9975867,290.7,50.77,2022,2022
1002017501,13 ELIZABETH STREET,v_mVRMYMH2gdzXgma0l8Ug,2026-04,2026,40.71598263670315,-73.99733515420988,40.71603120000001,-73.9975867,284.29,50.77,2026,2026
1002020002,10 ELIZABETH STREET,40GnS8t0OIR90BeSam4tAg,2012-07,2012,40.71578903716611,-73.99745988160254,40.715704599999995,-73.9972476,117.69,48.99,2007,2012
1002020002,10 ELIZABETH STREET,40GnS8t0OIR90BeSam4tAg,2012-07,2012,40.71578903716611,-73.99745988160254,40.715704599999995,-73.9972476,117.69,48.99,2011,2012
1002020002,10 ELIZABETH STREET,rBn_Kcr7XB3QD1nxxDn2aA,2014-09,2014,40.71581853514148,-73.99743863042778,40.715704599999995,-73.9972476,128.2,48.99,2014,2014
1002020002,10 ELIZABETH STREET,qfN4L92l6Dht-QIOHkMIfA,2017-09,2017,40.71582977796645,-73.9974407824456,40.715704599999995,-73.9972476,130.53,48.99,2018,2017
1002020002,10 ELIZABETH STREET,CVnQ9pxuMrQ4dAKQdi-B4Q,2022-07,2022,40.71579954757816,-73.99745208053866,40.715704599999995,-73.9972476,121.49,48.99,2022,2022
1002020002,10 ELIZABETH STREET,gX-00BA4R86JkO4E-iCsnQ,2026-04,2026,40.71580980284212,-73.99744194812189,40.715704599999995,-73.9972476,125.53,48.99,2026,2026
1002020011,28 ELIZABETH STREET,sxILqqtrDIFSN1KoA7ydWg,2012-07,2012,40.71620743158952,-73.99719796295095,40.7162014,-73.9969915,92.21,36.09,2007,2012
1002020011,28 ELIZABETH STREET,sxILqqtrDIFSN1KoA7ydWg,2012-07,2012,40.71620743158952,-73.99719796295095,40.7162014,-73.9969915,92.21,36.09,2011,2012
1002020011,28 ELIZABETH STREET,i0dj5l5LMB2Fy7uWRHU5Ew,2014-08,2014,40.71625012463704,-73.99717348371598,40.7162014,-73.9969915,109.46,36.09,2014,2014
1002020011,28 ELIZABETH STREET,-sdUqZXrZCFbG6I5z8LfbQ,2019-06,2019,40.71625078723685,-73.99716326161693,40.7162014,-73.9969915,110.77,36.09,2018,2019
1002020011,28 ELIZABETH STREET,JG2Exb_g75s2HQmsaAbN6w,2022-07,2022,40.71624304420637,-73.9971719593679,40.7162014,-73.9969915,106.93,36.09,2022,2022
1002020011,28 ELIZABETH STREET,rJUWLFgQNvN_OwDmIEiZKQ,2026-04,2026,40.71623218304604,-73.99718047778343,40.7162014,-73.9969915,102.13,36.09,2026,2026
1002020012,160 CANAL STREET,KBKBgl6bqq0ruFyY4CUvIQ,2012-07,2012,40.71640812133217,-73.99707431139876,40.71630840000001,-73.9969626,139.67,26.57,2007,2012
1002020012,160 CANAL STREET,KBKBgl6bqq0ruFyY4CUvIQ,2012-07,2012,40.71640812133217,-73.99707431139876,40.71630840000001,-73.9969626,139.67,26.57,2011,2012
1002020012,160 CANAL STREET,QKj8gfhn4SeTtdjw3hZ2mw,2014-09,2014,40.71639918500728,-73.9970836368268,40.71630840000001,-73.9969626,134.7,26.57,2014,2014
1002020012,160 CANAL STREET,RmZp60PK9cOnXv1_mTi-2Q,2019-06,2019,40.71640137135388,-73.99706713799226,40.71630840000001,-73.9969626,139.56,26.57,2018,2019
1002020012,160 CANAL STREET,TC7y49okftGX_Sq9OFjfzQ,2022-07,2022,40.71639793052357,-73.99707744976402,40.71630840000001,-73.9969626,135.8,26.57,2022,2022
1002020012,160 CANAL STREET,bect5VOFABs2W_LhENOVJQ,2026-04,2026,40.71639611260164,-73.99708058812921,40.71630840000001,-73.9969626,134.44,26.57,2026,2026
1002020014,158 CANAL STREET,afOJcAGHaChRX8Lsnlginw,2011-07,2011,40.71642744429925,-73.99674352741263,40.7162755,-73.9968688,212.0,28.91,2007,2011
1002020014,158 CANAL STREET,afOJcAGHaChRX8Lsnlginw,2011-07,2011,40.71642744429925,-73.99674352741263,40.7162755,-73.9968688,212.0,28.91,2011,2011
1002020014,158 CANAL STREET,wDkC1ERPvfOY1lJxGwpb6Q,2014-10,2014,40.71641951011944,-73.99676630301578,40.7162755,-73.9968688,208.35,28.91,2014,2014
1002020014,158 CANAL STREET,pXZHTMWjvgVRDOlAzSZ-ZQ,2018-09,2018,40.71642291469702,-73.99680414279139,40.7162755,-73.9968688,198.39,28.91,2018,2018
1002020014,158 CANAL STREET,Av0oxWGQi9SMI8eoZPEulA,2022-07,2022,40.71641271169954,-73.99679176864757,40.7162755,-73.9968688,203.05,28.91,2022,2022
1002020014,158 CANAL STREET,lYfwhZZ98BOHJq4TpdmVjQ,2026-04,2026,40.71641716576319,-73.99680190109873,40.7162755,-73.9968688,199.69,28.91,2026,2026
1002020015,156 CANAL STREET,K9K8hxvwXfWDhyM5XNXuRg,2011-07,2011,40.71639216976094,-73.99664265118507,40.716195899999995,-73.9968147,213.6,48.57,2007,2011
1002020015,156 CANAL STREET,K9K8hxvwXfWDhyM5XNXuRg,2011-07,2011,40.71639216976094,-73.99664265118507,40.716195899999995,-73.9968147,213.6,48.57,2011,2011
1002020015,156 CANAL STREET,7MGZBzrw1oaD20S5z6qsNA,2014-10,2014,40.71639444519081,-73.99670550828955,40.716195899999995,-73.9968147,202.63,48.57,2014,2014
1002020015,156 CANAL STREET,9mxvv9saiz5IWb_anyFtAw,2018-09,2018,40.71638654584591,-73.99669501716227,40.716195899999995,-73.9968147,205.45,48.57,2018,2018
1002020015,156 CANAL STREET,K7mLaQEoV7fb_9tsYxwrIA,2022-07,2022,40.71637607083813,-73.9966855123798,40.716195899999995,-73.9968147,208.52,48.57,2022,2022
1002020015,156 CANAL STREET,AJ-mYjT4OLjB33JdIMdj_Q,2026-04,2026,40.71636206535945,-73.99669313413936,40.716195899999995,-73.9968147,209.01,48.57,2026,2026
1002020018,54 BOWERY,SM2vgzW9nY7QVQPQYlKmiQ,2011-07,2011,40.71632110354425,-73.9964478926648,40.716141,-73.996573,207.77,37.61,2007,2011
1002020018,54 BOWERY,SM2vgzW9nY7QVQPQYlKmiQ,2011-07,2011,40.71632110354425,-73.9964478926648,40.716141,-73.996573,207.77,37.61,2011,2011
1002020018,54 BOWERY,abfTo7s5FLtwTbB-CtVQ8Q,2014-10,2014,40.71630663961099,-73.99649111257452,40.716141,-73.996573,200.54,37.61,2014,2014
1002020018,54 BOWERY,Dmrvz85bxDRDMjIC7xUeMA,2018-09,2018,40.71629494288288,-73.99643309746527,40.716141,-73.996573,214.56,37.61,2018,2018
1002020018,54 BOWERY,LBeJZ_ZgltivBag1mDAgcQ,2022-07,2022,40.71630474673696,-73.99647882807835,40.716141,-73.996573,203.55,37.61,2022,2022
1002020018,54 BOWERY,YHT5PbjJVFzt5s5IIhrXgA,2026-04,2026,40.7162894156186,-73.99648295279978,40.716141,-73.996573,204.7,37.61,2026,2026
1002020023,50 BOWERY,gWL221CtzTMk726uG3jiWQ,2011-06,2011,40.71579834095756,-73.99642700004937,40.715992800000016,-73.9968292,302.53,104.83,2007,2011
1002020023,50 BOWERY,gWL221CtzTMk726uG3jiWQ,2011-06,2011,40.71579834095756,-73.99642700004937,40.715992800000016,-73.9968292,302.53,104.83,2011,2011
1002020023,50 BOWERY,gO1H_7U8FbXa1gw5MJDsqA,2014-08,2014,40.71577744426985,-73.99644932735077,40.715992800000016,-73.9968292,306.79,104.83,2014,2014
1002020023,50 BOWERY,k2kZxunsK3FSFA3JKQguhw,2018-06,2018,40.71582704640578,-73.99638207643505,40.715992800000016,-73.9968292,296.06,104.83,2018,2018
1002020023,50 BOWERY,YWKyJRLs4ErZkdnd-70yrQ,2022-07,2022,40.71576811727093,-73.99642664137784,40.715992800000016,-73.9968292,306.37,104.83,2022,2022
1002020023,50 BOWERY,gfS_Ns-HjjTIz2Ff3BPfLA,2026-04,2026,40.71580498136566,-73.99642063362961,40.715992800000016,-73.9968292,301.24,104.83,2026,2026
1002020025,46 BOWERY,QG9YacBe41EHjfjJCXoANg,2011-06,2011,40.71563174259705,-73.99653307712482,40.7158034,-73.996959,298.0,103.93,2007,2011
1002020025,46 BOWERY,QG9YacBe41EHjfjJCXoANg,2011-06,2011,40.71563174259705,-73.99653307712482,40.7158034,-73.996959,298.0,103.93,2011,2011
1002020025,46 BOWERY,oLdXFI5DbQZ00hRJuRdzUA,2014-10,2014,40.71559422129197,-73.99652913174013,40.7158034,-73.996959,302.7,103.93,2014,2014
1002020025,46 BOWERY,ST_42qgsRPQ0969-0L-faA,2018-06,2018,40.71561870154654,-73.99650707345157,40.7158034,-73.996959,298.33,103.93,2018,2018
1002020025,46 BOWERY,HSv4l0RW34-DgtPENV-inQ,2022-07,2022,40.71563528067596,-73.99651281219356,40.7158034,-73.996959,296.43,103.93,2022,2022
1002020025,46 BOWERY,st7tLnFD_0coLCjln1YfAg,2026-04,2026,40.71563558964342,-73.99653307712482,40.7158034,-73.996959,297.47,103.93,2026,2026
1002020028,44 BOWERY,qsSI9RMyODFMDsLM-pY9_A,2011-06,2011,40.71555891330469,-73.99658069073807,40.7156414,-73.9968761,290.22,63.54,2007,2011
1002020028,44 BOWERY,qsSI9RMyODFMDsLM-pY9_A,2011-06,2011,40.71555891330469,-73.99658069073807,40.7156414,-73.9968761,290.22,63.54,2011,2011
1002020028,44 BOWERY,Lmz-p4gsoRTD7ie394Q9Qw,2014-08,2014,40.71556421298739,-73.99657710402562,40.7156414,-73.9968761,288.81,63.54,2014,2014
1002020028,44 BOWERY,CxwXg76C1UX9jkZztL1xbQ,2018-06,2018,40.71553716453848,-73.99655764610941,40.7156414,-73.9968761,293.36,63.54,2018,2018
1002020028,44 BOWERY,TzhIh4M-e3BtNjMSnc7M7g,2022-07,2022,40.71555358268719,-73.99656490920279,40.7156414,-73.9968761,290.42,63.54,2022,2022
1002020028,44 BOWERY,UMZ_negenJlqPYzI3m6CSw,2026-04,2026,40.71555361018432,-73.99658212542303,40.7156414,-73.9968761,291.5,63.54,2026,2026
1002020029,42 BOWERY,maL7Lfl8FwMUY8jrq3HsXw,2011-06,2011,40.71547986971179,-73.99663395341007,40.71560299999999,-73.9969013,301.28,64.12,2007,2011
1002020029,42 BOWERY,maL7Lfl8FwMUY8jrq3HsXw,2011-06,2011,40.71547986971179,-73.99663395341007,40.71560299999999,-73.9969013,301.28,64.12,2011,2011
1002020029,42 BOWERY,rH9d_9BfPKjP4-dLFEwJOQ,2014-08,2014,40.715441652039,-73.99665063161746,40.71560299999999,-73.9969013,310.34,64.12,2014,2014
1002020029,42 BOWERY,5hujv5GPbKm0xWA85S60wQ,2018-06,2018,40.71545522133419,-73.99660588739114,40.71560299999999,-73.9969013,303.42,64.12,2018,2018
1002020029,42 BOWERY,QlsdmTjRVJYcjBg-O06TpQ,2022-07,2022,40.71547187696621,-73.9966201445706,40.71560299999999,-73.9969013,301.6,64.12,2022,2022
1002020029,42 BOWERY,zPTltoEIwdTMd4yO_Rntqg,2026-04,2026,40.71547293834206,-73.99663135304426,40.71560299999999,-73.9969013,302.44,64.12,2026,2026
1002020030,40 BOWERY,maL7Lfl8FwMUY8jrq3HsXw,2011-06,2011,40.71547986971179,-73.99663395341007,40.7155618,-73.9969266,290.27,64.31,2007,2011
1002020030,40 BOWERY,maL7Lfl8FwMUY8jrq3HsXw,2011-06,2011,40.71547986971179,-73.99663395341007,40.7155618,-73.9969266,290.27,64.31,2011,2011
1002020030,40 BOWERY,rH9d_9BfPKjP4-dLFEwJOQ,2014-08,2014,40.715441652039,-73.99665063161746,40.7155618,-73.9969266,299.87,64.31,2014,2014
1002020030,40 BOWERY,5hujv5GPbKm0xWA85S60wQ,2018-06,2018,40.71545522133419,-73.99660588739114,40.7155618,-73.9969266,293.67,64.31,2018,2018
1002020030,40 BOWERY,QlsdmTjRVJYcjBg-O06TpQ,2022-07,2022,40.71547187696621,-73.9966201445706,40.7155618,-73.9969266,291.16,64.31,2022,2022
1002020030,40 BOWERY,zPTltoEIwdTMd4yO_Rntqg,2026-04,2026,40.71547293834206,-73.99663135304426,40.7155618,-73.9969266,291.66,64.31,2026,2026
1002027501,2 ELIZABETH STREET,90FUReGlAGiihn5GE5GOgw,2012-08,2012,40.71521261544763,-73.9973234077726,40.71543009999999,-73.99717190000001,27.84,64.95,2007,2012
1002027501,2 ELIZABETH STREET,90FUReGlAGiihn5GE5GOgw,2012-08,2012,40.71521261544763,-73.9973234077726,40.71543009999999,-73.99717190000001,27.84,64.95,2011,2012
1002027501,2 ELIZABETH STREET,uXVG0IJgnUWl5MFfT7gbig,2014-08,2014,40.71522059511132,-73.99731318568156,40.71543009999999,-73.99717190000001,27.07,64.95,2014,2014
1002027501,2 ELIZABETH STREET,YDx1cffF_y27_Vjnuqi_pQ,2019-10,2019,40.71523943527576,-73.99735721240313,40.71543009999999,-73.99717190000001,36.38,64.95,2018,2019
1002027501,2 ELIZABETH STREET,pF82pqDj0bi4Ecau312Wvg,2023-04,2023,40.71522942268692,-73.99733022249966,40.71543009999999,-73.99717190000001,30.88,64.95,2022,2023
1002027501,2 ELIZABETH STREET,1Q-wBeBqGhlUTTdSkDkPkw,2026-04,2026,40.71523107216337,-73.99733972725015,40.71543009999999,-73.99717190000001,32.58,64.95,2026,2026
1002030002,38 ELIZABETH STREET,19EXH9zvw0-fPRTETDp3AA,2013-08,2013,40.71649034346882,-73.99672909090688,40.71667070000001,-73.9966127,26.06,38.44,2007,2013
1002030002,38 ELIZABETH STREET,19EXH9zvw0-fPRTETDp3AA,2013-08,2013,40.71649034346882,-73.99672909090688,40.71667070000001,-73.9966127,26.06,38.44,2011,2013
1002030002,38 ELIZABETH STREET,6y5szayk7e9mF_yXjizSVw,2014-09,2014,40.71650225464492,-73.99668542271203,40.71667070000001,-73.9966127,18.12,38.44,2014,2014
1002030002,38 ELIZABETH STREET,tz0AtLmiDnX6VPxH5GG-VQ,2018-10,2018,40.71647330464951,-73.99666372311255,40.71667070000001,-73.9966127,11.08,38.44,2018,2018
1002030002,38 ELIZABETH STREET,U5TdTZZHe-fnFlTSdB_9yQ,2023-04,2023,40.71650661024525,-73.99668900942245,40.71667070000001,-73.9966127,19.42,38.44,2022,2023
1002030002,38 ELIZABETH STREET,XAFdsQRhvM95354u-Huuzg,2026-04,2026,40.7165065322333,-73.99668739540277,40.71667070000001,-73.9966127,19.03,38.44,2026,2026
1002030005,44 ELIZABETH STREET,ZxK17wpEAUuWbc27tf0zGQ,2009-09,2009,40.717011367675,-73.99670425294102,40.71694519999999,-73.9964756,110.9,48.29,2007,2009
1002030005,44 ELIZABETH STREET,VLP9A4f9uNV3_VZcrPNG8A,2012-07,2012,40.71702341675501,-73.99669187879074,40.71694519999999,-73.9964756,115.51,48.29,2011,2012
1002030005,44 ELIZABETH STREET,6jv12cl_TYwvA9xKasR__A,2014-09,2014,40.71701338900113,-73.99670254925371,40.71694519999999,-73.9964756,111.62,48.29,2014,2014
1002030005,44 ELIZABETH STREET,X3PjoczI_d6Ht-gzsAl0hQ,2019-06,2019,40.71698049154372,-73.99672003446481,40.71694519999999,-73.9964756,100.78,48.29,2018,2019
1002030005,44 ELIZABETH STREET,B5RO93DooXZ4YE-1e7pHqg,2022-07,2022,40.71703669060039,-73.99668282234693,40.71694519999999,-73.9964756,120.22,48.29,2022,2022
1002030005,44 ELIZABETH STREET,Zj_nldC44Sr_kB6RiphNbQ,2026-04,2026,40.71702764000278,-73.9966913407842,40.71694519999999,-73.9964756,116.76,48.29,2026,2026
1002030010,54 ELIZABETH STREET,waKx7LKPEGen5c_TvWPjNQ,2009-09,2009,40.71725750567304,-73.99655271437918,40.71717569999999,-73.9963205,114.93,50.56,2007,2009
1002030010,54 ELIZABETH STREET,FxPipmRb2M3K0luoGEO37g,2012-07,2012,40.71731745967294,-73.99651326053277,40.71717569999999,-73.9963205,134.14,50.56,2011,2012
1002030010,54 ELIZABETH STREET,K61WNgFkA1b73jitWjzJsw,2014-09,2014,40.71729562525788,-73.99653056642549,40.71717569999999,-73.9963205,126.99,50.56,2014,2014
1002030010,54 ELIZABETH STREET,h8qR0M0voEdqbawNErnttA,2019-06,2019,40.71727542291667,-73.99653863653036,40.71717569999999,-73.9963205,121.1,50.56,2018,2019
1002030010,54 ELIZABETH STREET,bC6kTll5u2YowHDI1xBBFg,2022-07,2022,40.71731874284716,-73.99651379853981,40.71717569999999,-73.9963205,134.31,50.56,2022,2022
1002030010,54 ELIZABETH STREET,26jH8qhdSg_mGqLAEt8j3g,2024-05,2024,40.71727663499129,-73.99660463204197,40.71717569999999,-73.9963205,115.11,50.56,2026,2024
1002030015,58 ELIZABETH STREET,zDBU0aiz2YgZdyMuTX7YGA,2009-09,2009,40.71744012878616,-73.9964394638846,40.71737339999999,-73.9962267,112.48,42.7,2007,2009
1002030015,58 ELIZABETH STREET,OH4k_VDOSN9s3EsphTvHAQ,2012-07,2012,40.71745240141555,-73.99642547569536,40.71737339999999,-73.9962267,117.67,42.7,2011,2012
1002030015,58 ELIZABETH STREET,ddPlOq538KrlW0GlVHUaSA,2014-09,2014,40.71745197018498,-73.99643094543615,40.71737339999999,-73.9962267,116.91,42.7,2014,2014
1002030015,58 ELIZABETH STREET,JYch4CJh9buKH0MUxIzOoQ,2019-06,2019,40.71743524609285,-73.99643641517677,40.71737339999999,-73.9962267,111.26,42.7,2018,2019
1002030015,58 ELIZABETH STREET,p1-VUtxXieOqcUlW53d7vg,2022-07,2022,40.71743079423361,-73.99644331960326,40.71737339999999,-73.9962267,109.27,42.7,2022,2022
1002030015,58 ELIZABETH STREET,kHqqr4FEq9DMMKIdTXcmzQ,2024-05,2024,40.71746832738141,-73.9964867188497,40.71737339999999,-73.9962267,115.72,42.7,2026,2024
1002030016,144 HESTER STREET,LBKNYA1CN9ViPubICuRFMA,2009-04,2009,40.71748062106548,-73.99598511621579,40.7173157,-73.9960607,199.16,42.35,2007,2009
1002030016,144 HESTER STREET,qVNlxotnxS3AlT5WWlNCjw,2011-07,2011,40.71747264406098,-73.99595758811047,40.7173157,-73.9960607,206.47,42.35,2011,2011
1002030016,144 HESTER STREET,knl0OHADTr4xFG2sUGhdiw,2014-09,2014,40.71748401048141,-73.99598986862445,40.7173157,-73.9960607,197.69,42.35,2014,2014
1002030016,144 HESTER STREET,NccFk2LGJ5fwbFD3oRLa-w,2018-07,2018,40.71748077830662,-73.99597345936385,40.7173157,-73.9960607,201.83,42.35,2018,2018
1002030016,144 HESTER STREET,MrM0Los7F6Hg-pN6r2i0eQ,2022-07,2022,40.71748417925199,-73.99599318634364,40.7173157,-73.9960607,196.89,42.35,2022,2022
1002030016,144 HESTER STREET,1sdJOVMdlHvLLJQi-baLuw,2024-09,2024,40.71748719849482,-73.99597883944946,40.7173157,-73.9960607,199.89,42.35,2026,2024
1002030017,140 HESTER STREET,lX9qU_3FbWCPu3iBGQTjRQ,2009-04,2009,40.71741346855765,-73.99580093787235,40.717268999999995,-73.9958299,188.64,30.48,2007,2009
1002030017,140 HESTER STREET,Y90dbPQSbroyefMsJXM_Fw,2011-06,2011,40.71741576179841,-73.99579636479535,40.717268999999995,-73.9958299,189.83,30.48,2011,2011
1002030017,140 HESTER STREET,4zxzd8Q7d5KwvY4SFEpGCg,2014-09,2014,40.7173978967885,-73.99574910966004,40.717268999999995,-73.9958299,205.41,30.48,2014,2014
1002030017,140 HESTER STREET,-0ULOOpa6JPa_IgJAx2vMA,2018-07,2018,40.71740455079596,-73.99577475476339,40.717268999999995,-73.9958299,197.14,30.48,2018,2018
1002030017,140 HESTER STREET,z_6skWLEqtgmvP2RmziRkQ,2022-07,2022,40.71741078747927,-73.9957910743728,40.717268999999995,-73.9958299,191.73,30.48,2022,2022
1002030017,140 HESTER STREET,ZscGvd8fzraydur9O24MTw,2024-09,2024,40.7174096719307,-73.99576193221213,40.717268999999995,-73.9958299,200.11,30.48,2026,2024
1002030020,84 BOWERY,biUS0uu6JKCMfGwbgHnf4A,2014-09,2014,40.71699111518829,-73.99567898911523,40.71711810000001,-73.9959453,302.17,59.06,2007,2014
1002030020,84 BOWERY,biUS0uu6JKCMfGwbgHnf4A,2014-09,2014,40.71699111518829,-73.99567898911523,40.71711810000001,-73.9959453,302.17,59.06,2011,2014
1002030020,84 BOWERY,biUS0uu6JKCMfGwbgHnf4A,2014-09,2014,40.71699111518829,-73.99567898911523,40.71711810000001,-73.9959453,302.17,59.06,2014,2014
1002030020,84 BOWERY,tsmPvXVhchHaOwdBfUUtqQ,2017-11,2017,40.71701269577477,-73.99565244731663,40.71711810000001,-73.9959453,295.4,59.06,2018,2017
1002030020,84 BOWERY,rPPx53frecB6QdFG_ypKxA,2022-07,2022,40.71700277190856,-73.99569629508326,40.71711810000001,-73.9959453,301.43,59.06,2022,2022
1002030020,84 BOWERY,WvmNXxgY8sBi-5QmlnSJsQ,2026-04,2026,40.71697289024845,-73.9956424941412,40.71711810000001,-73.9959453,302.32,59.06,2026,2026
1002030021,80 BOWERY,My_whDcwV1U6yl89IVRMtA,2014-08,2014,40.71689384862191,-73.99576542927166,40.71702480000001,-73.996003,306.03,59.27,2007,2014
1002030021,80 BOWERY,My_whDcwV1U6yl89IVRMtA,2014-08,2014,40.71689384862191,-73.99576542927166,40.71702480000001,-73.996003,306.03,59.27,2011,2014
1002030021,80 BOWERY,My_whDcwV1U6yl89IVRMtA,2014-08,2014,40.71689384862191,-73.99576542927166,40.71702480000001,-73.996003,306.03,59.27,2014,2014
1002030021,80 BOWERY,xXrLWNsXoVnhr5bM421cQw,2017-11,2017,40.71689076643489,-73.99572507858107,40.71702480000001,-73.996003,302.47,59.27,2018,2017
1002030021,80 BOWERY,9aMSc_sJKbZOClr_KRksLQ,2022-07,2022,40.71690469761511,-73.99575735913422,40.71702480000001,-73.996003,302.83,59.27,2022,2022
1002030021,80 BOWERY,pl67hGRKiozRaAWmU0EwVw,2026-04,2026,40.71688773104552,-73.99569037698038,40.71702480000001,-73.996003,300.05,59.27,2026,2026
1002030023,78 BOWERY,xD6Jk-yvHMyjoMUvgHH5MQ,2014-09,2014,40.71680212592287,-73.99578937067739,40.71692600000001,-73.99604270000002,302.83,54.1,2007,2014
1002030023,78 BOWERY,xD6Jk-yvHMyjoMUvgHH5MQ,2014-09,2014,40.71680212592287,-73.99578937067739,40.71692600000001,-73.99604270000002,302.83,54.1,2011,2014
1002030023,78 BOWERY,xD6Jk-yvHMyjoMUvgHH5MQ,2014-09,2014,40.71680212592287,-73.99578937067739,40.71692600000001,-73.99604270000002,302.83,54.1,2014,2014
1002030023,78 BOWERY,V0Lqkd9X-e_yPEnwp0s2Og,2017-11,2017,40.71680773613728,-73.99577574111343,40.71692600000001,-73.99604270000002,300.31,54.1,2018,2017
1002030023,78 BOWERY,ZCuGNHgX5kS5pmxwmlTHGQ,2022-07,2022,40.71681923070082,-73.9958094563488,40.71692600000001,-73.99604270000002,301.13,54.1,2022,2022
1002030023,78 BOWERY,YD2_6hyAhzb1PDuh7q6KUw,2026-04,2026,40.71680518717192,-73.99573861848042,40.71692600000001,-73.99604270000002,297.66,54.1,2026,2026
1002030024,76 BOWERY,VIlyKKSYsZOOtc_y4FXbcg,2014-09,2014,40.71675618369328,-73.99581752648405,40.71686560000002,-73.9960824,298.59,54.83,2007,2014
1002030024,76 BOWERY,VIlyKKSYsZOOtc_y4FXbcg,2014-09,2014,40.71675618369328,-73.99581752648405,40.71686560000002,-73.9960824,298.59,54.83,2011,2014
1002030024,76 BOWERY,VIlyKKSYsZOOtc_y4FXbcg,2014-09,2014,40.71675618369328,-73.99581752648405,40.71686560000002,-73.9960824,298.59,54.83,2014,2014
1002030024,76 BOWERY,QKEBV8l2cNrk3yrAF40mcg,2017-11,2017,40.71672772116425,-73.99582532761445,40.71686560000002,-73.9960824,305.28,54.83,2018,2017
1002030024,76 BOWERY,oVUt5nUI7pudkbXHT9jxkA,2022-07,2022,40.71674631199645,-73.99585482843808,40.71686560000002,-73.9960824,304.67,54.83,2022,2022
1002030024,76 BOWERY,9fT7pSu0jv1ks1vNPqrAag,2026-04,2026,40.71674385314359,-73.99585025536237,40.71686560000002,-73.9960824,304.68,54.83,2026,2026
1002030025,74 BOWERY,VIlyKKSYsZOOtc_y4FXbcg,2014-09,2014,40.71675618369328,-73.99581752648405,40.7168162,-73.9961618,282.95,67.22,2007,2014
1002030025,74 BOWERY,VIlyKKSYsZOOtc_y4FXbcg,2014-09,2014,40.71675618369328,-73.99581752648405,40.7168162,-73.9961618,282.95,67.22,2011,2014
1002030025,74 BOWERY,VIlyKKSYsZOOtc_y4FXbcg,2014-09,2014,40.71675618369328,-73.99581752648405,40.7168162,-73.9961618,282.95,67.22,2014,2014
1002030025,74 BOWERY,QKEBV8l2cNrk3yrAF40mcg,2017-11,2017,40.71672772116425,-73.99582532761445,40.7168162,-73.9961618,289.13,67.22,2018,2017
1002030025,74 BOWERY,oVUt5nUI7pudkbXHT9jxkA,2022-07,2022,40.71674631199645,-73.99585482843808,40.7168162,-73.9961618,286.72,67.22,2022,2022
1002030025,74 BOWERY,9fT7pSu0jv1ks1vNPqrAag,2026-04,2026,40.71674385314359,-73.99585025536237,40.7168162,-73.9961618,287.03,67.22,2026,2026
1002030026,70 BOWERY,40ct5rJIJu3SScr0cFHauw,2014-09,2014,40.71664140591396,-73.995889530009,40.716728299999986,-73.9962375,288.24,72.42,2007,2014
1002030026,70 BOWERY,40ct5rJIJu3SScr0cFHauw,2014-09,2014,40.71664140591396,-73.995889530009,40.716728299999986,-73.9962375,288.24,72.42,2011,2014
1002030026,70 BOWERY,40ct5rJIJu3SScr0cFHauw,2014-09,2014,40.71664140591396,-73.995889530009,40.716728299999986,-73.9962375,288.24,72.42,2014,2014
1002030026,70 BOWERY,AMfvBYpqlo3Ea__d9YShWw,2017-11,2017,40.71664647889568,-73.99587796281939,40.716728299999986,-73.9962375,286.71,72.42,2018,2017
1002030026,70 BOWERY,sbqyFRw_UXbtPZQw0tZ6xA,2022-07,2022,40.7166664604454,-73.99590450458678,40.716728299999986,-73.9962375,283.77,72.42,2022,2022
1002030026,70 BOWERY,wAvjFMsJ-lMwVcknDOfIeQ,2026-04,2026,40.71663894056501,-73.99592001717207,40.716728299999986,-73.9962375,290.37,72.42,2026,2026
1002030031,64 BOWERY,upaW25ci0CvwZkRxW6F8NQ,2013-08,2013,40.71636709259255,-73.99637006093562,40.716552699999994,-73.9962772,20.77,40.05,2007,2013
1002030031,64 BOWERY,upaW25ci0CvwZkRxW6F8NQ,2013-08,2013,40.71636709259255,-73.99637006093562,40.716552699999994,-73.9962772,20.77,40.05,2011,2013
1002030031,64 BOWERY,ezS4QXB-K0laWtL3yXwzgg,2014-09,2014,40.71636778699917,-73.99634836130042,40.716552699999994,-73.9962772,16.26,40.05,2014,2014
1002030031,64 BOWERY,Pqmfw8ClMRdNNUpeShDASg,2018-10,2018,40.71637471654956,-73.99631850188103,40.716552699999994,-73.9962772,9.98,40.05,2018,2018
1002030031,64 BOWERY,3dcORly77vLwFXRn40uHGg,2023-04,2023,40.71638932348521,-73.9963645911931,40.716552699999994,-73.9962772,22.07,40.05,2022,2023
1002030031,64 BOWERY,mmA9u-J0jDOrzA8YMlt9WQ,2026-04,2026,40.71636177318148,-73.99636127348035,40.716552699999994,-73.9962772,18.46,40.05,2026,2026
1002037501,86 BOWERY,aw_dgMEpwjSqbUcfHjzAMQ,2014-09,2014,40.71710905858728,-73.99561388996753,40.71717569999999,-73.99589120000002,287.59,54.29,2007,2014
1002037501,86 BOWERY,aw_dgMEpwjSqbUcfHjzAMQ,2014-09,2014,40.71710905858728,-73.99561388996753,40.71717569999999,-73.99589120000002,287.59,54.29,2011,2014
1002037501,86 BOWERY,aw_dgMEpwjSqbUcfHjzAMQ,2014-09,2014,40.71710905858728,-73.99561388996753,40.71717569999999,-73.99589120000002,287.59,54.29,2014,2014
1002037501,86 BOWERY,p8YQbixI-JJpe10XRLx8dQ,2017-11,2017,40.71709286277191,-73.9956039367901,40.71717569999999,-73.99589120000002,290.83,54.29,2018,2017
1002037501,86 BOWERY,K8-aTD5p4GYPBL0e-6MtbQ,2022-07,2022,40.71706923377928,-73.99565433034975,40.71717569999999,-73.99589120000002,300.67,54.29,2022,2022
1002037501,86 BOWERY,2R3jCtBDtbTp20_LGmCYkg,2024-05,2024,40.71713712786704,-73.99570544124192,40.71717569999999,-73.99589120000002,285.32,54.29,2026,2024
1002040001,94 MOTT STREET,IyYKIySnu7UNl5x8m5CPiA,2009-06,2009,40.71720477879363,-73.99753574020711,40.717134600000016,-73.9972873,110.44,52.33,2007,2009
1002040001,94 MOTT STREET,fgfZQ9ZXEyJQcTnNLbRm3g,2012-07,2012,40.717200402112,-73.99753466419874,40.717134600000016,-73.9972873,109.34,52.33,2011,2012
1002040001,94 MOTT STREET,pblxacS2omtEm7s9h4oJEw,2014-10,2014,40.71722826454007,-73.99752103475892,40.717134600000016,-73.9972873,117.87,52.33,2014,2014
1002040001,94 MOTT STREET,NJRp_38Cq2XkDtFDNVsbhw,2018-07,2018,40.71722133864567,-73.99752964282628,40.717134600000016,-73.9972873,115.28,52.33,2018,2018
1002040001,94 MOTT STREET,UgwIynhNf0MBJfjFzzOv7g,2022-07,2022,40.71719992838315,-73.99753717488493,40.717134600000016,-73.9972873,109.03,52.33,2022,2022
1002040001,94 MOTT STREET,RxMMU7wURqtEKzWUJGeKSA,2026-04,2026,40.71723050874162,-73.99751717906196,40.717134600000016,-73.9972873,118.83,52.33,2026,2026
1002040004,100 MOTT STREET,for2WGO8KwvEqhEUOzmLlg,2009-06,2009,40.71729071007696,-73.99748265712053,40.7172609,-73.9972079,98.15,52.3,2007,2009
1002040004,100 MOTT STREET,iOQ1SJISJEvpElalwQrnrw,2012-07,2012,40.71729878941172,-73.99747207636842,40.7172609,-73.9972079,100.72,52.3,2011,2012
1002040004,100 MOTT STREET,QdTEerwFY6x0Jv1j170gJw,2014-10,2014,40.71731498136179,-73.99746391663545,40.7172609,-73.9972079,105.57,52.3,2014,2014
1002040004,100 MOTT STREET,xKmAA90BOa-0__c2VAXoeA,2018-07,2018,40.71730306194063,-73.9974788014228,40.7172609,-73.9972079,101.6,52.3,2018,2018
1002040004,100 MOTT STREET,csL9DmhbjdLlooTas_ei0g,2022-07,2022,40.7172777446237,-73.99748803716378,40.7172609,-73.9972079,94.54,52.3,2022,2022
1002040004,100 MOTT STREET,s3c_SYFOXKJie0xbFV4COw,2026-04,2026,40.7173087919322,-73.9974692070118,40.7172609,-73.9972079,103.59,52.3,2026,2026
1002040005,102 MOTT STREET,RL9RZac5FIFfGOyths0IXg,2009-06,2009,40.71744543275229,-73.99738967201623,40.7173569,-73.9971502,116.0,51.61,2007,2009
1002040005,102 MOTT STREET,vp-YvIEGPqB3tIXajeZXLA,2012-07,2012,40.7174424968284,-73.99738545764687,40.7173569,-73.9971502,115.64,51.61,2011,2012
1002040005,102 MOTT STREET,QmslyGxaw821qGSlFuccVA,2014-10,2014,40.71748168359399,-73.99736232344755,40.7173569,-73.9971502,127.82,51.61,2014,2014
1002040005,102 MOTT STREET,1yMzh6vD9piVKubPhlTcXA,2018-07,2018,40.71744456659248,-73.99739047902311,40.7173569,-73.9971502,115.71,51.61,2018,2018
1002040005,102 MOTT STREET,QBkJRLaJwXtZ1XX4RlrNYg,2022-07,2022,40.7174484676661,-73.99738500930971,40.7173569,-73.9971502,117.23,51.61,2022,2022
1002040005,102 MOTT STREET,SnYhsckPAgvhABpV51XyIA,2026-04,2026,40.71747179554367,-73.99736599981274,40.7173569,-73.9971502,125.09,51.61,2026,2026
1002040016,59 ELIZABETH STREET,zDBU0aiz2YgZdyMuTX7YGA,2009-09,2009,40.71744012878616,-73.9964394638846,40.71747220000001,-73.9966163,283.46,30.74,2007,2009
1002040016,59 ELIZABETH STREET,OH4k_VDOSN9s3EsphTvHAQ,2012-07,2012,40.71745240141555,-73.99642547569536,40.71747220000001,-73.9966163,277.79,30.74,2011,2012
1002040016,59 ELIZABETH STREET,ddPlOq538KrlW0GlVHUaSA,2014-09,2014,40.71745197018498,-73.99643094543615,40.71747220000001,-73.9966163,278.19,30.74,2014,2014
1002040016,59 ELIZABETH STREET,JYch4CJh9buKH0MUxIzOoQ,2019-06,2019,40.71743524609285,-73.99643641517677,40.71747220000001,-73.9966163,285.17,30.74,2018,2019
1002040016,59 ELIZABETH STREET,p1-VUtxXieOqcUlW53d7vg,2022-07,2022,40.71743079423361,-73.99644331960326,40.71747220000001,-73.9966163,287.53,30.74,2022,2022
1002040016,59 ELIZABETH STREET,kHqqr4FEq9DMMKIdTXcmzQ,2024-05,2024,40.71746832738141,-73.9964867188497,40.71747220000001,-73.9966163,272.26,30.74,2026,2024
1002040022,49 ELIZABETH STREET,cCbiXQnedIs5wz2nJPpU3w,2009-09,2009,40.7171471251151,-73.99662274493654,40.71717850000001,-73.9968724,279.41,49.61,2007,2009
1002040022,49 ELIZABETH STREET,S0GmuIm2x6-Zl-7bLz9N4g,2012-07,2012,40.71711549736504,-73.99664014048716,40.71717850000001,-73.9968724,289.69,49.61,2011,2012
1002040022,49 ELIZABETH STREET,IQukIiS0-r_T3PwQrDfpZw,2014-06,2014,40.71715500866709,-73.99661557151315,40.71717850000001,-73.9968724,276.88,49.61,2014,2014
1002040022,49 ELIZABETH STREET,nXCoBQK6dywZPuP0ybIAog,2019-06,2019,40.71711067498932,-73.9966433685273,40.71717850000001,-73.9968724,291.34,49.61,2018,2019
1002040022,49 ELIZABETH STREET,qyy5L5-SBFP23ZKO1Bgz6Q,2022-07,2022,40.71711850510305,-73.99663422241342,40.71717850000001,-73.9968724,288.38,49.61,2022,2022
1002040022,49 ELIZABETH STREET,xdxYaIsZc3tnj7WCaQrp7A,2024-05,2024,40.71707418912189,-73.99659458924818,40.71717850000001,-73.9968724,296.35,49.61,2026,2024
1002040024,41 ELIZABETH STREET,yaGh__c0zcZHbMxr9pq9xA,2009-09,2009,40.71692428896257,-73.99675509455,40.71702209999999,-73.9969698,301.01,49.87,2007,2009
1002040024,41 ELIZABETH STREET,JMtIiTwjXODGZX9v0P56iA,2012-07,2012,40.71693406091128,-73.99674953515073,40.71702209999999,-73.9969698,297.8,49.87,2011,2012
1002040024,41 ELIZABETH STREET,xKlvT3qq2GSnDnissURSCQ,2014-09,2014,40.71690339677095,-73.99677213141771,40.71702209999999,-73.9969698,308.39,49.87,2014,2014
1002040024,41 ELIZABETH STREET,ciY_XKJsfAAO8SL61AbCIg,2019-06,2019,40.71693429733654,-73.9967480107993,40.71702209999999,-73.9969698,297.58,49.87,2018,2019
1002040024,41 ELIZABETH STREET,e_ZjhhqUQ7u82wQu57nFgQ,2022-07,2022,40.71691232283036,-73.99676433032583,40.71702209999999,-73.9969698,305.18,49.87,2022,2022
1002040024,41 ELIZABETH STREET,2u4wdpTAKD8KNEq3D-e4mQ,2026-04,2026,40.71693288375443,-73.99675240451812,40.71702209999999,-73.9969698,298.43,49.87,2026,2026
1002040027,167 CANAL STREET,ckK24JCXCTghkO4q5t0sBQ,2009-09,2009,40.71676821978085,-73.9968476316238,40.71680520000001,-73.9970023,287.51,24.49,2007,2009
1002040027,167 CANAL STREET,VBZnr-7dlUoFesfUJnyV4Q,2012-07,2012,40.71676882580731,-73.99684924564214,40.71680520000001,-73.9970023,287.41,24.49,2011,2012
1002040027,167 CANAL STREET,NjZsg3cqPIgS1V_K79E2JQ,2014-09,2014,40.71676456801209,-73.99685964709329,40.71680520000001,-73.9970023,290.6,24.49,2014,2014
1002040027,167 CANAL STREET,A9EUaW57G9Jk8_gGQ_u2Jg,2019-06,2019,40.71674637233023,-73.99686484781866,40.71680520000001,-73.9970023,299.45,24.49,2018,2019
1002040027,167 CANAL STREET,bP1WD1suUVarTOxINFiIMQ,2022-07,2022,40.71679253118918,-73.9968382165166,40.71680520000001,-73.9970023,275.82,24.49,2022,2022
1002040027,167 CANAL STREET,LXC8Mk1_wYbk587cr1rwWA,2026-04,2026,40.71678035143726,-73.99684754195613,40.71680520000001,-73.9970023,281.96,24.49,2026,2026
1002040029,171 CANAL STREET,07g71fasNw6rIIicyPbGxA,2009-09,2009,40.71662358793146,-73.9972144617742,40.71685460000002,-73.997143,13.2,39.05,2007,2009
1002040029,171 CANAL STREET,5re13XcNihfmog7N1mdi0A,2013-08,2013,40.71666591352103,-73.99722782223331,40.71685460000002,-73.997143,18.82,39.05,2011,2013
1002040029,171 CANAL STREET,yolhEYmGH-Zv_FeAed0jlA,2014-09,2014,40.7166722021153,-73.99717429072378,40.71685460000002,-73.997143,7.41,39.05,2014,2014
1002040029,171 CANAL STREET,XAe_1-GVRTDUkrLRVHmmoQ,2018-10,2018,40.71665909198598,-73.99719939763129,40.71685460000002,-73.997143,12.33,39.05,2018,2018
1002040029,171 CANAL STREET,eOxAeg0MlmQikbxmdxzS8A,2021-07,2021,40.71666691098014,-73.99722262151779,40.71685460000002,-73.997143,17.82,39.05,2022,2021
1002040029,171 CANAL STREET,w9PCXh1Qi91w1AAQnygmgA,2026-04,2026,40.71666129179106,-73.99722289052032,40.71685460000002,-73.997143,17.39,39.05,2026,2026
1002040031,175 CANAL STREET,hdgMNQwy1juFfVu3yeW39A,2013-08,2013,40.71670329620755,-73.99733452653768,40.7168931,-73.997244,19.87,40.02,2007,2013
1002040031,175 CANAL STREET,hdgMNQwy1juFfVu3yeW39A,2013-08,2013,40.71670329620755,-73.99733452653768,40.7168931,-73.997244,19.87,40.02,2011,2013
1002040031,175 CANAL STREET,dDrJUyo_fGEplaJVYD0a2w,2014-09,2014,40.71673477410005,-73.99734905266527,40.7168931,-73.997244,26.7,40.02,2014,2014
1002040031,175 CANAL STREET,7lcXLAh1iQiNkRmcKubYaQ,2018-10,2018,40.71669595768604,-73.9973051156093,40.7168931,-73.997244,13.22,40.02,2018,2018
1002040031,175 CANAL STREET,Q0DDzwj7NDWi_IZJuMtGBA,2021-07,2021,40.71670356650399,-73.99733058116949,40.7168931,-73.997244,19.1,40.02,2022,2021
1002040031,175 CANAL STREET,JpXSS4neugKl8QYLEVn2Wg,2026-04,2026,40.71670277689748,-73.99734788698841,40.7168931,-73.997244,22.48,40.02,2026,2026
1002040032,177 CANAL STREET,r_mcKRnGz5SNPu_uhSnq5Q,2013-08,2013,40.71671619167243,-73.99744302413077,40.71691779999999,-73.9973125,26.14,40.21,2007,2013
1002040032,177 CANAL STREET,r_mcKRnGz5SNPu_uhSnq5Q,2013-08,2013,40.71671619167243,-73.99744302413077,40.71691779999999,-73.9973125,26.14,40.21,2011,2013
1002040032,177 CANAL STREET,DoST6yrDZKKKXCymD9FnYw,2014-09,2014,40.71677420355777,-73.9974622129549,40.71691779999999,-73.9973125,38.32,40.21,2014,2014
1002040032,177 CANAL STREET,O3M0zzVhZH_r-Mws8xt8XQ,2018-10,2018,40.71675375845041,-73.99746804133568,40.71691779999999,-73.9973125,35.7,40.21,2018,2018
1002040032,177 CANAL STREET,14poKyT9PuO2WyNJCXJ3oQ,2021-07,2021,40.71674145508978,-73.99743925809965,40.71691779999999,-73.9973125,28.58,40.21,2022,2021
1002040032,177 CANAL STREET,NPWw2VB_pv-FSw--1ghjuA,2026-04,2026,40.71674454742767,-73.99747064169011,40.71691779999999,-73.9973125,34.68,40.21,2026,2026
1002040033,179 CANAL STREET,r_mcKRnGz5SNPu_uhSnq5Q,2013-08,2013,40.71671619167243,-73.99744302413077,40.716939700000005,-73.9973811,11.86,39.46,2007,2013
1002040033,179 CANAL STREET,r_mcKRnGz5SNPu_uhSnq5Q,2013-08,2013,40.71671619167243,-73.99744302413077,40.716939700000005,-73.9973811,11.86,39.46,2011,2013
1002040033,179 CANAL STREET,DoST6yrDZKKKXCymD9FnYw,2014-09,2014,40.71677420355777,-73.9974622129549,40.716939700000005,-73.9973811,20.38,39.46,2014,2014
1002040033,179 CANAL STREET,O3M0zzVhZH_r-Mws8xt8XQ,2018-10,2018,40.71675375845041,-73.99746804133568,40.716939700000005,-73.9973811,19.51,39.46,2018,2018
1002040033,179 CANAL STREET,14poKyT9PuO2WyNJCXJ3oQ,2021-07,2021,40.71674145508978,-73.99743925809965,40.716939700000005,-73.9973811,12.54,39.46,2022,2021
1002040033,179 CANAL STREET,NPWw2VB_pv-FSw--1ghjuA,2026-04,2026,40.71674454742767,-73.99747064169011,40.716939700000005,-73.9973811,19.18,39.46,2026,2026
1002040034,181 CANAL STREET,95MSsRFYxKzBlnv0bDaLMA,2009-06,2009,40.7170534521418,-73.99763033925228,40.7169644,-73.9974496,123.03,38.55,2007,2009
1002040034,181 CANAL STREET,dxWCbk_bxHqGUvI3EVggtg,2012-07,2012,40.71705604380269,-73.99762361420322,40.7169644,-73.9974496,124.79,38.55,2011,2012
1002040034,181 CANAL STREET,tDI0GO0rOQeomGHx5mC1Dg,2014-10,2014,40.71704535147072,-73.99763545028941,40.7169644,-73.9974496,119.89,38.55,2014,2014
1002040034,181 CANAL STREET,T1kH1N1_d0UlsxDc63ATEQ,2018-07,2018,40.71705900186136,-73.9976338362777,40.7169644,-73.9974496,124.12,38.55,2018,2018
1002040034,181 CANAL STREET,tJDP5t8-7vO8WNyInp2vdg,2022-07,2022,40.71705657267348,-73.99762415220715,40.7169644,-73.9974496,124.86,38.55,2022,2022
1002040034,181 CANAL STREET,Hu3ZfntHHYNezN_OxqzDRA,2026-04,2026,40.71706613794529,-73.99762298653197,40.7169644,-73.9974496,127.75,38.55,2026,2026
1002040035,183 CANAL STREET,95MSsRFYxKzBlnv0bDaLMA,2009-06,2009,40.7170534521418,-73.99763033925228,40.71699190000001,-73.9975253,127.71,15.3,2007,2009
1002040035,183 CANAL STREET,dxWCbk_bxHqGUvI3EVggtg,2012-07,2012,40.71705604380269,-73.99762361420322,40.71699190000001,-73.9975253,130.72,15.3,2011,2012
1002040035,183 CANAL STREET,tDI0GO0rOQeomGHx5mC1Dg,2014-10,2014,40.71704535147072,-73.99763545028941,40.71699190000001,-73.9975253,122.63,15.3,2014,2014
1002040035,183 CANAL STREET,T1kH1N1_d0UlsxDc63ATEQ,2018-07,2018,40.71705900186136,-73.9976338362777,40.71699190000001,-73.9975253,129.2,15.3,2018,2018
1002040035,183 CANAL STREET,tJDP5t8-7vO8WNyInp2vdg,2022-07,2022,40.71705657267348,-73.99762415220715,40.71699190000001,-73.9975253,130.8,15.3,2022,2022
1002040035,183 CANAL STREET,Hu3ZfntHHYNezN_OxqzDRA,2026-04,2026,40.71706613794529,-73.99762298653197,40.71699190000001,-73.9975253,135.08,15.3,2026,2026
1002047501,158 HESTER STREET,e6DaiUt9yak1bJHjEYd34A,2009-04,2009,40.71775788146179,-73.99677966350612,40.7175628,-73.9969554,214.32,63.79,2007,2009
1002047501,158 HESTER STREET,I9b2aSCYFywHk2Ey9BJZig,2011-07,2011,40.71776686511148,-73.996807908835,40.7175628,-73.9969554,208.71,63.79,2011,2011
1002047501,158 HESTER STREET,PvdrXOCoRRL_0I41JBKG9Q,2014-09,2014,40.71776121566439,-73.99678136719274,40.7175628,-73.9969554,213.62,63.79,2014,2014
1002047501,158 HESTER STREET,gFzH1TNlD4Vm_VHFjLHSDA,2018-07,2018,40.71777811315479,-73.99682924974739,40.7175628,-73.9969554,203.94,63.79,2018,2018
1002047501,158 HESTER STREET,bCvi7FbAAJhJ-59dtmTciA,2022-07,2022,40.71776718967508,-73.99680647415173,40.7175628,-73.9969554,208.91,63.79,2022,2022
1002047501,158 HESTER STREET,2KB8jDk24fFGOS2N2iYRMA,2024-05,2024,40.71771632337821,-73.99682117965476,40.7175628,-73.9969554,213.53,63.79,2026,2024
1002047502,53 ELIZABETH STREET,NxL88hmsJKDH9yxmhR4LeA,2009-09,2009,40.71717579748244,-73.99660472170976,40.717304800000015,-73.9967966,311.57,50.11,2007,2009
1002047502,53 ELIZABETH STREET,fAA6ZvZJgWTPEQV5MScPsw,2012-07,2012,40.71723878153215,-73.99656535754187,40.717304800000015,-73.9967966,290.64,50.11,2011,2012
1002047502,53 ELIZABETH STREET,tn2EPBcKIIdp9TfyCW15oA,2014-09,2014,40.71721028873454,-73.99657773170031,40.717304800000015,-73.9967966,299.67,50.11,2014,2014
1002047502,53 ELIZABETH STREET,fMCoe--q9Bq0M2NDKXWLnA,2019-06,2019,40.7171948326423,-73.99659001619013,40.717304800000015,-73.9967966,305.08,50.11,2018,2019
1002047502,53 ELIZABETH STREET,9fdW90dqL7CiYDwuJeLJkA,2022-07,2022,40.71719957871528,-73.99658625014223,40.717304800000015,-73.9967966,303.42,50.11,2022,2022
1002047502,53 ELIZABETH STREET,k-s_UHUVNf_4nZzXalJkzQ,2024-05,2024,40.71723374127873,-73.99662875267843,40.717304800000015,-73.9967966,299.19,50.11,2026,2024
1002050002,102 MULBERRY STREET,kLFyCEmabyMQt-5-NDYkdA,2009-06,2009,40.71709313536883,-73.99845070379999,40.71723069999998,-73.9983154,36.7,29.52,2007,2009
1002050002,102 MULBERRY STREET,ImHkbcdc5rpQ6unan5VimA,2011-06,2011,40.71705563106446,-73.99846496084217,40.71723069999998,-73.9983154,32.92,29.52,2011,2011
1002050002,102 MULBERRY STREET,CQrQUzKOitzzUJTWkgYCNA,2014-09,2014,40.71712083613561,-73.99843008040375,40.71723069999998,-73.9983154,38.35,29.52,2014,2014
1002050002,102 MULBERRY STREET,h_FyMfnJDRbQymQFVI3FeQ,2018-10,2018,40.71708574047932,-73.99843312907986,40.71723069999998,-73.9983154,31.61,29.52,2018,2018
1002050002,102 MULBERRY STREET,O1Vwd2J5kMDGB24cgNWS4Q,2021-07,2021,40.71709453217143,-73.99845949115945,40.71723069999998,-73.9983154,38.73,29.52,2022,2021
1002050002,102 MULBERRY STREET,oDqMX7dJ3sSuvqE2Z_EZew,2026-04,2026,40.71708300640764,-73.99844523411684,40.71723069999998,-73.9983154,33.67,29.52,2026,2026
1002050004,106 MULBERRY STREET,z7f05A5S9eq-UaeJn2yEAA,2010-04,2010,40.71737703702894,-73.99827181818048,40.71732399999999,-73.9981566,121.27,56.34,2007,2010
1002050004,106 MULBERRY STREET,z7f05A5S9eq-UaeJn2yEAA,2010-04,2010,40.71737703702894,-73.99827181818048,40.71732399999999,-73.9981566,121.27,56.34,2011,2010
1002050004,106 MULBERRY STREET,z7f05A5S9eq-UaeJn2yEAA,2010-04,2010,40.71737703702894,-73.99827181818048,40.71732399999999,-73.9981566,121.27,56.34,2014,2010
1002050004,106 MULBERRY STREET,z7f05A5S9eq-UaeJn2yEAA,2010-04,2010,40.71737703702894,-73.99827181818048,40.71732399999999,-73.9981566,121.27,56.34,2018,2010
1002050004,106 MULBERRY STREET,z7f05A5S9eq-UaeJn2yEAA,2010-04,2010,40.71737703702894,-73.99827181818048,40.71732399999999,-73.9981566,121.27,56.34,2022,2010
1002050004,106 MULBERRY STREET,z7f05A5S9eq-UaeJn2yEAA,2010-04,2010,40.71737703702894,-73.99827181818048,40.71732399999999,-73.9981566,121.27,56.34,2026,2010
1002050006,110 MULBERRY STREET,yS6WxcBcdIgyLcogva-fSQ,2011-06,2011,40.71749442783306,-73.99835655349476,40.717420100000005,-73.9980989,110.84,55.62,2007,2011
1002050006,110 MULBERRY STREET,yS6WxcBcdIgyLcogva-fSQ,2011-06,2011,40.71749442783306,-73.99835655349476,40.717420100000005,-73.9980989,110.84,55.62,2011,2011
1002050006,110 MULBERRY STREET,SPxb8ldIGyim8fC1hHXSPQ,2014-09,2014,40.7174898138703,-73.99835646382778,40.717420100000005,-73.9980989,109.65,55.62,2014,2014
1002050006,110 MULBERRY STREET,Gz7srrfz5ZF6Al6VnftQJQ,2019-06,2019,40.71749499817544,-73.99835153214384,40.717420100000005,-73.9980989,111.36,55.62,2018,2019
1002050006,110 MULBERRY STREET,8A2N30ipiGjdu95T6t0BbA,2022-07,2022,40.71749400657266,-73.99835251848064,40.717420100000005,-73.9980989,111.03,55.62,2022,2022
1002050006,110 MULBERRY STREET,gPLN-Ihx7MNMkCxAZUAq_A,2026-04,2026,40.71748991813809,-73.99835879516922,40.717420100000005,-73.9980989,109.52,55.62,2026,2026
1002050007,112 MULBERRY STREET,q47d1l1P3UoIWTz3CNLfSA,2011-07,2011,40.71755966524772,-73.99831073366279,40.7174832,-73.99805920000001,111.85,55.59,2007,2011
1002050007,112 MULBERRY STREET,q47d1l1P3UoIWTz3CNLfSA,2011-07,2011,40.71755966524772,-73.99831073366279,40.7174832,-73.99805920000001,111.85,55.59,2011,2011
1002050007,112 MULBERRY STREET,qjnDK2wNtdlzz91ItxIBVQ,2014-09,2014,40.71757798617724,-73.99829737327921,40.7174832,-73.99805920000001,117.7,55.59,2014,2014
1002050007,112 MULBERRY STREET,UDwOlMxGdooOQymZX_e5Ow,2019-06,2019,40.71757409691163,-73.99830239463155,40.7174832,-73.99805920000001,116.25,55.59,2018,2019
1002050007,112 MULBERRY STREET,_acdeQFhMxrMPynLdYrSTg,2022-07,2022,40.71757599282144,-73.99830087029245,40.7174832,-73.99805920000001,116.87,55.59,2022,2022
1002050007,112 MULBERRY STREET,mwqQza4MdEjCCMuHd_z95g,2026-04,2026,40.71757213999118,-73.99830508464166,40.7174832,-73.99805920000001,115.51,55.59,2026,2026
1002050008,114 MULBERRY STREET,Q2nCONyRzIdHmn3oNRdxzw,2011-07,2011,40.71764151568759,-73.99825280877151,40.71757650000001,-73.9980015,108.85,55.31,2007,2011
1002050008,114 MULBERRY STREET,Q2nCONyRzIdHmn3oNRdxzw,2011-07,2011,40.71764151568759,-73.99825280877151,40.71757650000001,-73.9980015,108.85,55.31,2011,2011
1002050008,114 MULBERRY STREET,zljfhsqfYI2krcMdRDspzA,2014-08,2014,40.71762484827965,-73.99826240314326,40.71757650000001,-73.9980015,103.74,55.31,2014,2014
1002050008,114 MULBERRY STREET,XhXPQmm4I-AHO-ZhWK290w,2019-06,2019,40.71765309548562,-73.99825361577476,40.71757650000001,-73.9980015,111.84,55.31,2018,2019
1002050008,114 MULBERRY STREET,-hqTTgauK7AcZ1GMT8RKlQ,2022-07,2022,40.71765682543427,-73.99825119476499,40.71757650000001,-73.9980015,113.0,55.31,2022,2022
1002050008,114 MULBERRY STREET,qAoSEaFqbNc7tRERLU9HZg,2026-04,2026,40.71765430322017,-73.99825415377691,40.71757650000001,-73.9980015,112.11,55.31,2026,2026
1002050010,118 MULBERRY STREET,Tn4em4h3zd5PtTb3cILzwQ,2010-05,2010,40.71772285517727,-73.99801572900292,40.7176698,-73.9979438,134.22,55.02,2007,2010
1002050010,118 MULBERRY STREET,Tn4em4h3zd5PtTb3cILzwQ,2010-05,2010,40.71772285517727,-73.99801572900292,40.7176698,-73.9979438,134.22,55.02,2011,2010
1002050010,118 MULBERRY STREET,Tn4em4h3zd5PtTb3cILzwQ,2010-05,2010,40.71772285517727,-73.99801572900292,40.7176698,-73.9979438,134.22,55.02,2014,2010
1002050010,118 MULBERRY STREET,Tn4em4h3zd5PtTb3cILzwQ,2010-05,2010,40.71772285517727,-73.99801572900292,40.7176698,-73.9979438,134.22,55.02,2018,2010
1002050010,118 MULBERRY STREET,Tn4em4h3zd5PtTb3cILzwQ,2010-05,2010,40.71772285517727,-73.99801572900292,40.7176698,-73.9979438,134.22,55.02,2022,2010
1002050010,118 MULBERRY STREET,Tn4em4h3zd5PtTb3cILzwQ,2010-05,2010,40.71772285517727,-73.99801572900292,40.7176698,-73.9979438,134.22,55.02,2026,2010
1002050011,120 MULBERRY STREET,vmoLzx3SXcRUj-Ff8MB5RA,2011-06,2011,40.71782391172027,-73.99814592564437,40.7177302,-73.9979041,117.08,55.43,2007,2011
1002050011,120 MULBERRY STREET,vmoLzx3SXcRUj-Ff8MB5RA,2011-06,2011,40.71782391172027,-73.99814592564437,40.7177302,-73.9979041,117.08,55.43,2011,2011
1002050011,120 MULBERRY STREET,ciEKBIS1llRl09zgeq3_kQ,2014-09,2014,40.71781480938285,-73.99815354734584,40.7177302,-73.9979041,114.11,55.43,2014,2014
1002050011,120 MULBERRY STREET,DsoGUMLzVgz-LR9cBpMFTg,2019-06,2019,40.71782057592176,-73.99815112633482,40.7177302,-73.9979041,115.77,55.43,2018,2019
1002050011,120 MULBERRY STREET,4j8mw8bLyWFG4fHcKQEDhA,2022-07,2022,40.71781987835976,-73.99814727065053,40.7177302,-73.9979041,115.95,55.43,2022,2022
1002050011,120 MULBERRY STREET,niIjQC5vQrM_bVzfaZmGrw,2026-04,2026,40.71780121853921,-73.9981609000458,40.7177302,-73.9979041,110.05,55.43,2026,2026
1002050012,122 MULBERRY STREET,FYQJ1p69UNf4rebacIPdbQ,2011-07,2011,40.71790652956833,-73.99809660874513,40.717809800000005,-73.9979546,131.95,30.26,2007,2011
1002050012,122 MULBERRY STREET,FYQJ1p69UNf4rebacIPdbQ,2011-07,2011,40.71790652956833,-73.99809660874513,40.717809800000005,-73.9979546,131.95,30.26,2011,2011
1002050012,122 MULBERRY STREET,m6lFwTODke_yP7jGLKxOEw,2014-06,2014,40.71787350095322,-73.99811848751655,40.717809800000005,-73.9979546,117.15,30.26,2014,2014
1002050012,122 MULBERRY STREET,1T-D4Qurycmt5fTsrY0ixQ,2019-06,2019,40.71790340222646,-73.99809849175425,40.717809800000005,-73.9979546,130.64,30.26,2018,2019
1002050012,122 MULBERRY STREET,5a2EL_p63bKFC0lA2tHKmA,2022-07,2022,40.71786264248465,-73.99812063952672,40.717809800000005,-73.9979546,112.78,30.26,2022,2022
1002050012,122 MULBERRY STREET,5X5JFFftu-ZYa0ou6NqMyw,2026-04,2026,40.71788580434031,-73.99810790679953,40.717809800000005,-73.9979546,123.19,30.26,2026,2026
1002050013,124 MULBERRY STREET,FYQJ1p69UNf4rebacIPdbQ,2011-07,2011,40.71790652956833,-73.99809660874513,40.717853699999985,-73.9979257,112.19,30.56,2007,2011
1002050013,124 MULBERRY STREET,FYQJ1p69UNf4rebacIPdbQ,2011-07,2011,40.71790652956833,-73.99809660874513,40.717853699999985,-73.9979257,112.19,30.56,2011,2011
1002050013,124 MULBERRY STREET,m6lFwTODke_yP7jGLKxOEw,2014-06,2014,40.71787350095322,-73.99811848751655,40.717853699999985,-73.9979257,97.72,30.56,2014,2014
1002050013,124 MULBERRY STREET,1T-D4Qurycmt5fTsrY0ixQ,2019-06,2019,40.71790340222646,-73.99809849175425,40.717853699999985,-73.9979257,110.78,30.56,2018,2019
1002050013,124 MULBERRY STREET,5a2EL_p63bKFC0lA2tHKmA,2022-07,2022,40.71786264248465,-73.99812063952672,40.717853699999985,-73.9979257,93.46,30.56,2022,2022
1002050013,124 MULBERRY STREET,5X5JFFftu-ZYa0ou6NqMyw,2026-04,2026,40.71788580434031,-73.99810790679953,40.717853699999985,-73.9979257,103.09,30.56,2026,2026
1002050014,126 MULBERRY STREET,RmwzESGOknkihX-0rwbGZQ,2011-06,2011,40.71799999713629,-73.99803975979464,40.71789490000003,-73.9979005,134.88,30.36,2007,2011
1002050014,126 MULBERRY STREET,RmwzESGOknkihX-0rwbGZQ,2011-06,2011,40.71799999713629,-73.99803975979464,40.71789490000003,-73.9979005,134.88,30.36,2011,2011
1002050014,126 MULBERRY STREET,gidPB131Hwd9_Zsleq55pg,2014-09,2014,40.71797202825875,-73.99805742421798,40.71789490000003,-73.9979005,122.96,30.36,2014,2014
1002050014,126 MULBERRY STREET,MsosqSXzjgtMO1lyq_Alcg,2019-06,2019,40.71798667751364,-73.9980437051482,40.71789490000003,-73.9979005,130.22,30.36,2018,2019
1002050014,126 MULBERRY STREET,-CpErjwYkjb_ccN2gkuG9w,2022-07,2022,40.71798747166209,-73.99804505015508,40.71789490000003,-73.9979005,130.2,30.36,2022,2022
1002050014,126 MULBERRY STREET,mLvN6AQZuz1tMIRCc2klPQ,2026-04,2026,40.71796715920081,-73.99805500320574,40.71789490000003,-73.9979005,121.68,30.36,2026,2026
1002050016,178 HESTER STREET,0GzuqFeAtlJBUWgXMNChhA,2009-04,2009,40.71807329651276,-73.99770449411098,40.71796630000001,-73.9978031,214.93,29.81,2007,2009
1002050016,178 HESTER STREET,Qq-TDXsfE1Nf7OQWoDxhZA,2011-06,2011,40.71807398266102,-73.9976853949784,40.71796630000001,-73.9978031,219.64,29.81,2011,2011
1002050016,178 HESTER STREET,5pyirjmMAVTbmGKiJ96WJQ,2014-09,2014,40.71809684890636,-73.99773973335056,40.71796630000001,-73.9978031,200.2,29.81,2014,2014
1002050016,178 HESTER STREET,-cT4_zTt6VM0S6_vKlRGDw,2019-06,2019,40.71807628668832,-73.99771121915718,40.71796630000001,-73.9978031,212.34,29.81,2018,2019
1002050016,178 HESTER STREET,cJnPGBbiKqyYN2afE0IqzA,2022-07,2022,40.7180814397441,-73.99771830287229,40.71796630000001,-73.9978031,209.17,29.81,2022,2022
1002050016,178 HESTER STREET,2WdmHCT638VDSdoc6xDX7w,2026-04,2026,40.71808840396151,-73.99772592459078,40.71796630000001,-73.9978031,205.6,29.81,2026,2026
1002050017,176 HESTER STREET,7iOPKQfbaZOx3GIFsGF7pw,2009-04,2009,40.71803663762491,-73.99760182504264,40.7178729,-73.9977562,215.55,55.18,2007,2009
1002050017,176 HESTER STREET,dolGHkm2kMvLWns_MLK3LQ,2011-07,2011,40.71805845447378,-73.9976445066882,40.7178729,-73.9977562,204.52,55.18,2011,2011
1002050017,176 HESTER STREET,qPce8ungjN3wPn6ubNlWjg,2014-09,2014,40.718062202082,-73.99763742297037,40.7178729,-73.9977562,205.43,55.18,2014,2014
1002050017,176 HESTER STREET,GZ9UxPlKFl0lLvxAI3wf2w,2019-06,2019,40.71803068253461,-73.99758057388362,40.7178729,-73.9977562,220.15,55.18,2018,2019
1002050017,176 HESTER STREET,ZD8g-Ha6dClj4d-GqeNF_w,2022-07,2022,40.71806273310181,-73.99766297815371,40.7178729,-73.9977562,200.42,55.18,2022,2022
1002050017,176 HESTER STREET,bPdUIa51Bb1jkhlGXUCdUA,2026-04,2026,40.7180485640495,-73.99760720508252,40.7178729,-73.9977562,212.74,55.18,2026,2026
1002050018,174 HESTER STREET,7iOPKQfbaZOx3GIFsGF7pw,2009-04,2009,40.71803663762491,-73.99760182504264,40.71784550000002,-73.9976768,196.56,54.94,2007,2009
1002050018,174 HESTER STREET,dolGHkm2kMvLWns_MLK3LQ,2011-07,2011,40.71805845447378,-73.9976445066882,40.71784550000002,-73.9976768,186.56,54.94,2011,2011
1002050018,174 HESTER STREET,qPce8ungjN3wPn6ubNlWjg,2014-09,2014,40.718062202082,-73.99763742297037,40.71784550000002,-73.9976768,187.84,54.94,2014,2014
1002050018,174 HESTER STREET,GZ9UxPlKFl0lLvxAI3wf2w,2019-06,2019,40.71803068253461,-73.99758057388362,40.71784550000002,-73.9976768,201.5,54.94,2018,2019
1002050018,174 HESTER STREET,ZD8g-Ha6dClj4d-GqeNF_w,2022-07,2022,40.71806273310181,-73.99766297815371,40.71784550000002,-73.9976768,182.76,54.94,2022,2022
1002050018,174 HESTER STREET,bPdUIa51Bb1jkhlGXUCdUA,2026-04,2026,40.7180485640495,-73.99760720508252,40.71784550000002,-73.9976768,194.56,54.94,2026,2026
1002050019,119 MOTT STREET,4hBUETGuvPR6zE0LixWL4g,2009-04,2009,40.71797939368543,-73.99744069277817,40.717864699999986,-73.9974099,168.5,17.39,2007,2009
1002050019,119 MOTT STREET,YNzMicuWYw12T-hfs3He-Q,2011-06,2011,40.71797201468061,-73.99741737925068,40.717864699999986,-73.9974099,176.98,17.39,2011,2011
1002050019,119 MOTT STREET,yWr3k-81uoe6HV2Msavqfg,2014-08,2014,40.71797979662951,-73.9974174689181,40.717864699999986,-73.9974099,177.15,17.39,2014,2014
1002050019,119 MOTT STREET,sgeC1Z4vud8JF10IYRiTNw,2019-06,2019,40.71795700906248,-73.99736528247321,40.717864699999986,-73.9974099,200.12,17.39,2018,2019
1002050019,119 MOTT STREET,tZPlkgKNZVMdEvDYmLWisw,2022-07,2022,40.71797641898167,-73.99740428780706,40.717864699999986,-73.9974099,182.18,17.39,2022,2022
1002050019,119 MOTT STREET,ofUQs-Lb_35M7KQ5awnu1w,2026-04,2026,40.71797502294137,-73.99739603840378,40.717864699999986,-73.9974099,185.44,17.39,2026,2026
1002050020,117 MOTT STREET,4hBUETGuvPR6zE0LixWL4g,2009-04,2009,40.71797939368543,-73.99744069277817,40.7177988,-73.9974532,183.0,44.22,2007,2009
1002050020,117 MOTT STREET,YNzMicuWYw12T-hfs3He-Q,2011-06,2011,40.71797201468061,-73.99741737925068,40.7177988,-73.9974532,188.91,44.22,2011,2011
1002050020,117 MOTT STREET,yWr3k-81uoe6HV2Msavqfg,2014-08,2014,40.71797979662951,-73.9974174689181,40.7177988,-73.9974532,188.51,44.22,2014,2014
1002050020,117 MOTT STREET,sgeC1Z4vud8JF10IYRiTNw,2019-06,2019,40.71795700906248,-73.99736528247321,40.7177988,-73.9974532,202.84,44.22,2018,2019
1002050020,117 MOTT STREET,tZPlkgKNZVMdEvDYmLWisw,2022-07,2022,40.71797641898167,-73.99740428780706,40.7177988,-73.9974532,191.79,44.22,2022,2022
1002050020,117 MOTT STREET,ofUQs-Lb_35M7KQ5awnu1w,2026-04,2026,40.71797502294137,-73.99739603840378,40.7177988,-73.9974532,193.81,44.22,2026,2026
1002050021,115 MOTT STREET,nq3KP6rr0vZRLdr3nb3ERw,2009-06,2009,40.71764331019749,-73.99726324089555,40.717738400000016,-73.9974892,299.04,53.08,2007,2009
1002050021,115 MOTT STREET,Y1O0XeYpgCUTsHsZmE8tMg,2012-07,2012,40.71766030373555,-73.99725328780379,40.717738400000016,-73.9974892,293.59,53.08,2011,2012
1002050021,115 MOTT STREET,EPOygCc3Mowno0L-IQcREA,2014-10,2014,40.71763842083057,-73.99726386856798,40.717738400000016,-73.9974892,300.35,53.08,2014,2014
1002050021,115 MOTT STREET,i9FxTwa6ksidqNqb-PK6Xw,2018-07,2018,40.7176574035526,-73.99725570882615,40.717738400000016,-73.9974892,294.59,53.08,2018,2018
1002050021,115 MOTT STREET,3HRTZTEbDoNzSTuECTmfMw,2022-07,2022,40.71764800712409,-73.99726019220083,40.717738400000016,-73.9974892,297.51,53.08,2022,2022
1002050021,115 MOTT STREET,45Rpd1PgDCa8Hh-wwO7ATg,2024-11,2024,40.71765741970334,-73.99725795051351,40.717738400000016,-73.9974892,294.8,53.08,2026,2024
1002050022,113 MOTT STREET,xa9nXBjkbBG_MMzWziR5NQ,2009-06,2009,40.71762425719255,-73.99727462866657,40.717675299999975,-73.9975289,284.83,53.2,2007,2009
1002050022,113 MOTT STREET,0yCkd0nNJSKrvDsq4qHk4A,2012-07,2012,40.7176187669611,-73.9972768703537,40.717675299999975,-73.9975289,286.49,53.2,2011,2012
1002050022,113 MOTT STREET,3ECn1n1Ca8QwtSFOBLBfOA,2014-10,2014,40.71760142082709,-73.99728646477432,40.717675299999975,-73.9975289,291.9,53.2,2014,2014
1002050022,113 MOTT STREET,qDk9bxzIVO0J7EhSAgvQSQ,2018-07,2018,40.71760523717051,-73.99728305741006,40.717675299999975,-73.9975289,290.61,53.2,2018,2018
1002050022,113 MOTT STREET,Ds8m5RTwPQupG28_1VqspA,2022-07,2022,40.71760524232295,-73.99728628543936,40.717675299999975,-73.9975289,290.86,53.2,2022,2022
1002050022,113 MOTT STREET,4jGqPYG9odHm9cy3hV74bA,2024-11,2024,40.71761693808454,-73.99728099505795,40.717675299999975,-73.9975289,287.26,53.2,2026,2024
1002050023,111 MOTT STREET,jDmK8r1Fcf73U7TO9fU4lw,2009-06,2009,40.71752622655189,-73.99733174684647,40.717612200000005,-73.9975686,295.59,53.31,2007,2009
1002050023,111 MOTT STREET,mIpuzmIZs5JXqi5UPdWsiQ,2012-07,2012,40.7175413132514,-73.99732430444723,40.717612200000005,-73.9975686,290.95,53.31,2011,2012
1002050023,111 MOTT STREET,wD0TNsDzFEfmfkO-sayIKQ,2014-10,2014,40.71752862931446,-73.99733273318851,40.717612200000005,-73.9975686,295.05,53.31,2014,2014
1002050023,111 MOTT STREET,1rPthIi84j3iVEDChIkCHQ,2018-07,2018,40.717564480929,-73.99730735729607,40.717612200000005,-73.9975686,283.55,53.31,2018,2018
1002050023,111 MOTT STREET,QauLPe9W8N40kxW0JrR81g,2022-07,2022,40.71756488951805,-73.99731130266471,40.717612200000005,-73.9975686,283.64,53.31,2022,2022
1002050023,111 MOTT STREET,eAbqi9BJ0GxpLY1hLV85Rw,2026-04,2026,40.71754934595464,-73.9973160550405,40.717612200000005,-73.9975686,288.18,53.31,2026,2026
1002050028,101 MOTT STREET,IyYKIySnu7UNl5x8m5CPiA,2009-06,2009,40.71720477879363,-73.99753574020711,40.717302,-73.99775980000001,299.79,52.89,2007,2009
1002050028,101 MOTT STREET,fgfZQ9ZXEyJQcTnNLbRm3g,2012-07,2012,40.717200402112,-73.99753466419874,40.717302,-73.99775980000001,300.77,52.89,2011,2012
1002050028,101 MOTT STREET,pblxacS2omtEm7s9h4oJEw,2014-10,2014,40.71722826454007,-73.99752103475892,40.717302,-73.99775980000001,292.17,52.89,2014,2014
1002050028,101 MOTT STREET,NJRp_38Cq2XkDtFDNVsbhw,2018-07,2018,40.71722133864567,-73.99752964282628,40.717302,-73.99775980000001,294.82,52.89,2018,2018
1002050028,101 MOTT STREET,UgwIynhNf0MBJfjFzzOv7g,2022-07,2022,40.71719992838315,-73.99753717488493,40.717302,-73.99775980000001,301.17,52.89,2022,2022
1002050028,101 MOTT STREET,RxMMU7wURqtEKzWUJGeKSA,2026-04,2026,40.71723050874162,-73.99751717906196,40.717302,-73.99775980000001,291.24,52.89,2026,2026
1002050030,185 CANAL STREET,95MSsRFYxKzBlnv0bDaLMA,2009-06,2009,40.7170534521418,-73.99763033925228,40.717145599999995,-73.9977959,306.29,37.57,2007,2009
1002050030,185 CANAL STREET,dxWCbk_bxHqGUvI3EVggtg,2012-07,2012,40.71705604380269,-73.99762361420322,40.717145599999995,-73.9977959,304.44,37.57,2011,2012
1002050030,185 CANAL STREET,tDI0GO0rOQeomGHx5mC1Dg,2014-10,2014,40.71704535147072,-73.99763545028941,40.717145599999995,-73.9977959,309.5,37.57,2014,2014
1002050030,185 CANAL STREET,T1kH1N1_d0UlsxDc63ATEQ,2018-07,2018,40.71705900186136,-73.9976338362777,40.717145599999995,-73.9977959,305.18,37.57,2018,2018
1002050030,185 CANAL STREET,tJDP5t8-7vO8WNyInp2vdg,2022-07,2022,40.71705657267348,-73.99762415220715,40.717145599999995,-73.9977959,304.37,37.57,2022,2022
1002050030,185 CANAL STREET,Hu3ZfntHHYNezN_OxqzDRA,2026-04,2026,40.71706613794529,-73.99762298653197,40.717145599999995,-73.9977959,301.23,37.57,2026,2026
1002050032,191 CANAL STREET,6-0CHOCj-PyeRDj6p7Da4w,2009-06,2009,40.71698445452379,-73.9981268265558,40.717145599999995,-73.9979618,37.82,41.66,2007,2009
1002050032,191 CANAL STREET,e9JHuVud-nB_ZaPP1zMh0Q,2013-08,2013,40.71700156608712,-73.99810387178019,40.717145599999995,-73.9979618,36.78,41.66,2011,2013
1002050032,191 CANAL STREET,2XN_UPsf-uQ1JUatWl77MA,2014-09,2014,40.71700995288517,-73.99814440130403,40.717145599999995,-73.9979618,45.58,41.66,2014,2014
1002050032,191 CANAL STREET,wwUEjwpRzlC5_IvSIaKqrQ,2018-10,2018,40.71697536109902,-73.99810844480211,40.717145599999995,-73.9979618,33.14,41.66,2018,2018
1002050032,191 CANAL STREET,b2zlk8BXmYyXd5Gje_bRFg,2021-07,2021,40.71698212050913,-73.99813749693887,40.717145599999995,-73.9979618,39.17,41.66,2022,2021
1002050032,191 CANAL STREET,gpaHnWN3C4TaLX_unl8F3A,2026-04,2026,40.71697070229403,-73.99811974285582,40.717145599999995,-73.9979618,34.39,41.66,2026,2026
1002050034,195 CANAL STREET,-v04a6ZGlO9HjMhUjUEXtA,2009-09,2009,40.71696786730007,-73.99821093426488,40.717170299999985,-73.9981494,12.97,28.43,2007,2009
1002050034,195 CANAL STREET,xgi6xleadQW18zJ8QIiLdg,2013-08,2013,40.71701497277967,-73.9982260879953,40.717170299999985,-73.9981494,20.52,28.43,2011,2013
1002050034,195 CANAL STREET,kxZkLWbKuW0xST59PeZw5Q,2014-09,2014,40.71703001888957,-73.99820080188823,40.717170299999985,-73.9981494,15.52,28.43,2014,2014
1002050034,195 CANAL STREET,pDA2bib84MgEijCce392CA,2018-10,2018,40.71702069395015,-73.99825845779418,40.717170299999985,-73.9981494,28.92,28.43,2018,2018
1002050034,195 CANAL STREET,CnCumw_lQZvP3zTgfzNeHQ,2021-07,2021,40.71701867159381,-73.99824366273444,40.717170299999985,-73.9981494,25.23,28.43,2022,2021
1002050034,195 CANAL STREET,VFnfomeK7kw1Mozb5WB-UA,2026-04,2026,40.71700633970481,-73.99822052863873,40.717170299999985,-73.9981494,18.2,28.43,2026,2026
1002057501,103 MOTT STREET,for2WGO8KwvEqhEUOzmLlg,2009-06,2009,40.71729071007696,-73.99748265712053,40.71739540000001,-73.9977021,302.19,52.99,2007,2009
1002057501,103 MOTT STREET,iOQ1SJISJEvpElalwQrnrw,2012-07,2012,40.71729878941172,-73.99747207636842,40.71739540000001,-73.9977021,298.99,52.99,2011,2012
1002057501,103 MOTT STREET,QdTEerwFY6x0Jv1j170gJw,2014-10,2014,40.71731498136179,-73.99746391663545,40.71739540000001,-73.9977021,294.01,52.99,2014,2014
1002057501,103 MOTT STREET,xKmAA90BOa-0__c2VAXoeA,2018-07,2018,40.71730306194063,-73.9974788014228,40.71739540000001,-73.9977021,298.62,52.99,2018,2018
1002057501,103 MOTT STREET,csL9DmhbjdLlooTas_ei0g,2022-07,2022,40.7172777446237,-73.99748803716378,40.71739540000001,-73.9977021,305.95,52.99,2022,2022
1002057501,103 MOTT STREET,s3c_SYFOXKJie0xbFV4COw,2026-04,2026,40.7173087919322,-73.9974692070118,40.71739540000001,-73.9977021,296.13,52.99,2026,2026
1002057502,180 HESTER STREET,gx9TU70aZIZ8vSIbTqSj-w,2011-06,2011,40.71807688455128,-73.99799205687678,40.71799650000001,-73.9978897,136.02,17.05,2007,2011
1002057502,180 HESTER STREET,gx9TU70aZIZ8vSIbTqSj-w,2011-06,2011,40.71807688455128,-73.99799205687678,40.71799650000001,-73.9978897,136.02,17.05,2011,2011
1002057502,180 HESTER STREET,Y7BVVZtI-Tlg6IF3N4-gZw,2014-09,2014,40.71807486152537,-73.99799268454683,40.71799650000001,-73.9978897,135.11,17.05,2014,2014
1002057502,180 HESTER STREET,qmjF9PmAOhpwwTb0n-QDHg,2019-06,2019,40.71806666343005,-73.99799178787532,40.71799650000001,-73.9978897,132.2,17.05,2018,2019
1002057502,180 HESTER STREET,gzGQFy3wdZPlAUXU1yLoEA,2022-07,2022,40.71802901773101,-73.99801940535556,40.71799650000001,-73.9978897,108.3,17.05,2022,2022
1002057502,180 HESTER STREET,67B-QQaqrcNdaGLOI9d2sg,2026-04,2026,40.7180509802023,-73.99800353427163,40.71799650000001,-73.9978897,122.27,17.05,2026,2026
1002060004,119 BAXTER STREET,moWG9ZZB81Y8_wYixPeHtA,2012-07,2012,40.71798251311286,-73.99904958832494,40.71789220000002,-73.9988059,116.06,53.94,2007,2012
1002060004,119 BAXTER STREET,moWG9ZZB81Y8_wYixPeHtA,2012-07,2012,40.71798251311286,-73.99904958832494,40.71789220000002,-73.9988059,116.06,53.94,2011,2012
1002060004,119 BAXTER STREET,k2U-ayrJETKl7_E8M7Mw-w,2014-09,2014,40.71798402170967,-73.99904958832494,40.71789220000002,-73.9988059,116.43,53.94,2014,2014
1002060004,119 BAXTER STREET,TMBXNNngVD38f9nfnQUlNA,2019-06,2019,40.71795311839817,-73.99906411432251,40.71789220000002,-73.9988059,107.29,53.94,2018,2019
1002060004,119 BAXTER STREET,MuvuO4ythamnnYdNX8__dg,2022-07,2022,40.71793099375889,-73.99908097165164,40.71789220000002,-73.9988059,100.54,53.94,2022,2022
1002060004,119 BAXTER STREET,KbSeuHeCDTlcmaQlIaRSDA,2026-04,2026,40.71797888571274,-73.99905326465777,40.71789220000002,-73.9988059,114.81,53.94,2026,2026
1002060005,121 BAXTER STREET,fJ2pM2FOxw-KxNxwWLOecA,2012-07,2012,40.71802218825762,-73.99902510932657,40.717955300000014,-73.9987663,108.83,53.77,2007,2012
1002060005,121 BAXTER STREET,fJ2pM2FOxw-KxNxwWLOecA,2012-07,2012,40.71802218825762,-73.99902510932657,40.717955300000014,-73.9987663,108.83,53.77,2011,2012
1002060005,121 BAXTER STREET,z0FADUfoWbgJzC6ZC5kFxw,2014-09,2014,40.71801798284979,-73.99902896499317,40.717955300000014,-73.9987663,107.48,53.77,2014,2014
1002060005,121 BAXTER STREET,YbO1tFqFkw1EccSDwnbV6Q,2019-06,2019,40.71803828611036,-73.99901309399287,40.717955300000014,-73.9987663,113.92,53.77,2018,2019
1002060005,121 BAXTER STREET,NXbCKJCd6NnlK1PcbU2Zgg,2022-07,2022,40.7180120535702,-73.99903183432644,40.717955300000014,-73.9987663,105.75,53.77,2022,2022
1002060005,121 BAXTER STREET,w5iE_lyIZ42WGddwK95aAQ,2026-04,2026,40.71801093653549,-73.99903299999305,40.717955300000014,-73.9987663,105.39,53.77,2026,2026
1002060012,190 HESTER STREET,wzv-Zria_w9XlrL2cobUxA,2010-06,2010,40.71824023598874,-73.9984727618648,40.71813370000001,-73.9984993,190.69,55.26,2007,2010
1002060012,190 HESTER STREET,wzv-Zria_w9XlrL2cobUxA,2010-06,2010,40.71824023598874,-73.9984727618648,40.71813370000001,-73.9984993,190.69,55.26,2011,2010
1002060012,190 HESTER STREET,wzv-Zria_w9XlrL2cobUxA,2010-06,2010,40.71824023598874,-73.9984727618648,40.71813370000001,-73.9984993,190.69,55.26,2014,2010
1002060012,190 HESTER STREET,wzv-Zria_w9XlrL2cobUxA,2010-06,2010,40.71824023598874,-73.9984727618648,40.71813370000001,-73.9984993,190.69,55.26,2018,2010
1002060012,190 HESTER STREET,wzv-Zria_w9XlrL2cobUxA,2010-06,2010,40.71824023598874,-73.9984727618648,40.71813370000001,-73.9984993,190.69,55.26,2022,2010
1002060012,190 HESTER STREET,wzv-Zria_w9XlrL2cobUxA,2010-06,2010,40.71824023598874,-73.9984727618648,40.71813370000001,-73.9984993,190.69,55.26,2026,2010
1002060013,188 HESTER STREET,ctWGuucH3rF0SDjUDYFqJQ,2009-04,2009,40.71831335136738,-73.99837717689891,40.718103499999984,-73.9984127,187.31,55.08,2007,2009
1002060013,188 HESTER STREET,FpYBb9twSWwIrhafYYhonA,2011-07,2011,40.7183077498718,-73.9983568224957,40.718103499999984,-73.9984127,191.71,55.08,2011,2011
1002060013,188 HESTER STREET,Gl9YUu-PcB2nhF4nrhyyYA,2014-09,2014,40.71829208875715,-73.9983032913016,40.718103499999984,-73.9984127,203.74,55.08,2014,2014
1002060013,188 HESTER STREET,Me_CMfZzOQW_DVO1-l9kCg,2017-11,2017,40.71829638319817,-73.99830804365276,40.718103499999984,-73.9984127,202.35,55.08,2018,2017
1002060013,188 HESTER STREET,VazXqTZ47Jj5vinytqDEZA,2022-07,2022,40.71830487141519,-73.99833332974569,40.718103499999984,-73.9984127,196.63,55.08,2022,2022
1002060013,188 HESTER STREET,tK30RN4TsSvVGGRZT3iicA,2026-04,2026,40.71828884605458,-73.99829584894009,40.718103499999984,-73.9984127,205.54,55.08,2026,2026
1002060014,186 HESTER STREET,AGgtSPqngzCeTnsIGrcByg,2009-04,2009,40.71826865839824,-73.99824976009253,40.71807609999997,-73.9983334,198.22,54.84,2007,2009
1002060014,186 HESTER STREET,lyrc5u9WXPqc6GLMqw2tSQ,2011-07,2011,40.71826968385376,-73.99824635274538,40.71807609999997,-73.9983334,198.82,54.84,2011,2011
1002060014,186 HESTER STREET,ZQkrN2qRLWhA8UGdEpABKw,2014-08,2014,40.7182626787713,-73.9982208873069,40.71807609999997,-73.9983334,204.56,54.84,2014,2014
1002060014,186 HESTER STREET,TbjhMBEgkEDZiDUGsfGjLg,2019-06,2019,40.7182829369454,-73.998279708878,40.71807609999997,-73.9983334,191.13,54.84,2018,2019
1002060014,186 HESTER STREET,EP5U8GjfNyVCbOWg99GiZg,2022-07,2022,40.71826797238916,-73.9982215149762,40.71807609999997,-73.9983334,203.84,54.84,2022,2022
1002060014,186 HESTER STREET,eCove4q6kQs9x_4_VSGfuQ,2026-04,2026,40.71826714789825,-73.9982327233562,40.71807609999997,-73.9983334,201.77,54.84,2026,2026
1002060016,182 HESTER STREET,gx9TU70aZIZ8vSIbTqSj-w,2011-06,2011,40.71807688455128,-73.99799205687678,40.718089800000016,-73.998171,275.44,28.19,2007,2011
1002060016,182 HESTER STREET,gx9TU70aZIZ8vSIbTqSj-w,2011-06,2011,40.71807688455128,-73.99799205687678,40.718089800000016,-73.998171,275.44,28.19,2011,2011
1002060016,182 HESTER STREET,Y7BVVZtI-Tlg6IF3N4-gZw,2014-09,2014,40.71807486152537,-73.99799268454683,40.718089800000016,-73.998171,276.31,28.19,2014,2014
1002060016,182 HESTER STREET,qmjF9PmAOhpwwTb0n-QDHg,2019-06,2019,40.71806666343005,-73.99799178787532,40.718089800000016,-73.998171,279.67,28.19,2018,2019
1002060016,182 HESTER STREET,gzGQFy3wdZPlAUXU1yLoEA,2022-07,2022,40.71802901773101,-73.99801940535556,40.718089800000016,-73.998171,297.88,28.19,2022,2022
1002060016,182 HESTER STREET,67B-QQaqrcNdaGLOI9d2sg,2026-04,2026,40.7180509802023,-73.99800353427163,40.718089800000016,-73.998171,287.01,28.19,2026,2026
1002060017,123 MULBERRY STREET,Jmx6j_gj8nzIVJwOAh8oDw,2010-04,2010,40.71794162268775,-73.99820313323157,40.7179608,-73.9982504,298.16,27.98,2007,2010
1002060017,123 MULBERRY STREET,Jmx6j_gj8nzIVJwOAh8oDw,2010-04,2010,40.71794162268775,-73.99820313323157,40.7179608,-73.9982504,298.16,27.98,2011,2010
1002060017,123 MULBERRY STREET,Jmx6j_gj8nzIVJwOAh8oDw,2010-04,2010,40.71794162268775,-73.99820313323157,40.7179608,-73.9982504,298.16,27.98,2014,2010
1002060017,123 MULBERRY STREET,Jmx6j_gj8nzIVJwOAh8oDw,2010-04,2010,40.71794162268775,-73.99820313323157,40.7179608,-73.9982504,298.16,27.98,2018,2010
1002060017,123 MULBERRY STREET,Jmx6j_gj8nzIVJwOAh8oDw,2010-04,2010,40.71794162268775,-73.99820313323157,40.7179608,-73.9982504,298.16,27.98,2022,2010
1002060017,123 MULBERRY STREET,Jmx6j_gj8nzIVJwOAh8oDw,2010-04,2010,40.71794162268775,-73.99820313323157,40.7179608,-73.9982504,298.16,27.98,2026,2010
1002060019,121 MULBERRY STREET,vmoLzx3SXcRUj-Ff8MB5RA,2011-06,2011,40.71782391172027,-73.99814592564437,40.717900400000005,-73.9983875,292.67,52.93,2007,2011
1002060019,121 MULBERRY STREET,vmoLzx3SXcRUj-Ff8MB5RA,2011-06,2011,40.71782391172027,-73.99814592564437,40.717900400000005,-73.9983875,292.67,52.93,2011,2011
1002060019,121 MULBERRY STREET,ciEKBIS1llRl09zgeq3_kQ,2014-09,2014,40.71781480938285,-73.99815354734584,40.717900400000005,-73.9983875,295.77,52.93,2014,2014
1002060019,121 MULBERRY STREET,DsoGUMLzVgz-LR9cBpMFTg,2019-06,2019,40.71782057592176,-73.99815112633482,40.717900400000005,-73.9983875,294.02,52.93,2018,2019
1002060019,121 MULBERRY STREET,4j8mw8bLyWFG4fHcKQEDhA,2022-07,2022,40.71781987835976,-73.99814727065053,40.717900400000005,-73.9983875,293.86,52.93,2022,2022
1002060019,121 MULBERRY STREET,niIjQC5vQrM_bVzfaZmGrw,2026-04,2026,40.71780121853921,-73.9981609000458,40.717900400000005,-73.9983875,300.01,52.93,2026,2026
1002060020,119 MULBERRY STREET,4wYyVoGWfL5PqwNw5nqPAA,2011-07,2011,40.71772897755379,-73.99820573357604,40.717834499999995,-73.9984272,302.16,52.61,2007,2011
1002060020,119 MULBERRY STREET,4wYyVoGWfL5PqwNw5nqPAA,2011-07,2011,40.71772897755379,-73.99820573357604,40.717834499999995,-73.9984272,302.16,52.61,2011,2011
1002060020,119 MULBERRY STREET,Gtw6WFIz_ULjn_k-rcTU3A,2014-08,2014,40.71774892721522,-73.99818098546865,40.717834499999995,-73.9984272,294.63,52.61,2014,2014
1002060020,119 MULBERRY STREET,6_YpaE7M0cMNT7w907xIug,2019-06,2019,40.71773852575466,-73.99820178822581,40.717834499999995,-73.9984272,299.33,52.61,2018,2019
1002060020,119 MULBERRY STREET,gQnL-5PGPvmlozt6kPuq2w,2022-07,2022,40.71773845962355,-73.9981997258836,40.717834499999995,-73.9984272,299.12,52.61,2022,2022
1002060020,119 MULBERRY STREET,B3BzewcrBPw7ySqkRJJRXA,2026-04,2026,40.71772205924737,-73.99821120326602,40.717834499999995,-73.9984272,304.48,52.61,2026,2026
1002060021,117 MULBERRY STREET,4wYyVoGWfL5PqwNw5nqPAA,2011-07,2011,40.71772897755379,-73.99820573357604,40.71777409999999,-73.9984668,282.85,53.12,2007,2011
1002060021,117 MULBERRY STREET,4wYyVoGWfL5PqwNw5nqPAA,2011-07,2011,40.71772897755379,-73.99820573357604,40.71777409999999,-73.9984668,282.85,53.12,2011,2011
1002060021,117 MULBERRY STREET,Gtw6WFIz_ULjn_k-rcTU3A,2014-08,2014,40.71774892721522,-73.99818098546865,40.71777409999999,-73.9984668,276.63,53.12,2014,2014
1002060021,117 MULBERRY STREET,qKQ2LToA6mtZ3uvj2FdmDA,2019-06,2019,40.71769385116951,-73.9982287780065,40.71777409999999,-73.9984668,293.98,53.12,2018,2019
1002060021,117 MULBERRY STREET,2W9dPPG-xm3yntKwttF2SQ,2022-07,2022,40.71769775569506,-73.99822546032603,40.71777409999999,-73.9984668,292.65,53.12,2022,2022
1002060021,117 MULBERRY STREET,9fnqcuVxnDBAURn6tokI_w,2026-04,2026,40.71771909546499,-73.99821317594105,40.71777409999999,-73.9984668,285.97,53.12,2026,2026
1002060022,115 MULBERRY STREET,Q2nCONyRzIdHmn3oNRdxzw,2011-07,2011,40.71764151568759,-73.99825280877151,40.717713800000006,-73.9985029,290.87,52.77,2007,2011
1002060022,115 MULBERRY STREET,Q2nCONyRzIdHmn3oNRdxzw,2011-07,2011,40.71764151568759,-73.99825280877151,40.717713800000006,-73.9985029,290.87,52.77,2011,2011
1002060022,115 MULBERRY STREET,zljfhsqfYI2krcMdRDspzA,2014-08,2014,40.71762484827965,-73.99826240314326,40.717713800000006,-73.9985029,296.01,52.77,2014,2014
1002060022,115 MULBERRY STREET,XhXPQmm4I-AHO-ZhWK290w,2019-06,2019,40.71765309548562,-73.99825361577476,40.717713800000006,-73.9985029,287.81,52.77,2018,2019
1002060022,115 MULBERRY STREET,-hqTTgauK7AcZ1GMT8RKlQ,2022-07,2022,40.71765682543427,-73.99825119476499,40.717713800000006,-73.9985029,286.63,52.77,2022,2022
1002060022,115 MULBERRY STREET,qAoSEaFqbNc7tRERLU9HZg,2026-04,2026,40.71765430322017,-73.99825415377691,40.717713800000006,-73.9985029,287.51,52.77,2026,2026
1002060023,113 MULBERRY STREET,q47d1l1P3UoIWTz3CNLfSA,2011-07,2011,40.71755966524772,-73.99831073366279,40.7176506,-73.99854260000001,297.36,52.87,2007,2011
1002060023,113 MULBERRY STREET,q47d1l1P3UoIWTz3CNLfSA,2011-07,2011,40.71755966524772,-73.99831073366279,40.7176506,-73.99854260000001,297.36,52.87,2011,2011
1002060023,113 MULBERRY STREET,qjnDK2wNtdlzz91ItxIBVQ,2014-09,2014,40.71757798617724,-73.99829737327921,40.7176506,-73.99854260000001,291.34,52.87,2014,2014
1002060023,113 MULBERRY STREET,UDwOlMxGdooOQymZX_e5Ow,2019-06,2019,40.71757409691163,-73.99830239463155,40.7176506,-73.99854260000001,292.79,52.87,2018,2019
1002060023,113 MULBERRY STREET,_acdeQFhMxrMPynLdYrSTg,2022-07,2022,40.71757599282144,-73.99830087029245,40.7176506,-73.99854260000001,292.16,52.87,2022,2022
1002060023,113 MULBERRY STREET,mwqQza4MdEjCCMuHd_z95g,2026-04,2026,40.71757213999118,-73.99830508464166,40.7176506,-73.99854260000001,293.55,52.87,2026,2026
1002060024,109 MULBERRY STREET,yS6WxcBcdIgyLcogva-fSQ,2011-06,2011,40.71749442783306,-73.99835655349476,40.71755730000001,-73.9986003,288.79,52.8,2007,2011
1002060024,109 MULBERRY STREET,yS6WxcBcdIgyLcogva-fSQ,2011-06,2011,40.71749442783306,-73.99835655349476,40.71755730000001,-73.9986003,288.79,52.8,2011,2011
1002060024,109 MULBERRY STREET,SPxb8ldIGyim8fC1hHXSPQ,2014-09,2014,40.7174898138703,-73.99835646382778,40.71755730000001,-73.9986003,290.06,52.8,2014,2014
1002060024,109 MULBERRY STREET,Gz7srrfz5ZF6Al6VnftQJQ,2019-06,2019,40.71749499817544,-73.99835153214384,40.71755730000001,-73.9986003,288.28,52.8,2018,2019
1002060024,109 MULBERRY STREET,8A2N30ipiGjdu95T6t0BbA,2022-07,2022,40.71749400657266,-73.99835251848064,40.71755730000001,-73.9986003,288.63,52.8,2022,2022
1002060024,109 MULBERRY STREET,gPLN-Ihx7MNMkCxAZUAq_A,2026-04,2026,40.71748991813809,-73.99835879516922,40.71755730000001,-73.9986003,290.21,52.8,2026,2026
1002060026,203 CANAL STREET,Red8m89_zQ96FBAwjYB0nA,2010-05,2010,40.71738506555472,-73.9985625184357,40.71737339999999,-73.9986112,252.46,26.88,2007,2010
1002060026,203 CANAL STREET,Red8m89_zQ96FBAwjYB0nA,2010-05,2010,40.71738506555472,-73.9985625184357,40.71737339999999,-73.9986112,252.46,26.88,2011,2010
1002060026,203 CANAL STREET,Red8m89_zQ96FBAwjYB0nA,2010-05,2010,40.71738506555472,-73.9985625184357,40.71737339999999,-73.9986112,252.46,26.88,2014,2010
1002060026,203 CANAL STREET,Red8m89_zQ96FBAwjYB0nA,2010-05,2010,40.71738506555472,-73.9985625184357,40.71737339999999,-73.9986112,252.46,26.88,2018,2010
1002060026,203 CANAL STREET,Red8m89_zQ96FBAwjYB0nA,2010-05,2010,40.71738506555472,-73.9985625184357,40.71737339999999,-73.9986112,252.46,26.88,2022,2010
1002060026,203 CANAL STREET,Red8m89_zQ96FBAwjYB0nA,2010-05,2010,40.71738506555472,-73.9985625184357,40.71737339999999,-73.9986112,252.46,26.88,2026,2010
1002060028,207 CANAL STREET,Qm1cJIEoc_h2xGvruG3GPw,2009-06,2009,40.71727754366563,-73.99885967425548,40.71743380000001,-73.9987302,32.13,39.45,2007,2009
1002060028,207 CANAL STREET,ziy_QctgRMEJ0pOB748Qaw,2011-07,2011,40.71721949945319,-73.99892324796637,40.71743380000001,-73.9987302,34.32,39.45,2011,2011
1002060028,207 CANAL STREET,kfkG4NDAZPvoZPoXiVdIxQ,2014-10,2014,40.7172409769481,-73.99895023764543,40.71743380000001,-73.9987302,40.86,39.45,2014,2014
1002060028,207 CANAL STREET,HisLLnNNDJGjITmTqUL5FA,2018-10,2018,40.71730270110173,-73.99886846159619,40.71743380000001,-73.9987302,38.64,39.45,2018,2018
1002060028,207 CANAL STREET,IeBUl1sXjD6sJR6XFpDBDw,2022-07,2022,40.71723254311085,-73.99895140331256,40.71743380000001,-73.9987302,39.8,39.45,2022,2022
1002060028,207 CANAL STREET,zCuJ6NFO_AQ-pJbOFbrb0g,2026-04,2026,40.71725674192317,-73.99892629663462,40.71743380000001,-73.9987302,40.01,39.45,2026,2026
1002060029,209 CANAL STREET,hr5ZZmMRSI-JrvZkuaB4hQ,2009-09,2009,40.71734546729915,-73.99903389665968,40.71747500000001,-73.9988312,49.86,30.66,2007,2009
1002060029,209 CANAL STREET,bNucsIMxLjoKnHVtJO3B7Q,2011-06,2011,40.71729924856783,-73.99899892665816,40.71747500000001,-73.9988312,35.88,30.66,2011,2011
1002060029,209 CANAL STREET,XMG6f5BXJl8kVwplHmGvpQ,2014-10,2014,40.71730896394773,-73.99904510499215,40.71747500000001,-73.9988312,44.32,30.66,2014,2014
1002060029,209 CANAL STREET,rfL-knvhQB40FP1yq7PcmA,2018-10,2018,40.71736226613845,-73.99895606598095,40.71747500000001,-73.9988312,40.01,30.66,2018,2018
1002060029,209 CANAL STREET,81M2MI5k9KejSVXgrAJgGA,2022-07,2022,40.71729808498001,-73.99905030565819,40.71747500000001,-73.9988312,43.19,30.66,2022,2022
1002060029,209 CANAL STREET,1EpO4JLcmnH0PFkgvcgmhA,2026-04,2026,40.71731883007551,-73.9990194603265,40.71747500000001,-73.9988312,42.42,30.66,2026,2026
1002060031,213 CANAL STREET,7s9cT1vV-r_R7-iwdbDx8w,2009-09,2009,40.71744180759432,-73.99917126593715,40.71759300000002,-73.9989466,48.4,39.14,2007,2009
1002060031,213 CANAL STREET,Bx5rx_HlfR4xYhR4oyujkQ,2011-07,2011,40.71744197456739,-73.99922936988388,40.71759300000002,-73.9989466,54.83,39.14,2011,2011
1002060031,213 CANAL STREET,bk2WxQxk87q8RXbufLA_Ig,2014-10,2014,40.71744813444977,-73.99922121022576,40.71759300000002,-73.9989466,55.16,39.14,2014,2014
1002060031,213 CANAL STREET,6-vIGVotGUZHCTDIKm-Hog,2018-10,2018,40.71751311147531,-73.99916929327199,40.71759300000002,-73.9989466,64.67,39.14,2018,2018
1002060031,213 CANAL STREET,8TTkKxxDYf8RFCksVbI3Sw,2022-07,2022,40.71741061747443,-73.99920345624315,40.71759300000002,-73.9989466,46.87,39.14,2022,2022
1002060031,213 CANAL STREET,3AxcxoswyBbLh_4r04w8pQ,2026-04,2026,40.71745001258495,-73.9992004075793,40.71759300000002,-73.9989466,53.38,39.14,2026,2026
1002060034,219 CANAL STREET,qBtmcvNmc74vWymOu3HQ3g,2012-07,2012,40.71770176794062,-73.9992283835516,40.7176699,-73.999109,109.4,13.73,2007,2012
1002060034,219 CANAL STREET,qBtmcvNmc74vWymOu3HQ3g,2012-07,2012,40.71770176794062,-73.9992283835516,40.7176699,-73.999109,109.4,13.73,2011,2012
1002060034,219 CANAL STREET,0iN3_ODyXF6j5Z9f7klFfA,2014-08,2014,40.71773256294978,-73.99920883623805,40.7176699,-73.999109,129.63,13.73,2014,2014
1002060034,219 CANAL STREET,iZ3kSwSYAl6rALCPhsKNhA,2019-06,2019,40.71768825999449,-73.99923259788041,40.7176699,-73.999109,101.09,13.73,2018,2019
1002060034,219 CANAL STREET,W9jWRVuZpd_STXoEsata7A,2022-07,2022,40.71768613354271,-73.99923941253955,40.7176699,-73.999109,99.33,13.73,2022,2022
1002060034,219 CANAL STREET,p-FaRbTVItKBd-fkEgIuNw,2026-04,2026,40.71771081956372,-73.99922040322659,40.7176699,-73.999109,115.86,13.73,2026,2026
1002067501,123 BAXTER STREET,8uZ3cm85rNK6IUb2eJhZLw,2012-07,2012,40.71817290056138,-73.99893203530416,40.7181502,-73.9986833,96.87,43.45,2007,2012
1002067501,123 BAXTER STREET,8uZ3cm85rNK6IUb2eJhZLw,2012-07,2012,40.71817290056138,-73.99893203530416,40.7181502,-73.9986833,96.87,43.45,2011,2012
1002067501,123 BAXTER STREET,9rNZTr3IWw58lIyfdGG3iQ,2014-09,2014,40.71817479561231,-73.9989299729698,40.7181502,-73.9986833,97.49,43.45,2014,2014
1002067501,123 BAXTER STREET,JRNtgMHkI9JPlHoTRsqKpQ,2019-06,2019,40.71818499297364,-73.99892315829966,40.7181502,-73.9986833,100.83,43.45,2018,2019
1002067501,123 BAXTER STREET,khY0zlsXWHynxLykxOaK0Q,2022-07,2022,40.71817452187186,-73.99893176630403,40.7181502,-73.9986833,97.36,43.45,2022,2022
1002067501,123 BAXTER STREET,RO45j_um3MGEQg1hrwei5Q,2024-09,2024,40.7181905696572,-73.99891993029792,40.7181502,-73.9986833,102.69,43.45,2026,2024
1002070001,235 CANAL STREET,r10elGH58iKURVOWr6SaxQ,2012-08,2012,40.71823012273619,-73.99979104046021,40.7181118,-73.9995779,126.22,44.87,2007,2012
1002070001,235 CANAL STREET,r10elGH58iKURVOWr6SaxQ,2012-08,2012,40.71823012273619,-73.99979104046021,40.7181118,-73.9995779,126.22,44.87,2011,2012
1002070001,235 CANAL STREET,ByzJ0vntD2CQGmoia9lwUg,2014-09,2014,40.71824654106403,-73.99976692022186,40.7181118,-73.9995779,133.24,44.87,2014,2014
1002070001,235 CANAL STREET,H-6ik5E70ubMHqXm3xdltQ,2018-07,2018,40.71820849473121,-73.99979597210708,40.7181118,-73.9995779,120.33,44.87,2018,2018
1002070001,235 CANAL STREET,HJ257nfcpIJ6OYkafm0lTw,2022-07,2022,40.71823836751583,-73.99977364519569,40.7181118,-73.9995779,130.47,44.87,2022,2022
1002070001,235 CANAL STREET,SkAXwXL5YZcBckIwq9aF8Q,2026-04,2026,40.71823398495567,-73.99977678351671,40.7181118,-73.9995779,129.03,44.87,2026,2026
1002070005,204 CENTRE STREET,ULkbGqpYDp4k-MJvDttyUg,2012-08,2012,40.71839581052309,-73.99964344966051,40.71821880000001,-73.99931100000002,125.09,47.95,2007,2012
1002070005,204 CENTRE STREET,ULkbGqpYDp4k-MJvDttyUg,2012-08,2012,40.71839581052309,-73.99964344966051,40.71821880000001,-73.99931100000002,125.09,47.95,2011,2012
1002070005,204 CENTRE STREET,vwIKQ0oaCnrO_n9VFcXSHg,2014-08,2014,40.71843816117918,-73.99964156666658,40.71821880000001,-73.99931100000002,131.2,47.95,2014,2014
1002070005,204 CENTRE STREET,cIsbYoLN2SgTC3NQ3W7KYw,2018-07,2018,40.71840900555788,-73.99966416259248,40.71821880000001,-73.99931100000002,125.4,47.95,2018,2018
1002070005,204 CENTRE STREET,mMh0E14OsXy63JoInfzKtA,2022-07,2022,40.718393679821,-73.9996635349279,40.71821880000001,-73.99931100000002,123.2,47.95,2022,2022
1002070005,204 CENTRE STREET,NSODeZbwaAh0t5CZ-fCirg,2024-09,2024,40.71840945818198,-73.99963224136306,40.71821880000001,-73.99931100000002,128.06,47.95,2026,2024
1002070006,204 CENTRE STREET,ULkbGqpYDp4k-MJvDttyUg,2012-08,2012,40.71839581052309,-73.99964344966051,40.71832309999998,-73.9993903,110.75,4.4,2007,2012
1002070006,204 CENTRE STREET,ULkbGqpYDp4k-MJvDttyUg,2012-08,2012,40.71839581052309,-73.99964344966051,40.71832309999998,-73.9993903,110.75,4.4,2011,2012
1002070006,204 CENTRE STREET,vwIKQ0oaCnrO_n9VFcXSHg,2014-08,2014,40.71843816117918,-73.99964156666658,40.71832309999998,-73.9993903,121.14,4.4,2014,2014
1002070006,204 CENTRE STREET,cIsbYoLN2SgTC3NQ3W7KYw,2018-07,2018,40.71840900555788,-73.99966416259248,40.71832309999998,-73.9993903,112.48,4.4,2018,2018
1002070006,204 CENTRE STREET,mMh0E14OsXy63JoInfzKtA,2022-07,2022,40.718393679821,-73.9996635349279,40.71832309999998,-73.9993903,108.82,4.4,2022,2022
1002070006,204 CENTRE STREET,NSODeZbwaAh0t5CZ-fCirg,2024-09,2024,40.71840945818198,-73.99963224136306,40.71832309999998,-73.9993903,115.22,4.4,2026,2024
1002070007,204 CENTRE STREET,xfdr4yo0UP9IvLnICDt4ig,2012-08,2012,40.71852191407178,-73.99953853997067,40.7183807,-73.9993615,136.46,7.34,2007,2012
1002070007,204 CENTRE STREET,xfdr4yo0UP9IvLnICDt4ig,2012-08,2012,40.71852191407178,-73.99953853997067,40.7183807,-73.9993615,136.46,7.34,2011,2012
1002070007,204 CENTRE STREET,WEWvHATpQ0glDknEk2FwAw,2014-09,2014,40.71850204819897,-73.99956866788749,40.7183807,-73.9993615,127.7,7.34,2014,2014
1002070007,204 CENTRE STREET,51cc7I3QU0sOIsOIlZfmQw,2018-07,2018,40.71852731022535,-73.99957234421034,40.7183807,-73.9993615,132.53,7.34,2018,2018
1002070007,204 CENTRE STREET,rF3BxNUOyh-GJ09vjsqksw,2022-07,2022,40.71847896343376,-73.99958247651443,40.7183807,-73.9993615,120.4,7.34,2022,2022
1002070007,204 CENTRE STREET,aCjAIEqffaLSDWVxmEbx-Q,2024-09,2024,40.71849568501784,-73.99956741255771,40.7183807,-73.9993615,126.38,7.34,2026,2024
1002070008,208 HESTER STREET,XSETWD3vxOg3FZqRw566TQ,2009-04,2009,40.71860490762698,-73.99922533488815,40.718485,-73.99931460000002,209.43,12.25,2007,2009
1002070008,208 HESTER STREET,jkL4dzmVT46YhCH7H47Ntg,2011-07,2011,40.7186012911284,-73.99918812325684,40.718485,-73.99931460000002,219.5,12.25,2011,2011
1002070008,208 HESTER STREET,kKYVRqOpPwpAmV_N1UqC0Q,2014-09,2014,40.71861614573753,-73.99923277721354,40.718485,-73.99931460000002,205.31,12.25,2014,2014
1002070008,208 HESTER STREET,CK8sNYHwfqQRQqXRuO16HQ,2019-06,2019,40.71860509735422,-73.99919422058487,40.718485,-73.99931460000002,217.22,12.25,2018,2019
1002070008,208 HESTER STREET,MHzxPIYhuFoWxVEzR_9D2w,2022-07,2022,40.71860121321262,-73.99920246991074,40.718485,-73.99931460000002,216.18,12.25,2022,2022
1002070008,208 HESTER STREET,vDXDqdUcQ1rCsESPrZnUaA,2024-05,2024,40.71855696703789,-73.99926173951323,40.718485,-73.99931460000002,209.1,12.25,2026,2024
1002070010,204 HESTER STREET,XSETWD3vxOg3FZqRw566TQ,2009-04,2009,40.71860490762698,-73.99922533488815,40.718413700000006,-73.99916310000002,166.14,36.88,2007,2009
1002070010,204 HESTER STREET,jkL4dzmVT46YhCH7H47Ntg,2011-07,2011,40.7186012911284,-73.99918812325684,40.718413700000006,-73.99916310000002,174.23,36.88,2011,2011
1002070010,204 HESTER STREET,kKYVRqOpPwpAmV_N1UqC0Q,2014-09,2014,40.71861614573753,-73.99923277721354,40.718413700000006,-73.99916310000002,165.38,36.88,2014,2014
1002070010,204 HESTER STREET,CK8sNYHwfqQRQqXRuO16HQ,2019-06,2019,40.71860509735422,-73.99919422058487,40.718413700000006,-73.99916310000002,172.97,36.88,2018,2019
1002070010,204 HESTER STREET,MHzxPIYhuFoWxVEzR_9D2w,2022-07,2022,40.71860121321262,-73.99920246991074,40.718413700000006,-73.99916310000002,170.96,36.88,2022,2022
1002070010,204 HESTER STREET,vDXDqdUcQ1rCsESPrZnUaA,2024-05,2024,40.71855696703789,-73.99926173951323,40.718413700000006,-73.99916310000002,152.44,36.88,2026,2024
1002070012,202 HESTER STREET,5rfrMGbADaNtcmJeoLTOzQ,2009-04,2009,40.71852824868918,-73.99901981899318,40.7183972,-73.9990368,185.61,29.52,2007,2009
1002070012,202 HESTER STREET,I8MbNIlxDzwQ6ylMoDqVRA,2013-08,2013,40.71852819259738,-73.99899229132382,40.7183972,-73.9990368,194.44,29.52,2011,2013
1002070012,202 HESTER STREET,c9wKHd-9eNM_bKc7ZFAjlQ,2014-08,2014,40.71853176829632,-73.9989956986577,40.7183972,-73.9990368,193.03,29.52,2014,2014
1002070012,202 HESTER STREET,daTOT6eA0_EdGzKOP3KVCw,2019-06,2019,40.71853962559064,-73.99898780798968,40.7183972,-73.9990368,194.61,29.52,2018,2019
1002070012,202 HESTER STREET,m4Z33Nv24zRXhovacA-JGA,2022-07,2022,40.71852703823942,-73.99898574565594,40.7183972,-73.9990368,196.6,29.52,2022,2022
1002070012,202 HESTER STREET,L_pTUBRQHjr6CHXX4Pj-0A,2024-05,2024,40.71848139361867,-73.99901919132648,40.7183972,-73.9990368,189.01,29.52,2026,2024
1002070013,200 HESTER STREET,TATUNuU_IsrO9NxbByd1VQ,2012-07,2012,40.71837745418172,-73.9988058742016,40.71836429999998,-73.9989466,262.97,13.91,2007,2012
1002070013,200 HESTER STREET,TATUNuU_IsrO9NxbByd1VQ,2012-07,2012,40.71837745418172,-73.9988058742016,40.71836429999998,-73.9989466,262.97,13.91,2011,2012
1002070013,200 HESTER STREET,fXiT3Dza0PDVer5JMQkCqQ,2014-08,2014,40.71835896220254,-73.9988143028777,40.71836429999998,-73.9989466,273.05,13.91,2014,2014
1002070013,200 HESTER STREET,l80w-2QzP1YzQ-bfewN_wQ,2017-11,2017,40.71835345506872,-73.99882174521906,40.71836429999998,-73.9989466,276.54,13.91,2018,2017
1002070013,200 HESTER STREET,89lVHtCPysgl7EJzq0vufQ,2022-07,2022,40.71834871658697,-73.9988223728864,40.71836429999998,-73.9989466,279.4,13.91,2022,2022
1002070013,200 HESTER STREET,pGxVFmkeD5u8dqnkYCxGfw,2024-09,2024,40.71835140321006,-73.99882004155059,40.71836429999998,-73.9989466,277.66,13.91,2026,2024
1002070014,128 BAXTER STREET,8uZ3cm85rNK6IUb2eJhZLw,2012-07,2012,40.71817290056138,-73.99893203530416,40.718284699999984,-73.9990765,315.6,34.32,2007,2012
1002070014,128 BAXTER STREET,8uZ3cm85rNK6IUb2eJhZLw,2012-07,2012,40.71817290056138,-73.99893203530416,40.718284699999984,-73.9990765,315.6,34.32,2011,2012
1002070014,128 BAXTER STREET,9rNZTr3IWw58lIyfdGG3iQ,2014-09,2014,40.71817479561231,-73.9989299729698,40.718284699999984,-73.9990765,314.7,34.32,2014,2014
1002070014,128 BAXTER STREET,JRNtgMHkI9JPlHoTRsqKpQ,2019-06,2019,40.71818499297364,-73.99892315829966,40.718284699999984,-73.9990765,310.63,34.32,2018,2019
1002070014,128 BAXTER STREET,khY0zlsXWHynxLykxOaK0Q,2022-07,2022,40.71817452187186,-73.99893176630403,40.718284699999984,-73.9990765,315.13,34.32,2022,2022
1002070014,128 BAXTER STREET,RO45j_um3MGEQg1hrwei5Q,2024-09,2024,40.7181905696572,-73.99891993029792,40.718284699999984,-73.9990765,308.42,34.32,2026,2024
1002070015,126 BAXTER STREET,8uZ3cm85rNK6IUb2eJhZLw,2012-07,2012,40.71817290056138,-73.99893203530416,40.7182243,-73.9991306,288.86,38.63,2007,2012
1002070015,126 BAXTER STREET,8uZ3cm85rNK6IUb2eJhZLw,2012-07,2012,40.71817290056138,-73.99893203530416,40.7182243,-73.9991306,288.86,38.63,2011,2012
1002070015,126 BAXTER STREET,9rNZTr3IWw58lIyfdGG3iQ,2014-09,2014,40.71817479561231,-73.9989299729698,40.7182243,-73.9991306,288.03,38.63,2014,2014
1002070015,126 BAXTER STREET,JRNtgMHkI9JPlHoTRsqKpQ,2019-06,2019,40.71818499297364,-73.99892315829966,40.7182243,-73.9991306,284.04,38.63,2018,2019
1002070015,126 BAXTER STREET,khY0zlsXWHynxLykxOaK0Q,2022-07,2022,40.71817452187186,-73.99893176630403,40.7182243,-73.9991306,288.28,38.63,2022,2022
1002070015,126 BAXTER STREET,RO45j_um3MGEQg1hrwei5Q,2024-09,2024,40.7181905696572,-73.99891993029792,40.7182243,-73.9991306,281.93,38.63,2026,2024
1002070017,118 BAXTER STREET,moWG9ZZB81Y8_wYixPeHtA,2012-07,2012,40.71798251311286,-73.99904958832494,40.7180541,-73.9992749,292.74,48.72,2007,2012
1002070017,118 BAXTER STREET,moWG9ZZB81Y8_wYixPeHtA,2012-07,2012,40.71798251311286,-73.99904958832494,40.7180541,-73.9992749,292.74,48.72,2011,2012
1002070017,118 BAXTER STREET,k2U-ayrJETKl7_E8M7Mw-w,2014-09,2014,40.71798402170967,-73.99904958832494,40.7180541,-73.9992749,292.31,48.72,2014,2014
1002070017,118 BAXTER STREET,TMBXNNngVD38f9nfnQUlNA,2019-06,2019,40.71795311839817,-73.99906411432251,40.7180541,-73.9992749,302.3,48.72,2018,2019
1002070017,118 BAXTER STREET,MuvuO4ythamnnYdNX8__dg,2022-07,2022,40.71793099375889,-73.99908097165164,40.7180541,-73.9992749,309.95,48.72,2022,2022
1002070017,118 BAXTER STREET,KbSeuHeCDTlcmaQlIaRSDA,2026-04,2026,40.71797888571274,-73.99905326465777,40.7180541,-73.9992749,294.12,48.72,2026,2026
1002070020,114 BAXTER STREET,W1ky4g1HLmX66DJgywHnfA,2009-09,2009,40.71774032931267,-73.99959825780117,40.7178839,-73.9993795,49.11,34.03,2007,2009
1002070020,114 BAXTER STREET,FDIOqvUGqC-UgL8QI9O9Xg,2011-07,2011,40.71771039529573,-73.99961377008742,40.7178839,-73.9993795,45.66,34.03,2011,2011
1002070020,114 BAXTER STREET,m72ko7P5IXIVwHcoqwN3cg,2014-08,2014,40.7176977171561,-73.99958606317063,40.7178839,-73.9993795,40.06,34.03,2014,2014
1002070020,114 BAXTER STREET,Z0box0m7A3T2qlH0A3BDaA,2018-10,2018,40.71779829881608,-73.99956714355847,40.7178839,-73.9993795,58.96,34.03,2018,2018
1002070020,114 BAXTER STREET,3mHAqXYKYW3GyOUaVcHseQ,2022-07,2022,40.71770632126429,-73.99959727147079,40.7178839,-73.9993795,42.91,34.03,2022,2022
1002070020,114 BAXTER STREET,6aaVlep_voFzdSWjAGz9QA,2026-04,2026,40.71771387611199,-73.99961278375712,40.7178839,-73.9993795,46.12,34.03,2026,2026
1002080001,247 CANAL STREET,Dfe9ray8QzsF5B58XA3faA,2009-04,2009,40.71862612943625,-74.00035288872151,40.71855369999999,-74.0001804,118.99,24.73,2007,2009
1002080001,247 CANAL STREET,umyVtKdpiXq2MKc1JBFDwg,2011-07,2011,40.71862094336017,-74.00036472463907,40.71855369999999,-74.0001804,115.7,24.73,2011,2011
1002080001,247 CANAL STREET,4OXxs_1UU-xwAE4W0nvIzA,2014-10,2014,40.71865099905501,-74.00035486137449,40.71855369999999,-74.0001804,126.35,24.73,2014,2014
1002080001,247 CANAL STREET,FM_pqhvffuQWr7lcOUlEXQ,2018-07,2018,40.71869019911486,-74.00038821713994,40.71855369999999,-74.0001804,130.91,24.73,2018,2018
1002080001,247 CANAL STREET,5zV2OPd_2wGAa4xjUNRDEA,2022-07,2022,40.71863088478966,-74.00036302098432,40.71855369999999,-74.0001804,119.15,24.73,2022,2022
1002080001,247 CANAL STREET,ml1Ah7bhAy7iLZBgXaFSnw,2026-04,2026,40.71864461979944,-74.00035136439875,40.71855369999999,-74.0001804,125.06,24.73,2026,2026
1002080004,123 LAFAYETTE STREET,X9EaHB8xleva9zO0sY41SA,2009-04,2009,40.71881004220513,-74.00018700646666,40.718718400000014,-73.999982,120.53,35.32,2007,2009
1002080004,123 LAFAYETTE STREET,2LyI8pdQbk4MjNpncibEwg,2011-07,2011,40.71884208785079,-74.00015553365506,40.718718400000014,-73.999982,133.24,35.32,2011,2011
1002080004,123 LAFAYETTE STREET,3IPUXrtRplZtjWx3C5rj3A,2014-07,2014,40.71880255605964,-74.00019113110825,40.718718400000014,-73.999982,117.97,35.32,2014,2014
1002080004,123 LAFAYETTE STREET,JBTAv6jgn3i5w_x3uK8clw,2018-07,2018,40.71882702620819,-74.00022699755313,40.718718400000014,-73.999982,120.33,35.32,2018,2018
1002080004,123 LAFAYETTE STREET,uzGgkvViONtIX__LKo0dDw,2022-07,2022,40.71882841555325,-74.00018306115722,40.718718400000014,-73.999982,125.83,35.32,2022,2022
1002080004,123 LAFAYETTE STREET,ANPFan6yZ1Jzgr-RwO8iYA,2024-09,2024,40.71882316685696,-74.00018700646666,40.718718400000014,-73.999982,123.99,35.32,2026,2024
1002080013,3 HOWARD STREET,Uwj8b_FV2H6dNtJk2Z74Tg,2011-07,2011,40.71906813042413,-73.99956911621955,40.7188666,-73.9996393,194.79,54.8,2007,2011
1002080013,3 HOWARD STREET,Uwj8b_FV2H6dNtJk2Z74Tg,2011-07,2011,40.71906813042413,-73.99956911621955,40.7188666,-73.9996393,194.79,54.8,2011,2011
1002080013,3 HOWARD STREET,9pHWPleF3mmM3c52X6p8Qg,2014-09,2014,40.71906162319541,-73.99954822394446,40.7188666,-73.9996393,199.49,54.8,2014,2014
1002080013,3 HOWARD STREET,ArsMdB5QaJ7tyvd1YwZi9w,2019-06,2019,40.71905281831425,-73.9995052737237,40.7188666,-73.9996393,208.61,54.8,2018,2019
1002080013,3 HOWARD STREET,OideecrbODnwQEjo0FcBhw,2022-07,2022,40.71905697879617,-73.99952876632997,40.7188666,-73.9996393,203.75,54.8,2022,2022
1002080013,3 HOWARD STREET,pPt6srNaH83DkpnW4emR0A,2024-05,2024,40.71910219268697,-73.99952526933914,40.7188666,-73.9996393,200.15,54.8,2026,2024
1002080019,239 CANAL STREET,xfdr4yo0UP9IvLnICDt4ig,2012-08,2012,40.71852191407178,-73.99953853997067,40.7186031,-73.9997439,297.55,32.0,2007,2012
1002080019,239 CANAL STREET,xfdr4yo0UP9IvLnICDt4ig,2012-08,2012,40.71852191407178,-73.99953853997067,40.7186031,-73.9997439,297.55,32.0,2011,2012
1002080019,239 CANAL STREET,WEWvHATpQ0glDknEk2FwAw,2014-09,2014,40.71850204819897,-73.99956866788749,40.7186031,-73.9997439,307.27,32.0,2014,2014
1002080019,239 CANAL STREET,51cc7I3QU0sOIsOIlZfmQw,2018-07,2018,40.71852731022535,-73.99957234421034,40.7186031,-73.9997439,300.24,32.0,2018,2018
1002080019,239 CANAL STREET,rF3BxNUOyh-GJ09vjsqksw,2022-07,2022,40.71847896343376,-73.99958247651443,40.7186031,-73.9997439,315.42,32.0,2022,2022
1002080019,239 CANAL STREET,aCjAIEqffaLSDWVxmEbx-Q,2024-09,2024,40.71849568501784,-73.99956741255771,40.7186031,-73.9997439,308.77,32.0,2026,2024
1002080020,243 CANAL STREET,DOmb_WKiDoNiKQ7Gr0rL5w,2009-09,2009,40.71821005309772,-74.00025228339274,40.71843020000001,-74.0,40.98,57.33,2007,2009
1002080020,243 CANAL STREET,XgdsL_HIspk_S_FAIDCEBw,2011-07,2011,40.71818180061674,-74.0002738032536,40.71843020000001,-74.0,39.88,57.33,2011,2011
1002080020,243 CANAL STREET,dJahjEtfRcXFSNUcsxU41Q,2014-09,2014,40.71824481151211,-74.0001867374683,40.71843020000001,-74.0,37.36,57.33,2014,2014
1002080020,243 CANAL STREET,coqdbk3FrspdpQttZIp2ug,2018-10,2018,40.71824024299279,-74.00023166019047,40.71843020000001,-74.0,42.75,57.33,2018,2018
1002080020,243 CANAL STREET,NghpMZGgfG7iAqqIzB9BsQ,2022-07,2022,40.71820290425754,-74.00024708275933,40.71843020000001,-74.0,39.49,57.33,2022,2022
1002080020,243 CANAL STREET,busepLca6aIrUFCYMwNg5Q,2026-04,2026,40.71817661568679,-74.00024627576448,40.71843020000001,-74.0,36.36,57.33,2026,2026
1002080021,245 CANAL STREET,MOSMj7GX5acPL9sO8X-NkQ,2009-09,2009,40.71826794013734,-74.00032912721815,40.7184878,-74.00009740000002,38.62,54.76,2007,2009
1002080021,245 CANAL STREET,YxKiRSZqrVdbq2vurpq7bA,2011-07,2011,40.71824008939485,-74.0003502884062,40.7184878,-74.00009740000002,37.73,54.76,2011,2011
1002080021,245 CANAL STREET,mMQj2Ucg_XLz4GRfvGfz6Q,2014-09,2014,40.71831173728649,-74.00027945221669,40.7184878,-74.00009740000002,38.09,54.76,2014,2014
1002080021,245 CANAL STREET,GWl8E9s5cSjulmTkwolGPw,2018-10,2018,40.71827116037117,-74.00027416191793,40.7184878,-74.00009740000002,31.73,54.76,2018,2018
1002080021,245 CANAL STREET,k6JdkIXsxnDr96E6Dav8Hw,2022-07,2022,40.71826366437869,-74.00032823055759,40.7184878,-74.00009740000002,37.97,54.76,2022,2022
1002080021,245 CANAL STREET,xN243PY1p9FhyhBK73XADg,2026-04,2026,40.71823942338755,-74.00033441751538,40.7184878,-74.00009740000002,35.88,54.76,2026,2026
1002087501,129 LAFAYETTE STREET,DcKnlZDIBzVhW-7delvKYQ,2009-04,2009,40.71903279896772,-73.9999886649009,40.7189187,-73.9997908,127.27,36.82,2007,2009
1002087501,129 LAFAYETTE STREET,ZuWhlzRIHXpZY_XSlnx4gA,2011-07,2011,40.71905593106609,-73.9999650826848,40.7189187,-73.9997908,136.09,36.82,2011,2011
1002087501,129 LAFAYETTE STREET,cLmD8NuyJ3IlXhPLi7CQ0w,2014-10,2014,40.7190265188292,-74.00000821213486,40.7189187,-73.9997908,123.2,36.82,2014,2014
1002087501,129 LAFAYETTE STREET,TBWn6fORuXg4_lzfzeBqug,2018-07,2018,40.71907717222499,-73.99998615424686,40.7189187,-73.9997908,136.94,36.82,2018,2018
1002087501,129 LAFAYETTE STREET,VjhovlryltSrUWLSRYRptg,2022-07,2022,40.71904247757437,-73.99998776823875,40.7189187,-73.9997908,129.66,36.82,2022,2022
1002087501,129 LAFAYETTE STREET,eT47JKmGxel3l_LAv4TqCw,2024-09,2024,40.71904850087276,-73.99998077427378,40.7189187,-73.9997908,132.03,36.82,2026,2024
1002090001,277 CANAL STREET,Gg2ms19bwkjyopUplPWyNw,2009-09,2009,40.7191772642903,-74.00159242811408,40.719390800000006,-74.001425,30.72,44.93,2007,2009
1002090001,277 CANAL STREET,Y8QNzxEwbtC6c91OiHwc6A,2011-07,2011,40.71914291221786,-74.00162040373694,40.719390800000006,-74.001425,30.86,44.93,2011,2011
1002090001,277 CANAL STREET,5iE9TTLfw1rEszM_FSQ5aQ,2014-09,2014,40.7191661387881,-74.00160067733663,40.719390800000006,-74.001425,30.65,44.93,2014,2014
1002090001,277 CANAL STREET,iJtZvO684dW16aKa_82v8g,2018-10,2018,40.71918674885409,-74.0015475953766,40.719390800000006,-74.001425,24.48,44.93,2018,2018
1002090001,277 CANAL STREET,qg_sdLHpNLlydAX6-wql3g,2022-07,2022,40.71914557948542,-74.00161367882797,40.719390800000006,-74.001425,30.25,44.93,2022,2022
1002090001,277 CANAL STREET,_arTaWocwEzP9ltS-u3Jsw,2026-04,2026,40.71918561200053,-74.00160874722792,40.719390800000006,-74.001425,34.17,44.93,2026,2026
1002090005,428 BROADWAY,FLsuBxXWBtyki5GLN5koLg,2012-08,2012,40.71981366701593,-74.00115728112064,40.719646100000006,-74.0012157,194.8,38.61,2007,2012
1002090005,428 BROADWAY,FLsuBxXWBtyki5GLN5koLg,2012-08,2012,40.71981366701593,-74.00115728112064,40.719646100000006,-74.0012157,194.8,38.61,2011,2012
1002090005,428 BROADWAY,k1WKqpNy5YAfKiKWgz1pcA,2014-09,2014,40.71980131185156,-74.00117494525647,40.719646100000006,-74.0012157,191.26,38.61,2014,2014
1002090005,428 BROADWAY,k_je4Qp0dXBJCMmBbTAusA,2019-06,2019,40.71978792694239,-74.0011289467674,40.719646100000006,-74.0012157,204.87,38.61,2018,2019
1002090005,428 BROADWAY,Jad5hfX344lKtn_CtNejng,2022-07,2022,40.7198009068718,-74.00116517169928,40.719646100000006,-74.0012157,193.89,38.61,2022,2022
1002090005,428 BROADWAY,QHZ71iwyRZUkHRqhFTtqBQ,2024-05,2024,40.71986076462113,-74.0011527081715,40.719646100000006,-74.0012157,192.54,38.61,2026,2024
1002090007,35 HOWARD STREET,Sz0_s8-IHMiRTKA-iZL2Qw,2012-08,2012,40.71971787583715,-74.0009577749049,40.71950880000001,-74.0010354,195.72,55.16,2007,2012
1002090007,35 HOWARD STREET,Sz0_s8-IHMiRTKA-iZL2Qw,2012-08,2012,40.71971787583715,-74.0009577749049,40.71950880000001,-74.0010354,195.72,55.16,2011,2012
1002090007,35 HOWARD STREET,PDeEM5rHZ0slFAvkVxOBBg,2014-09,2014,40.71968462419307,-74.0009333858162,40.71950880000001,-74.0010354,203.74,55.16,2014,2014
1002090007,35 HOWARD STREET,EtmpUeS-4iToB_bAcuJgkg,2019-06,2019,40.71969949884787,-74.00092710921197,40.71950880000001,-74.0010354,203.29,55.16,2018,2019
1002090007,35 HOWARD STREET,1LRJQAr5FWE8OQd5FqxnhQ,2022-07,2022,40.71970842939071,-74.00097041777688,40.71950880000001,-74.0010354,193.86,55.16,2022,2022
1002090007,35 HOWARD STREET,lKnS4tc2l5I5umWzYKdcVA,2026-04,2026,40.71970421529228,-74.00092047394443,40.71950880000001,-74.0010354,204.02,55.16,2026,2026
1002090008,33 HOWARD STREET,_oL-cblRAf2hlYsMI5LtHA,2012-08,2012,40.71964521904417,-74.00080068042607,40.7194732,-74.000956,214.39,54.73,2007,2012
1002090008,33 HOWARD STREET,_oL-cblRAf2hlYsMI5LtHA,2012-08,2012,40.71964521904417,-74.00080068042607,40.7194732,-74.000956,214.39,54.73,2011,2012
1002090008,33 HOWARD STREET,KDkobF-Tlehy-fAY_hk53Q,2014-09,2014,40.71964100838851,-74.00082524886334,40.7194732,-74.000956,210.56,54.73,2014,2014
1002090008,33 HOWARD STREET,KsmZCh-5PudWI6aInwHEfw,2019-06,2019,40.71965229886604,-74.00082614552157,40.7194732,-74.000956,208.79,54.73,2018,2019
1002090008,33 HOWARD STREET,23TDMVf3lBGRVr5rLR0uVw,2022-07,2022,40.71963751503518,-74.00081816526314,40.7194732,-74.000956,212.45,54.73,2022,2022
1002090008,33 HOWARD STREET,On3jEKkEQJ3V4q460mXP6A,2026-04,2026,40.71965198459919,-74.00081009533854,40.7194732,-74.000956,211.74,54.73,2026,2026
1002090011,27 HOWARD STREET,73MNpINw8T-LinCugXd73g,2011-07,2011,40.7195191477005,-74.00054827093362,40.7193634,-74.0007251,220.71,55.42,2007,2011
1002090011,27 HOWARD STREET,73MNpINw8T-LinCugXd73g,2011-07,2011,40.7195191477005,-74.00054827093362,40.7193634,-74.0007251,220.71,55.42,2011,2011
1002090011,27 HOWARD STREET,rfor7--AkYStZx-rzpMo-A,2014-08,2014,40.71952345999494,-74.00052441978853,40.7193634,-74.0007251,223.54,55.42,2014,2014
1002090011,27 HOWARD STREET,eg4W1vJ4iGYOLVRQWMuKoQ,2019-06,2019,40.71952624493255,-74.00052065381799,40.7193634,-74.0007251,223.58,55.42,2018,2019
1002090011,27 HOWARD STREET,klnzOlrfv-jk_PA5qxSNOQ,2022-07,2022,40.7194885605801,-74.00050756258646,40.7193634,-74.0007251,232.8,55.42,2022,2022
1002090011,27 HOWARD STREET,zh16Pw9i9yuV9ScxMfPdyA,2026-04,2026,40.71951914281357,-74.00052110214781,40.7193634,-74.0007251,224.79,55.42,2026,2026
1002090012,25 HOWARD STREET,73MNpINw8T-LinCugXd73g,2011-07,2011,40.7195191477005,-74.00054827093362,40.719327699999994,-74.0006493,201.8,55.53,2007,2011
1002090012,25 HOWARD STREET,73MNpINw8T-LinCugXd73g,2011-07,2011,40.7195191477005,-74.00054827093362,40.719327699999994,-74.0006493,201.8,55.53,2011,2011
1002090012,25 HOWARD STREET,rfor7--AkYStZx-rzpMo-A,2014-08,2014,40.71952345999494,-74.00052441978853,40.719327699999994,-74.0006493,205.8,55.53,2014,2014
1002090012,25 HOWARD STREET,eg4W1vJ4iGYOLVRQWMuKoQ,2019-06,2019,40.71952624493255,-74.00052065381799,40.719327699999994,-74.0006493,206.16,55.53,2018,2019
1002090012,25 HOWARD STREET,klnzOlrfv-jk_PA5qxSNOQ,2022-07,2022,40.7194885605801,-74.00050756258646,40.719327699999994,-74.0006493,213.74,55.53,2022,2022
1002090012,25 HOWARD STREET,zh16Pw9i9yuV9ScxMfPdyA,2026-04,2026,40.71951914281357,-74.00052110214781,40.719327699999994,-74.0006493,206.91,55.53,2026,2026
1002090015,19 HOWARD STREET,V5BaDn6ThXcifeH060KZWA,2011-07,2011,40.7193863398425,-74.00024941407779,40.71925630000001,-74.000386,218.52,39.6,2007,2011
1002090015,19 HOWARD STREET,V5BaDn6ThXcifeH060KZWA,2011-07,2011,40.7193863398425,-74.00024941407779,40.71925630000001,-74.000386,218.52,39.6,2011,2011
1002090015,19 HOWARD STREET,nPAItlzbLol8jsxvGO1NuA,2014-08,2014,40.71938837967054,-74.00027550690915,40.71925630000001,-74.000386,212.38,39.6,2014,2014
1002090015,19 HOWARD STREET,74aFTPowqcnEmlxRR-0-sg,2019-06,2019,40.71938492709617,-74.00023838514798,40.71925630000001,-74.000386,221.02,39.6,2018,2019
1002090015,19 HOWARD STREET,1CFof2HnD90aUaUVu9a9tg,2022-07,2022,40.71938033265354,-74.00025864968516,40.71925630000001,-74.000386,217.89,39.6,2022,2022
1002090015,19 HOWARD STREET,jmtZm4WSGfqX6KkEuLt9Hg,2026-04,2026,40.71938160905833,-74.00024690342715,40.71925630000001,-74.000386,220.07,39.6,2026,2026
1002090021,126 LAFAYETTE STREET,X9EaHB8xleva9zO0sY41SA,2009-04,2009,40.71881004220513,-74.00018700646666,40.71894619999999,-74.0004221,307.39,47.55,2007,2009
1002090021,126 LAFAYETTE STREET,2LyI8pdQbk4MjNpncibEwg,2011-07,2011,40.71884208785079,-74.00015553365506,40.71894619999999,-74.0004221,297.26,47.55,2011,2011
1002090021,126 LAFAYETTE STREET,3IPUXrtRplZtjWx3C5rj3A,2014-07,2014,40.71880255605964,-74.00019113110825,40.71894619999999,-74.0004221,309.37,47.55,2014,2014
1002090021,126 LAFAYETTE STREET,JBTAv6jgn3i5w_x3uK8clw,2018-07,2018,40.71882702620819,-74.00022699755313,40.71894619999999,-74.0004221,308.87,47.55,2018,2018
1002090021,126 LAFAYETTE STREET,uzGgkvViONtIX__LKo0dDw,2022-07,2022,40.71882841555325,-74.00018306115722,40.71894619999999,-74.0004221,303.03,47.55,2022,2022
1002090021,126 LAFAYETTE STREET,ANPFan6yZ1Jzgr-RwO8iYA,2024-09,2024,40.71882316685696,-74.00018700646666,40.71894619999999,-74.0004221,304.62,47.55,2026,2024
1002090024,251 CANAL STREET,Dfe9ray8QzsF5B58XA3faA,2009-04,2009,40.71862612943625,-74.00035288872151,40.71871560000001,-74.0005014,308.48,18.03,2007,2009
1002090024,251 CANAL STREET,umyVtKdpiXq2MKc1JBFDwg,2011-07,2011,40.71862094336017,-74.00036472463907,40.71871560000001,-74.0005014,312.42,18.03,2011,2011
1002090024,251 CANAL STREET,4OXxs_1UU-xwAE4W0nvIzA,2014-10,2014,40.71865099905501,-74.00035486137449,40.71871560000001,-74.0005014,300.18,18.03,2014,2014
1002090024,251 CANAL STREET,FM_pqhvffuQWr7lcOUlEXQ,2018-07,2018,40.71869019911486,-74.00038821713994,40.71871560000001,-74.0005014,286.49,18.03,2018,2018
1002090024,251 CANAL STREET,5zV2OPd_2wGAa4xjUNRDEA,2022-07,2022,40.71863088478966,-74.00036302098432,40.71871560000001,-74.0005014,308.93,18.03,2022,2022
1002090024,251 CANAL STREET,ml1Ah7bhAy7iLZBgXaFSnw,2026-04,2026,40.71864461979944,-74.00035136439875,40.71871560000001,-74.0005014,301.97,18.03,2026,2026
1002090025,255 CANAL STREET,12MqV6EBk00Q_VZLCPZ9cg,2011-07,2011,40.71852494055365,-74.00074634292223,40.7187678,-74.0005664,29.32,38.91,2007,2011
1002090025,255 CANAL STREET,12MqV6EBk00Q_VZLCPZ9cg,2011-07,2011,40.71852494055365,-74.00074634292223,40.7187678,-74.0005664,29.32,38.91,2011,2011
1002090025,255 CANAL STREET,d11tf-kYUxPeSkCesNVTRg,2014-09,2014,40.71851697087406,-74.00077898129273,40.7187678,-74.0005664,32.71,38.91,2014,2014
1002090025,255 CANAL STREET,fzojbUaUQPL9fmS3c7V75g,2018-10,2018,40.71858440323698,-74.00070554495129,40.7187678,-74.0005664,29.9,38.91,2018,2018
1002090025,255 CANAL STREET,6z4Ci6Da0IOIjyaiYXDikA,2022-07,2022,40.7185813599442,-74.00076122745452,40.7187678,-74.0005664,38.38,38.91,2022,2022
1002090025,255 CANAL STREET,53E7vOFhTeiWSc3pj2G7BQ,2025-10,2025,40.7185315374929,-74.00076042046183,40.7187678,-74.0005664,31.9,38.91,2026,2025
1002090026,257 CANAL STREET,LPT_5R-Y4kycHvy-Ns3RIQ,2011-06,2011,40.71862456673187,-74.00088084166597,40.718847399999994,-74.0006638,36.44,41.92,2007,2011
1002090026,257 CANAL STREET,LPT_5R-Y4kycHvy-Ns3RIQ,2011-06,2011,40.71862456673187,-74.00088084166597,40.718847399999994,-74.0006638,36.44,41.92,2011,2011
1002090026,257 CANAL STREET,n6bFrExWgGzqVH--fyEUOw,2014-09,2014,40.71860146555004,-74.00090038880886,40.718847399999994,-74.0006638,36.1,41.92,2014,2014
1002090026,257 CANAL STREET,k6mEAS549li73OSuOoO__Q,2019-06,2019,40.71863483418615,-74.00083834007316,40.718847399999994,-74.0006638,31.9,41.92,2018,2019
1002090026,257 CANAL STREET,nORIh8q4hm743VAe9W_Z7Q,2022-07,2022,40.71865742444685,-74.00086999210414,40.718847399999994,-74.0006638,39.44,41.92,2022,2022
1002090026,257 CANAL STREET,KIvEBvW_Vu1GCQdEMs-6vg,2025-10,2025,40.71862872448176,-74.00089473986411,40.718847399999994,-74.0006638,38.67,41.92,2026,2025
1002090028,261 CANAL STREET,VUAQTIBHRMEETcL9sdmw7Q,2009-09,2009,40.71883783169704,-74.00111513825195,40.71910260000001,-74.0007143,48.93,100.91,2007,2009
1002090028,261 CANAL STREET,oyVBxFzdujCJMcOYovraWg,2011-06,2011,40.71883710031011,-74.00111370360092,40.71910260000001,-74.0007143,48.75,100.91,2011,2011
1002090028,261 CANAL STREET,PdTHcSl6f0Z3EE4ijnRwuQ,2014-09,2014,40.71880856212679,-74.00114544525208,40.71910260000001,-74.0007143,48.02,100.91,2014,2014
1002090028,261 CANAL STREET,BgSTNdTo3oc9-_zXHjoCsQ,2018-10,2018,40.71885567917052,-74.00108832820936,40.71910260000001,-74.0007143,48.94,100.91,2018,2018
1002090028,261 CANAL STREET,3-92tEj_s8sVujzl2CAy5w,2022-07,2022,40.7188106835377,-74.00108698322384,40.71910260000001,-74.0007143,44.06,100.91,2022,2022
1002090028,261 CANAL STREET,egrC63JvPF5P60Sjl-fQCQ,2026-04,2026,40.71879607002546,-74.00112383582348,40.71910260000001,-74.0007143,45.36,100.91,2026,2026
1002090032,269 CANAL STREET,6zTnk67UZI3F9itJLBmM3w,2009-09,2009,40.71891966457408,-74.00123107595138,40.719135600000016,-74.0009848,40.84,59.03,2007,2009
1002090032,269 CANAL STREET,HcbkUpYjoSTdqV2mKHNwWQ,2011-07,2011,40.71891386313277,-74.00129177957574,40.719135600000016,-74.0009848,46.38,59.03,2011,2011
1002090032,269 CANAL STREET,LT0-amxmN2MG5qn-V7bu4w,2014-08,2014,40.71889530154795,-74.00129599385913,40.719135600000016,-74.0009848,44.47,59.03,2014,2014
1002090032,269 CANAL STREET,F9Ure1DK9R2rXCSe2k1Lbw,2018-10,2018,40.71894660406952,-74.00121412914585,40.719135600000016,-74.0009848,42.6,59.03,2018,2018
1002090032,269 CANAL STREET,aRUEJfzCKwHau5KHb_nFDw,2022-07,2022,40.71893881200968,-74.0012639832361,40.719135600000016,-74.0009848,47.08,59.03,2022,2022
1002090032,269 CANAL STREET,QMv2yjU-xPyGo1YXjxUgXg,2026-04,2026,40.71888673432793,-74.00132441785327,40.719135600000016,-74.0009848,45.97,59.03,2026,2026
1002090033,271 CANAL STREET,8GK_QKImxjw1cM-4C12qgA,2009-09,2009,40.71900305416675,-74.00134575826249,40.719176700000006,-74.001057,51.57,56.51,2007,2009
1002090033,271 CANAL STREET,aidb0qQCOm_jQp7TKpfB9A,2011-07,2011,40.71895272940613,-74.00134513060343,40.719176700000006,-74.001057,44.28,56.51,2011,2011
1002090033,271 CANAL STREET,n0V6B0FUH3ylHugmgH97cg,2014-09,2014,40.7190189770577,-74.00126174159563,40.719176700000006,-74.001057,44.53,56.51,2014,2014
1002090033,271 CANAL STREET,Nn-kZwzcJj5dGsiiB_fRhw,2018-10,2018,40.71900541284583,-74.00129429021267,40.719176700000006,-74.001057,46.4,56.51,2018,2018
1002090033,271 CANAL STREET,dxbxBn5C8P96GJK-36F_MA,2022-07,2022,40.71900643548354,-74.00136162906948,40.719176700000006,-74.001057,53.59,56.51,2022,2022
1002090033,271 CANAL STREET,Z2KIP1QzXQxlRSwURRLRfw,2026-04,2026,40.71899983949147,-74.00134808956756,40.719176700000006,-74.001057,51.28,56.51,2026,2026
1002090034,273 CANAL STREET,_oL-cblRAf2hlYsMI5LtHA,2012-08,2012,40.71964521904417,-74.00080068042607,40.719327699999994,-74.0010029,205.77,106.72,2007,2012
1002090034,273 CANAL STREET,_oL-cblRAf2hlYsMI5LtHA,2012-08,2012,40.71964521904417,-74.00080068042607,40.719327699999994,-74.0010029,205.77,106.72,2011,2012
1002090034,273 CANAL STREET,KDkobF-Tlehy-fAY_hk53Q,2014-09,2014,40.71964100838851,-74.00082524886334,40.719327699999994,-74.0010029,203.26,106.72,2014,2014
1002090034,273 CANAL STREET,KsmZCh-5PudWI6aInwHEfw,2019-06,2019,40.71965229886604,-74.00082614552157,40.719327699999994,-74.0010029,202.43,106.72,2018,2019
1002090034,273 CANAL STREET,23TDMVf3lBGRVr5rLR0uVw,2022-07,2022,40.71963751503518,-74.00081816526314,40.719327699999994,-74.0010029,204.32,106.72,2022,2022
1002090034,273 CANAL STREET,On3jEKkEQJ3V4q460mXP6A,2026-04,2026,40.71965198459919,-74.00081009533854,40.719327699999994,-74.0010029,204.26,106.72,2026,2026
1002090035,275 CANAL STREET,njuxCbu2BrXSV7zeokse2Q,2009-09,2009,40.71908748000912,-74.00146402712593,40.719261799999984,-74.00119770000002,49.19,52.96,2007,2009
1002090035,275 CANAL STREET,KpxcfOP-9aEl7jvIDZQ6wg,2011-07,2011,40.7190195689012,-74.0014399070983,40.719261799999984,-74.00119770000002,37.16,52.96,2011,2011
1002090035,275 CANAL STREET,FF5Hc_1WBlsSc_3I2gCvDw,2014-09,2014,40.71904706433891,-74.00142475362213,40.719261799999984,-74.00119770000002,38.71,52.96,2014,2014
1002090035,275 CANAL STREET,WU6zzA4M4lUQBw1zOhClvw,2018-10,2018,40.71906347128441,-74.00138512144804,40.719261799999984,-74.00119770000002,35.61,52.96,2018,2018
1002090035,275 CANAL STREET,pRa0Vbn2g2Gmx4Qi8GRcow,2022-07,2022,40.71905305003868,-74.00144196940562,40.719261799999984,-74.00119770000002,41.57,52.96,2022,2022
1002090035,275 CANAL STREET,1Z9QzMpY54FdphFiwrVAQw,2026-04,2026,40.71906390427853,-74.00143712746667,40.719261799999984,-74.00119770000002,42.52,52.96,2026,2026
1002097501,424 BROADWAY,yDZQHa1E3xGTMRTFjVKOqA,2011-07,2011,40.71967214951194,-74.00163977147345,40.719569199999995,-74.0013672,116.49,58.97,2007,2011
1002097501,424 BROADWAY,yDZQHa1E3xGTMRTFjVKOqA,2011-07,2011,40.71967214951194,-74.00163977147345,40.719569199999995,-74.0013672,116.49,58.97,2011,2011
1002097501,424 BROADWAY,VM56ufenArgN5muAdsyxLQ,2014-09,2014,40.71969500200761,-74.00167061638312,40.719569199999995,-74.0013672,118.68,58.97,2014,2014
1002097501,424 BROADWAY,c3xya1irzgtVMlKH7WwghQ,2019-06,2019,40.71969971935309,-74.00166451913393,40.719569199999995,-74.0013672,120.08,58.97,2018,2019
1002097501,424 BROADWAY,YJt_f40Be9IPJUr-pfxZ9g,2022-07,2022,40.71965674243488,-74.00165133831516,40.719569199999995,-74.0013672,112.12,58.97,2022,2022
1002097501,424 BROADWAY,nJdZ_BK2BIbFkuvAEckwvQ,2024-09,2024,40.71966239103331,-74.0016539386128,40.719569199999995,-74.0013672,113.21,58.97,2026,2024
1002097502,29 HOWARD STREET,cPJUzHlCY4kHqnMDqZxE9w,2012-08,2012,40.71959829605205,-74.00070007533255,40.71939909999999,-74.0008009,200.99,55.3,2007,2012
1002097502,29 HOWARD STREET,cPJUzHlCY4kHqnMDqZxE9w,2012-08,2012,40.71959829605205,-74.00070007533255,40.71939909999999,-74.0008009,200.99,55.3,2011,2012
1002097502,29 HOWARD STREET,Q55BLtJUqbs6AI13F5ctWw,2014-09,2014,40.71959878148714,-74.00072105714786,40.71939909999999,-74.0008009,196.86,55.3,2014,2014
1002097502,29 HOWARD STREET,y15NbZgWEdmbmMyh_1vK6Q,2019-06,2019,40.71960916001925,-74.0007256301073,40.71939909999999,-74.0008009,195.19,55.3,2018,2019
1002097502,29 HOWARD STREET,78c175PReJYrsL_QlsIrLQ,2022-07,2022,40.71958823432905,-74.00071316655091,40.71939909999999,-74.0008009,199.37,55.3,2022,2022
1002097502,29 HOWARD STREET,ZhV4EyCwsjpgG1e8zJEzzw,2026-04,2026,40.71961156445009,-74.00071971215976,40.71939909999999,-74.0008009,196.15,55.3,2026,2026
1002100012,312 CANAL STREET,WU8LH2fyyi7IqXtHdIkeOQ,2009-09,2009,40.71990453586648,-74.0026390005546,40.719851900000016,-74.0028896,254.51,38.41,2007,2009
1002100012,312 CANAL STREET,YvLmLH0T4QDiwsawPUQjGQ,2011-07,2011,40.72000415962821,-74.00260376221645,40.719851900000016,-74.0028896,234.9,38.41,2011,2011
1002100012,312 CANAL STREET,sE6Y_ILBEHf8Ec4zsa6qBw,2014-09,2014,40.71997122174512,-74.00258690519745,40.719851900000016,-74.0028896,242.52,38.41,2014,2014
1002100012,312 CANAL STREET,iHW0-irdrDU93A-TRgSxbQ,2018-10,2018,40.71996335485782,-74.00262931673713,40.719851900000016,-74.0028896,240.53,38.41,2018,2018
1002100012,312 CANAL STREET,fQO_DVt2SwN1b9ySoYCMlw,2021-09,2021,40.71987815671086,-74.00268490901593,40.719851900000016,-74.0028896,260.39,38.41,2022,2021
1002100012,312 CANAL STREET,l982c4reg0YXWJwKWbP73g,2024-11,2024,40.71988694512023,-74.0026936961811,40.719851900000016,-74.0028896,256.72,38.41,2026,2024
1002100016,310 CANAL STREET,ky1-B8EXa-bt_nlicUeAPg,2009-09,2009,40.71986105163433,-74.00255785373567,40.71970640000001,-74.002803,230.23,51.36,2007,2009
1002100016,310 CANAL STREET,MoHp-bifk344CwDgq2v2WA,2011-07,2011,40.71980992330388,-74.00258188395746,40.71970640000001,-74.002803,238.3,51.36,2011,2011
1002100016,310 CANAL STREET,i_o0JYcXnoCyJo9jqEgbWQ,2014-07,2014,40.71987150204683,-74.00250333740043,40.71970640000001,-74.002803,233.98,51.36,2014,2014
1002100016,310 CANAL STREET,DfpiFkEe6N79HSvbrXnrRQ,2018-10,2018,40.71990015430723,-74.00254530063354,40.71970640000001,-74.002803,225.23,51.36,2018,2018
1002100016,310 CANAL STREET,q8gOL8s7va_oHZy7zbIlGQ,2022-07,2022,40.71986512164762,-74.00254772158901,40.71970640000001,-74.002803,230.64,51.36,2022,2022
1002100016,310 CANAL STREET,Plq5pxv390TRogIUxb15lw,2024-11,2024,40.71982182759658,-74.00260573484626,40.71970640000001,-74.002803,232.33,51.36,2026,2024
1002100017,308 CANAL STREET,ky1-B8EXa-bt_nlicUeAPg,2009-09,2009,40.71986105163433,-74.00255785373567,40.71968170000001,-74.0027381,217.3,45.86,2007,2009
1002100017,308 CANAL STREET,MoHp-bifk344CwDgq2v2WA,2011-07,2011,40.71980992330388,-74.00258188395746,40.71968170000001,-74.0027381,222.72,45.86,2011,2011
1002100017,308 CANAL STREET,i_o0JYcXnoCyJo9jqEgbWQ,2014-07,2014,40.71987150204683,-74.00250333740043,40.71968170000001,-74.0027381,223.15,45.86,2014,2014
1002100017,308 CANAL STREET,DfpiFkEe6N79HSvbrXnrRQ,2018-10,2018,40.71990015430723,-74.00254530063354,40.71968170000001,-74.0027381,213.78,45.86,2018,2018
1002100017,308 CANAL STREET,q8gOL8s7va_oHZy7zbIlGQ,2022-07,2022,40.71986512164762,-74.00254772158901,40.71968170000001,-74.0027381,218.19,45.86,2022,2022
1002100017,308 CANAL STREET,Plq5pxv390TRogIUxb15lw,2024-11,2024,40.71982182759658,-74.00260573484626,40.71968170000001,-74.0027381,215.6,45.86,2026,2024
1002100019,302 CANAL STREET,Qac-6aBS5xnPG4nt6gv-og,2009-09,2009,40.71973078601611,-74.00237054343336,40.71958569999999,-74.002583,227.98,42.41,2007,2009
1002100019,302 CANAL STREET,calsP1e_R8nnIYDqnSWjpQ,2011-07,2011,40.71969964866124,-74.00242864640936,40.71958569999999,-74.002583,225.75,42.41,2011,2011
1002100019,302 CANAL STREET,jf4xHp6_3UIauX-lO7uXFg,2014-10,2014,40.71968986859815,-74.00242084554786,40.71958569999999,-74.002583,229.72,42.41,2014,2014
1002100019,302 CANAL STREET,TYuJF8TotyaOWRamUBNk0A,2018-10,2018,40.71977653955822,-74.00237457836282,40.71958569999999,-74.002583,219.62,42.41,2018,2018
1002100019,302 CANAL STREET,J2fkhn1ZbfvZj9ZoEVi0OA,2022-07,2022,40.719715102954,-74.00239878793779,40.71958569999999,-74.002583,227.17,42.41,2022,2022
1002100019,302 CANAL STREET,eMUerKW24LNjxB3YnZiGEA,2024-11,2024,40.71969580847652,-74.0024329503328,40.71958569999999,-74.002583,225.93,42.41,2026,2024
1002100020,300 CANAL STREET,_WIb39EntnOD7KLMfx9IRQ,2009-09,2009,40.71965141879298,-74.0022544270936,40.7195472,-74.0025216,242.77,41.18,2007,2009
1002100020,300 CANAL STREET,DjQmzyNzkXWJMEQgFpZ82g,2011-07,2011,40.71961497354636,-74.0023107368023,40.7195472,-74.0025216,247.02,41.18,2011,2011
1002100020,300 CANAL STREET,OOnnCCnmShSZwsqs4ijEJg,2014-10,2014,40.71963676551594,-74.00234687184549,40.7195472,-74.0025216,235.93,41.18,2014,2014
1002100020,300 CANAL STREET,GrVOiQu1eAzY_bPAetTbTg,2018-10,2018,40.719684127839,-74.00224519158247,40.7195472,-74.0025216,236.83,41.18,2018,2018
1002100020,300 CANAL STREET,ElVd9GPFe2QUGRR9k1RG1A,2022-07,2022,40.719671882017,-74.00228491324368,40.7195472,-74.0025216,235.2,41.18,2022,2022
1002100020,300 CANAL STREET,fDuCgAamf5Ndi4ln5WOG3w,2024-11,2024,40.7196253828959,-74.00233521538068,40.7195472,-74.0025216,241.04,41.18,2026,2024
1002100021,296 CANAL STREET,1UFCLcQzh9hzFyEbFP9sGw,2009-09,2009,40.71952127510181,-74.00207330339603,40.7194237,-74.0023196,242.4,28.41,2007,2009
1002100021,296 CANAL STREET,gAfBhJqxlRIhbChwZDpgRw,2011-07,2011,40.7195007862062,-74.00215597472875,40.7194237,-74.0023196,238.14,28.41,2011,2011
1002100021,296 CANAL STREET,zudDpWeRwe90Sc-6AYq4nQ,2014-10,2014,40.71949439037586,-74.00214171796135,40.7194237,-74.0023196,242.33,28.41,2014,2014
1002100021,296 CANAL STREET,eOm9A9An4S2Lm4pMexLzog,2018-10,2018,40.71956398305993,-74.00206702682918,40.7194237,-74.0023196,233.77,28.41,2018,2018
1002100021,296 CANAL STREET,5RzDAoVgpxJSmJlSyTWq8A,2022-07,2022,40.71950284434907,-74.00210504488808,40.7194237,-74.0023196,244.05,28.41,2022,2022
1002100021,296 CANAL STREET,KBvZ6YsH0Rgd0eYeJCv7xA,2024-11,2024,40.71949979459238,-74.00215696104596,40.7194237,-74.0023196,238.31,28.41,2026,2024
1002107503,304 CANAL STREET,hFbHvLpS8Uy3dTE1isnukQ,2009-09,2009,40.71979713001369,-74.0024628984641,40.719635100000005,-74.0026623,223.01,44.09,2007,2009
1002107503,304 CANAL STREET,fsBVuvVHkLYnhvgWkLN3sA,2011-07,2011,40.7197630434398,-74.00251615950042,40.719635100000005,-74.0026623,220.88,44.09,2011,2011
1002107503,304 CANAL STREET,EhTrtarzr8Dj8MAOJkzLYA,2014-10,2014,40.71977868853363,-74.0025445833134,40.719635100000005,-74.0026623,211.85,44.09,2014,2014
1002107503,304 CANAL STREET,45Y7chXKwtTD0uiiV7-S7w,2018-10,2018,40.71983801985361,-74.0024597601871,40.719635100000005,-74.0026623,217.11,44.09,2018,2018
1002107503,304 CANAL STREET,J53YfkaVUsbyikPWPRkyMg,2022-07,2022,40.71978170181053,-74.00243653693559,40.719635100000005,-74.0026623,229.41,44.09,2022,2022
1002107503,304 CANAL STREET,VmQX0tGkfB5_Eyz_g4Vwrw,2024-11,2024,40.7197560175567,-74.00251714581577,40.719635100000005,-74.0026623,222.3,44.09,2026,2024
1002300001,1 MERCER STREET,OTgi7bS7Id1LocUlHCmn7w,2009-04,2009,40.72002195240164,-74.00250100610943,40.7201182,-74.0025433,341.58,28.67,2007,2009
1002300001,1 MERCER STREET,gH6GcEfxprSnywoA0W5TzA,2011-07,2011,40.72007738697125,-74.00246531942062,40.7201182,-74.0025433,304.63,28.67,2011,2011
1002300001,1 MERCER STREET,u0EZUK4zasBmPWh0ABfuoA,2014-09,2014,40.7200523382211,-74.00249347424602,40.7201182,-74.0025433,330.17,28.67,2014,2014
1002300001,1 MERCER STREET,AD7qFKzz51vB849h1WODfA,2019-06,2019,40.72002999902368,-74.002517863136,40.7201182,-74.0025433,347.67,28.67,2018,2019
1002300001,1 MERCER STREET,srE4O5OXJxJudBzJnhdLjw,2022-07,2022,40.72004205209358,-74.00249168094516,40.7201182,-74.0025433,332.81,28.67,2022,2022
1002300001,1 MERCER STREET,ZNnxeSbSCJ60aiTS0X6Z6w,2024-09,2024,40.72005349318504,-74.00250055778424,40.7201182,-74.0025433,333.41,28.67,2026,2024
1002300002,315 CANAL STREET,OTgi7bS7Id1LocUlHCmn7w,2009-04,2009,40.72002195240164,-74.00250100610943,40.72016210000002,-74.002601,331.6,44.45,2007,2009
1002300002,315 CANAL STREET,gH6GcEfxprSnywoA0W5TzA,2011-07,2011,40.72007738697125,-74.00246531942062,40.72016210000002,-74.002601,309.48,44.45,2011,2011
1002300002,315 CANAL STREET,u0EZUK4zasBmPWh0ABfuoA,2014-09,2014,40.7200523382211,-74.00249347424602,40.72016210000002,-74.002601,323.41,44.45,2014,2014
1002300002,315 CANAL STREET,AD7qFKzz51vB849h1WODfA,2019-06,2019,40.72002999902368,-74.002517863136,40.72016210000002,-74.002601,334.5,44.45,2018,2019
1002300002,315 CANAL STREET,srE4O5OXJxJudBzJnhdLjw,2022-07,2022,40.72004205209358,-74.00249168094516,40.72016210000002,-74.002601,325.39,44.45,2022,2022
1002300002,315 CANAL STREET,ZNnxeSbSCJ60aiTS0X6Z6w,2024-09,2024,40.72005349318504,-74.00250055778424,40.72016210000002,-74.002601,324.97,44.45,2026,2024
1002300003,317 CANAL STREET,OTgi7bS7Id1LocUlHCmn7w,2009-04,2009,40.72002195240164,-74.00250100610943,40.72022789999999,-74.0026263,335.25,69.36,2007,2009
1002300003,317 CANAL STREET,gH6GcEfxprSnywoA0W5TzA,2011-07,2011,40.72007738697125,-74.00246531942062,40.72022789999999,-74.0026263,320.97,69.36,2011,2011
1002300003,317 CANAL STREET,u0EZUK4zasBmPWh0ABfuoA,2014-09,2014,40.7200523382211,-74.00249347424602,40.72022789999999,-74.0026263,330.17,69.36,2014,2014
1002300003,317 CANAL STREET,AD7qFKzz51vB849h1WODfA,2019-06,2019,40.72002999902368,-74.002517863136,40.72022789999999,-74.0026263,337.45,69.36,2018,2019
1002300003,317 CANAL STREET,srE4O5OXJxJudBzJnhdLjw,2022-07,2022,40.72004205209358,-74.00249168094516,40.72022789999999,-74.0026263,331.23,69.36,2022,2022
1002300003,317 CANAL STREET,ZNnxeSbSCJ60aiTS0X6Z6w,2024-09,2024,40.72005349318504,-74.00250055778424,40.72022789999999,-74.0026263,331.35,69.36,2026,2024
1002300004,319 CANAL STREET,OTgi7bS7Id1LocUlHCmn7w,2009-04,2009,40.72002195240164,-74.00250100610943,40.720296600000005,-74.0026407,338.92,94.67,2007,2009
1002300004,319 CANAL STREET,gH6GcEfxprSnywoA0W5TzA,2011-07,2011,40.72007738697125,-74.00246531942062,40.720296600000005,-74.0026407,328.77,94.67,2011,2011
1002300004,319 CANAL STREET,u0EZUK4zasBmPWh0ABfuoA,2014-09,2014,40.7200523382211,-74.00249347424602,40.720296600000005,-74.0026407,335.45,94.67,2014,2014
1002300004,319 CANAL STREET,AD7qFKzz51vB849h1WODfA,2019-06,2019,40.72002999902368,-74.002517863136,40.720296600000005,-74.0026407,340.75,94.67,2018,2019
1002300004,319 CANAL STREET,srE4O5OXJxJudBzJnhdLjw,2022-07,2022,40.72004205209358,-74.00249168094516,40.720296600000005,-74.0026407,336.07,94.67,2022,2022
1002300004,319 CANAL STREET,ZNnxeSbSCJ60aiTS0X6Z6w,2024-09,2024,40.72005349318504,-74.00250055778424,40.720296600000005,-74.0026407,336.4,94.67,2026,2024
1002300005,321 CANAL STREET,OTgi7bS7Id1LocUlHCmn7w,2009-04,2009,40.72002195240164,-74.00250100610943,40.720332200000016,-74.0026948,334.67,111.09,2007,2009
1002300005,321 CANAL STREET,gH6GcEfxprSnywoA0W5TzA,2011-07,2011,40.72007738697125,-74.00246531942062,40.720332200000016,-74.0026948,325.68,111.09,2011,2011
1002300005,321 CANAL STREET,u0EZUK4zasBmPWh0ABfuoA,2014-09,2014,40.7200523382211,-74.00249347424602,40.720332200000016,-74.0026948,331.4,111.09,2014,2014
1002300005,321 CANAL STREET,AD7qFKzz51vB849h1WODfA,2019-06,2019,40.72002999902368,-74.002517863136,40.720332200000016,-74.0026948,336.07,111.09,2018,2019
1002300005,321 CANAL STREET,srE4O5OXJxJudBzJnhdLjw,2022-07,2022,40.72004205209358,-74.00249168094516,40.720332200000016,-74.0026948,332.05,111.09,2022,2022
1002300005,321 CANAL STREET,ZNnxeSbSCJ60aiTS0X6Z6w,2024-09,2024,40.72005349318504,-74.00250055778424,40.720332200000016,-74.0026948,332.16,111.09,2026,2024
1002300006,323 CANAL STREET,OTgi7bS7Id1LocUlHCmn7w,2009-04,2009,40.72002195240164,-74.00250100610943,40.7203734,-74.0027562,331.17,131.14,2007,2009
1002300006,323 CANAL STREET,gH6GcEfxprSnywoA0W5TzA,2011-07,2011,40.72007738697125,-74.00246531942062,40.7203734,-74.0027562,323.32,131.14,2011,2011
1002300006,323 CANAL STREET,u0EZUK4zasBmPWh0ABfuoA,2014-09,2014,40.7200523382211,-74.00249347424602,40.7203734,-74.0027562,328.19,131.14,2014,2014
1002300006,323 CANAL STREET,AD7qFKzz51vB849h1WODfA,2019-06,2019,40.72002999902368,-74.002517863136,40.7203734,-74.0027562,332.25,131.14,2018,2019
1002300006,323 CANAL STREET,srE4O5OXJxJudBzJnhdLjw,2022-07,2022,40.72004205209358,-74.00249168094516,40.7203734,-74.0027562,328.82,131.14,2022,2022
1002300006,323 CANAL STREET,ZNnxeSbSCJ60aiTS0X6Z6w,2024-09,2024,40.72005349318504,-74.00250055778424,40.7203734,-74.0027562,328.8,131.14,2026,2024
1002300007,325 CANAL STREET,OTgi7bS7Id1LocUlHCmn7w,2009-04,2009,40.72002195240164,-74.00250100610943,40.72040359999998,-74.0028319,326.69,150.24,2007,2009
1002300007,325 CANAL STREET,gH6GcEfxprSnywoA0W5TzA,2011-07,2011,40.72007738697125,-74.00246531942062,40.72040359999998,-74.0028319,319.58,150.24,2011,2011
1002300007,325 CANAL STREET,u0EZUK4zasBmPWh0ABfuoA,2014-09,2014,40.7200523382211,-74.00249347424602,40.72040359999998,-74.0028319,323.86,150.24,2014,2014
1002300007,325 CANAL STREET,AD7qFKzz51vB849h1WODfA,2019-06,2019,40.72002999902368,-74.002517863136,40.72040359999998,-74.0028319,327.5,150.24,2018,2019
1002300007,325 CANAL STREET,srE4O5OXJxJudBzJnhdLjw,2022-07,2022,40.72004205209358,-74.00249168094516,40.72040359999998,-74.0028319,324.5,150.24,2022,2022
1002300007,325 CANAL STREET,ZNnxeSbSCJ60aiTS0X6Z6w,2024-09,2024,40.72005349318504,-74.00250055778424,40.72040359999998,-74.0028319,324.35,150.24,2026,2024
1002300008,327 CANAL STREET,OTgi7bS7Id1LocUlHCmn7w,2009-04,2009,40.72002195240164,-74.00250100610943,40.72044750000001,-74.0028824,325.81,171.07,2007,2009
1002300008,327 CANAL STREET,gH6GcEfxprSnywoA0W5TzA,2011-07,2011,40.72007738697125,-74.00246531942062,40.72044750000001,-74.0028824,319.5,171.07,2011,2011
1002300008,327 CANAL STREET,u0EZUK4zasBmPWh0ABfuoA,2014-09,2014,40.7200523382211,-74.00249347424602,40.72044750000001,-74.0028824,323.28,171.07,2014,2014
1002300008,327 CANAL STREET,AD7qFKzz51vB849h1WODfA,2019-06,2019,40.72002999902368,-74.002517863136,40.72044750000001,-74.0028824,326.51,171.07,2018,2019
1002300008,327 CANAL STREET,srE4O5OXJxJudBzJnhdLjw,2022-07,2022,40.72004205209358,-74.00249168094516,40.72044750000001,-74.0028824,323.86,171.07,2022,2022
1002300008,327 CANAL STREET,ZNnxeSbSCJ60aiTS0X6Z6w,2024-09,2024,40.72005349318504,-74.00250055778424,40.72044750000001,-74.0028824,323.7,171.07,2026,2024
1002300042,5 MERCER STREET,Pyt8FctoztAPPlckFrLmzQ,2017-11,2017,40.72030797436971,-74.00216045798872,40.72044479999999,-74.0024495,301.99,91.35,2007,2017
1002300042,5 MERCER STREET,Pyt8FctoztAPPlckFrLmzQ,2017-11,2017,40.72030797436971,-74.00216045798872,40.72044479999999,-74.0024495,301.99,91.35,2011,2017
1002300042,5 MERCER STREET,Pyt8FctoztAPPlckFrLmzQ,2017-11,2017,40.72030797436971,-74.00216045798872,40.72044479999999,-74.0024495,301.99,91.35,2014,2017
1002300042,5 MERCER STREET,YVUT3N7S65nMbKRzdRz4sA,2019-06,2019,40.72032023506372,-74.00220331794878,40.72044479999999,-74.0024495,303.73,91.35,2018,2019
1002300042,5 MERCER STREET,YVUT3N7S65nMbKRzdRz4sA,2019-06,2019,40.72032023506372,-74.00220331794878,40.72044479999999,-74.0024495,303.73,91.35,2022,2019
1002300042,5 MERCER STREET,YVUT3N7S65nMbKRzdRz4sA,2019-06,2019,40.72032023506372,-74.00220331794878,40.72044479999999,-74.0024495,303.73,91.35,2026,2019
1002300044,3 MERCER STREET,uXOl7fz3ltGkWkJ6TQrapg,2009-04,2009,40.72025680844539,-74.00229755602803,40.7203075,-74.0024531,293.27,64.56,2007,2009
1002300044,3 MERCER STREET,7r1JUhcy2CpTrB0_nawR8g,2011-06,2011,40.72026996541693,-74.00231853766829,40.7203075,-74.0024531,290.21,64.56,2011,2011
1002300044,3 MERCER STREET,DX2Ku0jwIZ5EfyupyOHCsw,2014-09,2014,40.72025937780717,-74.00230876416947,40.7203075,-74.0024531,293.74,64.56,2014,2014
1002300044,3 MERCER STREET,MWM7sNaMLoLsh__VD7Xo2w,2019-06,2019,40.72024279521339,-74.00232427623615,40.7203075,-74.0024531,303.53,64.56,2018,2019
1002300044,3 MERCER STREET,co58QjyzZ3wiCRDbGdCm0A,2022-07,2022,40.72026509490664,-74.0023150407284,40.7203075,-74.0024531,292.06,64.56,2022,2022
1002300044,3 MERCER STREET,AEqTwvNMTe0aF4vq_usj9Q,2024-09,2024,40.72027596938831,-74.00230715019714,40.7203075,-74.0024531,285.91,64.56,2026,2024
1002300045,1A MERCER STREET,xmoIgurM34epo2LSAw-Xug,2009-04,2009,40.72016703813922,-74.00237942027806,40.720222500000006,-74.0024964,302.03,57.48,2007,2009
1002300045,1A MERCER STREET,47FyapIn3lWfCu4_2clY4A,2011-07,2011,40.72019120251358,-74.00236471520178,40.720222500000006,-74.0024964,287.41,57.48,2011,2011
1002300045,1A MERCER STREET,VHlQnwb9fYthPypJcTWnAA,2014-08,2014,40.72018378080352,-74.00236982611256,40.720222500000006,-74.0024964,291.98,57.48,2014,2014
1002300045,1A MERCER STREET,SrkypXdyCofrxxBODcTaZA,2019-06,2019,40.72018196950646,-74.00237726831574,40.720222500000006,-74.0024964,294.17,57.48,2018,2019
1002300045,1A MERCER STREET,b11hTBXXblfKFjWy2iZ3IQ,2022-07,2022,40.72018804019175,-74.00237646132987,40.720222500000006,-74.0024964,290.76,57.48,2022,2022
1002300045,1A MERCER STREET,QxGITCT1Dp1WDxlBQdCU-A,2024-09,2024,40.72020153926009,-74.00237484735811,40.720222500000006,-74.0024964,282.82,57.48,2026,2024
1002310001,301 CANAL STREET,1UFCLcQzh9hzFyEbFP9sGw,2009-09,2009,40.71952127510181,-74.00207330339603,40.7197449,-74.00193,25.91,38.32,2007,2009
1002310001,301 CANAL STREET,gAfBhJqxlRIhbChwZDpgRw,2011-07,2011,40.7195007862062,-74.00215597472875,40.7197449,-74.00193,35.05,38.32,2011,2011
1002310001,301 CANAL STREET,zudDpWeRwe90Sc-6AYq4nQ,2014-10,2014,40.71949439037586,-74.00214171796135,40.7197449,-74.00193,32.64,38.32,2014,2014
1002310001,301 CANAL STREET,eOm9A9An4S2Lm4pMexLzog,2018-10,2018,40.71956398305993,-74.00206702682918,40.7197449,-74.00193,29.86,38.32,2018,2018
1002310001,301 CANAL STREET,5RzDAoVgpxJSmJlSyTWq8A,2022-07,2022,40.71950284434907,-74.00210504488808,40.7197449,-74.00193,28.73,38.32,2022,2022
1002310001,301 CANAL STREET,KBvZ6YsH0Rgd0eYeJCv7xA,2024-11,2024,40.71949979459238,-74.00215696104596,40.7197449,-74.00193,35.06,38.32,2026,2024
1002310002,303 CANAL STREET,_WIb39EntnOD7KLMfx9IRQ,2009-09,2009,40.71965141879298,-74.0022544270936,40.7197943,-74.002096,40.04,25.02,2007,2009
1002310002,303 CANAL STREET,DjQmzyNzkXWJMEQgFpZ82g,2011-07,2011,40.71961497354636,-74.0023107368023,40.7197943,-74.002096,42.23,25.02,2011,2011
1002310002,303 CANAL STREET,OOnnCCnmShSZwsqs4ijEJg,2014-10,2014,40.71963676551594,-74.00234687184549,40.7197943,-74.002096,50.36,25.02,2014,2014
1002310002,303 CANAL STREET,GrVOiQu1eAzY_bPAetTbTg,2018-10,2018,40.719684127839,-74.00224519158247,40.7197943,-74.002096,45.74,25.02,2018,2018
1002310002,303 CANAL STREET,ElVd9GPFe2QUGRR9k1RG1A,2022-07,2022,40.719671882017,-74.00228491324368,40.7197943,-74.002096,49.47,25.02,2022,2022
1002310002,303 CANAL STREET,fDuCgAamf5Ndi4ln5WOG3w,2024-11,2024,40.7196253828959,-74.00233521538068,40.7197943,-74.002096,47.03,25.02,2026,2024
1002310003,305 CANAL STREET,Qac-6aBS5xnPG4nt6gv-og,2009-09,2009,40.71973078601611,-74.00237054343336,40.71995900000001,-74.0020635,45.56,74.62,2007,2009
1002310003,305 CANAL STREET,calsP1e_R8nnIYDqnSWjpQ,2011-07,2011,40.71969964866124,-74.00242864640936,40.71995900000001,-74.0020635,46.86,74.62,2011,2011
1002310003,305 CANAL STREET,jf4xHp6_3UIauX-lO7uXFg,2014-10,2014,40.71968986859815,-74.00242084554786,40.71995900000001,-74.0020635,45.18,74.62,2014,2014
1002310003,305 CANAL STREET,TYuJF8TotyaOWRamUBNk0A,2018-10,2018,40.71977653955822,-74.00237457836282,40.71995900000001,-74.0020635,52.26,74.62,2018,2018
1002310003,305 CANAL STREET,J2fkhn1ZbfvZj9ZoEVi0OA,2022-07,2022,40.719715102954,-74.00239878793779,40.71995900000001,-74.0020635,46.18,74.62,2022,2022
1002310003,305 CANAL STREET,eMUerKW24LNjxB3YnZiGEA,2024-11,2024,40.71969580847652,-74.0024329503328,40.71995900000001,-74.0020635,46.77,74.62,2026,2024
1002310005,309 CANAL STREET,lOmNdaJbYHNpURK9Gs1p7Q,2009-04,2009,40.72009934669185,-74.00243133636151,40.720068800000014,-74.0022475,102.37,30.97,2007,2009
1002310005,309 CANAL STREET,xGf_FddxaqwE5Lac-J1ChQ,2011-06,2011,40.7201277853058,-74.00244093052393,40.720068800000014,-74.0022475,111.92,30.97,2011,2011
1002310005,309 CANAL STREET,RlBvYzIxwHAHIjcaAkqo6Q,2014-09,2014,40.72011677596649,-74.00245106267626,40.720068800000014,-74.0022475,107.27,30.97,2014,2014
1002310005,309 CANAL STREET,-OvC8cmz1MxRjfM-CuzwJQ,2019-06,2019,40.72010271928896,-74.00244980736537,40.720068800000014,-74.0022475,102.47,30.97,2018,2019
1002310005,309 CANAL STREET,rCauhTCPJv0FkjYcilp4lg,2022-07,2022,40.72015133751609,-74.00240434717308,40.720068800000014,-74.0022475,124.77,30.97,2022,2022
1002310005,309 CANAL STREET,uTWLEjcuMi5LrHdHneWExg,2024-09,2024,40.72012686162417,-74.00243707492601,40.720068800000014,-74.0022475,112.0,30.97,2026,2024
1002310008,427 BROADWAY,GK5Esi7bXl6AqQLAdvLp3Q,2009-04,2009,40.72007235575231,-74.00166254649443,40.71996169999999,-74.0017821,219.31,31.28,2007,2009
1002310008,427 BROADWAY,N7TAdvf4InPS2iwq6w5q4A,2013-08,2013,40.72004252965272,-74.0016580632228,40.71996169999999,-74.0017821,229.31,31.28,2011,2013
1002310008,427 BROADWAY,a5HwFz3JkNQ7ey3WceTR2Q,2014-09,2014,40.72004493328459,-74.00165160731146,40.71996169999999,-74.0017821,229.92,31.28,2014,2014
1002310008,427 BROADWAY,cfgeNvsib3dk6d_9U-Lwcw,2019-06,2019,40.7200429337402,-74.00161887942426,40.71996169999999,-74.0017821,236.71,31.28,2018,2019
1002310008,427 BROADWAY,XiMpZpFjHPOzJcOVEF4AVw,2022-07,2022,40.72005175502745,-74.00164066812788,40.71996169999999,-74.0017821,229.97,31.28,2022,2022
1002310008,427 BROADWAY,rLtwLN1IEPMil1TtlvQ-Xw,2024-05,2024,40.72007686780807,-74.00156508014547,40.71996169999999,-74.0017821,235.0,31.28,2026,2024
1002310010,425 BROADWAY,xqSFzloU4-2gISdCVo1ofQ,2011-07,2011,40.71973632806645,-74.0015843582221,40.71986840000001,-74.0018615,302.16,56.26,2007,2011
1002310010,425 BROADWAY,xqSFzloU4-2gISdCVo1ofQ,2011-07,2011,40.71973632806645,-74.0015843582221,40.71986840000001,-74.0018615,302.16,56.26,2011,2011
1002310010,425 BROADWAY,u8ddxmhLqY9z9yMaT9QHsA,2014-09,2014,40.71970125981925,-74.00158812417173,40.71986840000001,-74.0018615,308.89,56.26,2014,2014
1002310010,425 BROADWAY,tVRnYy6-2wL9sR72OFPDkw,2019-06,2019,40.71971158146961,-74.0015965527254,40.71986840000001,-74.0018615,307.99,56.26,2018,2019
1002310010,425 BROADWAY,xwtsxJquxTmLjlnKdG3upw,2022-07,2022,40.71973278713201,-74.00158704818614,40.71986840000001,-74.0018615,303.1,56.26,2022,2022
1002310010,425 BROADWAY,paL26-Q41V0mtP82dwLDPA,2024-09,2024,40.71974090879104,-74.001587406848,40.71986840000001,-74.0018615,301.54,56.26,2026,2024
1002310014,433 BROADWAY,GK5Esi7bXl6AqQLAdvLp3Q,2009-04,2009,40.72007235575231,-74.00166254649443,40.72021150000001,-74.0015657,27.81,41.48,2007,2009
1002310014,433 BROADWAY,N7TAdvf4InPS2iwq6w5q4A,2013-08,2013,40.72004252965272,-74.0016580632228,40.72021150000001,-74.0015657,22.5,41.48,2011,2013
1002310014,433 BROADWAY,a5HwFz3JkNQ7ey3WceTR2Q,2014-09,2014,40.72004493328459,-74.00165160731146,40.72021150000001,-74.0015657,21.35,41.48,2014,2014
1002310014,433 BROADWAY,cfgeNvsib3dk6d_9U-Lwcw,2019-06,2019,40.7200429337402,-74.00161887942426,40.72021150000001,-74.0015657,13.45,41.48,2018,2019
1002310014,433 BROADWAY,XiMpZpFjHPOzJcOVEF4AVw,2022-07,2022,40.72005175502745,-74.00164066812788,40.72021150000001,-74.0015657,19.58,41.48,2022,2022
1002310014,433 BROADWAY,rLtwLN1IEPMil1TtlvQ-Xw,2024-05,2024,40.72007686780807,-74.00156508014547,40.72021150000001,-74.0015657,359.8,41.48,2026,2024
1002310015,48 HOWARD STREET,CIHM0ogKEICAgIC4lu5u,2018-05,2018,40.7201506215568,-74.00190284970036,40.72030480000003,-74.0017569,35.66,41.23,2007,2018
1002310015,48 HOWARD STREET,CIHM0ogKEICAgIC4lu5u,2018-05,2018,40.7201506215568,-74.00190284970036,40.72030480000003,-74.0017569,35.66,41.23,2011,2018
1002310015,48 HOWARD STREET,CIHM0ogKEICAgIC4lu5u,2018-05,2018,40.7201506215568,-74.00190284970036,40.72030480000003,-74.0017569,35.66,41.23,2014,2018
1002310015,48 HOWARD STREET,CIHM0ogKEICAgIC4lu5u,2018-05,2018,40.7201506215568,-74.00190284970036,40.72030480000003,-74.0017569,35.66,41.23,2018,2018
1002310015,48 HOWARD STREET,nusnMF3qyeqp-oaAywYvAw,2019-06,2019,40.72017669291139,-74.00187765374405,40.72030480000003,-74.0017569,35.54,41.23,2022,2019
1002310015,48 HOWARD STREET,nusnMF3qyeqp-oaAywYvAw,2019-06,2019,40.72017669291139,-74.00187765374405,40.72030480000003,-74.0017569,35.54,41.23,2026,2019
1002310016,50 HOWARD STREET,7o_SdQLyrpFZhiWeJCqj-w,2019-06,2019,40.72022642744806,-74.00197628558259,40.7203817,-74.0018723,26.91,47.38,2007,2019
1002310016,50 HOWARD STREET,7o_SdQLyrpFZhiWeJCqj-w,2019-06,2019,40.72022642744806,-74.00197628558259,40.7203817,-74.0018723,26.91,47.38,2011,2019
1002310016,50 HOWARD STREET,7o_SdQLyrpFZhiWeJCqj-w,2019-06,2019,40.72022642744806,-74.00197628558259,40.7203817,-74.0018723,26.91,47.38,2014,2019
1002310016,50 HOWARD STREET,7o_SdQLyrpFZhiWeJCqj-w,2019-06,2019,40.72022642744806,-74.00197628558259,40.7203817,-74.0018723,26.91,47.38,2018,2019
1002310016,50 HOWARD STREET,7o_SdQLyrpFZhiWeJCqj-w,2019-06,2019,40.72022642744806,-74.00197628558259,40.7203817,-74.0018723,26.91,47.38,2022,2019
1002310016,50 HOWARD STREET,7o_SdQLyrpFZhiWeJCqj-w,2019-06,2019,40.72022642744806,-74.00197628558259,40.7203817,-74.0018723,26.91,47.38,2026,2019
1002310040,441 BROADWAY,Mre4koXaHWm6vyp5XPVY8Q,2009-04,2009,40.72012178532713,-74.00176700669377,40.720335,-74.0014719,46.37,93.38,2007,2009
1002310040,441 BROADWAY,OJP9ougdOkaKZ7oFp0n7Bw,2013-08,2013,40.72009439682834,-74.00175364655128,40.720335,-74.0014719,41.59,93.38,2011,2013
1002310040,441 BROADWAY,vXOgEZXBKEMJwr1CMafU5w,2014-09,2014,40.72009469085436,-74.00175678483987,40.720335,-74.0014719,41.94,93.38,2014,2014
1002310040,441 BROADWAY,zSOZGXng7KIfMcuiXoGdDg,2019-06,2019,40.72011947919041,-74.00177148996285,40.720335,-74.0014719,46.49,93.38,2018,2019
1002310040,441 BROADWAY,TmI5J22rcTR0LdSv50726g,2022-07,2022,40.72010165089347,-74.00173777577677,40.720335,-74.0014719,40.81,93.38,2022,2022
1002310040,441 BROADWAY,Cw7PBPzttYQP9xygzx-cgA,2024-05,2024,40.72016188885326,-74.00173544447645,40.720335,-74.0014719,49.09,93.38,2026,2024
1002317501,443 BROADWAY,CIHM0ogKEICAgIC4lu5u,2018-05,2018,40.7201506215568,-74.00190284970036,40.720494200000005,-74.0015549,37.51,129.58,2007,2018
1002317501,443 BROADWAY,CIHM0ogKEICAgIC4lu5u,2018-05,2018,40.7201506215568,-74.00190284970036,40.720494200000005,-74.0015549,37.51,129.58,2011,2018
1002317501,443 BROADWAY,CIHM0ogKEICAgIC4lu5u,2018-05,2018,40.7201506215568,-74.00190284970036,40.720494200000005,-74.0015549,37.51,129.58,2014,2018
1002317501,443 BROADWAY,CIHM0ogKEICAgIC4lu5u,2018-05,2018,40.7201506215568,-74.00190284970036,40.720494200000005,-74.0015549,37.51,129.58,2018,2018
1002317501,443 BROADWAY,nusnMF3qyeqp-oaAywYvAw,2019-06,2019,40.72017669291139,-74.00187765374405,40.720494200000005,-74.0015549,37.61,129.58,2022,2019
1002317501,443 BROADWAY,nusnMF3qyeqp-oaAywYvAw,2019-06,2019,40.72017669291139,-74.00187765374405,40.720494200000005,-74.0015549,37.61,129.58,2026,2019
1002317502,54 HOWARD STREET,CIHM0ogKEICAgICE77OeeA,2017-09,2017,40.7202930082952,-74.00212405391471,40.7203981,-74.0020022,41.31,32.83,2007,2017
1002317502,54 HOWARD STREET,CIHM0ogKEICAgICE77OeeA,2017-09,2017,40.7202930082952,-74.00212405391471,40.7203981,-74.0020022,41.31,32.83,2011,2017
1002317502,54 HOWARD STREET,CIHM0ogKEICAgICE77OeeA,2017-09,2017,40.7202930082952,-74.00212405391471,40.7203981,-74.0020022,41.31,32.83,2014,2017
1002317502,54 HOWARD STREET,20fjFi2pdlquLdbhwTXa5Q,2019-06,2019,40.72027793216046,-74.00208155259786,40.7203981,-74.0020022,26.59,32.83,2018,2019
1002317502,54 HOWARD STREET,20fjFi2pdlquLdbhwTXa5Q,2019-06,2019,40.72027793216046,-74.00208155259786,40.7203981,-74.0020022,26.59,32.83,2022,2019
1002317502,54 HOWARD STREET,20fjFi2pdlquLdbhwTXa5Q,2019-06,2019,40.72027793216046,-74.00208155259786,40.7203981,-74.0020022,26.59,32.83,2026,2019
1002317503,307 CANAL STREET,lOmNdaJbYHNpURK9Gs1p7Q,2009-04,2009,40.72009934669185,-74.00243133636151,40.72000290000001,-74.0021357,113.29,70.06,2007,2009
1002317503,307 CANAL STREET,xGf_FddxaqwE5Lac-J1ChQ,2011-06,2011,40.7201277853058,-74.00244093052393,40.72000290000001,-74.0021357,118.36,70.06,2011,2011
1002317503,307 CANAL STREET,RlBvYzIxwHAHIjcaAkqo6Q,2014-09,2014,40.72011677596649,-74.00245106267626,40.72000290000001,-74.0021357,115.47,70.06,2014,2014
1002317503,307 CANAL STREET,-OvC8cmz1MxRjfM-CuzwJQ,2019-06,2019,40.72010271928896,-74.00244980736537,40.72000290000001,-74.0021357,112.75,70.06,2018,2019
1002317503,307 CANAL STREET,rCauhTCPJv0FkjYcilp4lg,2022-07,2022,40.72015133751609,-74.00240434717308,40.72000290000001,-74.0021357,126.09,70.06,2022,2022
1002317503,307 CANAL STREET,uTWLEjcuMi5LrHdHneWExg,2024-09,2024,40.72012686162417,-74.00243707492601,40.72000290000001,-74.0021357,118.49,70.06,2026,2024
1002320001,434 BROADWAY,FLsuBxXWBtyki5GLN5koLg,2012-08,2012,40.71981366701593,-74.00115728112064,40.7199233,-74.0010678,31.74,33.85,2007,2012
1002320001,434 BROADWAY,FLsuBxXWBtyki5GLN5koLg,2012-08,2012,40.71981366701593,-74.00115728112064,40.7199233,-74.0010678,31.74,33.85,2011,2012
1002320001,434 BROADWAY,k1WKqpNy5YAfKiKWgz1pcA,2014-09,2014,40.71980131185156,-74.00117494525647,40.7199233,-74.0010678,33.65,33.85,2014,2014
1002320001,434 BROADWAY,k_je4Qp0dXBJCMmBbTAusA,2019-06,2019,40.71978792694239,-74.0011289467674,40.7199233,-74.0010678,18.9,33.85,2018,2019
1002320001,434 BROADWAY,Jad5hfX344lKtn_CtNejng,2022-07,2022,40.7198009068718,-74.00116517169928,40.7199233,-74.0010678,31.09,33.85,2022,2022
1002320001,434 BROADWAY,QHZ71iwyRZUkHRqhFTtqBQ,2024-05,2024,40.71986076462113,-74.0011527081715,40.7199233,-74.0010678,45.82,33.85,2026,2024
1002320003,440 BROADWAY,FLsuBxXWBtyki5GLN5koLg,2012-08,2012,40.71981366701593,-74.00115728112064,40.7200358,-74.0009704,32.52,82.9,2007,2012
1002320003,440 BROADWAY,FLsuBxXWBtyki5GLN5koLg,2012-08,2012,40.71981366701593,-74.00115728112064,40.7200358,-74.0009704,32.52,82.9,2011,2012
1002320003,440 BROADWAY,k1WKqpNy5YAfKiKWgz1pcA,2014-09,2014,40.71980131185156,-74.00117494525647,40.7200358,-74.0009704,33.47,82.9,2014,2014
1002320003,440 BROADWAY,k_je4Qp0dXBJCMmBbTAusA,2019-06,2019,40.71978792694239,-74.0011289467674,40.7200358,-74.0009704,25.86,82.9,2018,2019
1002320003,440 BROADWAY,Jad5hfX344lKtn_CtNejng,2022-07,2022,40.7198009068718,-74.00116517169928,40.7200358,-74.0009704,32.15,82.9,2022,2022
1002320003,440 BROADWAY,QHZ71iwyRZUkHRqhFTtqBQ,2024-05,2024,40.71986076462113,-74.0011527081715,40.7200358,-74.0009704,38.29,82.9,2026,2024
1002320004,442 BROADWAY,FLsuBxXWBtyki5GLN5koLg,2012-08,2012,40.71981366701593,-74.00115728112064,40.720129200000024,-74.0009307,28.56,117.69,2007,2012
1002320004,442 BROADWAY,FLsuBxXWBtyki5GLN5koLg,2012-08,2012,40.71981366701593,-74.00115728112064,40.720129200000024,-74.0009307,28.56,117.69,2011,2012
1002320004,442 BROADWAY,k1WKqpNy5YAfKiKWgz1pcA,2014-09,2014,40.71980131185156,-74.00117494525647,40.720129200000024,-74.0009307,29.45,117.69,2014,2014
1002320004,442 BROADWAY,k_je4Qp0dXBJCMmBbTAusA,2019-06,2019,40.71978792694239,-74.0011289467674,40.720129200000024,-74.0009307,23.76,117.69,2018,2019
1002320004,442 BROADWAY,Jad5hfX344lKtn_CtNejng,2022-07,2022,40.7198009068718,-74.00116517169928,40.720129200000024,-74.0009307,28.43,117.69,2022,2022
1002320004,442 BROADWAY,QHZ71iwyRZUkHRqhFTtqBQ,2024-05,2024,40.71986076462113,-74.0011527081715,40.720129200000024,-74.0009307,32.08,117.69,2026,2024
1002320005,444 BROADWAY,yXdOB1CGhwnN_dt5TgFowA,2011-07,2011,40.71993578052324,-74.00032832022364,40.72008520000001,-74.0006349,302.74,90.42,2007,2011
1002320005,444 BROADWAY,yXdOB1CGhwnN_dt5TgFowA,2011-07,2011,40.71993578052324,-74.00032832022364,40.72008520000001,-74.0006349,302.74,90.42,2011,2011
1002320005,444 BROADWAY,fCT6ehPaS-Ok1qvz2vFalg,2014-08,2014,40.71992402912239,-74.00031406332015,40.72008520000001,-74.0006349,303.54,90.42,2014,2014
1002320005,444 BROADWAY,mOfKZ1gWZg4VySHi9yxFXA,2019-06,2019,40.71995768770406,-74.00029344012454,40.72008520000001,-74.0006349,296.23,90.42,2018,2019
1002320005,444 BROADWAY,zKM3oCAP3oqz0Vx-iSHfpQ,2022-07,2022,40.7199188271523,-74.00031567730927,40.72008520000001,-74.0006349,304.51,90.42,2022,2022
1002320005,444 BROADWAY,NrZJWqj9I1Vm51VK6ZgmnQ,2026-04,2026,40.71993403388068,-74.00031280799526,40.72008520000001,-74.0006349,301.77,90.42,2026,2026
1002320006,446 BROADWAY,ZfHwXVq3KVVudK6kXJFFFw,2011-07,2011,40.72001146848614,-74.00026205699652,40.72023350000001,-74.0007395,301.53,144.16,2007,2011
1002320006,446 BROADWAY,ZfHwXVq3KVVudK6kXJFFFw,2011-07,2011,40.72001146848614,-74.00026205699652,40.72023350000001,-74.0007395,301.53,144.16,2011,2011
1002320006,446 BROADWAY,dQ_wE48FkX11CY9ye4lJng,2014-06,2014,40.71998243988692,-74.00026905095122,40.72023350000001,-74.0007395,305.15,144.16,2014,2014
1002320006,446 BROADWAY,EYfJ9a-fB0O0AbpwmuYiOQ,2019-06,2019,40.72002852197233,-74.00022645955652,40.72023350000001,-74.0007395,297.8,144.16,2018,2019
1002320006,446 BROADWAY,RIlD6mGvvYRDJJ4Q_syKcQ,2022-07,2022,40.71999789665509,-74.00024932441168,40.72023350000001,-74.0007395,302.38,144.16,2022,2022
1002320006,446 BROADWAY,KlxxMqMcYT0AXDQHORkaPQ,2026-04,2026,40.72001112104761,-74.0002489657473,40.72023350000001,-74.0007395,300.89,144.16,2026,2026
1002320008,450 BROADWAY,eHWdXstzdhmLy4m3mA1Hhw,2011-07,2011,40.72008755968048,-74.0001965110754,40.72032130000003,-74.000671,303.02,145.66,2007,2011
1002320008,450 BROADWAY,eHWdXstzdhmLy4m3mA1Hhw,2011-07,2011,40.72008755968048,-74.0001965110754,40.72032130000003,-74.000671,303.02,145.66,2011,2011
1002320008,450 BROADWAY,N3MUdlbmZC_kN6TEXRoF_w,2014-06,2014,40.72006664425118,-74.00019848373,40.72032130000003,-74.000671,305.42,145.66,2014,2014
1002320008,450 BROADWAY,Wo-dNcr_fCaXuAV90gOPbQ,2019-06,2019,40.72010198755576,-74.00016207928297,40.72032130000003,-74.000671,299.62,145.66,2018,2019
1002320008,450 BROADWAY,c6SCj0ys4ffj_-gDrHiiog,2022-07,2022,40.72010800056493,-74.0001566096487,40.72032130000003,-74.000671,298.68,145.66,2022,2022
1002320008,450 BROADWAY,tXsbciN841b0YVzkC4Zx5Q,2026-04,2026,40.72008278657778,-74.00019104144212,40.72032130000003,-74.000671,303.25,145.66,2026,2026
1002320009,452 BROADWAY,Uz1nL53YA4ndPX0suyYk5A,2011-07,2011,40.72016756444662,-74.00012558516288,40.7204366,-74.0007035,301.56,176.09,2007,2011
1002320009,452 BROADWAY,Uz1nL53YA4ndPX0suyYk5A,2011-07,2011,40.72016756444662,-74.00012558516288,40.7204366,-74.0007035,301.56,176.09,2011,2011
1002320009,452 BROADWAY,FmW9CjSeVqDcQXz74dw7Iw,2014-08,2014,40.7201443184577,-74.00010047863887,40.7204366,-74.0007035,302.6,176.09,2014,2014
1002320009,452 BROADWAY,1CtqlXcr5Lo_OzH1ZTrivA,2019-06,2019,40.72018269822875,-74.00009240868403,40.7204366,-74.0007035,298.73,176.09,2018,2019
1002320009,452 BROADWAY,9I3txbOMVjXXz21GwirEoA,2022-07,2022,40.72014784826675,-74.000122715846,40.7204366,-74.0007035,303.26,176.09,2022,2022
1002320009,452 BROADWAY,cG8mfGyKBofXU2qHZA0E7A,2026-04,2026,40.72016143534919,-74.00012119152142,40.7204366,-74.0007035,301.94,176.09,2026,2026
1002320010,454 BROADWAY,tPM3MydYIkyl4RtJ81_fUA,2011-07,2011,40.72024389766073,-74.00005430055933,40.72045580000001,-74.0006097,296.72,158.09,2007,2011
1002320010,454 BROADWAY,tPM3MydYIkyl4RtJ81_fUA,2011-07,2011,40.72024389766073,-74.00005430055933,40.72045580000001,-74.0006097,296.72,158.09,2011,2011
1002320010,454 BROADWAY,2biUrE_xzefMlZDoDFT-MA,2014-08,2014,40.72021412935062,-74.00003053901891,40.72045580000001,-74.0006097,298.84,158.09,2014,2014
1002320010,454 BROADWAY,XE-A2fZFtHXdereW3fc1iw,2019-06,2019,40.72025564903404,-74.00002865602879,40.72045580000001,-74.0006097,294.44,158.09,2018,2019
1002320010,454 BROADWAY,2YdJMjLmkgIr0hMrcDAtpw,2022-07,2022,40.72025590328344,-74.00003044935272,40.72045580000001,-74.0006097,294.48,158.09,2022,2022
1002320010,454 BROADWAY,Pk23k2qo3tzsVl77vTDAOg,2026-04,2026,40.72022992838101,-74.00006057719214,40.72045580000001,-74.0006097,298.49,158.09,2026,2026
1002320013,125 GRAND STREET,tPM3MydYIkyl4RtJ81_fUA,2011-07,2011,40.72024389766073,-74.00005430055933,40.720409100000005,-74.0003175,309.63,80.89,2007,2011
1002320013,125 GRAND STREET,tPM3MydYIkyl4RtJ81_fUA,2011-07,2011,40.72024389766073,-74.00005430055933,40.720409100000005,-74.0003175,309.63,80.89,2011,2011
1002320013,125 GRAND STREET,2biUrE_xzefMlZDoDFT-MA,2014-08,2014,40.72021412935062,-74.00003053901891,40.720409100000005,-74.0003175,311.88,80.89,2014,2014
1002320013,125 GRAND STREET,XE-A2fZFtHXdereW3fc1iw,2019-06,2019,40.72025564903404,-74.00002865602879,40.720409100000005,-74.0003175,305.03,80.89,2018,2019
1002320013,125 GRAND STREET,2YdJMjLmkgIr0hMrcDAtpw,2022-07,2022,40.72025590328344,-74.00003044935272,40.720409100000005,-74.0003175,305.15,80.89,2022,2022
1002320013,125 GRAND STREET,Pk23k2qo3tzsVl77vTDAOg,2026-04,2026,40.72022992838101,-74.00006057719214,40.720409100000005,-74.0003175,312.62,80.89,2026,2026
1002320021,32 HOWARD STREET,Hc3TNS9FOBKQFu8YkPX8uA,2011-07,2011,40.71977682145768,-74.00045950161919,40.71980800000002,-74.0006097,285.32,29.56,2007,2011
1002320021,32 HOWARD STREET,Hc3TNS9FOBKQFu8YkPX8uA,2011-07,2011,40.71977682145768,-74.00045950161919,40.71980800000002,-74.0006097,285.32,29.56,2011,2011
1002320021,32 HOWARD STREET,C9Nt9SbeUZhd2hg8FcEiZQ,2014-08,2014,40.71977025167868,-74.00044667938148,40.71980800000002,-74.0006097,286.99,29.56,2014,2014
1002320021,32 HOWARD STREET,T1A-43__7U10m0ZIGiTu5Q,2019-06,2019,40.719768228683,-74.00044730704349,40.71980800000002,-74.0006097,287.91,29.56,2018,2019
1002320021,32 HOWARD STREET,jSKrHY5CG1h-2BhJUObUHw,2022-07,2022,40.71976527512872,-74.00044775537349,40.71980800000002,-74.0006097,289.19,29.56,2022,2022
1002320021,32 HOWARD STREET,v0LUxb8vecBMypzU8pi7RQ,2026-04,2026,40.71976622688884,-74.00044542405746,40.71980800000002,-74.0006097,288.55,29.56,2026,2026
1002320023,34 HOWARD STREET,Sz0_s8-IHMiRTKA-iZL2Qw,2012-08,2012,40.71971787583715,-74.0009577749049,40.7198657,-74.0007323,49.14,64.21,2007,2012
1002320023,34 HOWARD STREET,Sz0_s8-IHMiRTKA-iZL2Qw,2012-08,2012,40.71971787583715,-74.0009577749049,40.7198657,-74.0007323,49.14,64.21,2011,2012
1002320023,34 HOWARD STREET,PDeEM5rHZ0slFAvkVxOBBg,2014-09,2014,40.71968462419307,-74.0009333858162,40.7198657,-74.0007323,40.09,64.21,2014,2014
1002320023,34 HOWARD STREET,EtmpUeS-4iToB_bAcuJgkg,2019-06,2019,40.71969949884787,-74.00092710921197,40.7198657,-74.0007323,41.62,64.21,2018,2019
1002320023,34 HOWARD STREET,1LRJQAr5FWE8OQd5FqxnhQ,2022-07,2022,40.71970842939071,-74.00097041777688,40.7198657,-74.0007323,48.93,64.21,2022,2022
1002320023,34 HOWARD STREET,lKnS4tc2l5I5umWzYKdcVA,2026-04,2026,40.71970421529228,-74.00092047394443,40.7198657,-74.0007323,41.45,64.21,2026,2026
1002327501,129 GRAND STREET,94VGdklIaUq_o8ZAcceEAg,2011-07,2011,40.72031829755284,-73.9999848092536,40.720335,-74.0001623,277.08,30.11,2007,2011
1002327501,129 GRAND STREET,94VGdklIaUq_o8ZAcceEAg,2011-07,2011,40.72031829755284,-73.9999848092536,40.720335,-74.0001623,277.08,30.11,2011,2011
1002327501,129 GRAND STREET,BKZDhz2lyBNfGcu952zyRg,2014-08,2014,40.72028009924164,-73.99997234564901,40.720335,-74.0001623,290.87,30.11,2014,2014
1002327501,129 GRAND STREET,Mn9LdIv4iXoPCJYFGewtEw,2017-11,2017,40.72033265747731,-73.99996319969404,40.720335,-74.0001623,270.89,30.11,2018,2017
1002327501,129 GRAND STREET,A_UWvNv6m7psxCDDvSzKvw,2022-07,2022,40.72031053703961,-73.99998220893329,40.720335,-74.0001623,280.16,30.11,2022,2022
1002327501,129 GRAND STREET,8qQpjWbAWtrNvZcqnMy2ig,2026-04,2026,40.72030455542931,-73.99999162388599,40.720335,-74.0001623,283.24,30.11,2026,2026
1002330004,13 CROSBY STREET,eHWdXstzdhmLy4m3mA1Hhw,2011-07,2011,40.72008755968048,-74.0001965110754,40.71997820000001,-73.99994590000001,119.93,53.6,2007,2011
1002330004,13 CROSBY STREET,eHWdXstzdhmLy4m3mA1Hhw,2011-07,2011,40.72008755968048,-74.0001965110754,40.71997820000001,-73.99994590000001,119.93,53.6,2011,2011
1002330004,13 CROSBY STREET,N3MUdlbmZC_kN6TEXRoF_w,2014-06,2014,40.72006664425118,-74.00019848373,40.71997820000001,-73.99994590000001,114.8,53.6,2014,2014
1002330004,13 CROSBY STREET,Wo-dNcr_fCaXuAV90gOPbQ,2019-06,2019,40.72010198755576,-74.00016207928297,40.71997820000001,-73.99994590000001,127.07,53.6,2018,2019
1002330004,13 CROSBY STREET,c6SCj0ys4ffj_-gDrHiiog,2022-07,2022,40.72010800056493,-74.0001566096487,40.71997820000001,-73.99994590000001,129.1,53.6,2022,2022
1002330004,13 CROSBY STREET,tXsbciN841b0YVzkC4Zx5Q,2026-04,2026,40.72008278657778,-74.00019104144212,40.71997820000001,-73.99994590000001,119.38,53.6,2026,2026
1002330008,133 GRAND STREET,94VGdklIaUq_o8ZAcceEAg,2011-07,2011,40.72031829755284,-73.9999848092536,40.720217000000005,-73.9999062,149.54,14.87,2007,2011
1002330008,133 GRAND STREET,94VGdklIaUq_o8ZAcceEAg,2011-07,2011,40.72031829755284,-73.9999848092536,40.720217000000005,-73.9999062,149.54,14.87,2011,2011
1002330008,133 GRAND STREET,BKZDhz2lyBNfGcu952zyRg,2014-08,2014,40.72028009924164,-73.99997234564901,40.720217000000005,-73.9999062,141.53,14.87,2014,2014
1002330008,133 GRAND STREET,Mn9LdIv4iXoPCJYFGewtEw,2017-11,2017,40.72033265747731,-73.99996319969404,40.720217000000005,-73.9999062,159.52,14.87,2018,2017
1002330008,133 GRAND STREET,A_UWvNv6m7psxCDDvSzKvw,2022-07,2022,40.72031053703961,-73.99998220893329,40.720217000000005,-73.9999062,148.37,14.87,2022,2022
1002330008,133 GRAND STREET,8qQpjWbAWtrNvZcqnMy2ig,2026-04,2026,40.72030455542931,-73.99999162388599,40.720217000000005,-73.9999062,143.52,14.87,2026,2026
1002330009,135 GRAND STREET,94VGdklIaUq_o8ZAcceEAg,2011-07,2011,40.72031829755284,-73.9999848092536,40.72017580000003,-73.9998268,139.96,41.51,2007,2011
1002330009,135 GRAND STREET,94VGdklIaUq_o8ZAcceEAg,2011-07,2011,40.72031829755284,-73.9999848092536,40.72017580000003,-73.9998268,139.96,41.51,2011,2011
1002330009,135 GRAND STREET,BKZDhz2lyBNfGcu952zyRg,2014-08,2014,40.72028009924164,-73.99997234564901,40.72017580000003,-73.9998268,133.4,41.51,2014,2014
1002330009,135 GRAND STREET,Mn9LdIv4iXoPCJYFGewtEw,2017-11,2017,40.72033265747731,-73.99996319969404,40.72017580000003,-73.9998268,146.61,41.51,2018,2017
1002330009,135 GRAND STREET,A_UWvNv6m7psxCDDvSzKvw,2022-07,2022,40.72031053703961,-73.99998220893329,40.72017580000003,-73.9998268,138.84,41.51,2022,2022
1002330009,135 GRAND STREET,8qQpjWbAWtrNvZcqnMy2ig,2026-04,2026,40.72030455542931,-73.99999162388599,40.72017580000003,-73.9998268,135.87,41.51,2026,2026
1002330010,137 GRAND STREET,Bi2Csu-Qy_ZkaFhinoChHg,2010-09,2010,40.7201520840499,-73.99962004673468,40.72012920000002,-73.9997294,254.56,47.24,2007,2010
1002330010,137 GRAND STREET,Bi2Csu-Qy_ZkaFhinoChHg,2010-09,2010,40.7201520840499,-73.99962004673468,40.72012920000002,-73.9997294,254.56,47.24,2011,2010
1002330010,137 GRAND STREET,Bi2Csu-Qy_ZkaFhinoChHg,2010-09,2010,40.7201520840499,-73.99962004673468,40.72012920000002,-73.9997294,254.56,47.24,2014,2010
1002330010,137 GRAND STREET,Bi2Csu-Qy_ZkaFhinoChHg,2010-09,2010,40.7201520840499,-73.99962004673468,40.72012920000002,-73.9997294,254.56,47.24,2018,2010
1002330010,137 GRAND STREET,Bi2Csu-Qy_ZkaFhinoChHg,2010-09,2010,40.7201520840499,-73.99962004673468,40.72012920000002,-73.9997294,254.56,47.24,2022,2010
1002330010,137 GRAND STREET,Bi2Csu-Qy_ZkaFhinoChHg,2010-09,2010,40.7201520840499,-73.99962004673468,40.72012920000002,-73.9997294,254.56,47.24,2026,2010
1002330012,141 GRAND STREET,Bi2Csu-Qy_ZkaFhinoChHg,2010-09,2010,40.7201520840499,-73.99962004673468,40.7200907,-73.9996465,198.09,46.77,2007,2010
1002330012,141 GRAND STREET,Bi2Csu-Qy_ZkaFhinoChHg,2010-09,2010,40.7201520840499,-73.99962004673468,40.7200907,-73.9996465,198.09,46.77,2011,2010
1002330012,141 GRAND STREET,Bi2Csu-Qy_ZkaFhinoChHg,2010-09,2010,40.7201520840499,-73.99962004673468,40.7200907,-73.9996465,198.09,46.77,2014,2010
1002330012,141 GRAND STREET,Bi2Csu-Qy_ZkaFhinoChHg,2010-09,2010,40.7201520840499,-73.99962004673468,40.7200907,-73.9996465,198.09,46.77,2018,2010
1002330012,141 GRAND STREET,Bi2Csu-Qy_ZkaFhinoChHg,2010-09,2010,40.7201520840499,-73.99962004673468,40.7200907,-73.9996465,198.09,46.77,2022,2010
1002330012,141 GRAND STREET,Bi2Csu-Qy_ZkaFhinoChHg,2010-09,2010,40.7201520840499,-73.99962004673468,40.7200907,-73.9996465,198.09,46.77,2026,2010
1002330013,143 GRAND STREET,Bi2Csu-Qy_ZkaFhinoChHg,2010-09,2010,40.7201520840499,-73.99962004673468,40.7200633,-73.9995923,166.67,47.15,2007,2010
1002330013,143 GRAND STREET,Bi2Csu-Qy_ZkaFhinoChHg,2010-09,2010,40.7201520840499,-73.99962004673468,40.7200633,-73.9995923,166.67,47.15,2011,2010
1002330013,143 GRAND STREET,Bi2Csu-Qy_ZkaFhinoChHg,2010-09,2010,40.7201520840499,-73.99962004673468,40.7200633,-73.9995923,166.67,47.15,2014,2010
1002330013,143 GRAND STREET,Bi2Csu-Qy_ZkaFhinoChHg,2010-09,2010,40.7201520840499,-73.99962004673468,40.7200633,-73.9995923,166.67,47.15,2018,2010
1002330013,143 GRAND STREET,Bi2Csu-Qy_ZkaFhinoChHg,2010-09,2010,40.7201520840499,-73.99962004673468,40.7200633,-73.9995923,166.67,47.15,2022,2010
1002330013,143 GRAND STREET,Bi2Csu-Qy_ZkaFhinoChHg,2010-09,2010,40.7201520840499,-73.99962004673468,40.7200633,-73.9995923,166.67,47.15,2026,2010
1002330014,145 GRAND STREET,uLsmesO94BtQ8F1B7kJ-rg,2009-04,2009,40.72021031308461,-73.99935723437123,40.7200386,-73.9995382,218.62,46.71,2007,2009
1002330014,145 GRAND STREET,qeA2rjtaJwitMWmRiw0Wmw,2011-08,2011,40.72021727893205,-73.99939785329641,40.7200386,-73.9995382,210.77,46.71,2011,2011
1002330014,145 GRAND STREET,7OtZEPDgyRA014NDg2z4Bg,2014-09,2014,40.72022755578726,-73.99941766959012,40.7200386,-73.9995382,205.8,46.71,2014,2014
1002330014,145 GRAND STREET,OVLvmi0isohE6cUMOhe9Lg,2018-07,2018,40.72022174093286,-73.99938942464598,40.7200386,-73.9995382,211.62,46.71,2018,2018
1002330014,145 GRAND STREET,MUHNGcJkwUcKMALLk77xFA,2022-07,2022,40.72022559877703,-73.99939641863254,40.7200386,-73.9995382,209.88,46.71,2022,2022
1002330014,145 GRAND STREET,YmR81EzvGWzK9oFg20e_3g,2026-04,2026,40.72021997557764,-73.99938601731911,40.7200386,-73.9995382,212.45,46.71,2026,2026
1002330015,147 GRAND STREET,JrYg2chp7j7JqsQ1PjzBKA,2009-04,2009,40.72015634536966,-73.99923833654076,40.71999739999998,-73.9994517,225.49,46.54,2007,2009
1002330015,147 GRAND STREET,YPYBfzGapvV2gc7trp21hQ,2011-07,2011,40.72016770385857,-73.99928227315338,40.71999739999998,-73.9994517,217.02,46.54,2011,2011
1002330015,147 GRAND STREET,D4MPcke9cS5z29MK7VvSUw,2014-06,2014,40.72019122542606,-73.99930666245235,40.71999739999998,-73.9994517,209.56,46.54,2014,2014
1002330015,147 GRAND STREET,0BVvz7_-5sV2wA1-X5HD8g,2018-07,2018,40.72015024429651,-73.99924371653468,40.71999739999998,-73.9994517,225.88,46.54,2018,2018
1002330015,147 GRAND STREET,ebpsu2HCZ-NBC-xWw-Axaw,2022-07,2022,40.72017255582838,-73.99928989480965,40.71999739999998,-73.9994517,215.0,46.54,2022,2022
1002330015,147 GRAND STREET,TDiD-RmnPOusxxwhYNPIMw,2026-04,2026,40.72016897766438,-73.99928487348319,40.71999739999998,-73.9994517,216.39,46.54,2026,2026
1002330017,151 GRAND STREET,Bi2Csu-Qy_ZkaFhinoChHg,2010-09,2010,40.7201520840499,-73.99962004673468,40.7199755,-73.9996861,195.83,88.09,2007,2010
1002330017,151 GRAND STREET,Bi2Csu-Qy_ZkaFhinoChHg,2010-09,2010,40.7201520840499,-73.99962004673468,40.7199755,-73.9996861,195.83,88.09,2011,2010
1002330017,151 GRAND STREET,Bi2Csu-Qy_ZkaFhinoChHg,2010-09,2010,40.7201520840499,-73.99962004673468,40.7199755,-73.9996861,195.83,88.09,2014,2010
1002330017,151 GRAND STREET,Bi2Csu-Qy_ZkaFhinoChHg,2010-09,2010,40.7201520840499,-73.99962004673468,40.7199755,-73.9996861,195.83,88.09,2018,2010
1002330017,151 GRAND STREET,Bi2Csu-Qy_ZkaFhinoChHg,2010-09,2010,40.7201520840499,-73.99962004673468,40.7199755,-73.9996861,195.83,88.09,2022,2010
1002330017,151 GRAND STREET,Bi2Csu-Qy_ZkaFhinoChHg,2010-09,2010,40.7201520840499,-73.99962004673468,40.7199755,-73.9996861,195.83,88.09,2026,2010
1002330026,148 LAFAYETTE STREET,jjmfosPwmkUFqMCNQB2pcQ,2009-04,2009,40.71938814513798,-73.99966308659606,40.71949509999999,-73.9999351,297.42,51.14,2007,2009
1002330026,148 LAFAYETTE STREET,X7lStZx4vpgHTcS3VKsqVA,2011-07,2011,40.71939343444063,-73.99966900457625,40.71949509999999,-73.9999351,296.75,51.14,2011,2011
1002330026,148 LAFAYETTE STREET,wmExn1bnz6XTnLNeU5F2Vw,2014-10,2014,40.71940672419295,-73.9996621899324,40.71949509999999,-73.9999351,293.14,51.14,2014,2014
1002330026,148 LAFAYETTE STREET,fmpq1z7Zs0PzYyHJw7HDsg,2018-07,2018,40.71935640602194,-73.99970522978431,40.71949509999999,-73.9999351,308.52,51.14,2018,2018
1002330026,148 LAFAYETTE STREET,TMh0m1HXSwI3N63A1nlC8Q,2022-07,2022,40.71938170749155,-73.99967832987798,40.71949509999999,-73.9999351,300.23,51.14,2022,2022
1002330026,148 LAFAYETTE STREET,zzqvOjYUV6sKOruPDLenPA,2024-09,2024,40.71939812205206,-73.99970791977474,40.71949509999999,-73.9999351,299.39,51.14,2026,2024
1002330033,28 HOWARD STREET,8YlbnwjFgictP3Hx2_SEWg,2011-07,2011,40.71969563093252,-74.00052845475689,40.7196571,-74.0003896,110.11,15.39,2007,2011
1002330033,28 HOWARD STREET,8YlbnwjFgictP3Hx2_SEWg,2011-07,2011,40.71969563093252,-74.00052845475689,40.7196571,-74.0003896,110.11,15.39,2011,2011
1002330033,28 HOWARD STREET,-O3y2_xgvGnWs6l6ccGbjQ,2014-08,2014,40.71968709918399,-74.00051509452798,40.7196571,-74.0003896,107.51,15.39,2014,2014
1002330033,28 HOWARD STREET,T_lnr6fHFfpc2BaBq_XQfg,2019-06,2019,40.71969537088938,-74.00050693492464,40.7196571,-74.0003896,113.28,15.39,2018,2019
1002330033,28 HOWARD STREET,aSsECDDSVWOuaeZ41BmA9w,2022-07,2022,40.7196477179508,-74.00054217364868,40.7196571,-74.0003896,85.36,15.39,2022,2022
1002330033,28 HOWARD STREET,aXwGYR-qgxng89Axw-VtCg,2026-04,2026,40.71967657655729,-74.00051482553008,40.7196571,-74.0003896,101.6,15.39,2026,2026
1002340001,2 HOWARD STREET,Uwj8b_FV2H6dNtJk2Z74Tg,2011-07,2011,40.71906813042413,-73.99956911621955,40.719234400000005,-73.9993759,41.37,60.67,2007,2011
1002340001,2 HOWARD STREET,Uwj8b_FV2H6dNtJk2Z74Tg,2011-07,2011,40.71906813042413,-73.99956911621955,40.719234400000005,-73.9993759,41.37,60.67,2011,2011
1002340001,2 HOWARD STREET,9pHWPleF3mmM3c52X6p8Qg,2014-09,2014,40.71906162319541,-73.99954822394446,40.719234400000005,-73.9993759,37.09,60.67,2014,2014
1002340001,2 HOWARD STREET,ArsMdB5QaJ7tyvd1YwZi9w,2019-06,2019,40.71905281831425,-73.9995052737237,40.719234400000005,-73.9993759,28.37,60.67,2018,2019
1002340001,2 HOWARD STREET,OideecrbODnwQEjo0FcBhw,2022-07,2022,40.71905697879617,-73.99952876632997,40.719234400000005,-73.9993759,33.15,60.67,2022,2022
1002340001,2 HOWARD STREET,pPt6srNaH83DkpnW4emR0A,2024-05,2024,40.71910219268697,-73.99952526933914,40.719234400000005,-73.9993759,40.57,60.67,2026,2024
1002340009,155 GRAND STREET,4iD_Y7Dk2iIS61K0Y3FuNA,2010-06,2010,40.71978362556867,-73.9990822269846,40.719838199999984,-73.9990332,34.25,19.53,2007,2010
1002340009,155 GRAND STREET,4iD_Y7Dk2iIS61K0Y3FuNA,2010-06,2010,40.71978362556867,-73.9990822269846,40.719838199999984,-73.9990332,34.25,19.53,2011,2010
1002340009,155 GRAND STREET,4iD_Y7Dk2iIS61K0Y3FuNA,2010-06,2010,40.71978362556867,-73.9990822269846,40.719838199999984,-73.9990332,34.25,19.53,2014,2010
1002340009,155 GRAND STREET,4iD_Y7Dk2iIS61K0Y3FuNA,2010-06,2010,40.71978362556867,-73.9990822269846,40.719838199999984,-73.9990332,34.25,19.53,2018,2010
1002340009,155 GRAND STREET,4iD_Y7Dk2iIS61K0Y3FuNA,2010-06,2010,40.71978362556867,-73.9990822269846,40.719838199999984,-73.9990332,34.25,19.53,2022,2010
1002340009,155 GRAND STREET,4iD_Y7Dk2iIS61K0Y3FuNA,2010-06,2010,40.71978362556867,-73.9990822269846,40.719838199999984,-73.9990332,34.25,19.53,2026,2010
1002340011,159 GRAND STREET,4iD_Y7Dk2iIS61K0Y3FuNA,2010-06,2010,40.71978362556867,-73.9990822269846,40.719761400000024,-73.9990115,112.52,40.32,2007,2010
1002340011,159 GRAND STREET,4iD_Y7Dk2iIS61K0Y3FuNA,2010-06,2010,40.71978362556867,-73.9990822269846,40.719761400000024,-73.9990115,112.52,40.32,2011,2010
1002340011,159 GRAND STREET,4iD_Y7Dk2iIS61K0Y3FuNA,2010-06,2010,40.71978362556867,-73.9990822269846,40.719761400000024,-73.9990115,112.52,40.32,2014,2010
1002340011,159 GRAND STREET,4iD_Y7Dk2iIS61K0Y3FuNA,2010-06,2010,40.71978362556867,-73.9990822269846,40.719761400000024,-73.9990115,112.52,40.32,2018,2010
1002340011,159 GRAND STREET,4iD_Y7Dk2iIS61K0Y3FuNA,2010-06,2010,40.71978362556867,-73.9990822269846,40.719761400000024,-73.9990115,112.52,40.32,2022,2010
1002340011,159 GRAND STREET,4iD_Y7Dk2iIS61K0Y3FuNA,2010-06,2010,40.71978362556867,-73.9990822269846,40.719761400000024,-73.9990115,112.52,40.32,2026,2010
1002340015,217 CENTRE STREET,CIHM0ogKEICAgICEr_uqdw,2016-05,2016,40.71956501889294,-73.99894431964304,40.71959120000001,-73.9990657,285.89,61.39,2007,2016
1002340015,217 CENTRE STREET,CIHM0ogKEICAgICEr_uqdw,2016-05,2016,40.71956501889294,-73.99894431964304,40.71959120000001,-73.9990657,285.89,61.39,2011,2016
1002340015,217 CENTRE STREET,CIHM0ogKEICAgICEr_uqdw,2016-05,2016,40.71956501889294,-73.99894431964304,40.71959120000001,-73.9990657,285.89,61.39,2014,2016
1002340015,217 CENTRE STREET,CIHM0ogKEICAgICEr_uqdw,2016-05,2016,40.71956501889294,-73.99894431964304,40.71959120000001,-73.9990657,285.89,61.39,2018,2016
1002340015,217 CENTRE STREET,CIHM0ogKEICAgICB_fLiHg,2023-01,2023,40.7195436592654,-73.99894369197611,40.71959120000001,-73.9990657,297.21,61.39,2022,2023
1002340015,217 CENTRE STREET,CIHM0ogKEICAgICB_fLiHg,2023-01,2023,40.7195436592654,-73.99894369197611,40.71959120000001,-73.9990657,297.21,61.39,2026,2023
1002340017,211 CENTRE STREET,_C2Ans10jMa8_BiiAwJ5-g,2012-10,2012,40.71952444235899,-73.99931195277784,40.719448499999984,-73.9991919,129.85,63.56,2007,2012
1002340017,211 CENTRE STREET,_C2Ans10jMa8_BiiAwJ5-g,2012-10,2012,40.71952444235899,-73.99931195277784,40.719448499999984,-73.9991919,129.85,63.56,2011,2012
1002340017,211 CENTRE STREET,_C2Ans10jMa8_BiiAwJ5-g,2012-10,2012,40.71952444235899,-73.99931195277784,40.719448499999984,-73.9991919,129.85,63.56,2014,2012
1002340017,211 CENTRE STREET,_C2Ans10jMa8_BiiAwJ5-g,2012-10,2012,40.71952444235899,-73.99931195277784,40.719448499999984,-73.9991919,129.85,63.56,2018,2012
1002340017,211 CENTRE STREET,_C2Ans10jMa8_BiiAwJ5-g,2012-10,2012,40.71952444235899,-73.99931195277784,40.719448499999984,-73.9991919,129.85,63.56,2022,2012
1002340017,211 CENTRE STREET,_C2Ans10jMa8_BiiAwJ5-g,2012-10,2012,40.71952444235899,-73.99931195277784,40.719448499999984,-73.9991919,129.85,63.56,2026,2012
1002347501,161 GRAND STREET,vAHm4jRpDrIg7muRITXZtw,2009-04,2009,40.71965355951119,-73.99867558834181,40.7197037,-73.9988528,290.47,32.65,2007,2009
1002347501,161 GRAND STREET,iADqnnfqsKuZMTlirMXvzg,2012-08,2012,40.7196398658979,-73.99863380359443,40.7197037,-73.9988528,291.04,32.65,2011,2012
1002347501,161 GRAND STREET,nyW3DWjVwW5-2nxeWY8DPw,2014-08,2014,40.71962232171612,-73.99862923058505,40.7197037,-73.9988528,295.65,32.65,2014,2014
1002347501,161 GRAND STREET,6wqycK4zhbdD9RPCHd8w7A,2018-07,2018,40.71965448484136,-73.99866455932138,40.7197037,-73.9988528,289.03,32.65,2018,2018
1002347501,161 GRAND STREET,kTCzNKSTnN9jQZTyKQowHQ,2022-07,2022,40.71963493702991,-73.99864904695826,40.7197037,-73.9988528,294.0,32.65,2022,2022
1002347501,161 GRAND STREET,CgysgXMJhjYkmO0S00ekhg,2024-09,2024,40.71961950577736,-73.99865299229928,40.7197037,-73.9988528,299.07,32.65,2026,2024
1002350001,202 CENTRE STREET,JJvM1Wg1tiUgLkWZU3T5iw,2009-04,2009,40.71857371189377,-73.99915001495224,40.718765000000005,-73.9989683,35.75,59.07,2007,2009
1002350001,202 CENTRE STREET,mtPMMGzNkptoUa7cj2_Giw,2011-06,2011,40.71855929614041,-73.99908079231835,40.718765000000005,-73.9989683,22.51,59.07,2011,2011
1002350001,202 CENTRE STREET,24vL6jH7Cxbtk_bOWGp1Dg,2014-09,2014,40.71856497789898,-73.99908043365178,40.718765000000005,-73.9989683,23.02,59.07,2014,2014
1002350001,202 CENTRE STREET,3QqM_T5KDYjDYpwNmzEKdw,2019-06,2019,40.71858709754792,-73.9991401516251,40.718765000000005,-73.9989683,36.21,59.07,2018,2019
1002350001,202 CENTRE STREET,2lMyMcsXruCnPqrP63G7OA,2023-04,2023,40.7185718811271,-73.99912114230227,40.718765000000005,-73.9989683,30.96,59.07,2022,2023
1002350001,202 CENTRE STREET,39foNw3ynlA0rczCHrgfQg,2024-05,2024,40.71851485255686,-73.9991423932904,40.718765000000005,-73.9989683,27.81,59.07,2026,2024
1002350004,206 CENTRE STREET,9FVs07kyBlvknVkJVcNbIw,2012-07,2012,40.71874862378137,-73.99857327846136,40.718888499999984,-73.9988167,307.17,66.89,2007,2012
1002350004,206 CENTRE STREET,9FVs07kyBlvknVkJVcNbIw,2012-07,2012,40.71874862378137,-73.99857327846136,40.718888499999984,-73.9988167,307.17,66.89,2011,2012
1002350004,206 CENTRE STREET,jEzDoVBkbZGqxycrnu05Gw,2014-09,2014,40.71876458574182,-73.99856296677012,40.718888499999984,-73.9988167,302.8,66.89,2014,2014
1002350004,206 CENTRE STREET,fCH7G9z_WtLRdHP_l4NuxQ,2019-06,2019,40.71879505192463,-73.99854270205354,40.718888499999984,-73.9988167,294.23,66.89,2018,2019
1002350004,206 CENTRE STREET,2nSqxc11KIasEYcRwnc9Ww,2022-07,2022,40.71876557228929,-73.99856673277917,40.718888499999984,-73.9988167,302.98,66.89,2022,2022
1002350004,206 CENTRE STREET,F70ByRHcNRO6SHvBbPr0Iw,2024-09,2024,40.71877415409179,-73.99855597275314,40.718888499999984,-73.9988167,300.06,66.89,2026,2024
1002350005,208 CENTRE STREET,SuOq_TAD3aSX6EkbVNdacg,2012-07,2012,40.71883200238297,-73.9985208233306,40.7189544,-73.9987807,301.86,68.89,2007,2012
1002350005,208 CENTRE STREET,SuOq_TAD3aSX6EkbVNdacg,2012-07,2012,40.71883200238297,-73.9985208233306,40.7189544,-73.9987807,301.86,68.89,2011,2012
1002350005,208 CENTRE STREET,8Xd5BmHnNHLBPbN2Ss-hPA,2014-08,2014,40.71886050063429,-73.9985042349529,40.7189544,-73.9987807,294.14,68.89,2014,2014
1002350005,208 CENTRE STREET,l262pp1hf_7G5mO-oYBClw,2019-06,2019,40.71887021725528,-73.99849562692931,40.7189544,-73.9987807,291.29,68.89,2018,2019
1002350005,208 CENTRE STREET,iX8i0tA-BxoPFPGcOcCSfw,2022-07,2022,40.71884708468834,-73.99851867132492,40.7189544,-73.9987807,298.39,68.89,2022,2022
1002350005,208 CENTRE STREET,oRBVIpspTiRrP0XJ_t4fjw,2024-09,2024,40.71885441805497,-73.99850549028963,40.7189544,-73.9987807,295.61,68.89,2026,2024
1002350006,210 CENTRE STREET,OVIPrHPZO4f-ShrDpQ68Lw,2012-07,2012,40.71895809416836,-73.99844191644013,40.7190148,-73.9987374,284.21,68.19,2007,2012
1002350006,210 CENTRE STREET,OVIPrHPZO4f-ShrDpQ68Lw,2012-07,2012,40.71895809416836,-73.99844191644013,40.7190148,-73.9987374,284.21,68.19,2011,2012
1002350006,210 CENTRE STREET,5sTKEKnF_nrHBIqQGmFTsA,2014-09,2014,40.71893555900567,-73.99845321447415,40.7190148,-73.9987374,290.2,68.19,2014,2014
1002350006,210 CENTRE STREET,jRDZyLodBc4NtvokbhlhXw,2019-06,2019,40.71895204471937,-73.99844819312578,40.7190148,-73.9987374,285.98,68.19,2018,2019
1002350006,210 CENTRE STREET,GaVFSpvMTODyqo1tNiutOg,2022-07,2022,40.71892599336009,-73.99846980285626,40.7190148,-73.9987374,293.65,68.19,2022,2022
1002350006,210 CENTRE STREET,FfGBz7_mlWxJRvWnW1XqAg,2024-09,2024,40.71893664214053,-73.99845446981124,40.7190148,-73.9987374,290.03,68.19,2026,2024
1002350007,212 CENTRE STREET,m8i15HjX4vCQM2wO5ehq2g,2019-06,2019,40.71920941546538,-73.99901694965975,40.719124599999994,-73.9988204,119.66,29.77,2007,2019
1002350007,212 CENTRE STREET,m8i15HjX4vCQM2wO5ehq2g,2019-06,2019,40.71920941546538,-73.99901694965975,40.719124599999994,-73.9988204,119.66,29.77,2011,2019
1002350007,212 CENTRE STREET,m8i15HjX4vCQM2wO5ehq2g,2019-06,2019,40.71920941546538,-73.99901694965975,40.719124599999994,-73.9988204,119.66,29.77,2014,2019
1002350007,212 CENTRE STREET,m8i15HjX4vCQM2wO5ehq2g,2019-06,2019,40.71920941546538,-73.99901694965975,40.719124599999994,-73.9988204,119.66,29.77,2018,2019
1002350007,212 CENTRE STREET,m8i15HjX4vCQM2wO5ehq2g,2019-06,2019,40.71920941546538,-73.99901694965975,40.719124599999994,-73.9988204,119.66,29.77,2022,2019
1002350007,212 CENTRE STREET,m8i15HjX4vCQM2wO5ehq2g,2019-06,2019,40.71920941546538,-73.99901694965975,40.719124599999994,-73.9988204,119.66,29.77,2026,2019
1002350008,214 CENTRE STREET,G08UsHEyGKnB9kzSaO_uMg,2012-07,2012,40.71900009304976,-73.99841680969543,40.71913550000002,-73.9986544,306.94,64.93,2007,2012
1002350008,214 CENTRE STREET,G08UsHEyGKnB9kzSaO_uMg,2012-07,2012,40.71900009304976,-73.99841680969543,40.71913550000002,-73.9986544,306.94,64.93,2011,2012
1002350008,214 CENTRE STREET,9TiR4k2dHmz-2wUdAjLpWQ,2014-09,2014,40.71905612069663,-73.99839116494567,40.71913550000002,-73.9986544,291.7,64.93,2014,2014
1002350008,214 CENTRE STREET,GDWMoMtJQ1-KP9sz--ANUw,2019-06,2019,40.71903383986228,-73.99840425632186,40.71913550000002,-73.9986544,298.2,64.93,2018,2019
1002350008,214 CENTRE STREET,XK4J3g2CSaqI_c6OuzyAQw,2022-07,2022,40.7190095902928,-73.9984204860404,40.71913550000002,-73.9986544,305.38,64.93,2022,2022
1002350008,214 CENTRE STREET,maiU3CmW9uLjGgb45n1bdA,2024-09,2024,40.71902365874723,-73.99840533232533,40.71913550000002,-73.9986544,300.65,64.93,2026,2024
1002350009,216 CENTRE STREET,4A7nsQU5FyijJriDxwcbDQ,2009-04,2009,40.71934048079509,-73.99891939229764,40.719242600000015,-73.9987338,124.83,27.74,2007,2009
1002350009,216 CENTRE STREET,kfsUAlLnWfDE2q7Qqx7wew,2012-08,2012,40.71929877666749,-73.99891625396253,40.719242600000015,-73.9987338,112.11,27.74,2011,2012
1002350009,216 CENTRE STREET,zGWFR33IORY2_lOIy3SxCA,2014-09,2014,40.71930065256606,-73.99895767998152,40.719242600000015,-73.9987338,108.89,27.74,2014,2014
1002350009,216 CENTRE STREET,vJFsGk2E66j26E5JFtog8g,2018-07,2018,40.71930727483009,-73.99894001564118,40.719242600000015,-73.9987338,112.48,27.74,2018,2018
1002350009,216 CENTRE STREET,6RFMsS9-aQV7-bTnUXkdsw,2022-07,2022,40.71931133757638,-73.9989175989633,40.719242600000015,-73.9987338,116.26,27.74,2022,2022
1002350009,216 CENTRE STREET,m7T1B6_dbGZ82ygvyD1Nbg,2024-09,2024,40.71931051539345,-73.99890648029009,40.719242600000015,-73.9987338,117.43,27.74,2026,2024
1002350010,218 CENTRE STREET,Iky5Q5BAWRVt6SCFJcSOCA,2009-04,2009,40.71943296418874,-73.99885348725007,40.71930019999999,-73.99869410000001,137.7,26.13,2007,2009
1002350010,218 CENTRE STREET,2HBLI2xHnHP2MYhHLfT3Bg,2012-08,2012,40.71937620422882,-73.99885321824982,40.71930019999999,-73.99869410000001,122.22,26.13,2011,2012
1002350010,218 CENTRE STREET,LM9fKGgzh1PEzJbivvmfSA,2014-09,2014,40.71942573411606,-73.99885250091585,40.71930019999999,-73.99869410000001,136.28,26.13,2014,2014
1002350010,218 CENTRE STREET,ZSM0aCPWAYmR3B42MWsT_w,2018-07,2018,40.71938602537429,-73.99887886293772,40.71930019999999,-73.99869410000001,121.5,26.13,2018,2018
1002350010,218 CENTRE STREET,iVNfftvBdx5dQAl0RF_M6A,2022-07,2022,40.71938714213896,-73.9988537562503,40.71930019999999,-73.99869410000001,125.7,26.13,2022,2022
1002350010,218 CENTRE STREET,5PTTYuzs50ALPBLCZApBCg,2024-09,2024,40.71938930993306,-73.99884138223885,40.71930019999999,-73.99869410000001,128.6,26.13,2026,2024
1002350011,220 CENTRE STREET,HFxhF3wumDhoFqX_UqJ5Bg,2009-04,2009,40.71950767276081,-73.99879627985706,40.71938810000001,-73.9986291,133.34,24.73,2007,2009
1002350011,220 CENTRE STREET,pU5GTAx2GrnVWtQmp0-iGA,2012-08,2012,40.71944991363463,-73.99879215518543,40.71938810000001,-73.9986291,116.57,24.73,2011,2012
1002350011,220 CENTRE STREET,FUpsOC-8ZCEUl0uGxDveFQ,2014-09,2014,40.71950687598691,-73.99878534051037,40.71938810000001,-73.9986291,135.09,24.73,2014,2014
1002350011,220 CENTRE STREET,ykMzlGle8CLyGIVQpKyv8A,2018-07,2018,40.71950245885451,-73.99879036184991,40.71938810000001,-73.9986291,133.1,24.73,2018,2018
1002350011,220 CENTRE STREET,Hadn_98WVDlXvA1XnT29OQ,2022-07,2022,40.7194968946748,-73.99876175814613,40.71938810000001,-73.9986291,137.26,24.73,2022,2022
1002350011,220 CENTRE STREET,2aOvXSYHGRwcjlSiOb-rbw,2024-09,2024,40.71946550416143,-73.99877762916725,40.71938810000001,-73.9986291,124.51,24.73,2026,2024
1002350013,165 GRAND STREET,wPLO3_0zMqfZF8Q5jdjszQ,2012-07,2012,40.71943841120921,-73.99823066101432,40.719475900000006,-73.9984307,283.89,42.96,2007,2012
1002350013,165 GRAND STREET,wPLO3_0zMqfZF8Q5jdjszQ,2012-07,2012,40.71943841120921,-73.99823066101432,40.719475900000006,-73.9984307,283.89,42.96,2011,2012
1002350013,165 GRAND STREET,qqW1-nd30xVqST4ofqFA9A,2014-09,2014,40.71942955388081,-73.99822617766235,40.719475900000006,-73.9984307,286.65,42.96,2014,2014
1002350013,165 GRAND STREET,CLH8Bh6-3LatrrOmZnLwjw,2019-06,2019,40.71941915084314,-73.99822994367801,40.719475900000006,-73.9984307,290.45,42.96,2018,2019
1002350013,165 GRAND STREET,5IdT7YmB3PqYoP7OGjCtPg,2022-07,2022,40.71948420314404,-73.99821156193421,40.719475900000006,-73.9984307,267.14,42.96,2022,2022
1002350013,165 GRAND STREET,iFP0jX0c_mM_P08piNARhw,2024-09,2024,40.71945103708583,-73.99821756962628,40.719475900000006,-73.9984307,278.75,42.96,2026,2024
1002350016,150 BAXTER STREET,Eyq9Tt0ST3u-yb6-S6RBWg,2012-07,2012,40.71916767235584,-73.99833951676791,40.71925360000002,-73.9985029,304.76,37.77,2007,2012
1002350016,150 BAXTER STREET,Eyq9Tt0ST3u-yb6-S6RBWg,2012-07,2012,40.71916767235584,-73.99833951676791,40.71925360000002,-73.9985029,304.76,37.77,2011,2012
1002350016,150 BAXTER STREET,sbUHdFLqzr4_6hIQJRyUxw,2014-09,2014,40.71919846805866,-73.9983290257301,40.71925360000002,-73.9985029,292.7,37.77,2014,2014
1002350016,150 BAXTER STREET,y8iI9qQey70gxJakmmIeRg,2019-06,2019,40.7192035496158,-73.99832283870754,40.71925360000002,-73.9985029,290.14,37.77,2018,2019
1002350016,150 BAXTER STREET,FmW6y4DdzB1Ph69jmO0lvw,2022-07,2022,40.71918701410881,-73.99833601975538,40.71925360000002,-73.9985029,297.76,37.77,2022,2022
1002350016,150 BAXTER STREET,fr0Zsgymwy0M6N3iyIKm-w,2024-09,2024,40.71919529323438,-73.99832472171443,40.71925360000002,-73.9985029,293.35,37.77,2026,2024
1002350018,148 BAXTER STREET,ufioWbN5eGU0T7-_aUeVXw,2012-07,2012,40.71912274710501,-73.99835834683434,40.71916569999998,-73.9985498,286.49,40.57,2007,2012
1002350018,148 BAXTER STREET,ufioWbN5eGU0T7-_aUeVXw,2012-07,2012,40.71912274710501,-73.99835834683434,40.71916569999998,-73.9985498,286.49,40.57,2011,2012
1002350018,148 BAXTER STREET,FcntK5Yre5UYtIHHRUNpug,2014-09,2014,40.71909738731728,-73.99837206588157,40.71916569999998,-73.9985498,296.89,40.57,2014,2014
1002350018,148 BAXTER STREET,UucatwFnxBB-2I-egY5EQA,2019-06,2019,40.71911779940285,-73.99836175417948,40.71916569999998,-73.9985498,288.58,40.57,2018,2019
1002350018,148 BAXTER STREET,bSwlqBoB3ovfCxeZflyRiw,2022-07,2022,40.71909775687521,-73.99837520422557,40.71916569999998,-73.9985498,297.18,40.57,2022,2022
1002350018,148 BAXTER STREET,h24Vs_v_ig_NTnvNDfV9wQ,2024-09,2024,40.71911478056415,-73.99836067817576,40.71916569999998,-73.9985498,289.56,40.57,2026,2024
1002350020,144 BAXTER STREET,OVIPrHPZO4f-ShrDpQ68Lw,2012-07,2012,40.71895809416836,-73.99844191644013,40.7190422,-73.9986147,302.71,42.41,2007,2012
1002350020,144 BAXTER STREET,OVIPrHPZO4f-ShrDpQ68Lw,2012-07,2012,40.71895809416836,-73.99844191644013,40.7190422,-73.9986147,302.71,42.41,2011,2012
1002350020,144 BAXTER STREET,5sTKEKnF_nrHBIqQGmFTsA,2014-09,2014,40.71893555900567,-73.99845321447415,40.7190422,-73.9986147,311.07,42.41,2014,2014
1002350020,144 BAXTER STREET,jRDZyLodBc4NtvokbhlhXw,2019-06,2019,40.71895204471937,-73.99844819312578,40.7190422,-73.9986147,305.54,42.41,2018,2019
1002350020,144 BAXTER STREET,GaVFSpvMTODyqo1tNiutOg,2022-07,2022,40.71892599336009,-73.99846980285626,40.7190422,-73.9986147,316.62,42.41,2022,2022
1002350020,144 BAXTER STREET,FfGBz7_mlWxJRvWnW1XqAg,2024-09,2024,40.71893664214053,-73.99845446981124,40.7190422,-73.9986147,311.0,42.41,2026,2024
1002350029,217 HESTER STREET,6SH5MtLBtsxj0zLvrvxTZA,2009-04,2009,40.71884618804057,-73.99928639781446,40.718756799999994,-73.9991378,128.44,24.9,2007,2009
1002350029,217 HESTER STREET,0eELWwZ_9YDPhOi5Y4uVmA,2011-07,2011,40.71888076074634,-73.99930307579095,40.718756799999994,-73.9991378,134.7,24.9,2011,2011
1002350029,217 HESTER STREET,js6SGS6g_ROvC3R5UNFUfQ,2014-09,2014,40.71888307785847,-73.99930558645394,40.718756799999994,-73.9991378,134.8,24.9,2014,2014
1002350029,217 HESTER STREET,OJuwRPh6kRCPg2uoTYgXtQ,2018-07,2018,40.71883017184886,-73.99932612008939,40.718756799999994,-73.9991378,117.21,24.9,2018,2018
1002350029,217 HESTER STREET,4DRyvbpS2kt9z7_Q4fZydQ,2022-07,2022,40.71883603564808,-73.99928182482064,40.718756799999994,-73.9991378,125.97,24.9,2022,2022
1002350029,217 HESTER STREET,gvCJ2bHTFGnQBBIjIOzs_Q,2024-09,2024,40.71884220387769,-73.99928702548026,40.718756799999994,-73.9991378,127.06,24.9,2026,2024
1002357501,136 BAXTER STREET,Dvhxin_qbu2xMI28EO8wYQ,2012-07,2012,40.71858858171104,-73.99867182233491,40.7186744,-73.9987879,314.29,24.36,2007,2012
1002357501,136 BAXTER STREET,Dvhxin_qbu2xMI28EO8wYQ,2012-07,2012,40.71858858171104,-73.99867182233491,40.7186744,-73.9987879,314.29,24.36,2011,2012
1002357501,136 BAXTER STREET,sNop7MvnDhsdctCR6aNDHA,2014-09,2014,40.71855959766742,-73.99869136970324,40.7186744,-73.9987879,327.49,24.36,2014,2014
1002357501,136 BAXTER STREET,Zs2-YxpGAt6xS9QVNcfgKQ,2019-06,2019,40.71861133738036,-73.99865675830655,40.7186744,-73.9987879,302.39,24.36,2018,2019
1002357501,136 BAXTER STREET,nacBI2eoUEP1RsCLv8zlMw,2022-07,2022,40.71860403271048,-73.99866429032087,40.7186744,-73.9987879,306.91,24.36,2022,2022
1002357501,136 BAXTER STREET,iFAcSnIsCxZgmQa0qGxImw,2024-09,2024,40.71859019199902,-73.99867253966956,40.7186744,-73.9987879,313.92,24.36,2026,2024
1002360006,145 BAXTER STREET,ufioWbN5eGU0T7-_aUeVXw,2012-07,2012,40.71912274710501,-73.99835834683434,40.7190752,-73.9980916,103.23,54.92,2007,2012
1002360006,145 BAXTER STREET,ufioWbN5eGU0T7-_aUeVXw,2012-07,2012,40.71912274710501,-73.99835834683434,40.7190752,-73.9980916,103.23,54.92,2011,2012
1002360006,145 BAXTER STREET,FcntK5Yre5UYtIHHRUNpug,2014-09,2014,40.71909738731728,-73.99837206588157,40.7190752,-73.9980916,95.96,54.92,2014,2014
1002360006,145 BAXTER STREET,UucatwFnxBB-2I-egY5EQA,2019-06,2019,40.71911779940285,-73.99836175417948,40.7190752,-73.9980916,101.75,54.92,2018,2019
1002360006,145 BAXTER STREET,bSwlqBoB3ovfCxeZflyRiw,2022-07,2022,40.71909775687521,-73.99837520422557,40.7190752,-73.9980916,95.99,54.92,2022,2022
1002360006,145 BAXTER STREET,h24Vs_v_ig_NTnvNDfV9wQ,2024-09,2024,40.71911478056415,-73.99836067817576,40.7190752,-73.9980916,100.98,54.92,2026,2024
1002360016,181 GRAND STREET,9AHEJ0UElR5I8og00JSs-g,2009-04,2009,40.71945415337016,-73.99762567655162,40.71926450000001,-73.9977706,210.08,46.22,2007,2009
1002360016,181 GRAND STREET,zTdwgv0VP4E8NRnL8I0pFQ,2012-08,2012,40.7194419297992,-73.99762298653197,40.71926450000001,-73.9977706,212.23,46.22,2011,2012
1002360016,181 GRAND STREET,YBrglgu9H1lk2nWGRCzrvQ,2014-09,2014,40.7194508086347,-73.99764091999566,40.71926450000001,-73.9977706,207.81,46.22,2014,2014
1002360016,181 GRAND STREET,jkis4V9Ux8pcPqkZ4wY8Gg,2018-07,2018,40.71944944627035,-73.99762226919339,40.71926450000001,-73.9977706,211.29,46.22,2018,2018
1002360016,181 GRAND STREET,bC8Iwdyoav5ycwQSkWptqw,2022-07,2022,40.71943118946583,-73.99758873361162,40.71926450000001,-73.9977706,219.59,46.22,2022,2022
1002360016,181 GRAND STREET,Mgw8onccNFNoSdiDbGW-OA,2026-04,2026,40.71944949387347,-73.99762845623857,40.71926450000001,-73.9977706,210.21,46.22,2026,2026
1002360017,183 GRAND STREET,9AHEJ0UElR5I8og00JSs-g,2009-04,2009,40.71945415337016,-73.99762567655162,40.7192426,-73.9977092,196.66,46.76,2007,2009
1002360017,183 GRAND STREET,zTdwgv0VP4E8NRnL8I0pFQ,2012-08,2012,40.7194419297992,-73.99762298653197,40.7192426,-73.9977092,198.15,46.76,2011,2012
1002360017,183 GRAND STREET,YBrglgu9H1lk2nWGRCzrvQ,2014-09,2014,40.7194508086347,-73.99764091999566,40.7192426,-73.9977092,193.96,46.76,2014,2014
1002360017,183 GRAND STREET,jkis4V9Ux8pcPqkZ4wY8Gg,2018-07,2018,40.71944944627035,-73.99762226919339,40.7192426,-73.9977092,197.67,46.76,2018,2018
1002360017,183 GRAND STREET,bC8Iwdyoav5ycwQSkWptqw,2022-07,2022,40.71943118946583,-73.99758873361162,40.7192426,-73.9977092,205.83,46.76,2022,2022
1002360017,183 GRAND STREET,Mgw8onccNFNoSdiDbGW-OA,2026-04,2026,40.71944949387347,-73.99762845623857,40.7192426,-73.9977092,196.48,46.76,2026,2026
1002360021,149 MULBERRY STREET,aHRV4WkSHyz62n2X6nEA0g,2010-09,2010,40.71906459721693,-73.99758066355096,40.719086100000006,-73.9976948,283.96,53.42,2007,2010
1002360021,149 MULBERRY STREET,aHRV4WkSHyz62n2X6nEA0g,2010-09,2010,40.71906459721693,-73.99758066355096,40.719086100000006,-73.9976948,283.96,53.42,2011,2010
1002360021,149 MULBERRY STREET,aHRV4WkSHyz62n2X6nEA0g,2010-09,2010,40.71906459721693,-73.99758066355096,40.719086100000006,-73.9976948,283.96,53.42,2014,2010
1002360021,149 MULBERRY STREET,aHRV4WkSHyz62n2X6nEA0g,2010-09,2010,40.71906459721693,-73.99758066355096,40.719086100000006,-73.9976948,283.96,53.42,2018,2010
1002360021,149 MULBERRY STREET,aHRV4WkSHyz62n2X6nEA0g,2010-09,2010,40.71906459721693,-73.99758066355096,40.719086100000006,-73.9976948,283.96,53.42,2022,2010
1002360021,149 MULBERRY STREET,aHRV4WkSHyz62n2X6nEA0g,2010-09,2010,40.71906459721693,-73.99758066355096,40.719086100000006,-73.9976948,283.96,53.42,2026,2010
1002360024,143 MULBERRY STREET,wx04LIRXTH95uePi7iyA6Q,2009-04,2009,40.7188180655688,-73.9975447966106,40.718894000000006,-73.997785,292.64,54.19,2007,2009
1002360024,143 MULBERRY STREET,Mh6tZG7VXJG8OjM3NDzQkA,2011-07,2011,40.71879138625018,-73.99755878471815,40.718894000000006,-73.997785,300.9,54.19,2011,2011
1002360024,143 MULBERRY STREET,Zg0_-woHU7N8ThV0KK5XWg,2014-06,2014,40.71879295942414,-73.99756775145322,40.718894000000006,-73.997785,301.54,54.19,2014,2014
1002360024,143 MULBERRY STREET,mXDgqzLFkqXFpuCfdHbkWA,2019-06,2019,40.71876669176619,-73.9975718761512,40.718894000000006,-73.997785,308.24,54.19,2018,2019
1002360024,143 MULBERRY STREET,3ArtY4RUHNQd9CRzb0l3xA,2022-07,2022,40.71881055675076,-73.9975503559868,40.718894000000006,-73.997785,295.14,54.19,2022,2022
1002360024,143 MULBERRY STREET,7HhWXhOwGEG1Jov0-99o0A,2026-04,2026,40.71879607398246,-73.99756577877153,40.718894000000006,-73.997785,300.51,54.19,2026,2026
1002360025,141 MULBERRY STREET,wx04LIRXTH95uePi7iyA6Q,2009-04,2009,40.7188180655688,-73.9975447966106,40.7188309,-73.9978175,273.55,55.19,2007,2009
1002360025,141 MULBERRY STREET,Mh6tZG7VXJG8OjM3NDzQkA,2011-07,2011,40.71879138625018,-73.99755878471815,40.7188309,-73.9978175,281.39,55.19,2011,2011
1002360025,141 MULBERRY STREET,Zg0_-woHU7N8ThV0KK5XWg,2014-06,2014,40.71879295942414,-73.99756775145322,40.7188309,-73.9978175,281.33,55.19,2014,2014
1002360025,141 MULBERRY STREET,mXDgqzLFkqXFpuCfdHbkWA,2019-06,2019,40.71876669176619,-73.9975718761512,40.7188309,-73.9978175,289.03,55.19,2018,2019
1002360025,141 MULBERRY STREET,3ArtY4RUHNQd9CRzb0l3xA,2022-07,2022,40.71881055675076,-73.9975503559868,40.7188309,-73.9978175,275.74,55.19,2022,2022
1002360025,141 MULBERRY STREET,7HhWXhOwGEG1Jov0-99o0A,2026-04,2026,40.71879607398246,-73.99756577877153,40.7188309,-73.9978175,280.35,55.19,2026,2026
1002360026,139 MULBERRY STREET,C1eKMdoq7j-GVvN3spVcIg,2009-04,2009,40.71873140359623,-73.99759536899458,40.71876500000001,-73.9978499,279.88,53.52,2007,2009
1002360026,139 MULBERRY STREET,PVH2C8ZNFiwfoLjUkUZ7_A,2011-07,2011,40.71873265358069,-73.99759088562774,40.71876500000001,-73.9978499,279.36,53.52,2011,2011
1002360026,139 MULBERRY STREET,LPOabA4Epnzr6dTuk8izMQ,2014-06,2014,40.71874142699956,-73.99758998895437,40.71876500000001,-73.9978499,276.82,53.52,2014,2014
1002360026,139 MULBERRY STREET,Q6Q5AzWCoCMsELxy3vg82g,2019-06,2019,40.71868432980976,-73.99761500614007,40.71876500000001,-73.9978499,294.38,53.52,2018,2019
1002360026,139 MULBERRY STREET,CldnkgoqsFfckO85qX10Mw,2022-07,2022,40.71872677702706,-73.9975951896599,40.71876500000001,-73.9978499,281.2,53.52,2022,2022
1002360026,139 MULBERRY STREET,bvIElrvVVYF0VKPQ2JsO3A,2026-04,2026,40.71871197464301,-73.99760729474984,40.71876500000001,-73.9978499,286.09,53.52,2026,2026
1002360030,131 MULBERRY STREET,t03g1QKevipm8krB8bmeOg,2009-04,2009,40.71847161072183,-73.99775058308968,40.7184576,-73.9978896,262.43,15.56,2007,2009
1002360030,131 MULBERRY STREET,sLAxDWfFYsDLVG9FmQbMJQ,2011-06,2011,40.71849368222367,-73.99773229096718,40.7184576,-73.9978896,253.16,15.56,2011,2011
1002360030,131 MULBERRY STREET,1-ML5LjynGN2BwnJwYKhCw,2014-09,2014,40.71845773679966,-73.9977458307247,40.7184576,-73.9978896,269.93,15.56,2014,2014
1002360030,131 MULBERRY STREET,Kkp-J0SM5STmTuY5c2e4OQ,2019-06,2019,40.71847465628651,-73.99772897327809,40.7184576,-73.9978896,262.02,15.56,2018,2019
1002360030,131 MULBERRY STREET,-4aaNHpjWek_W9oPGXVenw,2022-07,2022,40.71847831774003,-73.99773883667787,40.7184576,-73.9978896,259.72,15.56,2022,2022
1002360030,131 MULBERRY STREET,Ju2S0BU5pyT81VGDOIbAVw,2026-04,2026,40.7184627525424,-73.99775354210935,40.7184576,-73.9978896,267.14,15.56,2026,2026
1002360031,193 HESTER STREET,OeWe-2RocN5h98PFJZsUjg,2009-04,2009,40.71832187301485,-73.99783827765283,40.71832859999999,-73.997969,273.88,15.36,2007,2009
1002360031,193 HESTER STREET,6K6K0HGKTKLlKmeRcprA0g,2011-06,2011,40.71828523258237,-73.99785755610458,40.71832859999999,-73.997969,297.18,15.36,2011,2011
1002360031,193 HESTER STREET,yxSVh8T-M_4sBjuy86Ky2A,2014-09,2014,40.71828584616001,-73.99785603176196,40.71832859999999,-73.997969,296.53,15.36,2014,2014
1002360031,193 HESTER STREET,bhE1n9l_8QoR3wY7ZGaqlw,2019-06,2019,40.71830597433079,-73.99783307695388,40.71832859999999,-73.997969,282.39,15.36,2018,2019
1002360031,193 HESTER STREET,upFEVnrVtbzfq1SuUnMzQQ,2022-07,2022,40.71827292504797,-73.99786544681916,40.71832859999999,-73.997969,305.35,15.36,2022,2022
1002360031,193 HESTER STREET,vTbhtwRseUwN6_H1dJLtPw,2026-04,2026,40.7182931577839,-73.99786078412421,40.71832859999999,-73.997969,293.37,15.36,2026,2026
1002360032,195 HESTER STREET,A5mLEqenINpyFuHFJEEbRw,2009-04,2009,40.71839542492965,-73.99779631338836,40.718408200000006,-73.9980231,274.25,41.32,2007,2009
1002360032,195 HESTER STREET,HlAPXaW60MOQFGs6pLyoiw,2011-07,2011,40.71839301005613,-73.9977798146152,40.718408200000006,-73.9980231,274.71,41.32,2011,2011
1002360032,195 HESTER STREET,HUbhPXzgyvHlaZUJwPRIrQ,2014-09,2014,40.71839678750714,-73.99778358063963,40.718408200000006,-73.9980231,273.6,41.32,2014,2014
1002360032,195 HESTER STREET,a7UG051C4alBmMlyIa8H-w,2019-06,2019,40.71838944789204,-73.99777703493045,40.718408200000006,-73.9980231,275.74,41.32,2018,2019
1002360032,195 HESTER STREET,iLmqPuC20zIsbhniKitnrw,2022-07,2022,40.71835484782189,-73.99781442617031,40.718408200000006,-73.9980231,288.64,41.32,2022,2022
1002360032,195 HESTER STREET,0zXXY07p9cVErJfDCYP00A,2026-04,2026,40.71838007826751,-73.99780617678469,40.718408200000006,-73.9980231,279.71,41.32,2026,2026
1002360033,197 HESTER STREET,ctWGuucH3rF0SDjUDYFqJQ,2009-04,2009,40.71831335136738,-73.99837717689891,40.7184521,-73.9981494,51.21,44.41,2007,2009
1002360033,197 HESTER STREET,FpYBb9twSWwIrhafYYhonA,2011-07,2011,40.7183077498718,-73.9983568224957,40.7184521,-73.9981494,47.44,44.41,2011,2011
1002360033,197 HESTER STREET,Gl9YUu-PcB2nhF4nrhyyYA,2014-09,2014,40.71829208875715,-73.9983032913016,40.7184521,-73.9981494,36.09,44.41,2014,2014
1002360033,197 HESTER STREET,Me_CMfZzOQW_DVO1-l9kCg,2017-11,2017,40.71829638319817,-73.99830804365276,40.7184521,-73.9981494,37.67,44.41,2018,2017
1002360033,197 HESTER STREET,VazXqTZ47Jj5vinytqDEZA,2022-07,2022,40.71830487141519,-73.99833332974569,40.7184521,-73.9981494,43.44,44.41,2022,2022
1002360033,197 HESTER STREET,tK30RN4TsSvVGGRZT3iicA,2026-04,2026,40.71828884605458,-73.99829584894009,40.7184521,-73.9981494,34.21,44.41,2026,2026
1002367501,173 GRAND STREET,YqOsE_b2c0NMxQpkL5TrJg,2009-04,2009,40.71951582594169,-73.99781326049627,40.719338699999994,-73.9979798,215.47,44.5,2007,2009
1002367501,173 GRAND STREET,J5Bjz45bKZClOqnez3IZ4w,2011-08,2011,40.71952366129884,-73.99782330322618,40.719338699999994,-73.9979798,212.67,44.5,2011,2011
1002367501,173 GRAND STREET,hPp36mztOsZzriId5l2uog,2014-09,2014,40.71950254364742,-73.99780097608487,40.719338699999994,-73.9979798,219.6,44.5,2014,2014
1002367501,173 GRAND STREET,PZyEJYgAP1PYFxWWbsgvkw,2018-07,2018,40.71951913168935,-73.99783657397562,40.719338699999994,-73.9979798,211.03,44.5,2018,2018
1002367501,173 GRAND STREET,2pFUTv-C6uxrxZ3htfknMw,2022-07,2022,40.71951821727966,-73.99783863632172,40.719338699999994,-73.9979798,210.79,44.5,2022,2022
1002367501,173 GRAND STREET,lPBSip1JNHWnL3Mp8XniYA,2026-04,2026,40.71951929611775,-73.99783720164618,40.719338699999994,-73.9979798,210.9,44.5,2026,2026
1002367502,145 MULBERRY STREET,wTTyWmhXnaLH5zeLOozsUQ,2009-04,2009,40.71893734123098,-73.99749655556523,40.71899280000001,-73.9977417,286.62,54.6,2007,2009
1002367502,145 MULBERRY STREET,vevS1gMU-tYGAhF0KFMiGA,2011-07,2011,40.71896434778774,-73.99749072718532,40.71899280000001,-73.9977417,278.51,54.6,2011,2011
1002367502,145 MULBERRY STREET,rD336oL5bw-tfwu7EVWkFQ,2014-09,2014,40.71899632170994,-73.99745450155851,40.71899280000001,-73.9977417,269.07,54.6,2014,2014
1002367502,145 MULBERRY STREET,H6H0J6z7z6zqT5d9J5kuqg,2019-06,2019,40.71896597367027,-73.99746974501618,40.71899280000001,-73.9977417,277.42,54.6,2018,2019
1002367502,145 MULBERRY STREET,lOv0CvPyx3IrZWtKyN4uUA,2022-07,2022,40.71898046773521,-73.9974692966792,40.71899280000001,-73.9977417,273.42,54.6,2022,2022
1002367502,145 MULBERRY STREET,VQcfbBi7l6GuH5FR0HnzAw,2026-04,2026,40.71896683587428,-73.9974822087836,40.71899280000001,-73.9977417,277.52,54.6,2026,2026
1002367503,133 MULBERRY STREET,xAmjB3cGZLg0Pm4EiPDIbA,2009-04,2009,40.71855112537713,-73.99770332843627,40.7186442,-73.9979257,298.91,53.69,2007,2009
1002367503,133 MULBERRY STREET,xhxIJq6qYYit6sLuF8uIog,2011-07,2011,40.71853714991167,-73.99770583912023,40.7186442,-73.9979257,302.72,53.69,2011,2011
1002367503,133 MULBERRY STREET,vXrIsGNOPYg1ARELGS8ZPw,2014-09,2014,40.71852196758144,-73.99770834980417,40.7186442,-73.9979257,306.58,53.69,2014,2014
1002367503,133 MULBERRY STREET,V8BlOPT8SBbge_ZqSNnM5A,2019-06,2019,40.71856160279987,-73.99768306362877,40.7186442,-73.9979257,294.19,53.69,2018,2019
1002367503,133 MULBERRY STREET,TCigOZtPDh2oULf4Lv_wkA,2022-07,2022,40.71856036980942,-73.99769032667947,40.7186442,-73.9979257,295.17,53.69,2022,2022
1002367503,133 MULBERRY STREET,ATvPuA5MLcbOXZcUb0nW6g,2026-04,2026,40.71854217478035,-73.99770350777084,40.7186442,-73.9979257,301.21,53.69,2026,2026
1002367504,185 GRAND STREET,j5EoV1QNpC9tNC1YySmnHQ,2009-04,2009,40.71914169716472,-73.997391913702,40.7191959,-73.9975722,291.64,34.36,2007,2009
1002367504,185 GRAND STREET,7O0hX97MIawITlRsrfzjlQ,2011-07,2011,40.71913488255518,-73.99739917676376,40.7191959,-73.9975722,294.95,34.36,2011,2011
1002367504,185 GRAND STREET,ZnZSgtdC8DD01QxrYEanjw,2014-09,2014,40.71915370510891,-73.99737765657999,40.7191959,-73.9975722,285.97,34.36,2014,2014
1002367504,185 GRAND STREET,mOSVGt8DjAXl_9PKwg1Uug,2019-06,2019,40.71915814694558,-73.99738025693566,40.7191959,-73.9975722,284.55,34.36,2018,2019
1002367504,185 GRAND STREET,RQbVNHIzNqpcxVexo4rFsw,2022-07,2022,40.7191752367637,-73.99737577356377,40.7191959,-73.9975722,277.9,34.36,2022,2022
1002367504,185 GRAND STREET,LVPjez6lXRn7czL1qwptqg,2026-04,2026,40.71914348544868,-73.99739388638548,40.7191959,-73.9975722,291.2,34.36,2026,2026
1002370006,140 MULBERRY STREET,C1eKMdoq7j-GVvN3spVcIg,2009-04,2009,40.71873140359623,-73.99759536899458,40.71866619999999,-73.9973341,108.23,55.97,2007,2009
1002370006,140 MULBERRY STREET,PVH2C8ZNFiwfoLjUkUZ7_A,2011-07,2011,40.71873265358069,-73.99759088562774,40.71866619999999,-73.9973341,108.85,55.97,2011,2011
1002370006,140 MULBERRY STREET,LPOabA4Epnzr6dTuk8izMQ,2014-06,2014,40.71874142699956,-73.99758998895437,40.71866619999999,-73.9973341,111.2,55.97,2014,2014
1002370006,140 MULBERRY STREET,Q6Q5AzWCoCMsELxy3vg82g,2019-06,2019,40.71868432980976,-73.99761500614007,40.71866619999999,-73.9973341,94.87,55.97,2018,2019
1002370006,140 MULBERRY STREET,CldnkgoqsFfckO85qX10Mw,2022-07,2022,40.71872677702706,-73.9975951896599,40.71866619999999,-73.9973341,107.02,55.97,2022,2022
1002370006,140 MULBERRY STREET,bvIElrvVVYF0VKPQ2JsO3A,2026-04,2026,40.71871197464301,-73.99760729474984,40.71866619999999,-73.9973341,102.47,55.97,2026,2026
1002370007,142 MULBERRY STREET,9lCCqDR5DMOgVTrfaanmPQ,2010-05,2010,40.71888882323251,-73.9974304706934,40.71875949999998,-73.9972836,139.28,57.52,2007,2010
1002370007,142 MULBERRY STREET,9lCCqDR5DMOgVTrfaanmPQ,2010-05,2010,40.71888882323251,-73.9974304706934,40.71875949999998,-73.9972836,139.28,57.52,2011,2010
1002370007,142 MULBERRY STREET,9lCCqDR5DMOgVTrfaanmPQ,2010-05,2010,40.71888882323251,-73.9974304706934,40.71875949999998,-73.9972836,139.28,57.52,2014,2010
1002370007,142 MULBERRY STREET,9lCCqDR5DMOgVTrfaanmPQ,2010-05,2010,40.71888882323251,-73.9974304706934,40.71875949999998,-73.9972836,139.28,57.52,2018,2010
1002370007,142 MULBERRY STREET,9lCCqDR5DMOgVTrfaanmPQ,2010-05,2010,40.71888882323251,-73.9974304706934,40.71875949999998,-73.9972836,139.28,57.52,2022,2010
1002370007,142 MULBERRY STREET,9lCCqDR5DMOgVTrfaanmPQ,2010-05,2010,40.71888882323251,-73.9974304706934,40.71875949999998,-73.9972836,139.28,57.52,2026,2010
1002370011,146 MULBERRY STREET,9lCCqDR5DMOgVTrfaanmPQ,2010-05,2010,40.71888882323251,-73.9974304706934,40.718874800000016,-73.9972511,95.89,51.65,2007,2010
1002370011,146 MULBERRY STREET,9lCCqDR5DMOgVTrfaanmPQ,2010-05,2010,40.71888882323251,-73.9974304706934,40.718874800000016,-73.9972511,95.89,51.65,2011,2010
1002370011,146 MULBERRY STREET,9lCCqDR5DMOgVTrfaanmPQ,2010-05,2010,40.71888882323251,-73.9974304706934,40.718874800000016,-73.9972511,95.89,51.65,2014,2010
1002370011,146 MULBERRY STREET,9lCCqDR5DMOgVTrfaanmPQ,2010-05,2010,40.71888882323251,-73.9974304706934,40.718874800000016,-73.9972511,95.89,51.65,2018,2010
1002370011,146 MULBERRY STREET,9lCCqDR5DMOgVTrfaanmPQ,2010-05,2010,40.71888882323251,-73.9974304706934,40.718874800000016,-73.9972511,95.89,51.65,2022,2010
1002370011,146 MULBERRY STREET,9lCCqDR5DMOgVTrfaanmPQ,2010-05,2010,40.71888882323251,-73.9974304706934,40.718874800000016,-73.9972511,95.89,51.65,2026,2010
1002370012,191 GRAND STREET,CIHM0ogKEICAgICEwvK0nwE,2016-09,2016,40.71911334792168,-73.99724997010641,40.719072399999995,-73.9972439,173.59,28.94,2007,2016
1002370012,191 GRAND STREET,CIHM0ogKEICAgICEwvK0nwE,2016-09,2016,40.71911334792168,-73.99724997010641,40.719072399999995,-73.9972439,173.59,28.94,2011,2016
1002370012,191 GRAND STREET,CIHM0ogKEICAgICEwvK0nwE,2016-09,2016,40.71911334792168,-73.99724997010641,40.719072399999995,-73.9972439,173.59,28.94,2014,2016
1002370012,191 GRAND STREET,CIHM0ogKEICAgICEwvK0nwE,2016-09,2016,40.71911334792168,-73.99724997010641,40.719072399999995,-73.9972439,173.59,28.94,2018,2016
1002370012,191 GRAND STREET,CIHM0ogKEICAgICEwvK0nwE,2016-09,2016,40.71911334792168,-73.99724997010641,40.719072399999995,-73.9972439,173.59,28.94,2022,2016
1002370012,191 GRAND STREET,CIHM0ogKEICAgICEwvK0nwE,2016-09,2016,40.71911334792168,-73.99724997010641,40.719072399999995,-73.9972439,173.59,28.94,2026,2016
1002370013,195 GRAND STREET,1SA3uCiv-XXXG6vwhAukCQ,2009-04,2009,40.71920391718982,-73.99688493337736,40.7189846,-73.9971068,217.48,66.76,2007,2009
1002370013,195 GRAND STREET,fZp-aCGVqvN4xeaSEnU90A,2011-06,2011,40.71920032664707,-73.99689578316489,40.7189846,-73.9971068,216.55,66.76,2011,2011
1002370013,195 GRAND STREET,YoIAroRIU0wP36wjHwgxIQ,2013-08,2013,40.71916668523722,-73.99690322558077,40.7189846,-73.9971068,220.28,66.76,2014,2013
1002370013,195 GRAND STREET,bw9TuW84nRM4dt0X5Mz7Jw,2018-07,2018,40.71920965300743,-73.99691048866106,40.7189846,-73.9971068,213.47,66.76,2018,2018
1002370013,195 GRAND STREET,Op3sZczz5vqY5BCM0q2_Dg,2022-07,2022,40.7192026371251,-73.99690197023354,40.7189846,-73.9971068,215.45,66.76,2022,2022
1002370013,195 GRAND STREET,eSMnBfDvdBij5yYK_lARYQ,2024-09,2024,40.71921217273462,-73.99691389603196,40.7189846,-73.9971068,212.72,66.76,2026,2024
1002370017,203 GRAND STREET,54v8hW7ytLU5-Toe15QmuA,2009-06,2009,40.71890941766203,-73.99655388006087,40.71891320000001,-73.9967244,271.68,28.16,2007,2009
1002370017,203 GRAND STREET,mC3YJq236osF0JFnWpqJZQ,2011-06,2011,40.71892781085435,-73.99654688597055,40.71891320000001,-73.9967244,263.8,28.16,2011,2011
1002370017,203 GRAND STREET,2LnCdJ4pW-hj2df3HT8yWw,2014-10,2014,40.718927702732,-73.99655782544505,40.71891320000001,-73.9967244,263.45,28.16,2014,2014
1002370017,203 GRAND STREET,k8o7TKihTXV1GiqmKn9dqg,2019-06,2019,40.71891482504049,-73.99656275717514,40.71891320000001,-73.9967244,269.24,28.16,2018,2019
1002370017,203 GRAND STREET,tbAtPgoBBrKLyhWNA1-nlg,2022-07,2022,40.71890459805281,-73.99655872212325,40.71891320000001,-73.9967244,273.92,28.16,2022,2022
1002370017,203 GRAND STREET,kAuEDE5bD_2a8X-IQ9y-8A,2024-09,2024,40.71892313137914,-73.9965606948153,40.71891320000001,-73.9967244,265.42,28.16,2026,2024
1002370019,143 MOTT STREET,lOMprQ_nPZAeAgj_QagfAg,2009-06,2009,40.71869599596469,-73.99664139583611,40.718773199999994,-73.996793,303.9,30.92,2007,2009
1002370019,143 MOTT STREET,XtzIjE8yB0S1SR2RRbIWEg,2011-06,2011,40.71872331175467,-73.99663242905771,40.718773199999994,-73.996793,292.29,30.92,2011,2011
1002370019,143 MOTT STREET,g_v0A_BjjNMHsBfIr3tsEQ,2014-06,2014,40.71869725133498,-73.99664812091966,40.718773199999994,-73.996793,304.67,30.92,2014,2014
1002370019,143 MOTT STREET,1bUUvOi5oRnoFTDnNhXySA,2019-06,2019,40.7187253701743,-73.99665385965741,40.718773199999994,-73.996793,294.4,30.92,2018,2019
1002370019,143 MOTT STREET,4HT0zE5fbkybzbA_U9eMZQ,2022-07,2022,40.71869737182306,-73.99665269397632,40.718773199999994,-73.996793,305.49,30.92,2022,2022
1002370019,143 MOTT STREET,5tQfto6gDUvMPdZ3CKiHaw,2024-11,2024,40.71872152481116,-73.99664695523852,40.718773199999994,-73.996793,295.03,30.92,2026,2024
1002370020,141 MOTT STREET,7m8biJn0YqiTqCnchuVDNA,2009-06,2009,40.71863642791034,-73.99666973085314,40.7187348,-73.996894,300.06,52.67,2007,2009
1002370020,141 MOTT STREET,RM9s_ze_R5j2GukK06onVQ,2011-06,2011,40.71867480689377,-73.99665314231521,40.7187348,-73.996894,288.19,52.67,2011,2011
1002370020,141 MOTT STREET,Gv0dbT4rYLTSROQ9XcLHJg,2014-06,2014,40.71864629545352,-73.99666910317876,40.7187348,-73.996894,297.44,52.67,2014,2014
1002370020,141 MOTT STREET,zETPtDADO14Jh8F6Oc-Pwg,2019-06,2019,40.71864925579062,-73.99669636217862,40.7187348,-73.996894,299.73,52.67,2018,2019
1002370020,141 MOTT STREET,IAfexupQKE-EHjHl-q6vgw,2022-07,2022,40.71865634273862,-73.99667080686638,40.7187348,-73.996894,294.88,52.67,2022,2022
1002370020,141 MOTT STREET,BDRqCvPVIQy4ePPPldPu7A,2026-04,2026,40.71869818647384,-73.99665897072059,40.7187348,-73.996894,281.61,52.67,2026,2026
1002370021,139 MOTT STREET,BiV2xuCnxRl9IKvDhRy4AQ,2009-06,2009,40.71855249425023,-73.99671241270633,40.71867170000001,-73.9969228,306.78,52.55,2007,2009
1002370021,139 MOTT STREET,8KLNDhGCGaYn7UnRzIlFaQ,2011-06,2011,40.71855017127147,-73.99671411639355,40.71867170000001,-73.9969228,307.54,52.55,2011,2011
1002370021,139 MOTT STREET,ULgTMS-E2p9p2B7i-T_ahQ,2014-10,2014,40.71856747823382,-73.99671169536433,40.71867170000001,-73.9969228,303.08,52.55,2014,2014
1002370021,139 MOTT STREET,QWNsJq8yIQRWxWN30loI2Q,2019-06,2019,40.7185591242764,-73.99673895435814,40.71867170000001,-73.9969228,308.94,52.55,2018,2019
1002370021,139 MOTT STREET,_KnBhkvItFXKSRmtwyASow,2022-07,2022,40.71856718170139,-73.99671492340327,40.71867170000001,-73.9969228,303.56,52.55,2022,2022
1002370021,139 MOTT STREET,saWtmSu4GqXSWV9l0abimA,2024-09,2024,40.71858019355206,-73.99671519240651,40.71867170000001,-73.9969228,300.18,52.55,2026,2024
1002370022,137 MOTT STREET,BiV2xuCnxRl9IKvDhRy4AQ,2009-06,2009,40.71855249425023,-73.99671241270633,40.718608499999995,-73.99695890000001,286.69,54.33,2007,2009
1002370022,137 MOTT STREET,8KLNDhGCGaYn7UnRzIlFaQ,2011-06,2011,40.71855017127147,-73.99671411639355,40.718608499999995,-73.99695890000001,287.45,54.33,2011,2011
1002370022,137 MOTT STREET,ULgTMS-E2p9p2B7i-T_ahQ,2014-10,2014,40.71856747823382,-73.99671169536433,40.718608499999995,-73.99695890000001,282.35,54.33,2014,2014
1002370022,137 MOTT STREET,QWNsJq8yIQRWxWN30loI2Q,2019-06,2019,40.7185591242764,-73.99673895435814,40.718608499999995,-73.99695890000001,286.5,54.33,2018,2019
1002370022,137 MOTT STREET,_KnBhkvItFXKSRmtwyASow,2022-07,2022,40.71856718170139,-73.99671492340327,40.718608499999995,-73.99695890000001,282.6,54.33,2022,2022
1002370022,137 MOTT STREET,saWtmSu4GqXSWV9l0abimA,2024-09,2024,40.71858019355206,-73.99671519240651,40.718608499999995,-73.99695890000001,278.71,54.33,2026,2024
1002370023,135 MOTT STREET,_AQqCuEcBIdG3lLB8cR3Vg,2009-06,2009,40.71848228734507,-73.99674657611557,40.71854540000001,-73.9969914,288.78,55.18,2007,2009
1002370023,135 MOTT STREET,dfdy1B_EPTt9X6IZzxuMcg,2011-06,2011,40.71850884724774,-73.99673653332924,40.71854540000001,-73.9969914,280.72,55.18,2011,2011
1002370023,135 MOTT STREET,Sr0b0LPH9d4Uum5N2sj5ZQ,2014-10,2014,40.71852111236126,-73.99673366396162,40.71854540000001,-73.9969914,277.09,55.18,2014,2014
1002370023,135 MOTT STREET,4nvhOyqa9MwMxet56WRexg,2019-06,2019,40.71851581948553,-73.9967569775723,40.71854540000001,-73.9969914,279.45,55.18,2018,2019
1002370023,135 MOTT STREET,qdQYz_Xwt_ueo2Jmgleceg,2022-07,2022,40.7184834209674,-73.99676361298405,40.71854540000001,-73.9969914,289.75,55.18,2022,2022
1002370023,135 MOTT STREET,FEshop0zRFKBfu4AjKEIDQ,2024-09,2024,40.71849310707324,-73.99675957793639,40.71854540000001,-73.9969914,286.57,55.18,2026,2024
1002370024,133 MOTT STREET,VaBLi_EYlL2zb8eXcxZYhw,2009-04,2009,40.71841040990599,-73.99678172586361,40.718485,-73.9970311,291.54,55.59,2007,2009
1002370024,133 MOTT STREET,ivDC1uEk9uy30DNyGU0qWQ,2011-06,2011,40.71841917839548,-73.99678558157538,40.718485,-73.9970311,289.48,55.59,2011,2011
1002370024,133 MOTT STREET,I6FCaEGxQJgY0cY2MTv1Bg,2014-10,2014,40.71839576038175,-73.99680288744351,40.718485,-73.9970311,297.29,55.59,2014,2014
1002370024,133 MOTT STREET,6_rPH10o4YPJ0tPATSmkXA,2019-06,2019,40.71843388141347,-73.99679777638417,40.718485,-73.9970311,286.12,55.59,2018,2019
1002370024,133 MOTT STREET,t2bTjKyJKHeumzgV1WWDhQ,2022-07,2022,40.71840207119402,-73.9968106885338,40.718485,-73.9970311,296.4,55.59,2022,2022
1002370024,133 MOTT STREET,49GOxYVs9ZslzMlWIEWfXQ,2024-09,2024,40.71840923261185,-73.9968079985027,40.718485,-73.9970311,294.14,55.59,2026,2024
1002370025,131 MOTT STREET,KAhskE_IM-S5JadG7crg4g,2009-06,2009,40.71833702076906,-73.99683068443049,40.71842190000001,-73.9970671,295.35,54.59,2007,2009
1002370025,131 MOTT STREET,50MyVDQPwibCOF8THOZhXA,2011-06,2011,40.71831395959459,-73.99685103899583,40.71842190000001,-73.9970671,303.39,54.59,2011,2011
1002370025,131 MOTT STREET,aLxJL5_oVv-QH5lqQ8uhnw,2014-10,2014,40.71830907891821,-73.99685704673055,40.71842190000001,-73.9970671,305.32,54.59,2014,2014
1002370025,131 MOTT STREET,X5AW80mpI5vWp-ccog7l9w,2019-06,2019,40.71835459182154,-73.99684395524866,40.71842190000001,-73.9970671,291.7,54.59,2018,2019
1002370025,131 MOTT STREET,weir8Jf0h-aB5e4fnMtj3g,2022-07,2022,40.71832041609422,-73.99685561204765,40.71842190000001,-73.9970671,302.34,54.59,2022,2022
1002370025,131 MOTT STREET,wcy9Zvs_OsYEI2AjnBvcew,2024-09,2024,40.71832808699594,-73.99685704673055,40.71842190000001,-73.9970671,300.51,54.59,2026,2024
1002370026,129 MOTT STREET,Z9wybx7yCqdOhS1qP-7Odw,2009-06,2009,40.71824264133396,-73.99689013410205,40.71835880000001,-73.9971068,305.27,54.52,2007,2009
1002370026,129 MOTT STREET,pcIVUVW2OPgJCdif_ccRLg,2011-06,2011,40.71821321863046,-73.99691030932574,40.71835880000001,-73.9971068,314.35,54.52,2011,2011
1002370026,129 MOTT STREET,LtfjhlZ5df_SGqQ4HuhphQ,2014-10,2014,40.71826748440316,-73.99688340902699,40.71835880000001,-73.9971068,298.34,54.52,2014,2014
1002370026,129 MOTT STREET,VJEoL1HfTP7jnumkIML7jA,2019-06,2019,40.71826748483555,-73.99689936987137,40.71835880000001,-73.9971068,300.15,54.52,2018,2019
1002370026,129 MOTT STREET,E_wKUmribJpP7_tCT5NRww,2022-07,2022,40.718239579563,-73.99690152189524,40.71835880000001,-73.9971068,307.46,54.52,2022,2022
1002370026,129 MOTT STREET,_z-0PjmRe3rE933qgtcEYg,2024-09,2024,40.71824725392337,-73.99690510860161,40.71835880000001,-73.9971068,306.12,54.52,2026,2024
1002370027,127 MOTT STREET,Z9wybx7yCqdOhS1qP-7Odw,2009-06,2009,40.71824264133396,-73.99689013410205,40.71829290000001,-73.9971429,284.7,53.1,2007,2009
1002370027,127 MOTT STREET,pcIVUVW2OPgJCdif_ccRLg,2011-06,2011,40.71821321863046,-73.99691030932574,40.71829290000001,-73.9971429,294.32,53.1,2011,2011
1002370027,127 MOTT STREET,LtfjhlZ5df_SGqQ4HuhphQ,2014-10,2014,40.71826748440316,-73.99688340902699,40.71829290000001,-73.9971429,277.36,53.1,2014,2014
1002370027,127 MOTT STREET,VJEoL1HfTP7jnumkIML7jA,2019-06,2019,40.71826748483555,-73.99689936987137,40.71829290000001,-73.9971429,277.84,53.1,2018,2019
1002370027,127 MOTT STREET,E_wKUmribJpP7_tCT5NRww,2022-07,2022,40.718239579563,-73.99690152189524,40.71829290000001,-73.9971429,286.25,53.1,2022,2022
1002370027,127 MOTT STREET,_z-0PjmRe3rE933qgtcEYg,2024-09,2024,40.71824725392337,-73.99690510860161,40.71829290000001,-73.9971429,284.21,53.1,2026,2024
1002370028,123 MOTT STREET,9DfiC0VMaKZqJE32ilx__A,2009-06,2009,40.7180643324109,-73.99700347399789,40.7181776,-73.9971357,318.5,33.08,2007,2009
1002370028,123 MOTT STREET,ebqXjHv1MxluIhZYCCu-Bg,2011-06,2011,40.71806887842876,-73.99700042529903,40.7181776,-73.9971357,316.68,33.08,2011,2011
1002370028,123 MOTT STREET,okFs2gJVrKtLj_bj1BiKsQ,2014-10,2014,40.71809534526983,-73.99698706482408,40.7181776,-73.9971357,306.14,33.08,2014,2014
1002370028,123 MOTT STREET,ROQKRco5baYogKESdd0qBA,2019-06,2019,40.71807365285929,-73.99701441344631,40.7181776,-73.9971357,318.51,33.08,2018,2019
1002370028,123 MOTT STREET,zyxwQXXOXhdik3lbeF-a5Q,2022-07,2022,40.71808039797664,-73.99700293599221,40.7181776,-73.9971357,314.01,33.08,2022,2022
1002370028,123 MOTT STREET,Umw1asw-mrlxt3fmY4EjaA,2024-09,2024,40.71808295502194,-73.99700607435864,40.7181776,-73.9971357,313.93,33.08,2026,2024
1002370029,121 MOTT STREET,JxEfP80V5yQZU6TLFIjLcQ,2011-07,2011,40.71794724413258,-73.99733578188209,40.7180486,-73.9972151,42.06,25.64,2007,2011
1002370029,121 MOTT STREET,JxEfP80V5yQZU6TLFIjLcQ,2011-07,2011,40.71794724413258,-73.99733578188209,40.7180486,-73.9972151,42.06,25.64,2011,2011
1002370029,121 MOTT STREET,TfnPK2_DLk4LLtNurnpMLQ,2014-09,2014,40.71794194654365,-73.997309060978,40.7180486,-73.9972151,33.73,25.64,2014,2014
1002370029,121 MOTT STREET,rGL3xAcL7pR1KxI-valodQ,2021-08,2021,40.7179589293388,-73.99735541905417,40.7180486,-73.9972151,49.86,25.64,2018,2021
1002370029,121 MOTT STREET,IHbu3AwU4SIlRr2UK2tCyQ,2022-07,2022,40.7179585580346,-73.99735120468408,40.7180486,-73.9972151,48.88,25.64,2022,2022
1002370029,121 MOTT STREET,kcVpUMbgMB1Y_qiP9_Th7w,2024-09,2024,40.71795508295507,-73.9973399962525,40.7180486,-73.9972151,45.35,25.64,2026,2024
1002370032,183 HESTER STREET,A3T8kQQGSrMcn7YSnJSfBA,2009-04,2009,40.71799381594866,-73.99748176044665,40.718183100000005,-73.9973846,21.26,50.81,2007,2009
1002370032,183 HESTER STREET,9hu-DaHdthXYAhBcu_Ar6g,2011-07,2011,40.71802255652641,-73.9975381612259,40.718183100000005,-73.9973846,35.94,50.81,2011,2011
1002370032,183 HESTER STREET,9OlcT8uEX9Njb8Npnde1Qw,2014-09,2014,40.71802211307622,-73.99752811848106,40.718183100000005,-73.9973846,34.05,50.81,2014,2014
1002370032,183 HESTER STREET,CHqvs-KPGUIhnLBUJzQunw,2019-06,2019,40.71799485736966,-73.99747261437277,40.718183100000005,-73.9973846,19.51,50.81,2018,2019
1002370032,183 HESTER STREET,jwYLnIwKXEMd_lkl002ZoQ,2022-07,2022,40.71801009217933,-73.99750292194923,40.718183100000005,-73.9973846,27.4,50.81,2022,2022
1002370032,183 HESTER STREET,PqN_9kLhBrEIfkpnTiXybQ,2026-04,2026,40.71800955215831,-73.99749538988925,40.718183100000005,-73.9973846,25.82,50.81,2026,2026
1002370033,185 HESTER STREET,A3T8kQQGSrMcn7YSnJSfBA,2009-04,2009,40.71799381594866,-73.99748176044665,40.718207800000016,-73.9974531,5.8,51.15,2007,2009
1002370033,185 HESTER STREET,9hu-DaHdthXYAhBcu_Ar6g,2011-07,2011,40.71802255652641,-73.9975381612259,40.718207800000016,-73.9974531,19.19,51.15,2011,2011
1002370033,185 HESTER STREET,9OlcT8uEX9Njb8Npnde1Qw,2014-09,2014,40.71802211307622,-73.99752811848106,40.718207800000016,-73.9974531,17.02,51.15,2014,2014
1002370033,185 HESTER STREET,CHqvs-KPGUIhnLBUJzQunw,2019-06,2019,40.71799485736966,-73.99747261437277,40.718207800000016,-73.9974531,3.97,51.15,2018,2019
1002370033,185 HESTER STREET,jwYLnIwKXEMd_lkl002ZoQ,2022-07,2022,40.71801009217933,-73.99750292194923,40.718207800000016,-73.9974531,10.81,51.15,2022,2022
1002370033,185 HESTER STREET,PqN_9kLhBrEIfkpnTiXybQ,2026-04,2026,40.71800955215831,-73.99749538988925,40.718207800000016,-73.9974531,9.18,51.15,2026,2026
1002370034,187 HESTER STREET,7iOPKQfbaZOx3GIFsGF7pw,2009-04,2009,40.71803663762491,-73.99760182504264,40.71823799999999,-73.9975397,13.16,51.24,2007,2009
1002370034,187 HESTER STREET,dolGHkm2kMvLWns_MLK3LQ,2011-07,2011,40.71805845447378,-73.9976445066882,40.71823799999999,-73.9975397,23.87,51.24,2011,2011
1002370034,187 HESTER STREET,qPce8ungjN3wPn6ubNlWjg,2014-09,2014,40.718062202082,-73.99763742297037,40.71823799999999,-73.9975397,22.85,51.24,2014,2014
1002370034,187 HESTER STREET,GZ9UxPlKFl0lLvxAI3wf2w,2019-06,2019,40.71803068253461,-73.99758057388362,40.71823799999999,-73.9975397,8.5,51.24,2018,2019
1002370034,187 HESTER STREET,ZD8g-Ha6dClj4d-GqeNF_w,2022-07,2022,40.71806273310181,-73.99766297815371,40.71823799999999,-73.9975397,28.06,51.24,2022,2022
1002370034,187 HESTER STREET,bPdUIa51Bb1jkhlGXUCdUA,2026-04,2026,40.7180485640495,-73.99760720508252,40.71823799999999,-73.9975397,15.11,51.24,2026,2026
1002370035,189 HESTER STREET,0p6DJvKFUQkcX_PpsxwFZw,2010-06,2010,40.7181960762901,-73.99767669725074,40.71823249999998,-73.9976443,33.99,37.42,2007,2010
1002370035,189 HESTER STREET,0p6DJvKFUQkcX_PpsxwFZw,2010-06,2010,40.7181960762901,-73.99767669725074,40.71823249999998,-73.9976443,33.99,37.42,2011,2010
1002370035,189 HESTER STREET,0p6DJvKFUQkcX_PpsxwFZw,2010-06,2010,40.7181960762901,-73.99767669725074,40.71823249999998,-73.9976443,33.99,37.42,2014,2010
1002370035,189 HESTER STREET,0p6DJvKFUQkcX_PpsxwFZw,2010-06,2010,40.7181960762901,-73.99767669725074,40.71823249999998,-73.9976443,33.99,37.42,2018,2010
1002370035,189 HESTER STREET,0p6DJvKFUQkcX_PpsxwFZw,2010-06,2010,40.7181960762901,-73.99767669725074,40.71823249999998,-73.9976443,33.99,37.42,2022,2010
1002370035,189 HESTER STREET,0p6DJvKFUQkcX_PpsxwFZw,2010-06,2010,40.7181960762901,-73.99767669725074,40.71823249999998,-73.9976443,33.99,37.42,2026,2010
1002370036,191 HESTER STREET,OeWe-2RocN5h98PFJZsUjg,2009-04,2009,40.71832187301485,-73.99783827765283,40.7182627,-73.9977309,126.02,15.78,2007,2009
1002370036,191 HESTER STREET,6K6K0HGKTKLlKmeRcprA0g,2011-06,2011,40.71828523258237,-73.99785755610458,40.7182627,-73.9977309,103.21,15.78,2011,2011
1002370036,191 HESTER STREET,yxSVh8T-M_4sBjuy86Ky2A,2014-09,2014,40.71828584616001,-73.99785603176196,40.7182627,-73.9977309,103.72,15.78,2014,2014
1002370036,191 HESTER STREET,bhE1n9l_8QoR3wY7ZGaqlw,2019-06,2019,40.71830597433079,-73.99783307695388,40.7182627,-73.9977309,119.2,15.78,2018,2019
1002370036,191 HESTER STREET,upFEVnrVtbzfq1SuUnMzQQ,2022-07,2022,40.71827292504797,-73.99786544681916,40.7182627,-73.9977309,95.73,15.78,2022,2022
1002370036,191 HESTER STREET,vTbhtwRseUwN6_H1dJLtPw,2026-04,2026,40.7182931577839,-73.99786078412421,40.7182627,-73.9977309,107.19,15.78,2026,2026
1002377501,132 MULBERRY STREET,xAmjB3cGZLg0Pm4EiPDIbA,2009-04,2009,40.71855112537713,-73.99770332843627,40.7184933,-73.9974495,106.73,52.3,2007,2009
1002377501,132 MULBERRY STREET,xhxIJq6qYYit6sLuF8uIog,2011-07,2011,40.71853714991167,-73.99770583912023,40.7184933,-73.9974495,102.72,52.3,2011,2011
1002377501,132 MULBERRY STREET,vXrIsGNOPYg1ARELGS8ZPw,2014-09,2014,40.71852196758144,-73.99770834980417,40.7184933,-73.9974495,98.31,52.3,2014,2014
1002377501,132 MULBERRY STREET,V8BlOPT8SBbge_ZqSNnM5A,2019-06,2019,40.71856160279987,-73.99768306362877,40.7184933,-73.9974495,111.1,52.3,2018,2019
1002377501,132 MULBERRY STREET,TCigOZtPDh2oULf4Lv_wkA,2022-07,2022,40.71856036980942,-73.99769032667947,40.7184933,-73.9974495,110.18,52.3,2022,2022
1002377501,132 MULBERRY STREET,ATvPuA5MLcbOXZcUb0nW6g,2026-04,2026,40.71854217478035,-73.99770350777084,40.7184933,-73.9974495,104.24,52.3,2026,2026
1002377502,181 HESTER STREET,4hBUETGuvPR6zE0LixWL4g,2009-04,2009,40.71797939368543,-73.99744069277817,40.71816110000001,-73.9973197,26.78,50.96,2007,2009
1002377502,181 HESTER STREET,YNzMicuWYw12T-hfs3He-Q,2011-06,2011,40.71797201468061,-73.99741737925068,40.71816110000001,-73.9973197,21.38,50.96,2011,2011
1002377502,181 HESTER STREET,yWr3k-81uoe6HV2Msavqfg,2014-08,2014,40.71797979662951,-73.9974174689181,40.71816110000001,-73.9973197,22.23,50.96,2014,2014
1002377502,181 HESTER STREET,sgeC1Z4vud8JF10IYRiTNw,2019-06,2019,40.71795700906248,-73.99736528247321,40.71816110000001,-73.9973197,9.61,50.96,2018,2019
1002377502,181 HESTER STREET,tZPlkgKNZVMdEvDYmLWisw,2022-07,2022,40.71797641898167,-73.99740428780706,40.71816110000001,-73.9973197,19.14,50.96,2022,2022
1002377502,181 HESTER STREET,ofUQs-Lb_35M7KQ5awnu1w,2026-04,2026,40.71797502294137,-73.99739603840378,40.71816110000001,-73.9973197,17.27,50.96,2026,2026
1002380003,122 MOTT STREET,1G-hXj6ODx7R14DSrdyJCA,2021-07,2021,40.7179247067802,-73.9961380002467,40.71807330000001,-73.9964431,302.72,83.23,2007,2021
1002380003,122 MOTT STREET,1G-hXj6ODx7R14DSrdyJCA,2021-07,2021,40.7179247067802,-73.9961380002467,40.71807330000001,-73.9964431,302.72,83.23,2011,2021
1002380003,122 MOTT STREET,1G-hXj6ODx7R14DSrdyJCA,2021-07,2021,40.7179247067802,-73.9961380002467,40.71807330000001,-73.9964431,302.72,83.23,2014,2021
1002380003,122 MOTT STREET,1G-hXj6ODx7R14DSrdyJCA,2021-07,2021,40.7179247067802,-73.9961380002467,40.71807330000001,-73.9964431,302.72,83.23,2018,2021
1002380003,122 MOTT STREET,1G-hXj6ODx7R14DSrdyJCA,2021-07,2021,40.7179247067802,-73.9961380002467,40.71807330000001,-73.9964431,302.72,83.23,2022,2021
1002380003,122 MOTT STREET,1G-hXj6ODx7R14DSrdyJCA,2021-07,2021,40.7179247067802,-73.9961380002467,40.71807330000001,-73.9964431,302.72,83.23,2026,2021
1002380004,124 MOTT STREET,KAhskE_IM-S5JadG7crg4g,2009-06,2009,40.71833702076906,-73.99683068443049,40.7182242,-73.9966162,124.76,52.32,2007,2009
1002380004,124 MOTT STREET,50MyVDQPwibCOF8THOZhXA,2011-06,2011,40.71831395959459,-73.99685103899583,40.7182242,-73.9966162,116.76,52.32,2011,2011
1002380004,124 MOTT STREET,aLxJL5_oVv-QH5lqQ8uhnw,2014-10,2014,40.71830907891821,-73.99685704673055,40.7182242,-73.9966162,114.94,52.32,2014,2014
1002380004,124 MOTT STREET,X5AW80mpI5vWp-ccog7l9w,2019-06,2019,40.71835459182154,-73.99684395524866,40.7182242,-73.9966162,127.07,52.32,2018,2019
1002380004,124 MOTT STREET,weir8Jf0h-aB5e4fnMtj3g,2022-07,2022,40.71832041609422,-73.99685561204765,40.7182242,-73.9966162,117.93,52.32,2022,2022
1002380004,124 MOTT STREET,wcy9Zvs_OsYEI2AjnBvcew,2024-09,2024,40.71832808699594,-73.99685704673055,40.7182242,-73.9966162,119.64,52.32,2026,2024
1002380012,205 GRAND STREET,ilUEmrVslpMtIP9N5vJGzQ,2009-06,2009,40.71881524713702,-73.99658607080661,40.718822600000024,-73.9964502,85.92,18.69,2007,2009
1002380012,205 GRAND STREET,ilUEmrVslpMtIP9N5vJGzQ,2009-06,2009,40.71881524713702,-73.99658607080661,40.718822600000024,-73.9964502,85.92,18.69,2011,2009
1002380012,205 GRAND STREET,ilUEmrVslpMtIP9N5vJGzQ,2009-06,2009,40.71881524713702,-73.99658607080661,40.718822600000024,-73.9964502,85.92,18.69,2014,2009
1002380012,205 GRAND STREET,ilUEmrVslpMtIP9N5vJGzQ,2009-06,2009,40.71881524713702,-73.99658607080661,40.718822600000024,-73.9964502,85.92,18.69,2018,2009
1002380012,205 GRAND STREET,ilUEmrVslpMtIP9N5vJGzQ,2009-06,2009,40.71881524713702,-73.99658607080661,40.718822600000024,-73.9964502,85.92,18.69,2022,2009
1002380012,205 GRAND STREET,ilUEmrVslpMtIP9N5vJGzQ,2009-06,2009,40.71881524713702,-73.99658607080661,40.718822600000024,-73.9964502,85.92,18.69,2026,2009
1002380013,207 GRAND STREET,ilUEmrVslpMtIP9N5vJGzQ,2009-06,2009,40.71881524713702,-73.99658607080661,40.71879510000001,-73.9963673,96.93,43.67,2007,2009
1002380013,207 GRAND STREET,ilUEmrVslpMtIP9N5vJGzQ,2009-06,2009,40.71881524713702,-73.99658607080661,40.71879510000001,-73.9963673,96.93,43.67,2011,2009
1002380013,207 GRAND STREET,ilUEmrVslpMtIP9N5vJGzQ,2009-06,2009,40.71881524713702,-73.99658607080661,40.71879510000001,-73.9963673,96.93,43.67,2014,2009
1002380013,207 GRAND STREET,ilUEmrVslpMtIP9N5vJGzQ,2009-06,2009,40.71881524713702,-73.99658607080661,40.71879510000001,-73.9963673,96.93,43.67,2018,2009
1002380013,207 GRAND STREET,ilUEmrVslpMtIP9N5vJGzQ,2009-06,2009,40.71881524713702,-73.99658607080661,40.71879510000001,-73.9963673,96.93,43.67,2022,2009
1002380013,207 GRAND STREET,ilUEmrVslpMtIP9N5vJGzQ,2009-06,2009,40.71881524713702,-73.99658607080661,40.71879510000001,-73.9963673,96.93,43.67,2026,2009
1002380014,209 GRAND STREET,klKOU5LnrXUthIXbwzAWeQ,2013-08,2013,40.71894813214186,-73.9961992434929,40.718754,-73.9962482,190.82,49.02,2007,2013
1002380014,209 GRAND STREET,klKOU5LnrXUthIXbwzAWeQ,2013-08,2013,40.71894813214186,-73.9961992434929,40.718754,-73.9962482,190.82,49.02,2011,2013
1002380014,209 GRAND STREET,Dpg3G59e3aggPIg9pimqCg,2014-09,2014,40.71895716439694,-73.99616400397002,40.718754,-73.9962482,197.44,49.02,2014,2014
1002380014,209 GRAND STREET,MeMsjlKzDTs9EISDd6I7ag,2018-07,2018,40.71895988587239,-73.9961677700262,40.718754,-73.9962482,196.49,49.02,2018,2018
1002380014,209 GRAND STREET,8N91_gsvDiL7Fv5GR747XA,2021-05,2021,40.71896508836622,-73.99615871355762,40.718754,-73.9962482,197.81,49.02,2022,2021
1002380014,209 GRAND STREET,8N91_gsvDiL7Fv5GR747XA,2021-05,2021,40.71896508836622,-73.99615871355762,40.718754,-73.9962482,197.81,49.02,2026,2021
1002380019,219 GRAND STREET,28QHdN5H3sYZR_UkI832PA,2009-09,2009,40.71862836802989,-73.99577887949995,40.71867160000001,-73.9959091,293.65,22.75,2007,2009
1002380019,219 GRAND STREET,qhg7uo_jgda0tGYW_pQhLw,2012-07,2012,40.71857049962973,-73.99580855966708,40.71867160000001,-73.9959091,322.99,22.75,2011,2012
1002380019,219 GRAND STREET,8YyiG03PQiKpUpEThaYbwQ,2014-09,2014,40.71860232712498,-73.99579098470464,40.71867160000001,-73.9959091,307.73,22.75,2014,2014
1002380019,219 GRAND STREET,L8KA_46x3vr5q0mMdKyLtg,2019-06,2019,40.71860110352923,-73.99579618545899,40.71867160000001,-73.9959091,309.48,22.75,2018,2019
1002380019,219 GRAND STREET,48PRw_rYuURXM87qvAsI6A,2022-07,2022,40.71859634286005,-73.99579080536827,40.71867160000001,-73.9959091,310.01,22.75,2022,2022
1002380019,219 GRAND STREET,XPlUOE67a5mOG2w-1l_kZA,2024-09,2024,40.71860086681792,-73.99578972935011,40.71867160000001,-73.9959091,308.02,22.75,2026,2024
1002380021,95 ELIZABETH STREET,aZeOLKwIIxbu2IgOi7FU4A,2009-09,2009,40.71841455634823,-73.9958817288812,40.718517899999995,-73.9960823,304.21,50.56,2007,2009
1002380021,95 ELIZABETH STREET,T8nhFV9diu5Yc1HxxUJEqw,2012-07,2012,40.71844232037066,-73.99587007202298,40.718517899999995,-73.9960823,295.17,50.56,2011,2012
1002380021,95 ELIZABETH STREET,nPDh2eZquF5Q6hCWwJcwtQ,2014-09,2014,40.71841701484875,-73.99587832149194,40.718517899999995,-73.9960823,303.13,50.56,2014,2014
1002380021,95 ELIZABETH STREET,4KCBM4kWtgwsKBBplz9Wsw,2019-06,2019,40.71844605451452,-73.99587034102741,40.718517899999995,-73.9960823,294.1,50.56,2018,2019
1002380021,95 ELIZABETH STREET,9jEZzN_i3-BsGpZ4VmyBMg,2022-07,2022,40.71843367382475,-73.99586388492102,40.718517899999995,-73.9960823,296.97,50.56,2022,2022
1002380021,95 ELIZABETH STREET,phGSCnsAWxpkPsaCzzDNAg,2024-09,2024,40.71842864759033,-73.99587312073982,40.718517899999995,-73.9960823,299.38,50.56,2026,2024
1002380023,91 ELIZABETH STREET,glBwtQ9R4DnCzD36fOqL-g,2009-09,2009,40.71832388345348,-73.99592369356493,40.7184164,-73.9961292,300.71,51.18,2007,2009
1002380023,91 ELIZABETH STREET,Bq5LjPoIZTNSmO50KPF8YA,2012-07,2012,40.71834915925498,-73.995912574718,40.7184164,-73.9961292,292.27,51.18,2011,2012
1002380023,91 ELIZABETH STREET,dy0rJ2NRsRz_7blPL6GxEA,2014-09,2014,40.71837328569031,-73.99589813814966,40.7184164,-73.9961292,283.83,51.18,2014,2014
1002380023,91 ELIZABETH STREET,fANhKyEI1EL6ZHX0Uq4tsg,2019-06,2019,40.71836353287594,-73.99590755330304,40.7184164,-73.9961292,287.47,51.18,2018,2019
1002380023,91 ELIZABETH STREET,vUISgA7puPZAvss3yeQL7w,2022-07,2022,40.71831028259826,-73.9959245902461,40.7184164,-73.9961292,304.38,51.18,2022,2022
1002380023,91 ELIZABETH STREET,ib0Y1lIcDlv3UkrAjTnGZw,2024-09,2024,40.71834095372258,-73.99591481642106,40.7184164,-73.9961292,294.91,51.18,2026,2024
1002380027,83 ELIZABETH STREET,aCI1hx6ALGT1GSjwKWi37g,2009-09,2009,40.71805144286889,-73.99606151341247,40.71817479999999,-73.9962555,310.0,52.58,2007,2009
1002380027,83 ELIZABETH STREET,XrUgy7kplKAJG_Ayb7ydeQ,2012-07,2012,40.71805200122193,-73.99605694034169,40.71817479999999,-73.9962555,309.21,52.58,2011,2012
1002380027,83 ELIZABETH STREET,iWG0Mu_uIeKhTzBUxTPA5Q,2014-09,2014,40.71808868430412,-73.99603317830551,40.71817479999999,-73.9962555,297.07,52.58,2014,2014
1002380027,83 ELIZABETH STREET,e6U5g0Q6fcOQTLGDqyknOA,2017-09,2017,40.71808651592908,-73.99604501448994,40.71817479999999,-73.9962555,298.96,52.58,2018,2017
1002380027,83 ELIZABETH STREET,cQsTpHiVL9_Zh5liiOR2Og,2022-07,2022,40.71809847302141,-73.99603039859542,40.71817479999999,-73.9962555,294.1,52.58,2022,2022
1002380027,83 ELIZABETH STREET,gtnsefBIAm5uikVR93AI_Q,2024-09,2024,40.71807872044462,-73.99604429714545,40.71817479999999,-73.9962555,300.97,52.58,2026,2024
1002380031,77 ELIZABETH STREET,JVeLrA1yNMmm_Rd-Nu2Ukg,2021-07,2021,40.71784476200854,-73.99619126304171,40.7179333,-73.996306,315.51,26.77,2007,2021
1002380031,77 ELIZABETH STREET,JVeLrA1yNMmm_Rd-Nu2Ukg,2021-07,2021,40.71784476200854,-73.99619126304171,40.7179333,-73.996306,315.51,26.77,2011,2021
1002380031,77 ELIZABETH STREET,JVeLrA1yNMmm_Rd-Nu2Ukg,2021-07,2021,40.71784476200854,-73.99619126304171,40.7179333,-73.996306,315.51,26.77,2014,2021
1002380031,77 ELIZABETH STREET,JVeLrA1yNMmm_Rd-Nu2Ukg,2021-07,2021,40.71784476200854,-73.99619126304171,40.7179333,-73.996306,315.51,26.77,2018,2021
1002380031,77 ELIZABETH STREET,JVeLrA1yNMmm_Rd-Nu2Ukg,2021-07,2021,40.71784476200854,-73.99619126304171,40.7179333,-73.996306,315.51,26.77,2022,2021
1002380031,77 ELIZABETH STREET,JVeLrA1yNMmm_Rd-Nu2Ukg,2021-07,2021,40.71784476200854,-73.99619126304171,40.7179333,-73.996306,315.51,26.77,2026,2021
1002380032,75 ELIZABETH STREET,JVeLrA1yNMmm_Rd-Nu2Ukg,2021-07,2021,40.71784476200854,-73.99619126304171,40.717881100000014,-73.9963385,288.04,26.58,2007,2021
1002380032,75 ELIZABETH STREET,JVeLrA1yNMmm_Rd-Nu2Ukg,2021-07,2021,40.71784476200854,-73.99619126304171,40.717881100000014,-73.9963385,288.04,26.58,2011,2021
1002380032,75 ELIZABETH STREET,JVeLrA1yNMmm_Rd-Nu2Ukg,2021-07,2021,40.71784476200854,-73.99619126304171,40.717881100000014,-73.9963385,288.04,26.58,2014,2021
1002380032,75 ELIZABETH STREET,JVeLrA1yNMmm_Rd-Nu2Ukg,2021-07,2021,40.71784476200854,-73.99619126304171,40.717881100000014,-73.9963385,288.04,26.58,2018,2021
1002380032,75 ELIZABETH STREET,JVeLrA1yNMmm_Rd-Nu2Ukg,2021-07,2021,40.71784476200854,-73.99619126304171,40.717881100000014,-73.9963385,288.04,26.58,2022,2021
1002380032,75 ELIZABETH STREET,JVeLrA1yNMmm_Rd-Nu2Ukg,2021-07,2021,40.71784476200854,-73.99619126304171,40.717881100000014,-73.9963385,288.04,26.58,2026,2021
1002380033,161 HESTER STREET,oIB9xwmV42U5T6ztkIItiA,2021-07,2021,40.71772444862223,-73.99626730148438,40.7177659,-73.9963637,299.57,14.54,2007,2021
1002380033,161 HESTER STREET,oIB9xwmV42U5T6ztkIItiA,2021-07,2021,40.71772444862223,-73.99626730148438,40.7177659,-73.9963637,299.57,14.54,2011,2021
1002380033,161 HESTER STREET,oIB9xwmV42U5T6ztkIItiA,2021-07,2021,40.71772444862223,-73.99626730148438,40.7177659,-73.9963637,299.57,14.54,2014,2021
1002380033,161 HESTER STREET,oIB9xwmV42U5T6ztkIItiA,2021-07,2021,40.71772444862223,-73.99626730148438,40.7177659,-73.9963637,299.57,14.54,2018,2021
1002380033,161 HESTER STREET,oIB9xwmV42U5T6ztkIItiA,2021-07,2021,40.71772444862223,-73.99626730148438,40.7177659,-73.9963637,299.57,14.54,2022,2021
1002380033,161 HESTER STREET,oIB9xwmV42U5T6ztkIItiA,2021-07,2021,40.71772444862223,-73.99626730148438,40.7177659,-73.9963637,299.57,14.54,2026,2021
1002380034,163 HESTER STREET,12F0xSglAfx-_C8ggdjKXw,2010-06,2010,40.71775546975241,-73.99649084357095,40.7177933,-73.9964467,41.49,30.4,2007,2010
1002380034,163 HESTER STREET,12F0xSglAfx-_C8ggdjKXw,2010-06,2010,40.71775546975241,-73.99649084357095,40.7177933,-73.9964467,41.49,30.4,2011,2010
1002380034,163 HESTER STREET,12F0xSglAfx-_C8ggdjKXw,2010-06,2010,40.71775546975241,-73.99649084357095,40.7177933,-73.9964467,41.49,30.4,2014,2010
1002380034,163 HESTER STREET,12F0xSglAfx-_C8ggdjKXw,2010-06,2010,40.71775546975241,-73.99649084357095,40.7177933,-73.9964467,41.49,30.4,2018,2010
1002380034,163 HESTER STREET,12F0xSglAfx-_C8ggdjKXw,2010-06,2010,40.71775546975241,-73.99649084357095,40.7177933,-73.9964467,41.49,30.4,2022,2010
1002380034,163 HESTER STREET,12F0xSglAfx-_C8ggdjKXw,2010-06,2010,40.71775546975241,-73.99649084357095,40.7177933,-73.9964467,41.49,30.4,2026,2010
1002380035,165 HESTER STREET,12F0xSglAfx-_C8ggdjKXw,2010-06,2010,40.71775546975241,-73.99649084357095,40.7178729,-73.9964936,358.98,51.49,2007,2010
1002380035,165 HESTER STREET,12F0xSglAfx-_C8ggdjKXw,2010-06,2010,40.71775546975241,-73.99649084357095,40.7178729,-73.9964936,358.98,51.49,2011,2010
1002380035,165 HESTER STREET,12F0xSglAfx-_C8ggdjKXw,2010-06,2010,40.71775546975241,-73.99649084357095,40.7178729,-73.9964936,358.98,51.49,2014,2010
1002380035,165 HESTER STREET,12F0xSglAfx-_C8ggdjKXw,2010-06,2010,40.71775546975241,-73.99649084357095,40.7178729,-73.9964936,358.98,51.49,2018,2010
1002380035,165 HESTER STREET,12F0xSglAfx-_C8ggdjKXw,2010-06,2010,40.71775546975241,-73.99649084357095,40.7178729,-73.9964936,358.98,51.49,2022,2010
1002380035,165 HESTER STREET,12F0xSglAfx-_C8ggdjKXw,2010-06,2010,40.71775546975241,-73.99649084357095,40.7178729,-73.9964936,358.98,51.49,2026,2010
1002380036,167 HESTER STREET,i6mDpXOGO66I_qekwrI3VA,2009-04,2009,40.71771937894585,-73.99667251055396,40.717900400000005,-73.9965693,23.37,51.99,2007,2009
1002380036,167 HESTER STREET,pM4yKrwm-kr_dFoqJrHf1w,2011-06,2011,40.71774010594584,-73.99673303628742,40.717900400000005,-73.9965693,37.75,51.99,2011,2011
1002380036,167 HESTER STREET,PJpc9LuH2Hmi9IRb4HhfCQ,2014-09,2014,40.71772953372258,-73.9966941204847,40.717900400000005,-73.9965693,28.97,51.99,2014,2014
1002380036,167 HESTER STREET,i6hfZ0_3vUgqv1a6CriTfA,2018-07,2018,40.71771501112612,-73.99665341131853,40.717900400000005,-73.9965693,18.98,51.99,2018,2018
1002380036,167 HESTER STREET,jl2Ie-rPyBhPJqxll52seQ,2022-07,2022,40.71772999923431,-73.9967021905827,40.717900400000005,-73.9965693,30.59,51.99,2022,2022
1002380036,167 HESTER STREET,aXX8J_ngXyQthKZ5QpMY3w,2024-05,2024,40.7176911426269,-73.99675850192367,40.717900400000005,-73.9965693,34.42,51.99,2026,2024
1002380037,169 HESTER STREET,e6DaiUt9yak1bJHjEYd34A,2009-04,2009,40.71775788146179,-73.99677966350612,40.717930599999974,-73.9966523,29.2,52.57,2007,2009
1002380037,169 HESTER STREET,I9b2aSCYFywHk2Ey9BJZig,2011-07,2011,40.71776686511148,-73.996807908835,40.717930599999974,-73.9966523,35.77,52.57,2011,2011
1002380037,169 HESTER STREET,PvdrXOCoRRL_0I41JBKG9Q,2014-09,2014,40.71776121566439,-73.99678136719274,40.717930599999974,-73.9966523,30.01,52.57,2014,2014
1002380037,169 HESTER STREET,gFzH1TNlD4Vm_VHFjLHSDA,2018-07,2018,40.71777811315479,-73.99682924974739,40.717930599999974,-73.9966523,41.33,52.57,2018,2018
1002380037,169 HESTER STREET,bCvi7FbAAJhJ-59dtmTciA,2022-07,2022,40.71776718967508,-73.99680647415173,40.717930599999974,-73.9966523,35.57,52.57,2022,2022
1002380037,169 HESTER STREET,2KB8jDk24fFGOS2N2iYRMA,2024-05,2024,40.71771632337821,-73.99682117965476,40.717930599999974,-73.9966523,30.85,52.57,2026,2024
1002380038,171 HESTER STREET,e6DaiUt9yak1bJHjEYd34A,2009-04,2009,40.71775788146179,-73.99677966350612,40.7179608,-73.9967317,10.16,53.55,2007,2009
1002380038,171 HESTER STREET,I9b2aSCYFywHk2Ey9BJZig,2011-07,2011,40.71776686511148,-73.996807908835,40.7179608,-73.9967317,16.59,53.55,2011,2011
1002380038,171 HESTER STREET,PvdrXOCoRRL_0I41JBKG9Q,2014-09,2014,40.71776121566439,-73.99678136719274,40.7179608,-73.9967317,10.68,53.55,2014,2014
1002380038,171 HESTER STREET,gFzH1TNlD4Vm_VHFjLHSDA,2018-07,2018,40.71777811315479,-73.99682924974739,40.7179608,-73.9967317,22.03,53.55,2018,2018
1002380038,171 HESTER STREET,bCvi7FbAAJhJ-59dtmTciA,2022-07,2022,40.71776718967508,-73.99680647415173,40.7179608,-73.9967317,16.32,53.55,2022,2022
1002380038,171 HESTER STREET,2KB8jDk24fFGOS2N2iYRMA,2024-05,2024,40.71771632337821,-73.99682117965476,40.7179608,-73.9967317,15.5,53.55,2026,2024
1002380040,173 HESTER STREET,zrrZAErlnc8ogqOAK82wTg,2010-09,2010,40.71802163377424,-73.99688215367964,40.717999200000015,-73.9968543,136.74,27.17,2007,2010
1002380040,173 HESTER STREET,zrrZAErlnc8ogqOAK82wTg,2010-09,2010,40.71802163377424,-73.99688215367964,40.717999200000015,-73.9968543,136.74,27.17,2011,2010
1002380040,173 HESTER STREET,zrrZAErlnc8ogqOAK82wTg,2010-09,2010,40.71802163377424,-73.99688215367964,40.717999200000015,-73.9968543,136.74,27.17,2014,2010
1002380040,173 HESTER STREET,zrrZAErlnc8ogqOAK82wTg,2010-09,2010,40.71802163377424,-73.99688215367964,40.717999200000015,-73.9968543,136.74,27.17,2018,2010
1002380040,173 HESTER STREET,zrrZAErlnc8ogqOAK82wTg,2010-09,2010,40.71802163377424,-73.99688215367964,40.717999200000015,-73.9968543,136.74,27.17,2022,2010
1002380040,173 HESTER STREET,zrrZAErlnc8ogqOAK82wTg,2010-09,2010,40.71802163377424,-73.99688215367964,40.717999200000015,-73.9968543,136.74,27.17,2026,2010
1002387501,128 MOTT STREET,BiV2xuCnxRl9IKvDhRy4AQ,2009-06,2009,40.71855249425023,-73.99671241270633,40.718476800000005,-73.99647550000002,112.86,52.45,2007,2009
1002387501,128 MOTT STREET,8KLNDhGCGaYn7UnRzIlFaQ,2011-06,2011,40.71855017127147,-73.99671411639355,40.718476800000005,-73.99647550000002,112.08,52.45,2011,2011
1002387501,128 MOTT STREET,ULgTMS-E2p9p2B7i-T_ahQ,2014-10,2014,40.71856747823382,-73.99671169536433,40.718476800000005,-73.99647550000002,116.86,52.45,2014,2014
1002387501,128 MOTT STREET,QWNsJq8yIQRWxWN30loI2Q,2019-06,2019,40.7185591242764,-73.99673895435814,40.718476800000005,-73.99647550000002,112.41,52.45,2018,2019
1002387501,128 MOTT STREET,_KnBhkvItFXKSRmtwyASow,2022-07,2022,40.71856718170139,-73.99671492340327,40.718476800000005,-73.99647550000002,116.48,52.45,2022,2022
1002387501,128 MOTT STREET,saWtmSu4GqXSWV9l0abimA,2024-09,2024,40.71858019355206,-73.99671519240651,40.718476800000005,-73.99647550000002,119.65,52.45,2026,2024
1002387502,217 GRAND STREET,UPnshAGysU9m4wB4coF6wA,2009-04,2009,40.71887951105636,-73.99592225887505,40.718679900000005,-73.9960607,207.73,51.2,2007,2009
1002387502,217 GRAND STREET,UPnshAGysU9m4wB4coF6wA,2009-04,2009,40.71887951105636,-73.99592225887505,40.718679900000005,-73.9960607,207.73,51.2,2011,2009
1002387502,217 GRAND STREET,oV4RiGtf25PuPIaKR3MbOQ,2014-08,2014,40.71887935735138,-73.9959360677648,40.718679900000005,-73.9960607,205.34,51.2,2014,2014
1002387502,217 GRAND STREET,K5KX1Ay5lDlm5F6ljcwTxg,2018-07,2018,40.71887048569179,-73.99591499575732,40.718679900000005,-73.9960607,210.09,51.2,2018,2018
1002387502,217 GRAND STREET,hExdbNl7QhZXb5H8JnKUrQ,2022-07,2022,40.71887670781962,-73.9959301496693,40.718679900000005,-73.9960607,206.69,51.2,2022,2022
1002387502,217 GRAND STREET,yaEhDdHEqOKnRH_Xz0clWw,2024-09,2024,40.71886504903939,-73.99589580677826,40.718679900000005,-73.9960607,214.02,51.2,2026,2024
1002387503,87 ELIZABETH STREET,gfbftZoJ8lVxXN2pAVlLrQ,2009-09,2009,40.71826073290369,-73.99595229769238,40.71830110000001,-73.9961833,282.98,52.1,2007,2009
1002387503,87 ELIZABETH STREET,ccc6DU0-u_NVrY3B_naHoQ,2012-07,2012,40.71824977203839,-73.99595319437343,40.71830110000001,-73.9961833,286.4,52.1,2011,2012
1002387503,87 ELIZABETH STREET,FV0lDWilcdX4Mrq183IieA,2014-09,2014,40.71825936824712,-73.99594799362332,40.71830110000001,-73.9961833,283.17,52.1,2014,2014
1002387503,87 ELIZABETH STREET,h_AD1_X1RWH4reuxVbkHpA,2019-06,2019,40.7182798686745,-73.99594575192064,40.71830110000001,-73.9961833,276.73,52.1,2018,2019
1002387503,87 ELIZABETH STREET,fwnERy964EHzpdD5KHT4sQ,2022-07,2022,40.71822591834768,-73.99596529956709,40.71830110000001,-73.9961833,294.47,52.1,2022,2022
1002387503,87 ELIZABETH STREET,3Jo8NMYRAwlfyy7DpI-CXg,2024-09,2024,40.71825158926734,-73.99595749844237,40.71830110000001,-73.9961833,286.14,52.1,2026,2024
1002390008,84 ELIZABETH STREET,rOFmRxyCI85roymU7A-vFQ,2009-09,2009,40.71815982795801,-73.99600296016469,40.718045800000006,-73.9957829,124.36,51.02,2007,2009
1002390008,84 ELIZABETH STREET,kReag3e5tNZ1Z6O6AdbgPg,2012-07,2012,40.71812789292042,-73.99600860925369,40.718045800000006,-73.9957829,115.64,51.02,2011,2012
1002390008,84 ELIZABETH STREET,G7jv6Ua7_6teBGyodYSURw,2014-09,2014,40.71813469337222,-73.9960081609133,40.718045800000006,-73.9957829,117.5,51.02,2014,2014
1002390008,84 ELIZABETH STREET,R3Xja6_6VYDvL9Yr6My_tg,2019-06,2019,40.71819582804004,-73.99598448853916,40.718045800000006,-73.9957829,134.48,51.02,2018,2019
1002390008,84 ELIZABETH STREET,AX97BvbNM2Bank5fzPax4g,2022-07,2022,40.71814097853684,-73.996007802241,40.718045800000006,-73.9957829,119.18,51.02,2022,2022
1002390008,84 ELIZABETH STREET,9WkuZINTup3Z2VZVmWTOww,2024-09,2024,40.71816343322735,-73.99600125647115,40.718045800000006,-73.9957829,125.4,51.02,2026,2024
1002390009,86 ELIZABETH STREET,rOFmRxyCI85roymU7A-vFQ,2009-09,2009,40.71815982795801,-73.99600296016469,40.71810620000001,-73.9957468,105.44,51.69,2007,2009
1002390009,86 ELIZABETH STREET,kReag3e5tNZ1Z6O6AdbgPg,2012-07,2012,40.71812789292042,-73.99600860925369,40.71810620000001,-73.9957468,96.24,51.69,2011,2012
1002390009,86 ELIZABETH STREET,G7jv6Ua7_6teBGyodYSURw,2014-09,2014,40.71813469337222,-73.9960081609133,40.71810620000001,-73.9957468,98.19,51.69,2014,2014
1002390009,86 ELIZABETH STREET,R3Xja6_6VYDvL9Yr6My_tg,2019-06,2019,40.71819582804004,-73.99598448853916,40.71810620000001,-73.9957468,116.45,51.69,2018,2019
1002390009,86 ELIZABETH STREET,AX97BvbNM2Bank5fzPax4g,2022-07,2022,40.71814097853684,-73.996007802241,40.71810620000001,-73.9957468,99.97,51.69,2022,2022
1002390009,86 ELIZABETH STREET,9WkuZINTup3Z2VZVmWTOww,2024-09,2024,40.71816343322735,-73.99600125647115,40.71810620000001,-73.9957468,106.53,51.69,2026,2024
1002390010,88 ELIZABETH STREET,gfbftZoJ8lVxXN2pAVlLrQ,2009-09,2009,40.71826073290369,-73.99595229769238,40.71817209999999,-73.9957144,116.18,52.0,2007,2009
1002390010,88 ELIZABETH STREET,ccc6DU0-u_NVrY3B_naHoQ,2012-07,2012,40.71824977203839,-73.99595319437343,40.71817209999999,-73.9957144,113.23,52.0,2011,2012
1002390010,88 ELIZABETH STREET,FV0lDWilcdX4Mrq183IieA,2014-09,2014,40.71825936824712,-73.99594799362332,40.71817209999999,-73.9957144,116.24,52.0,2014,2014
1002390010,88 ELIZABETH STREET,h_AD1_X1RWH4reuxVbkHpA,2019-06,2019,40.7182798686745,-73.99594575192064,40.71817209999999,-73.9957144,121.57,52.0,2018,2019
1002390010,88 ELIZABETH STREET,fwnERy964EHzpdD5KHT4sQ,2022-07,2022,40.71822591834768,-73.99596529956709,40.71817209999999,-73.9957144,105.8,52.0,2022,2022
1002390010,88 ELIZABETH STREET,3Jo8NMYRAwlfyy7DpI-CXg,2024-09,2024,40.71825158926734,-73.99595749844237,40.71817209999999,-73.9957144,113.34,52.0,2026,2024
1002390012,92 ELIZABETH STREET,aZeOLKwIIxbu2IgOi7FU4A,2009-09,2009,40.71841455634823,-73.9958817288812,40.718361500000015,-73.9956061,104.25,56.87,2007,2009
1002390012,92 ELIZABETH STREET,T8nhFV9diu5Yc1HxxUJEqw,2012-07,2012,40.71844232037066,-73.99587007202298,40.718361500000015,-73.9956061,112.0,56.87,2011,2012
1002390012,92 ELIZABETH STREET,nPDh2eZquF5Q6hCWwJcwtQ,2014-09,2014,40.71841701484875,-73.99587832149194,40.718361500000015,-73.9956061,105.06,56.87,2014,2014
1002390012,92 ELIZABETH STREET,4KCBM4kWtgwsKBBplz9Wsw,2019-06,2019,40.71844605451452,-73.99587034102741,40.718361500000015,-73.9956061,112.89,56.87,2018,2019
1002390012,92 ELIZABETH STREET,9jEZzN_i3-BsGpZ4VmyBMg,2022-07,2022,40.71843367382475,-73.99586388492102,40.718361500000015,-73.9956061,110.27,56.87,2022,2022
1002390012,92 ELIZABETH STREET,phGSCnsAWxpkPsaCzzDNAg,2024-09,2024,40.71842864759033,-73.99587312073982,40.718361500000015,-73.9956061,108.36,56.87,2026,2024
1002390014,223 GRAND STREET,28QHdN5H3sYZR_UkI832PA,2009-09,2009,40.71862836802989,-73.99577887949995,40.718583800000005,-73.995653,115.04,17.2,2007,2009
1002390014,223 GRAND STREET,qhg7uo_jgda0tGYW_pQhLw,2012-07,2012,40.71857049962973,-73.99580855966708,40.718583800000005,-73.995653,83.56,17.2,2011,2012
1002390014,223 GRAND STREET,8YyiG03PQiKpUpEThaYbwQ,2014-09,2014,40.71860232712498,-73.99579098470464,40.718583800000005,-73.995653,100.05,17.2,2014,2014
1002390014,223 GRAND STREET,L8KA_46x3vr5q0mMdKyLtg,2019-06,2019,40.71860110352923,-73.99579618545899,40.718583800000005,-73.995653,99.06,17.2,2018,2019
1002390014,223 GRAND STREET,48PRw_rYuURXM87qvAsI6A,2022-07,2022,40.71859634286005,-73.99579080536827,40.718583800000005,-73.995653,96.85,17.2,2022,2022
1002390014,223 GRAND STREET,XPlUOE67a5mOG2w-1l_kZA,2024-09,2024,40.71860086681792,-73.99578972935011,40.718583800000005,-73.995653,99.35,17.2,2026,2024
1002390015,223 GRAND STREET,0l7YiNsEzz6YEDkrOEaa5Q,2009-04,2009,40.71872352145729,-73.99548396061077,40.71853990000002,-73.995534,191.67,35.5,2007,2009
1002390015,223 GRAND STREET,wgut5-ElHPoxuDV1gmIc4g,2011-06,2011,40.71873646407108,-73.99547257273335,40.71853990000002,-73.995534,193.33,35.5,2011,2011
1002390015,223 GRAND STREET,x5A47L8ma21lJ33B_LuTGg,2014-09,2014,40.7187118351559,-73.99550261162116,40.71853990000002,-73.995534,187.88,35.5,2014,2014
1002390015,223 GRAND STREET,X1MEsKPNzPCDFGzL436JcQ,2018-07,2018,40.71870969269916,-73.99544495488608,40.71853990000002,-73.995534,201.68,35.5,2018,2018
1002390015,223 GRAND STREET,RB1lhDY1uBBp9QDTB_ZuXg,2022-07,2022,40.71870444252463,-73.99544782427299,40.71853990000002,-73.995534,201.65,35.5,2022,2022
1002390015,223 GRAND STREET,UZ7Fqa5lEqsV0QWip2zOYg,2026-04,2026,40.71871563479081,-73.99545015564982,40.71853990000002,-73.995534,199.88,35.5,2026,2026
1002390018,229 GRAND STREET,9OyYJT0DHOvpVffcywR64w,2009-04,2009,40.71868313276342,-73.99536936445907,40.71849590000001,-73.9954113,189.63,35.19,2007,2009
1002390018,229 GRAND STREET,YYgI7NNFIbCK5QLUSIks1g,2011-08,2011,40.71867109331241,-73.99531744646167,40.71849590000001,-73.9954113,202.1,35.19,2011,2011
1002390018,229 GRAND STREET,6QKPFLNxnPP3Nf21Tsdy3A,2014-06,2014,40.71863519219988,-73.99535788690645,40.71849590000001,-73.9954113,196.21,35.19,2014,2014
1002390018,229 GRAND STREET,noHHteYXvGv18uPEJevW4Q,2018-07,2018,40.71866298974416,-73.99530498255346,40.71849590000001,-73.9954113,205.75,35.19,2018,2018
1002390018,229 GRAND STREET,zPEujYZY6IORy5uyhF9VjQ,2022-07,2022,40.71865844072955,-73.99531385972557,40.71849590000001,-73.9954113,204.44,35.19,2022,2022
1002390018,229 GRAND STREET,5ilp02A_fdA5LFWa3KHNJA,2026-04,2026,40.71867862534592,-73.99534183626531,40.71849590000001,-73.9954113,196.07,35.19,2026,2026
1002390020,116 BOWERY,-wt_XCchjk-4xxW2Cr1F1g,2009-04,2009,40.71861191276141,-73.99515012515161,40.71838609999998,-73.9952021,189.9,46.06,2007,2009
1002390020,116 BOWERY,bazRg0mjZxyN7gcZI8kIyQ,2011-06,2011,40.71857984796786,-73.99509103361439,40.71838609999998,-73.9952021,203.48,46.06,2011,2011
1002390020,116 BOWERY,4CPXLw97h2DgVQ3_c0nzlQ,2014-09,2014,40.71859549909897,-73.99516841752059,40.71838609999998,-73.9952021,186.95,46.06,2014,2014
1002390020,116 BOWERY,XqUIVwaoBP7CV9SWUd-zKg,2018-07,2018,40.71860890798298,-73.99514223432521,40.71838609999998,-73.9952021,191.51,46.06,2018,2018
1002390020,116 BOWERY,q8rUaABIUJ1AgZYGl-TMdw,2022-07,2022,40.71858061010426,-73.99509587571372,40.71838609999998,-73.9952021,202.49,46.06,2022,2022
1002390020,116 BOWERY,Lm8Ikeece9fy8qXA_8VqHg,2026-04,2026,40.7186000843957,-73.99511990687157,40.71838609999998,-73.9952021,196.23,46.06,2026,2026
1002390024,114 BOWERY,GyGcra_0Zy9CK2sWAFuo5Q,2009-04,2009,40.71811950789687,-73.99504422664783,40.7182407,-73.995267,305.67,52.36,2007,2009
1002390024,114 BOWERY,YMqG5lRgXM-YQ7AbGgnr-Q,2013-08,2013,40.71811819594902,-73.995025934267,40.7182407,-73.995267,303.84,52.36,2011,2013
1002390024,114 BOWERY,SBYT30M9ibTRTcRvNVz55Q,2014-06,2014,40.71810680996863,-73.99499724033278,40.7182407,-73.995267,303.22,52.36,2014,2014
1002390024,114 BOWERY,0ym7D-Jg1T0G8xBCRmmhVg,2019-06,2019,40.71813420729088,-73.99499203955673,40.7182407,-73.995267,297.07,52.36,2018,2019
1002390024,114 BOWERY,MxwM9XdQm6fCIVJxS50HOw,2022-07,2022,40.71813011317918,-73.9950333767555,40.7182407,-73.995267,301.99,52.36,2022,2022
1002390024,114 BOWERY,rYOc-lRilrR1OCnnrKNPJw,2024-09,2024,40.71814651673514,-73.99503203172749,40.7182407,-73.995267,297.87,52.36,2026,2024
1002390025,112 BOWERY,GyGcra_0Zy9CK2sWAFuo5Q,2009-04,2009,40.71811950789687,-73.99504422664783,40.71817479999999,-73.9952959,286.17,52.25,2007,2009
1002390025,112 BOWERY,YMqG5lRgXM-YQ7AbGgnr-Q,2013-08,2013,40.71811819594902,-73.995025934267,40.71817479999999,-73.9952959,285.46,52.25,2011,2013
1002390025,112 BOWERY,SBYT30M9ibTRTcRvNVz55Q,2014-06,2014,40.71810680996863,-73.99499724033278,40.71817479999999,-73.9952959,286.72,52.25,2014,2014
1002390025,112 BOWERY,0ym7D-Jg1T0G8xBCRmmhVg,2019-06,2019,40.71813420729088,-73.99499203955673,40.71817479999999,-73.9952959,280.0,52.25,2018,2019
1002390025,112 BOWERY,MxwM9XdQm6fCIVJxS50HOw,2022-07,2022,40.71813011317918,-73.9950333767555,40.71817479999999,-73.9952959,282.66,52.25,2022,2022
1002390025,112 BOWERY,rYOc-lRilrR1OCnnrKNPJw,2024-09,2024,40.71814651673514,-73.99503203172749,40.71817479999999,-73.9952959,278.05,52.25,2026,2024
1002390026,110 BOWERY,TWsertdv6EcC-0aAqQpILA,2009-04,2009,40.71803409057103,-73.99508655018896,40.71810889999998,-73.9953248,292.5,52.15,2007,2009
1002390026,110 BOWERY,T9-lOkAB-5RnAVCMXhZc7g,2013-08,2013,40.71803765607374,-73.99506807847513,40.71810889999998,-73.9953248,290.11,52.15,2011,2013
1002390026,110 BOWERY,Kk9fWe40mk04kUW5Mf3kdA,2014-06,2014,40.71802335242671,-73.99504646836105,40.71810889999998,-73.9953248,292.07,52.15,2014,2014
1002390026,110 BOWERY,cRNRJWo3GafThBRAOT-xTA,2019-06,2019,40.71802198547942,-73.99504853073721,40.71810889999998,-73.9953248,292.54,52.15,2018,2019
1002390026,110 BOWERY,1UqvV7iMu8mAreEP-1NRcQ,2022-07,2022,40.71804552472299,-73.99507516228792,40.71810889999998,-73.9953248,288.52,52.15,2022,2022
1002390026,110 BOWERY,VygLN3AKw8uWZoVjOXXpcw,2024-09,2024,40.718061424866,-73.99507345858613,40.71810889999998,-73.9953248,283.99,52.15,2026,2024
1002390027,108 BOWERY,Ke3GfQr47Zo9wBJqKqb4ew,2009-04,2009,40.71795322250485,-73.99512797703584,40.7180348,-73.9953825,292.92,58.65,2007,2009
1002390027,108 BOWERY,i6LLJnzaDGU8LbI4NWe7fA,2013-08,2013,40.71795762210227,-73.99511219538094,40.7180348,-73.9953825,290.64,58.65,2011,2013
1002390027,108 BOWERY,ick7zBJhouhV0Vwi35A50g,2014-06,2014,40.7179376901986,-73.99509291665302,40.7180348,-73.9953825,293.87,58.65,2014,2014
1002390027,108 BOWERY,cDYkZqYVfOKivfqGWn3Hng,2019-06,2019,40.71794880332721,-73.9950851154928,40.7180348,-73.9953825,290.88,58.65,2018,2019
1002390027,108 BOWERY,C_WR9Fkw_XntJB0woI7ulQ,2022-07,2022,40.7179627692158,-73.99511551311531,40.7180348,-73.9953825,289.59,58.65,2022,2022
1002390027,108 BOWERY,B4yCq7lE3flzzYGGElZJNA,2024-09,2024,40.71797683714408,-73.9951157821208,40.7180348,-73.9953825,286.0,58.65,2026,2024
1002390029,104 BOWERY,dzYYZaPiDdswtQnzQ2WXig,2009-04,2009,40.7179207769168,-73.99514438636882,40.717938800000006,-73.995433,274.71,58.97,2007,2009
1002390029,104 BOWERY,B57vuOG-fGwyfjftF77zTg,2013-08,2013,40.71787353188221,-73.99515909199935,40.717938800000006,-73.995433,287.45,58.97,2011,2013
1002390029,104 BOWERY,51A8FOuOKC3uYWLvFpv-xw,2014-06,2014,40.71786843631346,-73.99513326747667,40.717938800000006,-73.995433,287.21,58.97,2014,2014
1002390029,104 BOWERY,ND-MROb7KfJtCxkT2b6FFA,2019-06,2019,40.71788658682519,-73.99511605112629,40.717938800000006,-73.995433,282.26,58.97,2018,2019
1002390029,104 BOWERY,_DMpy75957MpV53_QBSt7Q,2022-07,2022,40.71792126641493,-73.99513613686825,40.717938800000006,-73.995433,274.46,58.97,2022,2022
1002390029,104 BOWERY,cXt_CuMt_XojEhODsmjqUg,2024-09,2024,40.71789186200952,-73.9951596300102,40.717938800000006,-73.995433,282.76,58.97,2026,2024
1002390031,102 BOWERY,yFjPt9ziKEBkAUOurraY3g,2009-04,2009,40.71783468295173,-73.99518832392015,40.7178509,-73.9954438,274.79,47.78,2007,2009
1002390031,102 BOWERY,Z_one94qEczOcLWhWbRGLA,2013-08,2013,40.7177892397674,-73.99520562993249,40.7178509,-73.9954438,288.86,47.78,2011,2013
1002390031,102 BOWERY,xhZnaqiPl_k63CI0u7OWhg,2014-06,2014,40.7178225106416,-73.99516312708072,40.7178509,-73.9954438,277.6,47.78,2014,2014
1002390031,102 BOWERY,xMSrfncRnX_dM4W3mqAMkg,2019-06,2019,40.71780405820201,-73.99515693995593,40.7178509,-73.9954438,282.16,47.78,2018,2019
1002390031,102 BOWERY,EX2fHyNks0EqRmcd9RtywA,2022-07,2022,40.71779898946682,-73.99520204319431,40.7178509,-73.9954438,285.82,47.78,2022,2022
1002390031,102 BOWERY,NfYz9Qstg-DWZqVw49xDqg,2024-09,2024,40.71780796901918,-73.99520419523722,40.7178509,-73.9954438,283.3,47.78,2026,2024
1002390033,100 BOWERY,2s1mCkofvVyXD-TzA2neBw,2009-04,2009,40.71769702585598,-73.99523566886212,40.7177933,-73.9954979,295.85,52.2,2007,2009
1002390033,100 BOWERY,-05pfO4XNBFcvy1a5J0epw,2013-08,2013,40.71774845729542,-73.9952286747237,40.7177933,-73.9954979,282.39,52.2,2011,2013
1002390033,100 BOWERY,v0TFF-oJJEdoqg61e4YWWg,2014-06,2014,40.71772130397928,-73.9952371932256,40.7177933,-73.9954979,290.02,52.2,2014,2014
1002390033,100 BOWERY,1RGuM6-IA15b8x1xMRDYVQ,2017-11,2017,40.71770417108732,-73.99523073709788,40.7177933,-73.9954979,293.76,52.2,2018,2017
1002390033,100 BOWERY,y4znqWet15TII5yfv3DVTA,2022-07,2022,40.71771962292505,-73.99524714642206,40.7177933,-73.9954979,291.19,52.2,2022,2022
1002390033,100 BOWERY,7dRv855IoNh_ohUyGVZ3vw,2024-09,2024,40.71772546076414,-73.99525001581195,40.7177933,-73.9954979,289.85,52.2,2026,2024
1002390034,98 BOWERY,rvaEtVbwBfMXQd2EKTunAg,2009-04,2009,40.7176306711429,-73.99528104108724,40.717732900000016,-73.9955376,297.73,52.57,2007,2009
1002390034,98 BOWERY,0DQMoKjCsnR7QNjqlWtZew,2013-08,2013,40.71766823202118,-73.99527144656622,40.717732900000016,-73.9955376,287.77,52.57,2011,2013
1002390034,98 BOWERY,2oSfd5kTDvQn3EWEO5wMgg,2014-06,2014,40.71762911182168,-73.99530408586939,40.717732900000016,-73.9955376,300.39,52.57,2014,2014
1002390034,98 BOWERY,1im2YgTYYmMl-tnLMrfYaA,2019-06,2019,40.71765041923626,-73.99524104896844,40.717732900000016,-73.9955376,290.15,52.57,2018,2019
1002390034,98 BOWERY,XfT6rl5ecq73ytPCg0yaFQ,2022-07,2022,40.71764570822886,-73.99528973892363,40.717732900000016,-73.9955376,294.9,52.57,2022,2022
1002390034,98 BOWERY,TU7FKq16HXzf3mwrkqbOiA,2024-09,2024,40.71764522044772,-73.9952990644385,40.717732900000016,-73.9955376,295.87,52.57,2026,2024
1002390035,96 BOWERY,eR3y7JETVdnKT9cXx5QeLw,2009-04,2009,40.7175512741919,-73.9953775242812,40.7176698,-73.9955773,308.05,52.52,2007,2009
1002390035,96 BOWERY,vD-qM6WumetGrWpOP6mh2w,2013-08,2013,40.71755210836962,-73.99534138792335,40.7176698,-73.9955773,303.35,52.52,2011,2013
1002390035,96 BOWERY,dovpDKR2U2pdKJ-8TbUtGQ,2014-06,2014,40.71754150813386,-73.9953554658601,40.7176698,-73.9955773,307.34,52.52,2014,2014
1002390035,96 BOWERY,el50mo8QYh3F_1KBe7hQDA,2019-06,2019,40.71756725064859,-73.99529072527619,40.7176698,-73.9955773,295.27,52.52,2018,2019
1002390035,96 BOWERY,EbM0wRbAdcXbYMlb8_pFzA,2022-07,2022,40.71757340024261,-73.99533089672141,40.7176698,-73.9955773,297.3,52.52,2022,2022
1002390035,96 BOWERY,skoAcs-gwnCa-CZplfVLkg,2024-09,2024,40.71756616488767,-73.995350085757,40.7176698,-73.9955773,301.04,52.52,2026,2024
1002390036,94 BOWERY,dS9RoXCBYJrWblW1HhBgCw,2009-04,2009,40.71746804294477,-73.99543527070492,40.71760660000001,-73.995617,315.17,52.46,2007,2009
1002390036,94 BOWERY,2_13PFSV0a3-VjtGlRSA2g,2013-08,2013,40.71748130218135,-73.99538622211321,40.71760660000001,-73.995617,305.62,52.46,2011,2013
1002390036,94 BOWERY,GxBaCq6XDFvgvYwb800DDA,2014-06,2014,40.71747435547766,-73.99539734099068,40.71760660000001,-73.995617,308.46,52.46,2014,2014
1002390036,94 BOWERY,N3A_hZyraRsxRoPspBN7eg,2019-06,2019,40.71748555841889,-73.99534389863827,40.71760660000001,-73.995617,300.32,52.46,2018,2019
1002390036,94 BOWERY,jUac85FHrnT-oc7B3ymuDg,2022-07,2022,40.7174903560188,-73.9953798556589,40.71760660000001,-73.995617,302.89,52.46,2022,2022
1002390036,94 BOWERY,efqGVf8TpFKfs7SbFlgeOQ,2024-09,2024,40.71748854406812,-73.99540218308228,40.71760660000001,-73.995617,305.95,52.46,2026,2024
1002390038,90 BOWERY,lX9qU_3FbWCPu3iBGQTjRQ,2009-04,2009,40.71741346855765,-73.99580093787235,40.7175106,-73.9956747,44.57,25.83,2007,2009
1002390038,90 BOWERY,Y90dbPQSbroyefMsJXM_Fw,2011-06,2011,40.71741576179841,-73.99579636479535,40.7175106,-73.9956747,44.2,25.83,2011,2011
1002390038,90 BOWERY,4zxzd8Q7d5KwvY4SFEpGCg,2014-09,2014,40.7173978967885,-73.99574910966004,40.7175106,-73.9956747,26.58,25.83,2014,2014
1002390038,90 BOWERY,-0ULOOpa6JPa_IgJAx2vMA,2018-07,2018,40.71740455079596,-73.99577475476339,40.7175106,-73.9956747,35.57,25.83,2018,2018
1002390038,90 BOWERY,z_6skWLEqtgmvP2RmziRkQ,2022-07,2022,40.71741078747927,-73.9957910743728,40.7175106,-73.9956747,41.47,25.83,2022,2022
1002390038,90 BOWERY,ZscGvd8fzraydur9O24MTw,2024-09,2024,40.7174096719307,-73.99576193221213,40.7175106,-73.9956747,33.23,25.83,2026,2024
1002397501,80 ELIZABETH STREET,JVeLrA1yNMmm_Rd-Nu2Ukg,2021-07,2021,40.71784476200854,-73.99619126304171,40.71778780000001,-73.9959164,105.29,56.19,2007,2021
1002397501,80 ELIZABETH STREET,JVeLrA1yNMmm_Rd-Nu2Ukg,2021-07,2021,40.71784476200854,-73.99619126304171,40.71778780000001,-73.9959164,105.29,56.19,2011,2021
1002397501,80 ELIZABETH STREET,JVeLrA1yNMmm_Rd-Nu2Ukg,2021-07,2021,40.71784476200854,-73.99619126304171,40.71778780000001,-73.9959164,105.29,56.19,2014,2021
1002397501,80 ELIZABETH STREET,JVeLrA1yNMmm_Rd-Nu2Ukg,2021-07,2021,40.71784476200854,-73.99619126304171,40.71778780000001,-73.9959164,105.29,56.19,2018,2021
1002397501,80 ELIZABETH STREET,JVeLrA1yNMmm_Rd-Nu2Ukg,2021-07,2021,40.71784476200854,-73.99619126304171,40.71778780000001,-73.9959164,105.29,56.19,2022,2021
1002397501,80 ELIZABETH STREET,JVeLrA1yNMmm_Rd-Nu2Ukg,2021-07,2021,40.71784476200854,-73.99619126304171,40.71778780000001,-73.9959164,105.29,56.19,2026,2021
1002750019,24 MARKET STREET,q2Gh4_fh15pRke0l5V68ww,2014-07,2014,40.71299811944233,-73.99415749251165,40.71292680000001,-73.9942213,214.14,20.81,2007,2014
1002750019,24 MARKET STREET,q2Gh4_fh15pRke0l5V68ww,2014-07,2014,40.71299811944233,-73.99415749251165,40.71292680000001,-73.9942213,214.14,20.81,2011,2014
1002750019,24 MARKET STREET,q2Gh4_fh15pRke0l5V68ww,2014-07,2014,40.71299811944233,-73.99415749251165,40.71292680000001,-73.9942213,214.14,20.81,2014,2014
1002750019,24 MARKET STREET,q2Gh4_fh15pRke0l5V68ww,2014-07,2014,40.71299811944233,-73.99415749251165,40.71292680000001,-73.9942213,214.14,20.81,2018,2014
1002750019,24 MARKET STREET,q2Gh4_fh15pRke0l5V68ww,2014-07,2014,40.71299811944233,-73.99415749251165,40.71292680000001,-73.9942213,214.14,20.81,2022,2014
1002750019,24 MARKET STREET,q2Gh4_fh15pRke0l5V68ww,2014-07,2014,40.71299811944233,-73.99415749251165,40.71292680000001,-73.9942213,214.14,20.81,2026,2014
1002750020,26 MARKET STREET,q2Gh4_fh15pRke0l5V68ww,2014-07,2014,40.71299811944233,-73.99415749251165,40.71283619999999,-73.9941925,189.31,54.5,2007,2014
1002750020,26 MARKET STREET,q2Gh4_fh15pRke0l5V68ww,2014-07,2014,40.71299811944233,-73.99415749251165,40.71283619999999,-73.9941925,189.31,54.5,2011,2014
1002750020,26 MARKET STREET,q2Gh4_fh15pRke0l5V68ww,2014-07,2014,40.71299811944233,-73.99415749251165,40.71283619999999,-73.9941925,189.31,54.5,2014,2014
1002750020,26 MARKET STREET,q2Gh4_fh15pRke0l5V68ww,2014-07,2014,40.71299811944233,-73.99415749251165,40.71283619999999,-73.9941925,189.31,54.5,2018,2014
1002750020,26 MARKET STREET,q2Gh4_fh15pRke0l5V68ww,2014-07,2014,40.71299811944233,-73.99415749251165,40.71283619999999,-73.9941925,189.31,54.5,2022,2014
1002750020,26 MARKET STREET,q2Gh4_fh15pRke0l5V68ww,2014-07,2014,40.71299811944233,-73.99415749251165,40.71283619999999,-73.9941925,189.31,54.5,2026,2014
1002790015,59 ST JAMES PLACE,Xbvlle_qZBWTeBiOMSWYUA,2024-08,2024,40.71292641686501,-73.99840551165924,40.71291590000001,-73.9982433,94.89,33.41,2007,2024
1002790015,59 ST JAMES PLACE,Xbvlle_qZBWTeBiOMSWYUA,2024-08,2024,40.71292641686501,-73.99840551165924,40.71291590000001,-73.9982433,94.89,33.41,2011,2024
1002790015,59 ST JAMES PLACE,Xbvlle_qZBWTeBiOMSWYUA,2024-08,2024,40.71292641686501,-73.99840551165924,40.71291590000001,-73.9982433,94.89,33.41,2014,2024
1002790015,59 ST JAMES PLACE,Xbvlle_qZBWTeBiOMSWYUA,2024-08,2024,40.71292641686501,-73.99840551165924,40.71291590000001,-73.9982433,94.89,33.41,2018,2024
1002790015,59 ST JAMES PLACE,Xbvlle_qZBWTeBiOMSWYUA,2024-08,2024,40.71292641686501,-73.99840551165924,40.71291590000001,-73.9982433,94.89,33.41,2022,2024
1002790015,59 ST JAMES PLACE,Xbvlle_qZBWTeBiOMSWYUA,2024-08,2024,40.71292641686501,-73.99840551165924,40.71291590000001,-73.9982433,94.89,33.41,2026,2024
1002790053,24 CATHERINE STREET,6RLKjSA6jZBv41bkdbhp9Q,2012-07,2012,40.71278510840302,-73.99734134126435,40.71288570000001,-73.997392,339.11,12.51,2007,2012
1002790053,24 CATHERINE STREET,6RLKjSA6jZBv41bkdbhp9Q,2012-07,2012,40.71278510840302,-73.99734134126435,40.71288570000001,-73.997392,339.11,12.51,2011,2012
1002790053,24 CATHERINE STREET,Hk4yQBjy82Urt6pksHvvig,2014-09,2014,40.71277525683271,-73.99735272903072,40.71288570000001,-73.997392,344.92,12.51,2014,2014
1002790053,24 CATHERINE STREET,NkfMiEmHYgf_xcgXrN9c1Q,2018-07,2018,40.71280160272011,-73.99735658473101,40.71288570000001,-73.997392,342.3,12.51,2018,2018
1002790053,24 CATHERINE STREET,twMQF26a30_Z-dPdG3E2Wg,2022-07,2022,40.71279305191463,-73.99730798496836,40.71288570000001,-73.997392,325.5,12.51,2022,2022
1002790053,24 CATHERINE STREET,aB0S0wOG4Ffj9WcDgKMH6Q,2026-04,2026,40.71278557037247,-73.99734725931624,40.71288570000001,-73.997392,341.29,12.51,2026,2026
1002790054,22 1/2 CATHERINE STREET,6RLKjSA6jZBv41bkdbhp9Q,2012-07,2012,40.71278510840302,-73.99734134126435,40.7129516,-73.9973523,357.14,34.97,2007,2012
1002790054,22 1/2 CATHERINE STREET,6RLKjSA6jZBv41bkdbhp9Q,2012-07,2012,40.71278510840302,-73.99734134126435,40.7129516,-73.9973523,357.14,34.97,2011,2012
1002790054,22 1/2 CATHERINE STREET,Hk4yQBjy82Urt6pksHvvig,2014-09,2014,40.71277525683271,-73.99735272903072,40.7129516,-73.9973523,0.11,34.97,2014,2014
1002790054,22 1/2 CATHERINE STREET,NkfMiEmHYgf_xcgXrN9c1Q,2018-07,2018,40.71280160272011,-73.99735658473101,40.7129516,-73.9973523,1.24,34.97,2018,2018
1002790054,22 1/2 CATHERINE STREET,twMQF26a30_Z-dPdG3E2Wg,2022-07,2022,40.71279305191463,-73.99730798496836,40.7129516,-73.9973523,348.04,34.97,2022,2022
1002790054,22 1/2 CATHERINE STREET,aB0S0wOG4Ffj9WcDgKMH6Q,2026-04,2026,40.71278557037247,-73.99734725931624,40.7129516,-73.9973523,358.68,34.97,2026,2026
1002790055,22 CATHERINE STREET,Yd16sRizyCoa-EIztYRv8Q,2012-07,2012,40.71303962860048,-73.99720567435764,40.71302290000002,-73.997374,262.53,35.5,2007,2012
1002790055,22 CATHERINE STREET,Yd16sRizyCoa-EIztYRv8Q,2012-07,2012,40.71303962860048,-73.99720567435764,40.71302290000002,-73.997374,262.53,35.5,2011,2012
1002790055,22 CATHERINE STREET,adZwh8IQkyEvb9Eo0KUXSw,2014-09,2014,40.71302201215189,-73.99719634893555,40.71302290000002,-73.997374,270.38,35.5,2014,2014
1002790055,22 CATHERINE STREET,J8qt7Vb4BLCJab8OzjFrTQ,2017-09,2017,40.71306931896803,-73.99720970939592,40.71302290000002,-73.997374,249.56,35.5,2018,2017
1002790055,22 CATHERINE STREET,3AyEyKCD3xZSH5MbZcbn4w,2022-07,2022,40.71303748330578,-73.99720065297656,40.71302290000002,-73.997374,263.67,35.5,2022,2022
1002790055,22 CATHERINE STREET,eVND8G2BH6eMYzoqklAIIg,2026-04,2026,40.71304157715937,-73.99719760428084,40.71302290000002,-73.997374,262.05,35.5,2026,2026
1002790061,9 EAST BROADWAY,8pUI-dkVb7u0QKPeL2Usqw,2012-08,2012,40.71346769872655,-73.99755448068517,40.71323430000001,-73.9975435,177.96,44.55,2007,2012
1002790061,9 EAST BROADWAY,8pUI-dkVb7u0QKPeL2Usqw,2012-08,2012,40.71346769872655,-73.99755448068517,40.71323430000001,-73.9975435,177.96,44.55,2011,2012
1002790061,9 EAST BROADWAY,0UfKD0_Gs4u1tkPH5XBmJQ,2014-09,2014,40.71347056785793,-73.99756407509189,40.71323430000001,-73.9975435,176.22,44.55,2014,2014
1002790061,9 EAST BROADWAY,EeAfyLbhBIZUq667bDLavg,2018-06,2018,40.71342964436802,-73.99751646172297,40.71323430000001,-73.9975435,185.99,44.55,2018,2018
1002790061,9 EAST BROADWAY,p4mTnyaT1oLyRXH4lu5OsQ,2022-07,2022,40.71347154082719,-73.99755125266036,40.71323430000001,-73.9975435,178.58,44.55,2022,2022
1002790061,9 EAST BROADWAY,VrlN1qGwyagvHOQRqVCU9g,2026-04,2026,40.71346512024192,-73.99752991182838,40.71323430000001,-73.9975435,182.55,44.55,2026,2026
1002790062,7 EAST BROADWAY,CIHM0ogKEICAgIC4076uAw,2014-11,2014,40.71334612889039,-73.99775793580511,40.713209599999985,-73.9976301,144.64,51.19,2007,2014
1002790062,7 EAST BROADWAY,CIHM0ogKEICAgIC4076uAw,2014-11,2014,40.71334612889039,-73.99775793580511,40.713209599999985,-73.9976301,144.64,51.19,2011,2014
1002790062,7 EAST BROADWAY,CIHM0ogKEICAgIC4076uAw,2014-11,2014,40.71334612889039,-73.99775793580511,40.713209599999985,-73.9976301,144.64,51.19,2014,2014
1002790062,7 EAST BROADWAY,6MNE-DUSeDRv8SpEf0tQaA,2021-04,2021,40.71336873242206,-73.99775668046348,40.713209599999985,-73.9976301,148.91,51.19,2018,2021
1002790062,7 EAST BROADWAY,6MNE-DUSeDRv8SpEf0tQaA,2021-04,2021,40.71336873242206,-73.99775668046348,40.713209599999985,-73.9976301,148.91,51.19,2022,2021
1002790062,7 EAST BROADWAY,6MNE-DUSeDRv8SpEf0tQaA,2021-04,2021,40.71336873242206,-73.99775668046348,40.713209599999985,-73.9976301,148.91,51.19,2026,2021
1002790063,5 EAST BROADWAY,CIHM0ogKEICAgIC4076uAw,2014-11,2014,40.71334612889039,-73.99775793580511,40.713215100000006,-73.9977239,168.86,46.72,2007,2014
1002790063,5 EAST BROADWAY,CIHM0ogKEICAgIC4076uAw,2014-11,2014,40.71334612889039,-73.99775793580511,40.713215100000006,-73.9977239,168.86,46.72,2011,2014
1002790063,5 EAST BROADWAY,CIHM0ogKEICAgIC4076uAw,2014-11,2014,40.71334612889039,-73.99775793580511,40.713215100000006,-73.9977239,168.86,46.72,2014,2014
1002790063,5 EAST BROADWAY,6MNE-DUSeDRv8SpEf0tQaA,2021-04,2021,40.71336873242206,-73.99775668046348,40.713215100000006,-73.9977239,170.81,46.72,2018,2021
1002790063,5 EAST BROADWAY,6MNE-DUSeDRv8SpEf0tQaA,2021-04,2021,40.71336873242206,-73.99775668046348,40.713215100000006,-73.9977239,170.81,46.72,2022,2021
1002790063,5 EAST BROADWAY,6MNE-DUSeDRv8SpEf0tQaA,2021-04,2021,40.71336873242206,-73.99775668046348,40.713215100000006,-73.9977239,170.81,46.72,2026,2021
1002790064,3 EAST BROADWAY,ELzObNM24SXwdD7E8C9QBQ,2021-04,2021,40.71334801156926,-73.99785952878325,40.713231600000015,-73.9978068,161.05,38.62,2007,2021
1002790064,3 EAST BROADWAY,ELzObNM24SXwdD7E8C9QBQ,2021-04,2021,40.71334801156926,-73.99785952878325,40.713231600000015,-73.9978068,161.05,38.62,2011,2021
1002790064,3 EAST BROADWAY,ELzObNM24SXwdD7E8C9QBQ,2021-04,2021,40.71334801156926,-73.99785952878325,40.713231600000015,-73.9978068,161.05,38.62,2014,2021
1002790064,3 EAST BROADWAY,ELzObNM24SXwdD7E8C9QBQ,2021-04,2021,40.71334801156926,-73.99785952878325,40.713231600000015,-73.9978068,161.05,38.62,2018,2021
1002790064,3 EAST BROADWAY,ELzObNM24SXwdD7E8C9QBQ,2021-04,2021,40.71334801156926,-73.99785952878325,40.713231600000015,-73.9978068,161.05,38.62,2022,2021
1002790064,3 EAST BROADWAY,ELzObNM24SXwdD7E8C9QBQ,2021-04,2021,40.71334801156926,-73.99785952878325,40.713231600000015,-73.9978068,161.05,38.62,2026,2021
1002790065,1 EAST BROADWAY,ELzObNM24SXwdD7E8C9QBQ,2021-04,2021,40.71334801156926,-73.99785952878325,40.71322609999997,-73.9978718,184.36,38.97,2007,2021
1002790065,1 EAST BROADWAY,ELzObNM24SXwdD7E8C9QBQ,2021-04,2021,40.71334801156926,-73.99785952878325,40.71322609999997,-73.9978718,184.36,38.97,2011,2021
1002790065,1 EAST BROADWAY,ELzObNM24SXwdD7E8C9QBQ,2021-04,2021,40.71334801156926,-73.99785952878325,40.71322609999997,-73.9978718,184.36,38.97,2014,2021
1002790065,1 EAST BROADWAY,ELzObNM24SXwdD7E8C9QBQ,2021-04,2021,40.71334801156926,-73.99785952878325,40.71322609999997,-73.9978718,184.36,38.97,2018,2021
1002790065,1 EAST BROADWAY,ELzObNM24SXwdD7E8C9QBQ,2021-04,2021,40.71334801156926,-73.99785952878325,40.71322609999997,-73.9978718,184.36,38.97,2022,2021
1002790065,1 EAST BROADWAY,ELzObNM24SXwdD7E8C9QBQ,2021-04,2021,40.71334801156926,-73.99785952878325,40.71322609999997,-73.9978718,184.36,38.97,2026,2021
1002790066,22 CHATHAM SQUARE,ohTDH7Zy5VDfavD2ypaLdQ,2021-04,2021,40.7132387764396,-73.99810423044858,40.71322059999999,-73.9979331,97.98,30.91,2007,2021
1002790066,22 CHATHAM SQUARE,ohTDH7Zy5VDfavD2ypaLdQ,2021-04,2021,40.7132387764396,-73.99810423044858,40.71322059999999,-73.9979331,97.98,30.91,2011,2021
1002790066,22 CHATHAM SQUARE,ohTDH7Zy5VDfavD2ypaLdQ,2021-04,2021,40.7132387764396,-73.99810423044858,40.71322059999999,-73.9979331,97.98,30.91,2014,2021
1002790066,22 CHATHAM SQUARE,ohTDH7Zy5VDfavD2ypaLdQ,2021-04,2021,40.7132387764396,-73.99810423044858,40.71322059999999,-73.9979331,97.98,30.91,2018,2021
1002790066,22 CHATHAM SQUARE,ohTDH7Zy5VDfavD2ypaLdQ,2021-04,2021,40.7132387764396,-73.99810423044858,40.71322059999999,-73.9979331,97.98,30.91,2022,2021
1002790066,22 CHATHAM SQUARE,OgTCt3RMr0_fs6u6cUFl-Q,2024-08,2024,40.71325175396596,-73.99808190334,40.71322059999999,-73.9979331,105.44,30.91,2026,2024
1002790067,23 CHATHAM SQUARE,ohTDH7Zy5VDfavD2ypaLdQ,2021-04,2021,40.7132387764396,-73.99810423044858,40.71320139999999,-73.9979908,113.5,13.85,2007,2021
1002790067,23 CHATHAM SQUARE,ohTDH7Zy5VDfavD2ypaLdQ,2021-04,2021,40.7132387764396,-73.99810423044858,40.71320139999999,-73.9979908,113.5,13.85,2011,2021
1002790067,23 CHATHAM SQUARE,ohTDH7Zy5VDfavD2ypaLdQ,2021-04,2021,40.7132387764396,-73.99810423044858,40.71320139999999,-73.9979908,113.5,13.85,2014,2021
1002790067,23 CHATHAM SQUARE,ohTDH7Zy5VDfavD2ypaLdQ,2021-04,2021,40.7132387764396,-73.99810423044858,40.71320139999999,-73.9979908,113.5,13.85,2018,2021
1002790067,23 CHATHAM SQUARE,ohTDH7Zy5VDfavD2ypaLdQ,2021-04,2021,40.7132387764396,-73.99810423044858,40.71320139999999,-73.9979908,113.5,13.85,2022,2021
1002790067,23 CHATHAM SQUARE,OgTCt3RMr0_fs6u6cUFl-Q,2024-08,2024,40.71325175396596,-73.99808190334,40.71320139999999,-73.9979908,126.1,13.85,2026,2024
1002790068,2 OLIVER STREET,O6SexPd4YBCrKirmdbcTIw,2014-09,2014,40.71310588899805,-73.99809965742655,40.713110799999995,-73.9978682,88.4,40.75,2007,2014
1002790068,2 OLIVER STREET,O6SexPd4YBCrKirmdbcTIw,2014-09,2014,40.71310588899805,-73.99809965742655,40.713110799999995,-73.9978682,88.4,40.75,2011,2014
1002790068,2 OLIVER STREET,O6SexPd4YBCrKirmdbcTIw,2014-09,2014,40.71310588899805,-73.99809965742655,40.713110799999995,-73.9978682,88.4,40.75,2014,2014
1002790068,2 OLIVER STREET,AhKRk28IBotYz4a3711duQ,2018-07,2018,40.71308950668453,-73.99809956775945,40.713110799999995,-73.9978682,83.08,40.75,2018,2018
1002790068,2 OLIVER STREET,4Kw_UA6VAlKUBsilVvKKfQ,2022-07,2022,40.71311317235762,-73.99811005880983,40.713110799999995,-73.9978682,90.74,40.75,2022,2022
1002790068,2 OLIVER STREET,1Ap5oV2f5Ha1rCVgFwaXHw,2026-04,2026,40.71308038147265,-73.99810118176724,40.713110799999995,-73.9978682,80.23,40.75,2026,2026
1002790069,12 OLIVER STREET,PwbUp7IBXKrIBVWbsaXJmg,2012-07,2012,40.71275101653924,-73.9977111294899,40.71296530000001,-73.9977239,357.41,52.7,2007,2012
1002790069,12 OLIVER STREET,PwbUp7IBXKrIBVWbsaXJmg,2012-07,2012,40.71275101653924,-73.9977111294899,40.71296530000001,-73.9977239,357.41,52.7,2011,2012
1002790069,12 OLIVER STREET,evyJsUjgwUIZAxtqVDeoIg,2014-09,2014,40.71274930521142,-73.99768629165133,40.71296530000001,-73.9977239,352.48,52.7,2014,2014
1002790069,12 OLIVER STREET,aimeEbT-xrpaaPrtreJlyA,2018-07,2018,40.7127666742339,-73.99771408851018,40.71296530000001,-73.9977239,357.86,52.7,2018,2018
1002790069,12 OLIVER STREET,pe9zWaodTCx06brcmSM5gg,2022-07,2022,40.71275558597065,-73.99774654806282,40.71296530000001,-73.9977239,4.68,52.7,2022,2022
1002790069,12 OLIVER STREET,w1JHaIxEBBI9APlHSoAeNw,2026-04,2026,40.71275854914317,-73.99770413544184,40.71296530000001,-73.9977239,355.86,52.7,2026,2026
1002790070,OLIVER STREET,O6SexPd4YBCrKirmdbcTIw,2014-09,2014,40.71310588899805,-73.99809965742655,40.7130724,-73.9979042,102.74,28.23,2007,2014
1002790070,OLIVER STREET,O6SexPd4YBCrKirmdbcTIw,2014-09,2014,40.71310588899805,-73.99809965742655,40.7130724,-73.9979042,102.74,28.23,2011,2014
1002790070,OLIVER STREET,O6SexPd4YBCrKirmdbcTIw,2014-09,2014,40.71310588899805,-73.99809965742655,40.7130724,-73.9979042,102.74,28.23,2014,2014
1002790070,OLIVER STREET,AhKRk28IBotYz4a3711duQ,2018-07,2018,40.71308950668453,-73.99809956775945,40.7130724,-73.9979042,96.59,28.23,2018,2018
1002790070,OLIVER STREET,4Kw_UA6VAlKUBsilVvKKfQ,2022-07,2022,40.71311317235762,-73.99811005880983,40.7130724,-73.9979042,104.64,28.23,2022,2022
1002790070,OLIVER STREET,1Ap5oV2f5Ha1rCVgFwaXHw,2026-04,2026,40.71308038147265,-73.99810118176724,40.7130724,-73.9979042,93.06,28.23,2026,2026
1002790072,OLIVER STREET,O6SexPd4YBCrKirmdbcTIw,2014-09,2014,40.71310588899805,-73.99809965742655,40.713088799999994,-73.9977816,94.05,62.73,2007,2014
1002790072,OLIVER STREET,O6SexPd4YBCrKirmdbcTIw,2014-09,2014,40.71310588899805,-73.99809965742655,40.713088799999994,-73.9977816,94.05,62.73,2011,2014
1002790072,OLIVER STREET,O6SexPd4YBCrKirmdbcTIw,2014-09,2014,40.71310588899805,-73.99809965742655,40.713088799999994,-73.9977816,94.05,62.73,2014,2014
1002790072,OLIVER STREET,AhKRk28IBotYz4a3711duQ,2018-07,2018,40.71308950668453,-73.99809956775945,40.713088799999994,-73.9977816,90.17,62.73,2018,2018
1002790072,OLIVER STREET,4Kw_UA6VAlKUBsilVvKKfQ,2022-07,2022,40.71311317235762,-73.99811005880983,40.713088799999994,-73.9977816,95.59,62.73,2022,2022
1002790072,OLIVER STREET,1Ap5oV2f5Ha1rCVgFwaXHw,2026-04,2026,40.71308038147265,-73.99810118176724,40.713088799999994,-73.9977816,88.01,62.73,2026,2026
1002797502,11 EAST BROADWAY,1M8EQzGlHaLf5tqD6HyGCA,2012-07,2012,40.71319980091324,-73.997243603714,40.71319309999999,-73.9973992,266.75,29.0,2007,2012
1002797502,11 EAST BROADWAY,1M8EQzGlHaLf5tqD6HyGCA,2012-07,2012,40.71319980091324,-73.997243603714,40.71319309999999,-73.9973992,266.75,29.0,2011,2012
1002797502,11 EAST BROADWAY,GesZVIB3ZhzPsIpNHPm4iw,2014-09,2014,40.71324226864801,-73.99724997010641,40.71319309999999,-73.9973992,246.51,29.0,2014,2014
1002797502,11 EAST BROADWAY,efP9308RbNscg4VSw60EPw,2017-09,2017,40.71323629402809,-73.99725624683113,40.71319309999999,-73.9973992,248.27,29.0,2018,2017
1002797502,11 EAST BROADWAY,lOzkLcvDFWSHI9hlpraDuw,2022-07,2022,40.71320307347922,-73.99724593506899,40.71319309999999,-73.9973992,265.09,29.0,2022,2022
1002797502,11 EAST BROADWAY,dO6SSQHQ0HuvuTLLufJRNA,2026-04,2026,40.7132133954413,-73.9972458454015,40.71319309999999,-73.9973992,260.1,29.0,2026,2026
1002800001,23 HENRY STREET,Gzk9Jlx1AMwujTWIcFQG6Q,2012-07,2012,40.71285125672262,-73.99660552871995,40.7130394,-73.996685,342.25,46.99,2007,2012
1002800001,23 HENRY STREET,Gzk9Jlx1AMwujTWIcFQG6Q,2012-07,2012,40.71285125672262,-73.99660552871995,40.7130394,-73.996685,342.25,46.99,2011,2012
1002800001,23 HENRY STREET,4WKeklcI_BBA3V8divJgTA,2014-09,2014,40.71284714754616,-73.99667017919198,40.7130394,-73.996685,356.66,46.99,2014,2014
1002800001,23 HENRY STREET,ybFUoOPk5bosEAe4N_swow,2018-07,2018,40.71284538784656,-73.9966625574315,40.7130394,-73.996685,354.99,46.99,2018,2018
1002800001,23 HENRY STREET,42RhTl8BsZaADjPswH57dQ,2022-07,2022,40.71285461842228,-73.99661646819109,40.7130394,-73.996685,344.3,46.99,2022,2022
1002800001,23 HENRY STREET,bXT5wm66Ho-NWUeTJFc5TA,2026-04,2026,40.71285150107595,-73.99662480729573,40.7130394,-73.996685,346.35,46.99,2026,2026
1002800002,25 HENRY STREET,Gzk9Jlx1AMwujTWIcFQG6Q,2012-07,2012,40.71285125672262,-73.99660552871995,40.7130476,-73.99659120000001,3.17,47.16,2007,2012
1002800002,25 HENRY STREET,Gzk9Jlx1AMwujTWIcFQG6Q,2012-07,2012,40.71285125672262,-73.99660552871995,40.7130476,-73.99659120000001,3.17,47.16,2011,2012
1002800002,25 HENRY STREET,4WKeklcI_BBA3V8divJgTA,2014-09,2014,40.71284714754616,-73.99667017919198,40.7130476,-73.99659120000001,16.63,47.16,2014,2014
1002800002,25 HENRY STREET,ybFUoOPk5bosEAe4N_swow,2018-07,2018,40.71284538784656,-73.9966625574315,40.7130476,-73.99659120000001,14.97,47.16,2018,2018
1002800002,25 HENRY STREET,42RhTl8BsZaADjPswH57dQ,2022-07,2022,40.71285461842228,-73.99661646819109,40.7130476,-73.99659120000001,5.67,47.16,2022,2022
1002800002,25 HENRY STREET,bXT5wm66Ho-NWUeTJFc5TA,2026-04,2026,40.71285150107595,-73.99662480729573,40.7130476,-73.99659120000001,7.4,47.16,2026,2026
1002800003,27 HENRY STREET,NUEb6Ct6jvyHGNJvpW2ezA,2012-07,2012,40.71285040471189,-73.99652823506179,40.71306959999999,-73.9965011,5.36,52.44,2007,2012
1002800003,27 HENRY STREET,NUEb6Ct6jvyHGNJvpW2ezA,2012-07,2012,40.71285040471189,-73.99652823506179,40.71306959999999,-73.9965011,5.36,52.44,2011,2012
1002800003,27 HENRY STREET,vWhebmXaxgrXbjHP8m6u7A,2014-09,2014,40.71287123107101,-73.99647667604975,40.71306959999999,-73.9965011,354.67,52.44,2014,2014
1002800003,27 HENRY STREET,FfeqphEk4fRM3_lO-Q8fTw,2018-07,2018,40.71285549984333,-73.99654607896012,40.71306959999999,-73.9965011,9.05,52.44,2018,2018
1002800003,27 HENRY STREET,zLzptw5SlEr1znXl4-pIWw,2022-07,2022,40.7128650041037,-73.99649819633473,40.71306959999999,-73.9965011,359.38,52.44,2022,2022
1002800003,27 HENRY STREET,nArVeJHg3Jpaa6rUC1LtFA,2026-04,2026,40.7128670222827,-73.99650232105573,40.71306959999999,-73.9965011,0.26,52.44,2026,2026
1002800004,29 HENRY STREET,F9KhxgretiSLMjC_9mSmhA,2012-07,2012,40.71285859653378,-73.99639821665697,40.71307779999999,-73.9964145,356.78,52.82,2007,2012
1002800004,29 HENRY STREET,F9KhxgretiSLMjC_9mSmhA,2012-07,2012,40.71285859653378,-73.99639821665697,40.71307779999999,-73.9964145,356.78,52.82,2011,2012
1002800004,29 HENRY STREET,SpUJbetsLWbTa64hvQ_BLg,2014-09,2014,40.71287175280597,-73.99633831849322,40.71307779999999,-73.9964145,344.34,52.82,2014,2014
1002800004,29 HENRY STREET,XMQ07dSGNPpmSydrNECj8g,2018-07,2018,40.7128649504959,-73.99642493768806,40.71307779999999,-73.9964145,2.13,52.82,2018,2018
1002800004,29 HENRY STREET,BxBGuNRgFhwjo2oNoqvKYw,2022-07,2022,40.71287484971798,-73.99638037274488,40.71307779999999,-73.9964145,352.74,52.82,2022,2022
1002800004,29 HENRY STREET,gxVFyNE_i8S5dwenbcdDyA,2026-04,2026,40.71288144662276,-73.99638593215487,40.71307779999999,-73.9964145,353.71,52.82,2026,2026
1002800005,31 HENRY STREET,IisHGSkD2P5_x1JucMvZSQ,2012-07,2012,40.71287328828301,-73.9962129626947,40.71305039999999,-73.9963207,335.25,40.09,2007,2012
1002800005,31 HENRY STREET,IisHGSkD2P5_x1JucMvZSQ,2012-07,2012,40.71287328828301,-73.9962129626947,40.71305039999999,-73.9963207,335.25,40.09,2011,2012
1002800005,31 HENRY STREET,yr1Cz9VjSkvBhdmmcvO3SQ,2014-09,2014,40.71287564108464,-73.99620614792792,40.71305039999999,-73.9963207,333.58,40.09,2014,2014
1002800005,31 HENRY STREET,PSDfpWkH1hevA9TJfMzA7g,2018-07,2018,40.71287904565991,-73.99624398781414,40.71305039999999,-73.9963207,341.26,40.09,2018,2018
1002800005,31 HENRY STREET,mfRuA6EYunsfSk2hxOhoQg,2022-07,2022,40.71288540124281,-73.99626380443402,40.71305039999999,-73.9963207,345.35,40.09,2022,2022
1002800005,31 HENRY STREET,sGxmIVDphqZIGOb41zlXmg,2026-04,2026,40.71289163256564,-73.99625295461072,40.71305039999999,-73.9963207,342.08,40.09,2026,2026
1002800006,33 HENRY STREET,IisHGSkD2P5_x1JucMvZSQ,2012-07,2012,40.71287328828301,-73.9962129626947,40.71307230000001,-73.9962341,355.4,45.43,2007,2012
1002800006,33 HENRY STREET,IisHGSkD2P5_x1JucMvZSQ,2012-07,2012,40.71287328828301,-73.9962129626947,40.71307230000001,-73.9962341,355.4,45.43,2011,2012
1002800006,33 HENRY STREET,yr1Cz9VjSkvBhdmmcvO3SQ,2014-09,2014,40.71287564108464,-73.99620614792792,40.71307230000001,-73.9962341,353.85,45.43,2014,2014
1002800006,33 HENRY STREET,PSDfpWkH1hevA9TJfMzA7g,2018-07,2018,40.71287904565991,-73.99624398781414,40.71307230000001,-73.9962341,2.22,45.43,2018,2018
1002800006,33 HENRY STREET,mfRuA6EYunsfSk2hxOhoQg,2022-07,2022,40.71288540124281,-73.99626380443402,40.71307230000001,-73.9962341,6.87,45.43,2022,2022
1002800006,33 HENRY STREET,sGxmIVDphqZIGOb41zlXmg,2026-04,2026,40.71289163256564,-73.99625295461072,40.71307230000001,-73.9962341,4.52,45.43,2026,2026
1002800007,35 HENRY STREET,zob8fngEMFURz0A02YTmfQ,2012-07,2012,40.71288409890663,-73.9960934352368,40.713099799999995,-73.9961439,349.94,52.7,2007,2012
1002800007,35 HENRY STREET,zob8fngEMFURz0A02YTmfQ,2012-07,2012,40.71288409890663,-73.9960934352368,40.713099799999995,-73.9961439,349.94,52.7,2011,2012
1002800007,35 HENRY STREET,3p4znjSabXokNTQfR1XHrw,2014-09,2014,40.71288478282641,-73.99608868283069,40.713099799999995,-73.9961439,348.98,52.7,2014,2014
1002800007,35 HENRY STREET,uB-DZ62FC-cc3Fso8WvXUg,2018-07,2018,40.71288833660468,-73.99612544672382,40.713099799999995,-73.9961439,356.22,52.7,2018,2018
1002800007,35 HENRY STREET,b5fRJ1EIic8g55rXO1cdeA,2022-07,2022,40.71289929777244,-73.99608464776882,40.713099799999995,-73.9961439,347.37,52.7,2022,2022
1002800007,35 HENRY STREET,NZw-1kH2FnyUBuJZOqektQ,2026-04,2026,40.71289811281942,-73.99613001979297,40.713099799999995,-73.9961439,357.01,52.7,2026,2026
1002800008,37 HENRY STREET,OkRor-yo5Iin8Ecbwdw2_Q,2012-07,2012,40.71289774035354,-73.99597525272574,40.7131053,-73.9960502,344.69,51.89,2007,2012
1002800008,37 HENRY STREET,OkRor-yo5Iin8Ecbwdw2_Q,2012-07,2012,40.71289774035354,-73.99597525272574,40.7131053,-73.9960502,344.69,51.89,2011,2012
1002800008,37 HENRY STREET,ZKxyczFYPHt7QP6n3wWu2w,2014-09,2014,40.71289377541626,-73.99598027413893,40.7131053,-73.9960502,345.93,51.89,2014,2014
1002800008,37 HENRY STREET,CFInQ2ZnkdQMsl5ZFPf2qw,2018-07,2018,40.71289420376856,-73.99599659373085,40.7131053,-73.9960502,349.1,51.89,2018,2018
1002800008,37 HENRY STREET,cZwmCP9Dl3z_TByyiNgMrg,2022-07,2022,40.71290410588625,-73.99602492884321,40.7131053,-73.9960502,354.56,51.89,2022,2022
1002800008,37 HENRY STREET,OgX43OlrRltcXoMCig7k1A,2026-04,2026,40.71290522081232,-73.99599874576485,40.7131053,-73.9960502,348.97,51.89,2026,2026
1002800009,39 HENRY STREET,OkRor-yo5Iin8Ecbwdw2_Q,2012-07,2012,40.71289774035354,-73.99597525272574,40.713116200000016,-73.9959636,2.32,53.25,2007,2012
1002800009,39 HENRY STREET,OkRor-yo5Iin8Ecbwdw2_Q,2012-07,2012,40.71289774035354,-73.99597525272574,40.713116200000016,-73.9959636,2.32,53.25,2011,2012
1002800009,39 HENRY STREET,ZKxyczFYPHt7QP6n3wWu2w,2014-09,2014,40.71289377541626,-73.99598027413893,40.713116200000016,-73.9959636,3.25,53.25,2014,2014
1002800009,39 HENRY STREET,CFInQ2ZnkdQMsl5ZFPf2qw,2018-07,2018,40.71289420376856,-73.99599659373085,40.713116200000016,-73.9959636,6.43,53.25,2018,2018
1002800009,39 HENRY STREET,cZwmCP9Dl3z_TByyiNgMrg,2022-07,2022,40.71290410588625,-73.99602492884321,40.713116200000016,-73.9959636,12.36,53.25,2022,2022
1002800009,39 HENRY STREET,OgX43OlrRltcXoMCig7k1A,2026-04,2026,40.71290522081232,-73.99599874576485,40.713116200000016,-73.9959636,7.2,53.25,2026,2026
1002800010,41 HENRY STREET,vxrzRVxa-o4wtzeGXVbPJg,2012-07,2012,40.71290439568298,-73.99585195905726,40.713124499999985,-73.9958698,356.48,53.45,2007,2012
1002800010,41 HENRY STREET,vxrzRVxa-o4wtzeGXVbPJg,2012-07,2012,40.71290439568298,-73.99585195905726,40.713124499999985,-73.9958698,356.48,53.45,2011,2012
1002800010,41 HENRY STREET,n0EvBKnvxzeRCsRs1ki6lg,2014-09,2014,40.71290414172132,-73.99582676230507,40.713124499999985,-73.9958698,351.58,53.45,2014,2014
1002800010,41 HENRY STREET,nyojrYWXxVLeUzi-OscxZA,2019-10,2019,40.7129234764375,-73.99584128854696,40.713124499999985,-73.9958698,353.86,53.45,2018,2019
1002800010,41 HENRY STREET,iFa6LGn1-1fdwFUwtq3cGA,2022-07,2022,40.7129145789353,-73.99590674628992,40.713124499999985,-73.9958698,7.6,53.45,2022,2022
1002800010,41 HENRY STREET,3ncqKQTUEBt_stT_LH_fSA,2026-04,2026,40.71291376945711,-73.99586433326175,40.713124499999985,-73.9958698,358.87,53.45,2026,2026
1002800011,43 HENRY STREET,HHskxxtdCzfPn_E-Oczx7Q,2012-07,2012,40.71291724000496,-73.99573081734647,40.713129900000006,-73.995776,350.85,52.61,2007,2012
1002800011,43 HENRY STREET,HHskxxtdCzfPn_E-Oczx7Q,2012-07,2012,40.71291724000496,-73.99573081734647,40.713129900000006,-73.995776,350.85,52.61,2011,2012
1002800011,43 HENRY STREET,XcKn_z93PbGwLXazjSidDw,2014-09,2014,40.71291547281903,-73.9956949500599,40.713129900000006,-73.995776,344.01,52.61,2014,2014
1002800011,43 HENRY STREET,F8Ox_7VhD1kH9jOSxo4qbg,2017-09,2017,40.71291495408365,-73.9957322520378,40.713129900000006,-73.995776,351.23,52.61,2018,2017
1002800011,43 HENRY STREET,2oO4Ghk5d-lv9TC7P2bT8A,2022-07,2022,40.71292920023762,-73.9957252579175,40.713129900000006,-73.995776,349.15,52.61,2022,2022
1002800011,43 HENRY STREET,etXpx8DUnSzPRnOeo4vang,2026-04,2026,40.71292203421152,-73.99574121885833,40.713129900000006,-73.995776,352.77,52.61,2026,2026
1002800013,45 HENRY STREET,TPHQ-nLONJANMrWUvdUnnw,2012-07,2012,40.71292287102984,-73.99560402645837,40.71313820000002,-73.9956858,343.94,52.92,2007,2012
1002800013,45 HENRY STREET,TPHQ-nLONJANMrWUvdUnnw,2012-07,2012,40.71292287102984,-73.99560402645837,40.71313820000002,-73.9956858,343.94,52.92,2011,2012
1002800013,45 HENRY STREET,-VkSFTDMOrOu-TeJcSGe8g,2014-09,2014,40.71291976306283,-73.99561030323699,40.71313820000002,-73.9956858,345.32,52.92,2014,2014
1002800013,45 HENRY STREET,aTV8Y5SlkAnavJw0vVQa4w,2019-10,2019,40.71294075374771,-73.99561469698189,40.71313820000002,-73.9956858,344.73,52.92,2018,2019
1002800013,45 HENRY STREET,7E-4L2ZfLsFRuTrSl7X-KQ,2022-07,2022,40.71294203644466,-73.99559129356398,40.71313820000002,-73.9956858,339.94,52.92,2022,2022
1002800013,45 HENRY STREET,bavcihC-nQr3RzFYFRZJOQ,2026-04,2026,40.71293188122502,-73.99561702835669,40.71313820000002,-73.9956858,345.82,52.92,2026,2026
1002800015,59 HENRY STREET,yMnCWqfzVnfm0hlx7JZ-cA,2012-07,2012,40.71295231079337,-73.99525521658099,40.7131656,-73.9953251,346.05,52.06,2007,2012
1002800015,59 HENRY STREET,yMnCWqfzVnfm0hlx7JZ-cA,2012-07,2012,40.71295231079337,-73.99525521658099,40.7131656,-73.9953251,346.05,52.06,2011,2012
1002800015,59 HENRY STREET,CyrxWJJHrIVzUMtSKscWPQ,2014-06,2014,40.71296516368204,-73.99522616400729,40.7131656,-73.9953251,339.49,52.06,2014,2014
1002800015,59 HENRY STREET,e2eNldPIcPmG9AGetFbx6g,2019-10,2019,40.71296708213561,-73.99527001187145,40.7131656,-73.9953251,348.12,52.06,2018,2019
1002800015,59 HENRY STREET,IHJYSf2q469KHIOB3B8zCA,2022-07,2022,40.71297145845849,-73.99524714642206,40.7131656,-73.9953251,343.07,52.06,2022,2022
1002800015,59 HENRY STREET,vogb6GxZvy5znJKQdTV2LA,2026-04,2026,40.71296531478974,-73.9952655284502,40.7131656,-73.9953251,347.3,52.06,2026,2026
1002800022,15 MARKET STREET,h_DHCyjHzWx-nDNxfI9GXQ,2012-07,2012,40.71299175033773,-73.99476150156673,40.71321220000001,-73.9948057,351.36,53.42,2007,2012
1002800022,15 MARKET STREET,h_DHCyjHzWx-nDNxfI9GXQ,2012-07,2012,40.71299175033773,-73.99476150156673,40.71321220000001,-73.9948057,351.36,53.42,2011,2012
1002800022,15 MARKET STREET,xMeiAYbtjOUirSvYL34qNA,2014-09,2014,40.71298985745057,-73.99478060099068,40.71321220000001,-73.9948057,355.11,53.42,2014,2014
1002800022,15 MARKET STREET,3wF1Xma8IwwyiL6F9qQPvg,2019-10,2019,40.71300833641006,-73.994802390472,40.71321220000001,-73.9948057,359.3,53.42,2018,2019
1002800022,15 MARKET STREET,RGToZ0EtMrsNpCO363qOJg,2022-07,2022,40.71301059635488,-73.99478481541729,40.71321220000001,-73.9948057,355.51,53.42,2022,2022
1002800022,15 MARKET STREET,kdYu2nZV7edtjHNoWRQc7A,2026-04,2026,40.71299766690497,-73.99477396551026,40.71321220000001,-73.9948057,353.6,53.42,2026,2026
1002800025,13 MARKET STREET,R5dErMVC3bFHLtpEIpQp-Q,2011-07,2011,40.71336435978392,-73.99450271763509,40.7133907,-73.9947804,277.13,49.2,2007,2011
1002800025,13 MARKET STREET,R5dErMVC3bFHLtpEIpQp-Q,2011-07,2011,40.71336435978392,-73.99450271763509,40.7133907,-73.9947804,277.13,49.2,2011,2011
1002800025,13 MARKET STREET,VG6d058GWiMBBcYh7fjnyg,2014-06,2014,40.71338737980795,-73.99451823033382,40.7133907,-73.9947804,270.96,49.2,2014,2014
1002800025,13 MARKET STREET,WdVZggauRhv8NnDFCQI8RA,2019-06,2019,40.7133722815901,-73.99451123616925,40.7133907,-73.9947804,275.16,49.2,2018,2019
1002800025,13 MARKET STREET,32O_vIEID5NkClzQxcoejQ,2022-07,2022,40.71337078070076,-73.99451607828321,40.7133907,-73.9947804,275.68,49.2,2022,2022
1002800025,13 MARKET STREET,uOcCA_SBOi01xV7dBtbgmw,2026-04,2026,40.71337958806736,-73.99452020304687,40.7133907,-73.9947804,273.22,49.2,2026,2026
1002800026,11 MARKET STREET,QzLTCgrboZULVDtIfF33sw,2012-07,2012,40.71369071916073,-73.99485663999293,40.71346199999999,-73.9947912,167.76,46.99,2007,2012
1002800026,11 MARKET STREET,QzLTCgrboZULVDtIfF33sw,2012-07,2012,40.71369071916073,-73.99485663999293,40.71346199999999,-73.9947912,167.76,46.99,2011,2012
1002800026,11 MARKET STREET,Cf3bGAaZ-2yKnxV5DHnZJQ,2014-09,2014,40.71365385943246,-73.99487385636662,40.71346199999999,-73.9947912,161.92,46.99,2014,2014
1002800026,11 MARKET STREET,IY1lhDcOEuLcPTV2hrJR4A,2018-06,2018,40.71366007747343,-73.9948549362892,40.71346199999999,-73.9947912,166.29,46.99,2018,2018
1002800026,11 MARKET STREET,BEAJHRKvD-w3Zcq5fzDOnQ,2022-07,2022,40.71365824848102,-73.99488246455287,40.71346199999999,-73.9947912,160.58,46.99,2022,2022
1002800026,11 MARKET STREET,ZMonclGi4ufyZIuXdX5Ocw,2026-04,2026,40.713664004393,-73.99485762634772,40.71346199999999,-73.9947912,166.0,46.99,2026,2026
1002800027,67 EAST BROADWAY,QzLTCgrboZULVDtIfF33sw,2012-07,2012,40.71369071916073,-73.99485663999293,40.713530600000006,-73.994802,165.5,21.82,2007,2012
1002800027,67 EAST BROADWAY,QzLTCgrboZULVDtIfF33sw,2012-07,2012,40.71369071916073,-73.99485663999293,40.713530600000006,-73.994802,165.5,21.82,2011,2012
1002800027,67 EAST BROADWAY,Cf3bGAaZ-2yKnxV5DHnZJQ,2014-09,2014,40.71365385943246,-73.99487385636662,40.713530600000006,-73.994802,156.16,21.82,2014,2014
1002800027,67 EAST BROADWAY,IY1lhDcOEuLcPTV2hrJR4A,2018-06,2018,40.71366007747343,-73.9948549362892,40.713530600000006,-73.994802,162.78,21.82,2018,2018
1002800027,67 EAST BROADWAY,BEAJHRKvD-w3Zcq5fzDOnQ,2022-07,2022,40.71365824848102,-73.99488246455287,40.713530600000006,-73.994802,154.46,21.82,2022,2022
1002800027,67 EAST BROADWAY,ZMonclGi4ufyZIuXdX5Ocw,2026-04,2026,40.713664004393,-73.99485762634772,40.713530600000006,-73.994802,162.46,21.82,2026,2026
1002800028,65 EAST BROADWAY,iwIoD6z0f0vkFhtkmV4ZGw,2012-08,2012,40.71367864092404,-73.99497625789064,40.71344279999999,-73.9950041,185.11,47.64,2007,2012
1002800028,65 EAST BROADWAY,iwIoD6z0f0vkFhtkmV4ZGw,2012-08,2012,40.71367864092404,-73.99497625789064,40.71344279999999,-73.9950041,185.11,47.64,2011,2012
1002800028,65 EAST BROADWAY,YraLOxTRkiX1dP6UsgP5VQ,2014-10,2014,40.71368016085955,-73.99498325203827,40.71344279999999,-73.9950041,183.81,47.64,2014,2014
1002800028,65 EAST BROADWAY,6srbYaux_p9-vOWtAXU8LQ,2018-06,2018,40.71365734530955,-73.99496971208558,40.71344279999999,-73.9950041,186.93,47.64,2018,2018
1002800028,65 EAST BROADWAY,mNmwVcdTYRt4UmmALal20g,2022-07,2022,40.71364609216237,-73.99500046840059,40.71344279999999,-73.9950041,180.78,47.64,2022,2022
1002800028,65 EAST BROADWAY,gmF3uKJpi3wh5lzINGb7yA,2026-04,2026,40.71365684642213,-73.99498002397017,40.71344279999999,-73.9950041,184.87,47.64,2026,2026
1002800029,63 EAST BROADWAY,XcjGP-9a-NRc3IXH4fFtng,2012-08,2012,40.71366782960134,-73.99509417201212,40.71343730000001,-73.9950942,180.01,46.97,2007,2012
1002800029,63 EAST BROADWAY,XcjGP-9a-NRc3IXH4fFtng,2012-08,2012,40.71366782960134,-73.99509417201212,40.71343730000001,-73.9950942,180.01,46.97,2011,2012
1002800029,63 EAST BROADWAY,loe2FqD73a3cyiwVch9FnA,2014-10,2014,40.71364116466237,-73.99506359504917,40.71343730000001,-73.9950942,186.49,46.97,2014,2014
1002800029,63 EAST BROADWAY,gJXJzQm2A36m-uM4uESuaA,2018-06,2018,40.71367048818126,-73.9950586632805,40.71343730000001,-73.9950942,186.59,46.97,2018,2018
1002800029,63 EAST BROADWAY,3Uxl_hFq_Qwoh0G-AoCQtA,2022-07,2022,40.71366129889915,-73.99509067494034,40.71343730000001,-73.9950942,180.68,46.97,2022,2022
1002800029,63 EAST BROADWAY,k9V-60n2jBLVgir0Dvk18A,2026-04,2026,40.7136482507094,-73.9950997314594,40.71343730000001,-73.9950942,178.86,46.97,2026,2026
1002800030,61 EAST BROADWAY,O-OGtjwykzBAxaXDhBfGBw,2012-08,2012,40.71365816816245,-73.99520796131226,40.71342910000001,-73.9951808,174.86,47.37,2007,2012
1002800030,61 EAST BROADWAY,O-OGtjwykzBAxaXDhBfGBw,2012-08,2012,40.71365816816245,-73.99520796131226,40.71342910000001,-73.9951808,174.86,47.37,2011,2012
1002800030,61 EAST BROADWAY,pLqnOynfzw5pmm93GDhh4A,2014-10,2014,40.71366484517205,-73.99520078783593,40.71342910000001,-73.9951808,176.32,47.37,2014,2014
1002800030,61 EAST BROADWAY,39Hhe2jcoKUTknWqdQzQdA,2018-06,2018,40.71363234387663,-73.99519980148291,40.71342910000001,-73.9951808,175.95,47.37,2018,2018
1002800030,61 EAST BROADWAY,IumbRnpB_FL0aQ7O38qTCA,2022-07,2022,40.71362593721376,-73.99523441350398,40.71342910000001,-73.9951808,168.33,47.37,2022,2022
1002800030,61 EAST BROADWAY,BZXw1GhYICJqz5tcL8bEuQ,2026-04,2026,40.71364037967128,-73.99522454997529,40.71342910000001,-73.9951808,171.08,47.37,2026,2026
1002800031,59 EAST BROADWAY,Y_J-EqDhXKgT3wTR0CW2Bg,2012-08,2012,40.71365102394114,-73.99532354391287,40.71342359999999,-73.995271,170.07,46.7,2007,2012
1002800031,59 EAST BROADWAY,Y_J-EqDhXKgT3wTR0CW2Bg,2012-08,2012,40.71365102394114,-73.99532354391287,40.71342359999999,-73.995271,170.07,46.7,2011,2012
1002800031,59 EAST BROADWAY,Gq-zzxcq22tp1aaZKk0fDg,2014-10,2014,40.71362581325636,-73.99531385972557,40.71342359999999,-73.995271,170.87,46.7,2014,2014
1002800031,59 EAST BROADWAY,SW07DrsTm7broTfjYxOS0Q,2018-06,2018,40.71362173719888,-73.99531224569431,40.71342359999999,-73.995271,171.03,46.7,2018,2018
1002800031,59 EAST BROADWAY,_RbrpfEoBtH2iyjbj7B8fw,2022-07,2022,40.71361723188819,-73.9953565418807,40.71342359999999,-73.995271,161.49,46.7,2022,2022
1002800031,59 EAST BROADWAY,Dc-RLjADOduFRhb03TnPbw,2026-04,2026,40.71362837486421,-73.99535107210924,40.71342359999999,-73.995271,163.49,46.7,2026,2026
1002800032,57 EAST BROADWAY,Y_J-EqDhXKgT3wTR0CW2Bg,2012-08,2012,40.71365102394114,-73.99532354391287,40.71341259999999,-73.9953612,186.83,48.01,2007,2012
1002800032,57 EAST BROADWAY,Y_J-EqDhXKgT3wTR0CW2Bg,2012-08,2012,40.71365102394114,-73.99532354391287,40.71341259999999,-73.9953612,186.83,48.01,2011,2012
1002800032,57 EAST BROADWAY,Gq-zzxcq22tp1aaZKk0fDg,2014-10,2014,40.71362581325636,-73.99531385972557,40.71341259999999,-73.9953612,189.55,48.01,2014,2014
1002800032,57 EAST BROADWAY,SW07DrsTm7broTfjYxOS0Q,2018-06,2018,40.71362173719888,-73.99531224569431,40.71341259999999,-73.9953612,190.06,48.01,2018,2018
1002800032,57 EAST BROADWAY,_RbrpfEoBtH2iyjbj7B8fw,2022-07,2022,40.71361723188819,-73.9953565418807,40.71341259999999,-73.9953612,180.99,48.01,2022,2022
1002800032,57 EAST BROADWAY,Dc-RLjADOduFRhb03TnPbw,2026-04,2026,40.71362837486421,-73.99535107210924,40.71341259999999,-73.9953612,182.04,48.01,2026,2026
1002800033,55 EAST BROADWAY,WGpVzKJ8Mz0ifvzAzO1NDQ,2012-08,2012,40.71364299569853,-73.9954445962127,40.713407199999985,-73.9954513,181.23,47.3,2007,2012
1002800033,55 EAST BROADWAY,WGpVzKJ8Mz0ifvzAzO1NDQ,2012-08,2012,40.71364299569853,-73.9954445962127,40.713407199999985,-73.9954513,181.23,47.3,2011,2012
1002800033,55 EAST BROADWAY,_qVYb52glnFFoB5X8J9mVQ,2014-10,2014,40.71361287744975,-73.99543222198112,40.713407199999985,-73.9954513,184.02,47.3,2014,2014
1002800033,55 EAST BROADWAY,zgd5aMwpNZkxbqQW6K4-4g,2018-06,2018,40.71360930917673,-73.99543365667468,40.713407199999985,-73.9954513,183.79,47.3,2018,2018
1002800033,55 EAST BROADWAY,gfMeP_aMT3nadTzCcLJ6Tw,2022-07,2022,40.71360872468261,-73.99547687681309,40.713407199999985,-73.9954513,174.51,47.3,2022,2022
1002800033,55 EAST BROADWAY,4LKWWr3kYgRHbxENj2z_nw,2026-04,2026,40.71361295721064,-73.99546629595024,40.713407199999985,-73.9954513,176.84,47.3,2026,2026
1002800034,53 EAST BROADWAY,lJ4njh37atAoVlqCLMuHvg,2012-08,2012,40.7136288617809,-73.99561568333277,40.7133742,-73.9955379,166.96,56.69,2007,2012
1002800034,53 EAST BROADWAY,lJ4njh37atAoVlqCLMuHvg,2012-08,2012,40.7136288617809,-73.99561568333277,40.7133742,-73.9955379,166.96,56.69,2011,2012
1002800034,53 EAST BROADWAY,W3P0KUBKiqFcGFwsNVAY2A,2014-10,2014,40.71361890714588,-73.99565666172408,40.7133742,-73.9955379,159.8,56.69,2014,2014
1002800034,53 EAST BROADWAY,T8a8fOs2o9gCCJyS--ZIVA,2018-06,2018,40.71359876674175,-73.99564921925979,40.7133742,-73.9955379,159.41,56.69,2018,2018
1002800034,53 EAST BROADWAY,CG2BmiUsKYVWqXaxIPcn-g,2022-07,2022,40.71362558962278,-73.9956293129081,40.7133742,-73.9955379,164.59,56.69,2022,2022
1002800034,53 EAST BROADWAY,f9pLw_KPXMiThncxJvlS2g,2026-04,2026,40.71359998043105,-73.99561415897232,40.7133742,-73.9955379,165.64,56.69,2026,2026
1002800035,51 EAST BROADWAY,lJ4njh37atAoVlqCLMuHvg,2012-08,2012,40.7136288617809,-73.99561568333277,40.71339070000001,-73.9956317,182.92,47.94,2007,2012
1002800035,51 EAST BROADWAY,lJ4njh37atAoVlqCLMuHvg,2012-08,2012,40.7136288617809,-73.99561568333277,40.71339070000001,-73.9956317,182.92,47.94,2011,2012
1002800035,51 EAST BROADWAY,W3P0KUBKiqFcGFwsNVAY2A,2014-10,2014,40.71361890714588,-73.99565666172408,40.71339070000001,-73.9956317,175.26,47.94,2014,2014
1002800035,51 EAST BROADWAY,T8a8fOs2o9gCCJyS--ZIVA,2018-06,2018,40.71359876674175,-73.99564921925979,40.71339070000001,-73.9956317,176.35,47.94,2018,2018
1002800035,51 EAST BROADWAY,CG2BmiUsKYVWqXaxIPcn-g,2022-07,2022,40.71362558962278,-73.9956293129081,40.71339070000001,-73.9956317,180.44,47.94,2022,2022
1002800035,51 EAST BROADWAY,f9pLw_KPXMiThncxJvlS2g,2026-04,2026,40.71359998043105,-73.99561415897232,40.71339070000001,-73.9956317,183.64,47.94,2026,2026
1002800036,49 EAST BROADWAY,kbYHWwBlGzL8FYWNohpNIA,2012-08,2012,40.71361658231546,-73.995728037632,40.71338520000001,-73.9957219,178.85,47.26,2007,2012
1002800036,49 EAST BROADWAY,kbYHWwBlGzL8FYWNohpNIA,2012-08,2012,40.71361658231546,-73.995728037632,40.71338520000001,-73.9957219,178.85,47.26,2011,2012
1002800036,49 EAST BROADWAY,rz9BYDo35iU8gAtOvCqUyg,2014-10,2014,40.71357337686781,-73.99576327723504,40.71338520000001,-73.9957219,170.54,47.26,2014,2014
1002800036,49 EAST BROADWAY,W51mASdiPBPEuH4HjnrkjQ,2018-06,2018,40.7135859631741,-73.99571691877374,40.71338520000001,-73.9957219,181.08,47.26,2018,2018
1002800036,49 EAST BROADWAY,oGO0b2q8i7oe_mdNaa4_Iw,2022-07,2022,40.71358611079624,-73.99572274720758,40.71338520000001,-73.9957219,179.82,47.26,2022,2022
1002800036,49 EAST BROADWAY,FOecNqkvSpFM6D2UzUREeQ,2026-04,2026,40.71360028708575,-73.99574292255419,40.71338520000001,-73.9957219,175.76,47.26,2026,2026
1002800037,47 EAST BROADWAY,GkSVF_NZ4__Zr1oN4Epmow,2012-08,2012,40.71359977120922,-73.99589993151224,40.713376999999994,-73.9958121,163.36,47.56,2007,2012
1002800037,47 EAST BROADWAY,GkSVF_NZ4__Zr1oN4Epmow,2012-08,2012,40.71359977120922,-73.99589993151224,40.713376999999994,-73.9958121,163.36,47.56,2011,2012
1002800037,47 EAST BROADWAY,xM0rPnco8KrxBvK-aJIZrQ,2014-10,2014,40.71358845133128,-73.99588128054052,40.713376999999994,-73.9958121,166.07,47.56,2014,2014
1002800037,47 EAST BROADWAY,I11XLP4BvPMmsF-lkXBxBA,2018-06,2018,40.71357969309727,-73.99583707414355,40.713376999999994,-73.9958121,174.66,47.56,2018,2018
1002800037,47 EAST BROADWAY,8p8IB8kjB8oxosbuWKP2dw,2022-07,2022,40.71357750874324,-73.99583124571318,40.713376999999994,-73.9958121,175.86,47.56,2022,2022
1002800037,47 EAST BROADWAY,tnOcM6OWu8P6I5GyvKi7Eg,2026-04,2026,40.71358538854732,-73.9958607465359,40.713376999999994,-73.9958121,169.97,47.56,2026,2026
1002800038,45 EAST BROADWAY,MRonFYx5sJeamK0uMx7VXw,2019-02,2019,40.71340116540707,-73.99593248104028,40.7133687,-73.9959022,144.74,47.9,2007,2019
1002800038,45 EAST BROADWAY,MRonFYx5sJeamK0uMx7VXw,2019-02,2019,40.71340116540707,-73.99593248104028,40.7133687,-73.9959022,144.74,47.9,2011,2019
1002800038,45 EAST BROADWAY,MRonFYx5sJeamK0uMx7VXw,2019-02,2019,40.71340116540707,-73.99593248104028,40.7133687,-73.9959022,144.74,47.9,2014,2019
1002800038,45 EAST BROADWAY,MRonFYx5sJeamK0uMx7VXw,2019-02,2019,40.71340116540707,-73.99593248104028,40.7133687,-73.9959022,144.74,47.9,2018,2019
1002800038,45 EAST BROADWAY,MRonFYx5sJeamK0uMx7VXw,2019-02,2019,40.71340116540707,-73.99593248104028,40.7133687,-73.9959022,144.74,47.9,2022,2019
1002800038,45 EAST BROADWAY,MRonFYx5sJeamK0uMx7VXw,2019-02,2019,40.71340116540707,-73.99593248104028,40.7133687,-73.9959022,144.74,47.9,2026,2019
1002800039,43 EAST BROADWAY,PYgC9wFVc0YTYhswlZU39A,2019-02,2019,40.7133864275627,-73.99597005197624,40.71336329999999,-73.995996,220.38,47.08,2007,2019
1002800039,43 EAST BROADWAY,PYgC9wFVc0YTYhswlZU39A,2019-02,2019,40.7133864275627,-73.99597005197624,40.71336329999999,-73.995996,220.38,47.08,2011,2019
1002800039,43 EAST BROADWAY,PYgC9wFVc0YTYhswlZU39A,2019-02,2019,40.7133864275627,-73.99597005197624,40.71336329999999,-73.995996,220.38,47.08,2014,2019
1002800039,43 EAST BROADWAY,PYgC9wFVc0YTYhswlZU39A,2019-02,2019,40.7133864275627,-73.99597005197624,40.71336329999999,-73.995996,220.38,47.08,2018,2019
1002800039,43 EAST BROADWAY,PYgC9wFVc0YTYhswlZU39A,2019-02,2019,40.7133864275627,-73.99597005197624,40.71336329999999,-73.995996,220.38,47.08,2022,2019
1002800039,43 EAST BROADWAY,PYgC9wFVc0YTYhswlZU39A,2019-02,2019,40.7133864275627,-73.99597005197624,40.71336329999999,-73.995996,220.38,47.08,2026,2019
1002800040,39 EAST BROADWAY,YcwKQbGq4ZWiRdbDQDPeyw,2012-08,2012,40.7135793900647,-73.99621421804646,40.713349500000014,-73.9961331,165.03,47.98,2007,2012
1002800040,39 EAST BROADWAY,YcwKQbGq4ZWiRdbDQDPeyw,2012-08,2012,40.7135793900647,-73.99621421804646,40.713349500000014,-73.9961331,165.03,47.98,2011,2012
1002800040,39 EAST BROADWAY,MsejCvybUPOngQM92j5eQA,2014-09,2014,40.71356487917366,-73.996244346486,40.713349500000014,-73.9961331,158.62,47.98,2014,2014
1002800040,39 EAST BROADWAY,Ci-ZuoKVwxBaHyISqSdBNg,2018-06,2018,40.71354725558724,-73.9961674113542,40.713349500000014,-73.9961331,172.51,47.98,2018,2018
1002800040,39 EAST BROADWAY,s4EHVOVayeN8GFAqanX_Vg,2022-07,2022,40.71357434410749,-73.99624300146648,40.713349500000014,-73.9961331,159.67,47.98,2022,2022
1002800040,39 EAST BROADWAY,teIXpVxrgAPMyptCJhMIsg,2026-04,2026,40.71354737766758,-73.9962124246868,40.713349500000014,-73.9961331,163.1,47.98,2026,2026
1002800042,35 EAST BROADWAY,6VZX-KntnravN8XbvzK25Q,2012-08,2012,40.71357050626908,-73.99633562845548,40.713308399999995,-73.9963135,176.34,57.29,2007,2012
1002800042,35 EAST BROADWAY,6VZX-KntnravN8XbvzK25Q,2012-08,2012,40.71357050626908,-73.99633562845548,40.713308399999995,-73.9963135,176.34,57.29,2011,2012
1002800042,35 EAST BROADWAY,Mh7aP8WpVlM8RcnOl9t0-A,2014-09,2014,40.71353261464328,-73.99631312180496,40.713308399999995,-73.9963135,180.07,57.29,2014,2014
1002800042,35 EAST BROADWAY,3ClU1f2CnG2rPrLtpE7YyA,2018-06,2018,40.71353187772569,-73.99633984284792,40.713308399999995,-73.9963135,174.89,57.29,2018,2018
1002800042,35 EAST BROADWAY,I76a_SDbptIEMdLcCJoeCA,2022-07,2022,40.71353559817929,-73.99636288750277,40.713308399999995,-73.9963135,170.64,57.29,2022,2022
1002800042,35 EAST BROADWAY,F42lSEb4FV-J3MgWqiejOg,2026-04,2026,40.71353567233264,-73.99633840816114,40.713308399999995,-73.9963135,175.25,57.29,2026,2026
1002800044,33 EAST BROADWAY,SCK2YCTkikfm9HPq4UD_zw,2012-08,2012,40.71356148072909,-73.9964549764266,40.71331940000001,-73.9964902,186.29,47.85,2007,2012
1002800044,33 EAST BROADWAY,SCK2YCTkikfm9HPq4UD_zw,2012-08,2012,40.71356148072909,-73.9964549764266,40.71331940000001,-73.9964902,186.29,47.85,2011,2012
1002800044,33 EAST BROADWAY,BocxsuEO20wytq_R6DPjVg,2014-09,2014,40.71354889475089,-73.99649389227791,40.71331940000001,-73.9964902,179.3,47.85,2014,2014
1002800044,33 EAST BROADWAY,d4sGvNCiD6IvCuZ87zwV0w,2018-06,2018,40.71352828208852,-73.99642673104572,40.71331940000001,-73.9964902,192.97,47.85,2018,2018
1002800044,33 EAST BROADWAY,ZQEvT27C13c7OAeqcCJYLQ,2022-07,2022,40.71356205087318,-73.99648931921746,40.71331940000001,-73.9964902,180.16,47.85,2022,2022
1002800044,33 EAST BROADWAY,RdMZxkprIKLsbTvcXBdEbQ,2026-04,2026,40.71352530422528,-73.99645945982003,40.71331940000001,-73.9964902,186.46,47.85,2026,2026
1002800046,29 EAST BROADWAY,HCcTQ-lU90sNLgB23JeGDA,2012-08,2012,40.71353528745132,-73.99676818603795,40.71329470000001,-73.9966237,155.52,52.67,2007,2012
1002800046,29 EAST BROADWAY,HCcTQ-lU90sNLgB23JeGDA,2012-08,2012,40.71353528745132,-73.99676818603795,40.71329470000001,-73.9966237,155.52,52.67,2011,2012
1002800046,29 EAST BROADWAY,cVrIfLMaiSNUy4w1blZ0bQ,2014-09,2014,40.71353586154135,-73.99672595253591,40.71329470000001,-73.9966237,162.18,52.67,2014,2014
1002800046,29 EAST BROADWAY,7rsXmk9nNzSVGUiVSICOQg,2018-06,2018,40.71350523371886,-73.99670147324066,40.71329470000001,-73.9966237,164.36,52.67,2018,2018
1002800046,29 EAST BROADWAY,EOLaix5splkkxIomJQvOIw,2022-07,2022,40.71353635571661,-73.99672837356495,40.71329470000001,-73.9966237,161.82,52.67,2022,2022
1002800046,29 EAST BROADWAY,RCGYvO_9Lex2Y4aQVG6-qw,2026-04,2026,40.71350333791281,-73.99671895845188,40.71329470000001,-73.9966237,160.91,52.67,2026,2026
1002800047,27 EAST BROADWAY,HCcTQ-lU90sNLgB23JeGDA,2012-08,2012,40.71353528745132,-73.99676818603795,40.713286399999994,-73.9967175,171.22,52.78,2007,2012
1002800047,27 EAST BROADWAY,HCcTQ-lU90sNLgB23JeGDA,2012-08,2012,40.71353528745132,-73.99676818603795,40.713286399999994,-73.9967175,171.22,52.78,2011,2012
1002800047,27 EAST BROADWAY,cVrIfLMaiSNUy4w1blZ0bQ,2014-09,2014,40.71353586154135,-73.99672595253591,40.713286399999994,-73.9967175,178.53,52.78,2014,2014
1002800047,27 EAST BROADWAY,7rsXmk9nNzSVGUiVSICOQg,2018-06,2018,40.71350523371886,-73.99670147324066,40.713286399999994,-73.9967175,183.18,52.78,2018,2018
1002800047,27 EAST BROADWAY,EOLaix5splkkxIomJQvOIw,2022-07,2022,40.71353635571661,-73.99672837356495,40.713286399999994,-73.9967175,178.11,52.78,2022,2022
1002800047,27 EAST BROADWAY,RCGYvO_9Lex2Y4aQVG6-qw,2026-04,2026,40.71350333791281,-73.99671895845188,40.713286399999994,-73.9967175,179.71,52.78,2026,2026
1002800048,25 EAST BROADWAY,0JPngxbjubONW4Gz1cu1MQ,2012-07,2012,40.71351875719134,-73.99684897663907,40.713333100000014,-73.9968077,170.43,33.08,2007,2012
1002800048,25 EAST BROADWAY,0JPngxbjubONW4Gz1cu1MQ,2012-07,2012,40.71351875719134,-73.99684897663907,40.713333100000014,-73.9968077,170.43,33.08,2011,2012
1002800048,25 EAST BROADWAY,J9FPBNhz9hzMtzM0ZRu6Rg,2014-09,2014,40.7135256758619,-73.99683552648587,40.713333100000014,-73.9968077,173.75,33.08,2014,2014
1002800048,25 EAST BROADWAY,ZUkJc8BjbWlKQmJXI1lzCQ,2018-06,2018,40.71349467600342,-73.99681427524189,40.713333100000014,-73.9968077,178.23,33.08,2018,2018
1002800048,25 EAST BROADWAY,qoLvOk6yAIWZetjX0IhTlw,2022-07,2022,40.71352260438122,-73.99684897663907,40.713333100000014,-73.9968077,170.63,33.08,2022,2022
1002800048,25 EAST BROADWAY,khqSeGW_m2Rmr5n_4aPEjQ,2026-04,2026,40.71349112572805,-73.99683498847973,40.713333100000014,-73.9968077,172.54,33.08,2026,2026
1002800051,15 CATHERINE STREET,GrbFhYyFCZ_I6-Ku224-ow,2012-07,2012,40.71311722162779,-73.99722620821817,40.71321230000001,-73.9969592,64.84,58.64,2007,2012
1002800051,15 CATHERINE STREET,GrbFhYyFCZ_I6-Ku224-ow,2012-07,2012,40.71311722162779,-73.99722620821817,40.71321230000001,-73.9969592,64.84,58.64,2011,2012
1002800051,15 CATHERINE STREET,V1PJw2RxuL7XbuctUEoqDA,2014-09,2014,40.71310828967572,-73.99722280085281,40.71321230000001,-73.9969592,62.5,58.64,2014,2014
1002800051,15 CATHERINE STREET,njVhzLG1VsmTssPZ1awEVg,2017-09,2017,40.71315061086008,-73.9972318572711,40.71321230000001,-73.9969592,73.38,58.64,2018,2017
1002800051,15 CATHERINE STREET,CsrIZoSxDzp9pkGkBNmSrw,2022-07,2022,40.71309930345834,-73.99721688279706,40.71321230000001,-73.9969592,59.95,58.64,2022,2022
1002800051,15 CATHERINE STREET,rLbD2SfRPhQbl0HMaHnj6Q,2026-04,2026,40.71312746305987,-73.99722289052032,40.71321230000001,-73.9969592,67.0,58.64,2026,2026
1002800052,17 CATHERINE STREET,Yd16sRizyCoa-EIztYRv8Q,2012-07,2012,40.71303962860048,-73.99720567435764,40.7131025,-73.9969375,72.81,55.86,2007,2012
1002800052,17 CATHERINE STREET,Yd16sRizyCoa-EIztYRv8Q,2012-07,2012,40.71303962860048,-73.99720567435764,40.7131025,-73.9969375,72.81,55.86,2011,2012
1002800052,17 CATHERINE STREET,adZwh8IQkyEvb9Eo0KUXSw,2014-09,2014,40.71302201215189,-73.99719634893555,40.7131025,-73.9969375,67.7,55.86,2014,2014
1002800052,17 CATHERINE STREET,J8qt7Vb4BLCJab8OzjFrTQ,2017-09,2017,40.71306931896803,-73.99720970939592,40.7131025,-73.9969375,80.86,55.86,2018,2017
1002800052,17 CATHERINE STREET,3AyEyKCD3xZSH5MbZcbn4w,2022-07,2022,40.71303748330578,-73.99720065297656,40.7131025,-73.9969375,71.95,55.86,2022,2022
1002800052,17 CATHERINE STREET,eVND8G2BH6eMYzoqklAIIg,2026-04,2026,40.71304157715937,-73.99719760428084,40.7131025,-73.9969375,72.83,55.86,2026,2026
1002800054,21 CATHERINE STREET,mxTFXaLly3e9Y-viVPdQjw,2012-07,2012,40.71282550499078,-73.99689685917684,40.7129955,-73.9969159,355.15,38.0,2007,2012
1002800054,21 CATHERINE STREET,mxTFXaLly3e9Y-viVPdQjw,2012-07,2012,40.71282550499078,-73.99689685917684,40.7129955,-73.9969159,355.15,38.0,2011,2012
1002800054,21 CATHERINE STREET,APmCdXnP2H-ZQ2vLuAXSJw,2014-09,2014,40.71282606351171,-73.996892286126,40.7129955,-73.9969159,353.97,38.0,2014,2014
1002800054,21 CATHERINE STREET,krycxC6Q6lW6Iwm2fQbIjA,2018-07,2018,40.71282957768221,-73.99689632117087,40.7129955,-73.9969159,354.89,38.0,2018,2018
1002800054,21 CATHERINE STREET,uJacCx6wIV7-t6_22U549A,2022-07,2022,40.71283479423033,-73.99685597071837,40.7129955,-73.9969159,344.22,38.0,2022,2022
1002800054,21 CATHERINE STREET,oTSYyvtocW2Oj860ECZ85w,2026-04,2026,40.71282611242816,-73.99686762751664,40.7129955,-73.9969159,347.81,38.0,2026,2026
1002800055,23 CATHERINE STREET,mxTFXaLly3e9Y-viVPdQjw,2012-07,2012,40.71282550499078,-73.99689685917684,40.712929599999995,-73.9969015,358.06,13.7,2007,2012
1002800055,23 CATHERINE STREET,mxTFXaLly3e9Y-viVPdQjw,2012-07,2012,40.71282550499078,-73.99689685917684,40.712929599999995,-73.9969015,358.06,13.7,2011,2012
1002800055,23 CATHERINE STREET,APmCdXnP2H-ZQ2vLuAXSJw,2014-09,2014,40.71282606351171,-73.996892286126,40.712929599999995,-73.9969015,356.14,13.7,2014,2014
1002800055,23 CATHERINE STREET,krycxC6Q6lW6Iwm2fQbIjA,2018-07,2018,40.71282957768221,-73.99689632117087,40.712929599999995,-73.9969015,357.75,13.7,2018,2018
1002800055,23 CATHERINE STREET,uJacCx6wIV7-t6_22U549A,2022-07,2022,40.71283479423033,-73.99685597071837,40.712929599999995,-73.9969015,340.0,13.7,2022,2022
1002800055,23 CATHERINE STREET,oTSYyvtocW2Oj860ECZ85w,2026-04,2026,40.71282611242816,-73.99686762751664,40.712929599999995,-73.9969015,346.07,13.7,2026,2026
1002807501,17 EAST BROADWAY,dMEaZPL29497d6YYPdsXKg,2012-07,2012,40.71350796813236,-73.99706175793722,40.71331660000001,-73.9970169,169.93,32.6,2007,2012
1002807501,17 EAST BROADWAY,dMEaZPL29497d6YYPdsXKg,2012-07,2012,40.71350796813236,-73.99706175793722,40.71331660000001,-73.9970169,169.93,32.6,2011,2012
1002807501,17 EAST BROADWAY,fUavwrO_1COyczYTdXfLmw,2014-09,2014,40.71350797410363,-73.99706552397578,40.71331660000001,-73.9970169,169.1,32.6,2014,2014
1002807501,17 EAST BROADWAY,AqWk9KxgxfP7X7_UCcK_1A,2018-06,2018,40.71347644621931,-73.99704427275728,40.71331660000001,-73.9970169,172.6,32.6,2018,2018
1002807501,17 EAST BROADWAY,GZB4jGqHyOWI4ihmsQGN0A,2022-07,2022,40.71350219870214,-73.99707054536039,40.71331660000001,-73.9970169,167.64,32.6,2022,2022
1002807501,17 EAST BROADWAY,VWpVpZZ52lyVp8QMwt6C3Q,2026-04,2026,40.71346316149248,-73.99707879477768,40.71331660000001,-73.9970169,162.25,32.6,2026,2026
1002810001,2 EAST BROADWAY,8pUI-dkVb7u0QKPeL2Usqw,2012-08,2012,40.71346769872655,-73.99755448068517,40.713610299999985,-73.9975327,6.6,25.24,2007,2012
1002810001,2 EAST BROADWAY,8pUI-dkVb7u0QKPeL2Usqw,2012-08,2012,40.71346769872655,-73.99755448068517,40.713610299999985,-73.9975327,6.6,25.24,2011,2012
1002810001,2 EAST BROADWAY,0UfKD0_Gs4u1tkPH5XBmJQ,2014-09,2014,40.71347056785793,-73.99756407509189,40.713610299999985,-73.9975327,9.66,25.24,2014,2014
1002810001,2 EAST BROADWAY,EeAfyLbhBIZUq667bDLavg,2018-06,2018,40.71342964436802,-73.99751646172297,40.713610299999985,-73.9975327,356.1,25.24,2018,2018
1002810001,2 EAST BROADWAY,p4mTnyaT1oLyRXH4lu5OsQ,2022-07,2022,40.71347154082719,-73.99755125266036,40.713610299999985,-73.9975327,5.79,25.24,2022,2022
1002810001,2 EAST BROADWAY,VrlN1qGwyagvHOQRqVCU9g,2026-04,2026,40.71346512024192,-73.99752991182838,40.713610299999985,-73.9975327,359.17,25.24,2026,2026
1002810006,16 EAST BROADWAY,Kiia_TYFDjMKmhCzFnkWpQ,2012-07,2012,40.71370755011655,-73.99738294695871,40.71367339999998,-73.99719000000002,103.14,29.12,2007,2012
1002810006,16 EAST BROADWAY,Kiia_TYFDjMKmhCzFnkWpQ,2012-07,2012,40.71370755011655,-73.99738294695871,40.71367339999998,-73.99719000000002,103.14,29.12,2011,2012
1002810006,16 EAST BROADWAY,zGl-2vcemeTUQTvCYe1Zgg,2014-09,2014,40.71368145806385,-73.99738034660308,40.71367339999998,-73.99719000000002,93.2,29.12,2014,2014
1002810006,16 EAST BROADWAY,W5BNbWHEUPwCpVGzHDv7GQ,2017-09,2017,40.71364628234534,-73.99736582047785,40.71367339999998,-73.99719000000002,78.5,29.12,2018,2017
1002810006,16 EAST BROADWAY,Ml20MHGzZu0io-o5tOyVQw,2022-07,2022,40.71368683347637,-73.99738474030741,40.71367339999998,-73.99719000000002,95.2,29.12,2022,2022
1002810006,16 EAST BROADWAY,2amxUTn1Eq5xwoqAezjLhw,2026-04,2026,40.71367942636891,-73.9973755942289,40.71367339999998,-73.99719000000002,92.45,29.12,2026,2026
1002810008,20 EAST BROADWAY,63kph-Odjx6F_wkt19pRFg,2012-08,2012,40.713521046725,-73.99693694061779,40.713684400000005,-73.9970385,334.77,38.86,2007,2012
1002810008,20 EAST BROADWAY,63kph-Odjx6F_wkt19pRFg,2012-08,2012,40.713521046725,-73.99693694061779,40.713684400000005,-73.9970385,334.77,38.86,2011,2012
1002810008,20 EAST BROADWAY,4-PnBNwoHQYW5nH9oqglCw,2014-09,2014,40.71351879724006,-73.9969375682913,40.713684400000005,-73.9970385,335.2,38.86,2014,2014
1002810008,20 EAST BROADWAY,FPlpm64mGEvZS01gKV1WlA,2018-06,2018,40.7134862837496,-73.99692904986497,40.713684400000005,-73.9970385,337.28,38.86,2018,2018
1002810008,20 EAST BROADWAY,Vv-civWusyIz1mWwRB_b9A,2022-07,2022,40.71351136928604,-73.99696285456507,40.713684400000005,-73.9970385,341.67,38.86,2022,2022
1002810008,20 EAST BROADWAY,czsDoDnBLVNn6hPL0pr2CQ,2026-04,2026,40.71347670469734,-73.99696150955059,40.713684400000005,-73.9970385,344.31,38.86,2026,2026
1002810009,22 EAST BROADWAY,63kph-Odjx6F_wkt19pRFg,2012-08,2012,40.713521046725,-73.99693694061779,40.713695400000006,-73.9969483,357.17,40.09,2007,2012
1002810009,22 EAST BROADWAY,63kph-Odjx6F_wkt19pRFg,2012-08,2012,40.713521046725,-73.99693694061779,40.713695400000006,-73.9969483,357.17,40.09,2011,2012
1002810009,22 EAST BROADWAY,4-PnBNwoHQYW5nH9oqglCw,2014-09,2014,40.71351879724006,-73.9969375682913,40.713695400000006,-73.9969483,357.36,40.09,2014,2014
1002810009,22 EAST BROADWAY,FPlpm64mGEvZS01gKV1WlA,2018-06,2018,40.7134862837496,-73.99692904986497,40.713695400000006,-73.9969483,356.01,40.09,2018,2018
1002810009,22 EAST BROADWAY,Vv-civWusyIz1mWwRB_b9A,2022-07,2022,40.71351136928604,-73.99696285456507,40.713695400000006,-73.9969483,3.43,40.09,2022,2022
1002810009,22 EAST BROADWAY,czsDoDnBLVNn6hPL0pr2CQ,2026-04,2026,40.71347670469734,-73.99696150955059,40.713695400000006,-73.9969483,2.62,40.09,2026,2026
1002810010,24 EAST BROADWAY,0JPngxbjubONW4Gz1cu1MQ,2012-07,2012,40.71351875719134,-73.99684897663907,40.713700900000006,-73.9968545,358.68,39.22,2007,2012
1002810010,24 EAST BROADWAY,0JPngxbjubONW4Gz1cu1MQ,2012-07,2012,40.71351875719134,-73.99684897663907,40.713700900000006,-73.9968545,358.68,39.22,2011,2012
1002810010,24 EAST BROADWAY,J9FPBNhz9hzMtzM0ZRu6Rg,2014-09,2014,40.7135256758619,-73.99683552648587,40.713700900000006,-73.9968545,355.31,39.22,2014,2014
1002810010,24 EAST BROADWAY,ZUkJc8BjbWlKQmJXI1lzCQ,2018-06,2018,40.71349467600342,-73.99681427524189,40.713700900000006,-73.9968545,351.59,39.22,2018,2018
1002810010,24 EAST BROADWAY,qoLvOk6yAIWZetjX0IhTlw,2022-07,2022,40.71352260438122,-73.99684897663907,40.713700900000006,-73.9968545,358.65,39.22,2022,2022
1002810010,24 EAST BROADWAY,khqSeGW_m2Rmr5n_4aPEjQ,2026-04,2026,40.71349112572805,-73.99683498847973,40.713700900000006,-73.9968545,355.97,39.22,2026,2026
1002810011,26 EAST BROADWAY,HCcTQ-lU90sNLgB23JeGDA,2012-08,2012,40.71353528745132,-73.99676818603795,40.71372010000001,-73.9967643,0.91,43.42,2007,2012
1002810011,26 EAST BROADWAY,HCcTQ-lU90sNLgB23JeGDA,2012-08,2012,40.71353528745132,-73.99676818603795,40.71372010000001,-73.9967643,0.91,43.42,2011,2012
1002810011,26 EAST BROADWAY,cVrIfLMaiSNUy4w1blZ0bQ,2014-09,2014,40.71353586154135,-73.99672595253591,40.71372010000001,-73.9967643,351.03,43.42,2014,2014
1002810011,26 EAST BROADWAY,7rsXmk9nNzSVGUiVSICOQg,2018-06,2018,40.71350523371886,-73.99670147324066,40.71372010000001,-73.9967643,347.5,43.42,2018,2018
1002810011,26 EAST BROADWAY,EOLaix5splkkxIomJQvOIw,2022-07,2022,40.71353635571661,-73.99672837356495,40.71372010000001,-73.9967643,351.57,43.42,2022,2022
1002810011,26 EAST BROADWAY,RCGYvO_9Lex2Y4aQVG6-qw,2026-04,2026,40.71350333791281,-73.99671895845188,40.71372010000001,-73.9967643,350.99,43.42,2026,2026
1002810012,28 EAST BROADWAY,3UMprEcNGNSCzNEB86gczA,2012-08,2012,40.71355138806031,-73.99658329110456,40.71371460000002,-73.9966742,337.11,38.68,2007,2012
1002810012,28 EAST BROADWAY,3UMprEcNGNSCzNEB86gczA,2012-08,2012,40.71355138806031,-73.99658329110456,40.71371460000002,-73.9966742,337.11,38.68,2011,2012
1002810012,28 EAST BROADWAY,DXOIhS5UmOPXzfYID7WOyg,2014-09,2014,40.7135434118745,-73.99661162613017,40.71371460000002,-73.9966742,344.51,38.68,2014,2014
1002810012,28 EAST BROADWAY,H77pt1Ly5dDjX81jyc_cOQ,2018-06,2018,40.71351414174641,-73.99657916638529,40.71371460000002,-73.9966742,340.23,38.68,2018,2018
1002810012,28 EAST BROADWAY,-RzbgD0CfOJCB4LOboa7TQ,2022-07,2022,40.7135497356998,-73.99661153646238,40.71371460000002,-73.9966742,343.93,38.68,2022,2022
1002810012,28 EAST BROADWAY,fplaO9-oWXp7te7WGN7MfA,2026-04,2026,40.71351515296688,-73.99658257376208,40.71371460000002,-73.9966742,340.8,38.68,2026,2026
1002810013,30 EAST BROADWAY,3UMprEcNGNSCzNEB86gczA,2012-08,2012,40.71355138806031,-73.99658329110456,40.71372279999999,-73.996584,359.82,38.9,2007,2012
1002810013,30 EAST BROADWAY,3UMprEcNGNSCzNEB86gczA,2012-08,2012,40.71355138806031,-73.99658329110456,40.71372279999999,-73.996584,359.82,38.9,2011,2012
1002810013,30 EAST BROADWAY,DXOIhS5UmOPXzfYID7WOyg,2014-09,2014,40.7135434118745,-73.99661162613017,40.71372279999999,-73.996584,6.66,38.9,2014,2014
1002810013,30 EAST BROADWAY,H77pt1Ly5dDjX81jyc_cOQ,2018-06,2018,40.71351414174641,-73.99657916638529,40.71372279999999,-73.996584,358.99,38.9,2018,2018
1002810013,30 EAST BROADWAY,-RzbgD0CfOJCB4LOboa7TQ,2022-07,2022,40.7135497356998,-73.99661153646238,40.71372279999999,-73.996584,6.88,38.9,2022,2022
1002810013,30 EAST BROADWAY,fplaO9-oWXp7te7WGN7MfA,2026-04,2026,40.71351515296688,-73.99658257376208,40.71372279999999,-73.996584,359.7,38.9,2026,2026
1002810014,32 EAST BROADWAY,SCK2YCTkikfm9HPq4UD_zw,2012-08,2012,40.71356148072909,-73.9964549764266,40.7137311,-73.9964938,350.16,39.16,2007,2012
1002810014,32 EAST BROADWAY,SCK2YCTkikfm9HPq4UD_zw,2012-08,2012,40.71356148072909,-73.9964549764266,40.7137311,-73.9964938,350.16,39.16,2011,2012
1002810014,32 EAST BROADWAY,BocxsuEO20wytq_R6DPjVg,2014-09,2014,40.71354889475089,-73.99649389227791,40.7137311,-73.9964938,0.02,39.16,2014,2014
1002810014,32 EAST BROADWAY,d4sGvNCiD6IvCuZ87zwV0w,2018-06,2018,40.71352828208852,-73.99642673104572,40.7137311,-73.9964938,345.93,39.16,2018,2018
1002810014,32 EAST BROADWAY,ZQEvT27C13c7OAeqcCJYLQ,2022-07,2022,40.71356205087318,-73.99648931921746,40.7137311,-73.9964938,358.85,39.16,2022,2022
1002810014,32 EAST BROADWAY,RdMZxkprIKLsbTvcXBdEbQ,2026-04,2026,40.71352530422528,-73.99645945982003,40.7137311,-73.9964938,352.79,39.16,2026,2026
1002810015,34 EAST BROADWAY,6VZX-KntnravN8XbvzK25Q,2012-08,2012,40.71357050626908,-73.99633562845548,40.71373660000002,-73.9964036,342.77,38.4,2007,2012
1002810015,34 EAST BROADWAY,6VZX-KntnravN8XbvzK25Q,2012-08,2012,40.71357050626908,-73.99633562845548,40.71373660000002,-73.9964036,342.77,38.4,2011,2012
1002810015,34 EAST BROADWAY,Mh7aP8WpVlM8RcnOl9t0-A,2014-09,2014,40.71353261464328,-73.99631312180496,40.71373660000002,-73.9964036,341.42,38.4,2014,2014
1002810015,34 EAST BROADWAY,3ClU1f2CnG2rPrLtpE7YyA,2018-06,2018,40.71353187772569,-73.99633984284792,40.71373660000002,-73.9964036,346.72,38.4,2018,2018
1002810015,34 EAST BROADWAY,I76a_SDbptIEMdLcCJoeCA,2022-07,2022,40.71353559817929,-73.99636288750277,40.71373660000002,-73.9964036,351.27,38.4,2022,2022
1002810015,34 EAST BROADWAY,F42lSEb4FV-J3MgWqiejOg,2026-04,2026,40.71353567233264,-73.99633840816114,40.71373660000002,-73.9964036,346.18,38.4,2026,2026
1002810016,36 EAST BROADWAY,6VZX-KntnravN8XbvzK25Q,2012-08,2012,40.71357050626908,-73.99633562845548,40.713753,-73.9963134,5.27,41.59,2007,2012
1002810016,36 EAST BROADWAY,6VZX-KntnravN8XbvzK25Q,2012-08,2012,40.71357050626908,-73.99633562845548,40.713753,-73.9963134,5.27,41.59,2011,2012
1002810016,36 EAST BROADWAY,Mh7aP8WpVlM8RcnOl9t0-A,2014-09,2014,40.71353261464328,-73.99631312180496,40.713753,-73.9963134,359.95,41.59,2014,2014
1002810016,36 EAST BROADWAY,3ClU1f2CnG2rPrLtpE7YyA,2018-06,2018,40.71353187772569,-73.99633984284792,40.713753,-73.9963134,5.18,41.59,2018,2018
1002810016,36 EAST BROADWAY,I76a_SDbptIEMdLcCJoeCA,2022-07,2022,40.71353559817929,-73.99636288750277,40.713753,-73.9963134,9.79,41.59,2022,2022
1002810016,36 EAST BROADWAY,F42lSEb4FV-J3MgWqiejOg,2026-04,2026,40.71353567233264,-73.99633840816114,40.713753,-73.9963134,4.98,41.59,2026,2026
1002810017,38 EAST BROADWAY,YcwKQbGq4ZWiRdbDQDPeyw,2012-08,2012,40.7135793900647,-73.99621421804646,40.71375299999999,-73.9962269,356.83,38.95,2007,2012
1002810017,38 EAST BROADWAY,YcwKQbGq4ZWiRdbDQDPeyw,2012-08,2012,40.7135793900647,-73.99621421804646,40.71375299999999,-73.9962269,356.83,38.95,2011,2012
1002810017,38 EAST BROADWAY,MsejCvybUPOngQM92j5eQA,2014-09,2014,40.71356487917366,-73.996244346486,40.71375299999999,-73.9962269,4.02,38.95,2014,2014
1002810017,38 EAST BROADWAY,Ci-ZuoKVwxBaHyISqSdBNg,2018-06,2018,40.71354725558724,-73.9961674113542,40.71375299999999,-73.9962269,347.64,38.95,2018,2018
1002810017,38 EAST BROADWAY,s4EHVOVayeN8GFAqanX_Vg,2022-07,2022,40.71357434410749,-73.99624300146648,40.71375299999999,-73.9962269,3.91,38.95,2022,2022
1002810017,38 EAST BROADWAY,teIXpVxrgAPMyptCJhMIsg,2026-04,2026,40.71354737766758,-73.9962124246868,40.71375299999999,-73.9962269,356.95,38.95,2026,2026
1002810018,40 EAST BROADWAY,wxhuE47JApfkSTiJoHaXvw,2012-08,2012,40.71358803708812,-73.99608635146161,40.7137613,-73.99613670000001,347.58,39.15,2007,2012
1002810018,40 EAST BROADWAY,wxhuE47JApfkSTiJoHaXvw,2012-08,2012,40.71358803708812,-73.99608635146161,40.7137613,-73.99613670000001,347.58,39.15,2011,2012
1002810018,40 EAST BROADWAY,XySEK6OL9UzIxwkI0dQ9Ig,2014-09,2014,40.71357600357704,-73.9961089478068,40.7137613,-73.99613670000001,353.52,39.15,2014,2014
1002810018,40 EAST BROADWAY,NqSqWWObB5RTzeWRT__pcg,2018-06,2018,40.71355288236283,-73.99610867880271,40.7137613,-73.99613670000001,354.18,39.15,2018,2018
1002810018,40 EAST BROADWAY,zBLyycmWFeuZz3tX9d4Npg,2022-07,2022,40.71358313705409,-73.99611988730629,40.7137613,-73.99613670000001,355.91,39.15,2022,2022
1002810018,40 EAST BROADWAY,ek4ErWGP8lfZkrfkNSPPAg,2026-04,2026,40.71355949160328,-73.99609836697884,40.7137613,-73.99613670000001,351.81,39.15,2026,2026
1002810019,42 EAST BROADWAY,v9ARGyvmbMLmrZ_ws-0otg,2012-08,2012,40.71359673823163,-73.99596099549832,40.713772199999994,-73.9959996,350.53,38.8,2007,2012
1002810019,42 EAST BROADWAY,v9ARGyvmbMLmrZ_ws-0otg,2012-08,2012,40.71359673823163,-73.99596099549832,40.713772199999994,-73.9959996,350.53,38.8,2011,2012
1002810019,42 EAST BROADWAY,Q6s7GrDmSDMl-kjuylrIvQ,2014-08,2014,40.71356410847448,-73.99598197783264,40.713772199999994,-73.9959996,356.33,38.8,2014,2014
1002810019,42 EAST BROADWAY,uIGk5XLM1fiyXoNydGql0Q,2018-06,2018,40.71357293314149,-73.99596547890329,40.713772199999994,-73.9959996,352.6,38.8,2018,2018
1002810019,42 EAST BROADWAY,AI7pNn3LCf20SmjSQ6Ij7w,2022-07,2022,40.71359485614947,-73.99597910845372,40.713772199999994,-73.9959996,354.99,38.8,2022,2022
1002810019,42 EAST BROADWAY,a-EHy8uBphiUxHOtvQ8uNA,2026-04,2026,40.71357100259791,-73.99597686675142,40.713772199999994,-73.9959996,355.1,38.8,2026,2026
1002810021,46 EAST BROADWAY,GkSVF_NZ4__Zr1oN4Epmow,2012-08,2012,40.71359977120922,-73.99589993151224,40.713879299999995,-73.9958806,3.0,73.84,2007,2012
1002810021,46 EAST BROADWAY,GkSVF_NZ4__Zr1oN4Epmow,2012-08,2012,40.71359977120922,-73.99589993151224,40.713879299999995,-73.9958806,3.0,73.84,2011,2012
1002810021,46 EAST BROADWAY,xM0rPnco8KrxBvK-aJIZrQ,2014-10,2014,40.71358845133128,-73.99588128054052,40.713879299999995,-73.9958806,0.1,73.84,2014,2014
1002810021,46 EAST BROADWAY,I11XLP4BvPMmsF-lkXBxBA,2018-06,2018,40.71357969309727,-73.99583707414355,40.713879299999995,-73.9958806,353.72,73.84,2018,2018
1002810021,46 EAST BROADWAY,8p8IB8kjB8oxosbuWKP2dw,2022-07,2022,40.71357750874324,-73.99583124571318,40.713879299999995,-73.9958806,352.93,73.84,2022,2022
1002810021,46 EAST BROADWAY,tnOcM6OWu8P6I5GyvKi7Eg,2026-04,2026,40.71358538854732,-73.9958607465359,40.713879299999995,-73.9958806,357.07,73.84,2026,2026
1002810022,48 EAST BROADWAY,kbYHWwBlGzL8FYWNohpNIA,2012-08,2012,40.71361658231546,-73.995728037632,40.7137914,-73.995776,348.25,38.74,2007,2012
1002810022,48 EAST BROADWAY,kbYHWwBlGzL8FYWNohpNIA,2012-08,2012,40.71361658231546,-73.995728037632,40.7137914,-73.995776,348.25,38.74,2011,2012
1002810022,48 EAST BROADWAY,rz9BYDo35iU8gAtOvCqUyg,2014-10,2014,40.71357337686781,-73.99576327723504,40.7137914,-73.995776,357.47,38.74,2014,2014
1002810022,48 EAST BROADWAY,W51mASdiPBPEuH4HjnrkjQ,2018-06,2018,40.7135859631741,-73.99571691877374,40.7137914,-73.995776,347.7,38.74,2018,2018
1002810022,48 EAST BROADWAY,oGO0b2q8i7oe_mdNaa4_Iw,2022-07,2022,40.71358611079624,-73.99572274720758,40.7137914,-73.995776,348.88,38.74,2022,2022
1002810022,48 EAST BROADWAY,FOecNqkvSpFM6D2UzUREeQ,2026-04,2026,40.71360028708575,-73.99574292255419,40.7137914,-73.995776,352.53,38.74,2026,2026
1002810023,50 EAST BROADWAY,lJ4njh37atAoVlqCLMuHvg,2012-08,2012,40.7136288617809,-73.99561568333277,40.713796900000006,-73.9956858,342.45,37.9,2007,2012
1002810023,50 EAST BROADWAY,lJ4njh37atAoVlqCLMuHvg,2012-08,2012,40.7136288617809,-73.99561568333277,40.713796900000006,-73.9956858,342.45,37.9,2011,2012
1002810023,50 EAST BROADWAY,W3P0KUBKiqFcGFwsNVAY2A,2014-10,2014,40.71361890714588,-73.99565666172408,40.713796900000006,-73.9956858,352.93,37.9,2014,2014
1002810023,50 EAST BROADWAY,T8a8fOs2o9gCCJyS--ZIVA,2018-06,2018,40.71359876674175,-73.99564921925979,40.713796900000006,-73.9956858,352.03,37.9,2018,2018
1002810023,50 EAST BROADWAY,CG2BmiUsKYVWqXaxIPcn-g,2022-07,2022,40.71362558962278,-73.9956293129081,40.713796900000006,-73.9956858,345.97,37.9,2022,2022
1002810023,50 EAST BROADWAY,f9pLw_KPXMiThncxJvlS2g,2026-04,2026,40.71359998043105,-73.99561415897232,40.713796900000006,-73.9956858,344.58,37.9,2026,2026
1002810024,52 EAST BROADWAY,lJ4njh37atAoVlqCLMuHvg,2012-08,2012,40.7136288617809,-73.99561568333277,40.71381890000001,-73.9955992,3.76,43.15,2007,2012
1002810024,52 EAST BROADWAY,lJ4njh37atAoVlqCLMuHvg,2012-08,2012,40.7136288617809,-73.99561568333277,40.71381890000001,-73.9955992,3.76,43.15,2011,2012
1002810024,52 EAST BROADWAY,W3P0KUBKiqFcGFwsNVAY2A,2014-10,2014,40.71361890714588,-73.99565666172408,40.71381890000001,-73.9955992,12.29,43.15,2014,2014
1002810024,52 EAST BROADWAY,T8a8fOs2o9gCCJyS--ZIVA,2018-06,2018,40.71359876674175,-73.99564921925979,40.71381890000001,-73.9955992,9.77,43.15,2018,2018
1002810024,52 EAST BROADWAY,CG2BmiUsKYVWqXaxIPcn-g,2022-07,2022,40.71362558962278,-73.9956293129081,40.71381890000001,-73.9955992,6.73,43.15,2022,2022
1002810024,52 EAST BROADWAY,f9pLw_KPXMiThncxJvlS2g,2026-04,2026,40.71359998043105,-73.99561415897232,40.71381890000001,-73.9955992,2.96,43.15,2026,2026
1002810025,54 EAST BROADWAY,WGpVzKJ8Mz0ifvzAzO1NDQ,2012-08,2012,40.71364299569853,-73.9954445962127,40.7138106,-73.99550540000001,344.62,37.21,2007,2012
1002810025,54 EAST BROADWAY,WGpVzKJ8Mz0ifvzAzO1NDQ,2012-08,2012,40.71364299569853,-73.9954445962127,40.7138106,-73.99550540000001,344.62,37.21,2011,2012
1002810025,54 EAST BROADWAY,_qVYb52glnFFoB5X8J9mVQ,2014-10,2014,40.71361287744975,-73.99543222198112,40.7138106,-73.99550540000001,344.33,37.21,2014,2014
1002810025,54 EAST BROADWAY,zgd5aMwpNZkxbqQW6K4-4g,2018-06,2018,40.71360930917673,-73.99543365667468,40.7138106,-73.99550540000001,344.88,37.21,2018,2018
1002810025,54 EAST BROADWAY,gfMeP_aMT3nadTzCcLJ6Tw,2022-07,2022,40.71360872468261,-73.99547687681309,40.7138106,-73.99550540000001,353.89,37.21,2022,2022
1002810025,54 EAST BROADWAY,4LKWWr3kYgRHbxENj2z_nw,2026-04,2026,40.71361295721064,-73.99546629595024,40.7138106,-73.99550540000001,351.47,37.21,2026,2026
1002810026,56 EAST BROADWAY,Y_J-EqDhXKgT3wTR0CW2Bg,2012-08,2012,40.71365102394114,-73.99532354391287,40.7138326,-73.9954152,339.06,42.34,2007,2012
1002810026,56 EAST BROADWAY,Y_J-EqDhXKgT3wTR0CW2Bg,2012-08,2012,40.71365102394114,-73.99532354391287,40.7138326,-73.9954152,339.06,42.34,2011,2012
1002810026,56 EAST BROADWAY,Gq-zzxcq22tp1aaZKk0fDg,2014-10,2014,40.71362581325636,-73.99531385972557,40.7138326,-73.9954152,339.62,42.34,2014,2014
1002810026,56 EAST BROADWAY,SW07DrsTm7broTfjYxOS0Q,2018-06,2018,40.71362173719888,-73.99531224569431,40.7138326,-73.9954152,339.69,42.34,2018,2018
1002810026,56 EAST BROADWAY,_RbrpfEoBtH2iyjbj7B8fw,2022-07,2022,40.71361723188819,-73.9953565418807,40.7138326,-73.9954152,348.34,42.34,2022,2022
1002810026,56 EAST BROADWAY,Dc-RLjADOduFRhb03TnPbw,2026-04,2026,40.71362837486421,-73.99535107210924,40.7138326,-73.9954152,346.61,42.34,2026,2026
1002810027,58 EAST BROADWAY,Y_J-EqDhXKgT3wTR0CW2Bg,2012-08,2012,40.71365102394114,-73.99532354391287,40.7138244,-73.9953251,359.61,36.55,2007,2012
1002810027,58 EAST BROADWAY,Y_J-EqDhXKgT3wTR0CW2Bg,2012-08,2012,40.71365102394114,-73.99532354391287,40.7138244,-73.9953251,359.61,36.55,2011,2012
1002810027,58 EAST BROADWAY,Gq-zzxcq22tp1aaZKk0fDg,2014-10,2014,40.71362581325636,-73.99531385972557,40.7138244,-73.9953251,357.54,36.55,2014,2014
1002810027,58 EAST BROADWAY,SW07DrsTm7broTfjYxOS0Q,2018-06,2018,40.71362173719888,-73.99531224569431,40.7138244,-73.9953251,357.25,36.55,2018,2018
1002810027,58 EAST BROADWAY,_RbrpfEoBtH2iyjbj7B8fw,2022-07,2022,40.71361723188819,-73.9953565418807,40.7138244,-73.9953251,6.56,36.55,2022,2022
1002810027,58 EAST BROADWAY,Dc-RLjADOduFRhb03TnPbw,2026-04,2026,40.71362837486421,-73.99535107210924,40.7138244,-73.9953251,5.73,36.55,2026,2026
1002810028,60 EAST BROADWAY,O-OGtjwykzBAxaXDhBfGBw,2012-08,2012,40.71365816816245,-73.99520796131226,40.7138326,-73.9952349,353.32,36.69,2007,2012
1002810028,60 EAST BROADWAY,O-OGtjwykzBAxaXDhBfGBw,2012-08,2012,40.71365816816245,-73.99520796131226,40.7138326,-73.9952349,353.32,36.69,2011,2012
1002810028,60 EAST BROADWAY,pLqnOynfzw5pmm93GDhh4A,2014-10,2014,40.71366484517205,-73.99520078783593,40.7138326,-73.9952349,351.24,36.69,2014,2014
1002810028,60 EAST BROADWAY,39Hhe2jcoKUTknWqdQzQdA,2018-06,2018,40.71363234387663,-73.99519980148291,40.7138326,-73.9952349,352.43,36.69,2018,2018
1002810028,60 EAST BROADWAY,IumbRnpB_FL0aQ7O38qTCA,2022-07,2022,40.71362593721376,-73.99523441350398,40.7138326,-73.9952349,359.9,36.69,2022,2022
1002810028,60 EAST BROADWAY,BZXw1GhYICJqz5tcL8bEuQ,2026-04,2026,40.71364037967128,-73.99522454997529,40.7138326,-73.9952349,357.66,36.69,2026,2026
1002810029,62 EAST BROADWAY,XcjGP-9a-NRc3IXH4fFtng,2012-08,2012,40.71366782960134,-73.99509417201212,40.713840799999986,-73.9951483,346.66,36.94,2007,2012
1002810029,62 EAST BROADWAY,XcjGP-9a-NRc3IXH4fFtng,2012-08,2012,40.71366782960134,-73.99509417201212,40.713840799999986,-73.9951483,346.66,36.94,2011,2012
1002810029,62 EAST BROADWAY,loe2FqD73a3cyiwVch9FnA,2014-10,2014,40.71364116466237,-73.99506359504917,40.713840799999986,-73.9951483,342.17,36.94,2014,2014
1002810029,62 EAST BROADWAY,gJXJzQm2A36m-uM4uESuaA,2018-06,2018,40.71367048818126,-73.9950586632805,40.713840799999986,-73.9951483,338.25,36.94,2018,2018
1002810029,62 EAST BROADWAY,3Uxl_hFq_Qwoh0G-AoCQtA,2022-07,2022,40.71366129889915,-73.99509067494034,40.713840799999986,-73.9951483,346.32,36.94,2022,2022
1002810029,62 EAST BROADWAY,k9V-60n2jBLVgir0Dvk18A,2026-04,2026,40.7136482507094,-73.9950997314594,40.713840799999986,-73.9951483,349.18,36.94,2026,2026
1002810030,64 EAST BROADWAY,o1WeMR3YcErBHEm_DEFA9Q,2011-07,2011,40.71404014735167,-73.99476580566242,40.7139451,-73.9950689,247.52,67.04,2007,2011
1002810030,64 EAST BROADWAY,o1WeMR3YcErBHEm_DEFA9Q,2011-07,2011,40.71404014735167,-73.99476580566242,40.7139451,-73.9950689,247.52,67.04,2011,2011
1002810030,64 EAST BROADWAY,TZ_EB4DLPUREzqDbWRxkwA,2014-09,2014,40.71403015799434,-73.994745899219,40.7139451,-73.9950689,250.84,67.04,2014,2014
1002810030,64 EAST BROADWAY,cbKGwSHXGYO3n2NUlO_hOQ,2018-06,2018,40.71401353189142,-73.99474249180955,40.7139451,-73.9950689,254.54,67.04,2018,2018
1002810030,64 EAST BROADWAY,cUVqs-mK2f_3tm_SbEhObA,2022-07,2022,40.7140103049946,-73.99473729102661,40.7139451,-73.9950689,255.46,67.04,2022,2022
1002810030,64 EAST BROADWAY,JHHQLAevTA7e-o9hslV92w,2026-04,2026,40.71402468021474,-73.9947716341252,40.7139451,-73.9950689,250.55,67.04,2026,2026
1002810031,66 EAST BROADWAY,iwIoD6z0f0vkFhtkmV4ZGw,2012-08,2012,40.71367864092404,-73.99497625789064,40.7138545,-73.9949643,2.95,36.14,2007,2012
1002810031,66 EAST BROADWAY,iwIoD6z0f0vkFhtkmV4ZGw,2012-08,2012,40.71367864092404,-73.99497625789064,40.7138545,-73.9949643,2.95,36.14,2011,2012
1002810031,66 EAST BROADWAY,YraLOxTRkiX1dP6UsgP5VQ,2014-10,2014,40.71368016085955,-73.99498325203827,40.7138545,-73.9949643,4.71,36.14,2014,2014
1002810031,66 EAST BROADWAY,6srbYaux_p9-vOWtAXU8LQ,2018-06,2018,40.71365734530955,-73.99496971208558,40.7138545,-73.9949643,1.19,36.14,2018,2018
1002810031,66 EAST BROADWAY,mNmwVcdTYRt4UmmALal20g,2022-07,2022,40.71364609216237,-73.99500046840059,40.7138545,-73.9949643,7.49,36.14,2022,2022
1002810031,66 EAST BROADWAY,gmF3uKJpi3wh5lzINGb7yA,2026-04,2026,40.71365684642213,-73.99498002397017,40.7138545,-73.9949643,3.45,36.14,2026,2026
1002810032,68 EAST BROADWAY,jCy4GTM3ZWxNijuLXxYi2Q,2011-07,2011,40.71395063439562,-73.99472025397802,40.71386279999999,-73.9948742,233.03,27.63,2007,2011
1002810032,68 EAST BROADWAY,jCy4GTM3ZWxNijuLXxYi2Q,2011-07,2011,40.71395063439562,-73.99472025397802,40.71386279999999,-73.9948742,233.03,27.63,2011,2011
1002810032,68 EAST BROADWAY,C0p_EwVGiuwtzxLcc8rc6w,2014-06,2014,40.7139172957237,-73.99469102198587,40.71386279999999,-73.9948742,248.57,27.63,2014,2014
1002810032,68 EAST BROADWAY,O1zj4XdUc510qfqHkJcMkw,2018-06,2018,40.71393327936205,-73.99469362237798,40.71386279999999,-73.9948742,242.76,27.63,2018,2018
1002810032,68 EAST BROADWAY,4a2dKEuofKqX96zQJAgMuQ,2022-07,2022,40.71393034147924,-73.99468833192502,40.71386279999999,-73.9948742,244.39,27.63,2022,2022
1002810032,68 EAST BROADWAY,t5OpC5yj6niknPcdKg9ymA,2026-04,2026,40.71394116467835,-73.99472635144821,40.71386279999999,-73.9948742,235.04,27.63,2026,2026
1002810033,70 EAST BROADWAY,qgamtABtEosRZXpuVc27eQ,2011-07,2011,40.71386568463728,-73.99467443327669,40.713840799999986,-73.9947984,255.17,10.96,2007,2011
1002810033,70 EAST BROADWAY,qgamtABtEosRZXpuVc27eQ,2011-07,2011,40.71386568463728,-73.99467443327669,40.713840799999986,-73.9947984,255.17,10.96,2011,2011
1002810033,70 EAST BROADWAY,2Hq_YTu-iTmecdxsswdSTw,2014-09,2014,40.71385942446429,-73.99465156775626,40.713840799999986,-73.9947984,260.5,10.96,2014,2014
1002810033,70 EAST BROADWAY,LOXhXREF5HNepz9BqS4k9g,2018-06,2018,40.7138334901447,-73.99464529094625,40.713840799999986,-73.9947984,273.6,10.96,2018,2018
1002810033,70 EAST BROADWAY,OAtiiQI-U_WvxLUFBuc0dQ,2022-07,2022,40.71387336475709,-73.99468124809792,40.713840799999986,-73.9947984,249.86,10.96,2022,2022
1002810033,70 EAST BROADWAY,lpLInCJe8DG9Ki5g7-fjVA,2026-04,2026,40.71385525565299,-73.9946860005389,40.713840799999986,-73.9947984,260.37,10.96,2026,2026
1002810036,MARKET STREET,o1WeMR3YcErBHEm_DEFA9Q,2011-07,2011,40.71404014735167,-73.99476580566242,40.713969799999994,-73.9948417,219.27,5.09,2007,2011
1002810036,MARKET STREET,o1WeMR3YcErBHEm_DEFA9Q,2011-07,2011,40.71404014735167,-73.99476580566242,40.713969799999994,-73.9948417,219.27,5.09,2011,2011
1002810036,MARKET STREET,TZ_EB4DLPUREzqDbWRxkwA,2014-09,2014,40.71403015799434,-73.994745899219,40.713969799999994,-73.9948417,230.27,5.09,2014,2014
1002810036,MARKET STREET,cbKGwSHXGYO3n2NUlO_hOQ,2018-06,2018,40.71401353189142,-73.99474249180955,40.713969799999994,-73.9948417,239.82,5.09,2018,2018
1002810036,MARKET STREET,cUVqs-mK2f_3tm_SbEhObA,2022-07,2022,40.7140103049946,-73.99473729102661,40.713969799999994,-73.9948417,242.9,5.09,2022,2022
1002810036,MARKET STREET,JHHQLAevTA7e-o9hslV92w,2026-04,2026,40.71402468021474,-73.9947716341252,40.713969799999994,-73.9948417,224.06,5.09,2026,2026
1002810037,57 DIVISION STREET,Hb4XHhFgBt6HC3hwopbvIQ,2011-07,2011,40.71408453802671,-73.99478786415139,40.714035699999975,-73.9949138,242.9,15.0,2007,2011
1002810037,57 DIVISION STREET,Hb4XHhFgBt6HC3hwopbvIQ,2011-07,2011,40.71408453802671,-73.99478786415139,40.714035699999975,-73.9949138,242.9,15.0,2011,2011
1002810037,57 DIVISION STREET,tnNuaI0uc5_somjbyDj3hQ,2014-09,2014,40.71403825774277,-73.99477907662357,40.714035699999975,-73.9949138,268.57,15.0,2014,2014
1002810037,57 DIVISION STREET,qn0qEqCAEh59HnThd6QmxQ,2018-06,2018,40.71405399511005,-73.99476930274012,40.714035699999975,-73.9949138,260.52,15.0,2018,2018
1002810037,57 DIVISION STREET,tlTsx1YUcH3AkUU0zmxJBA,2022-07,2022,40.71404777022433,-73.99476051521144,40.714035699999975,-73.9949138,264.07,15.0,2022,2022
1002810037,57 DIVISION STREET,sSr1n5qTYB5yIu6EpK5IqA,2026-04,2026,40.71406908795093,-73.99479647234152,40.714035699999975,-73.9949138,249.42,15.0,2026,2026
1002810038,53 DIVISION STREET,Hb4XHhFgBt6HC3hwopbvIQ,2011-07,2011,40.71408453802671,-73.99478786415139,40.71404940000002,-73.9949932,257.28,33.7,2007,2011
1002810038,53 DIVISION STREET,Hb4XHhFgBt6HC3hwopbvIQ,2011-07,2011,40.71408453802671,-73.99478786415139,40.71404940000002,-73.9949932,257.28,33.7,2011,2011
1002810038,53 DIVISION STREET,tnNuaI0uc5_somjbyDj3hQ,2014-09,2014,40.71403825774277,-73.99477907662357,40.71404940000002,-73.9949932,273.93,33.7,2014,2014
1002810038,53 DIVISION STREET,qn0qEqCAEh59HnThd6QmxQ,2018-06,2018,40.71405399511005,-73.99476930274012,40.71404940000002,-73.9949932,268.45,33.7,2018,2018
1002810038,53 DIVISION STREET,tlTsx1YUcH3AkUU0zmxJBA,2022-07,2022,40.71404777022433,-73.99476051521144,40.71404940000002,-73.9949932,270.53,33.7,2022,2022
1002810038,53 DIVISION STREET,sSr1n5qTYB5yIu6EpK5IqA,2026-04,2026,40.71406908795093,-73.99479647234152,40.71404940000002,-73.9949932,262.48,33.7,2026,2026
1002810040,49 DIVISION STREET,9i-Mc1od3A4eOEEPcZYWjA,2009-04,2009,40.71422205269204,-73.99512295560032,40.7140329,-73.9951772,192.26,42.51,2007,2009
1002810040,49 DIVISION STREET,B6mGqkdfM5tkFYwivR9BxQ,2011-07,2011,40.7142284625712,-73.9951920899955,40.7140329,-73.9951772,176.7,42.51,2011,2011
1002810040,49 DIVISION STREET,Fb1UZ0GPoskKVSl5V3dsxw,2014-10,2014,40.71422177378835,-73.99519971181445,40.7140329,-73.9951772,174.84,42.51,2014,2014
1002810040,49 DIVISION STREET,ynv2by-lgU6iiOl10rzKzw,2018-06,2018,40.71422683710929,-73.99519764943993,40.7140329,-73.9951772,175.43,42.51,2018,2018
1002810040,49 DIVISION STREET,cSSNnn4ALENRbglNvzQ7dQ,2022-07,2022,40.71422921344954,-73.99518993795245,40.7140329,-73.9951772,177.18,42.51,2022,2022
1002810040,49 DIVISION STREET,TNCt9AkZ_HhsiH-WQlyXBg,2026-04,2026,40.71422106556971,-73.99515801597765,40.7140329,-73.9951772,184.42,42.51,2026,2026
1002810041,47 DIVISION STREET,poE2X-Yhd_72Oqvvzm_ZrA,2009-04,2009,40.71421826572811,-73.99525423022824,40.7140247,-73.9952637,182.12,43.2,2007,2009
1002810041,47 DIVISION STREET,Vyvs-INvQY5ZQtXxN1OJpQ,2011-07,2011,40.7142256616989,-73.99525638227057,40.7140247,-73.9952637,181.58,43.2,2011,2011
1002810041,47 DIVISION STREET,TMxBNnbQWEGlPsz0X2yyAQ,2014-10,2014,40.71422305818665,-73.99526355574484,40.7140247,-73.9952637,180.03,43.2,2014,2014
1002810041,47 DIVISION STREET,dQKvmJO0MwpIr1mAMaTRig,2018-06,2018,40.71421940588905,-73.995314397736,40.7140247,-73.9952637,168.84,43.2,2018,2018
1002810041,47 DIVISION STREET,sSMtozVH5V6-3spIAUTRuA,2022-07,2022,40.71422618195494,-73.99525154017529,40.7140247,-73.9952637,182.62,43.2,2022,2022
1002810041,47 DIVISION STREET,GN1m6eFNe9uiuOq-G2mPOA,2026-04,2026,40.71421328118,-73.995281848103,40.7140247,-73.9952637,175.83,43.2,2026,2026
1002810042,45 DIVISION STREET,AVeZWYcq1xnVeG7xGscS8A,2009-04,2009,40.7142108016441,-73.99543670539845,40.71401920000001,-73.99535390000001,161.86,42.82,2007,2009
1002810042,45 DIVISION STREET,peibhD5ZpL9zYHjQW6mhkA,2011-06,2011,40.71421068076085,-73.99544755526797,40.71401920000001,-73.99535390000001,159.66,42.82,2011,2011
1002810042,45 DIVISION STREET,ZqTxi9l6dpqICOoiIqBTCw,2014-09,2014,40.71420718284925,-73.99539097453673,40.71401920000001,-73.99535390000001,171.5,42.82,2014,2014
1002810042,45 DIVISION STREET,cSqrAOAKqcv-pGMvLl6gxg,2018-06,2018,40.71420950223496,-73.99543392567972,40.71401920000001,-73.99535390000001,162.32,42.82,2018,2018
1002810042,45 DIVISION STREET,MPiwBIMFezPOBTXcv8h3yA,2022-07,2022,40.71421225859301,-73.995435808715,40.71401920000001,-73.99535390000001,162.17,42.82,2022,2022
1002810042,45 DIVISION STREET,Niu4ubgLd_1hh2sF8vGx1g,2026-04,2026,40.71420654578671,-73.99540137606702,40.71401920000001,-73.99535390000001,169.13,42.82,2026,2026
1002810044,41 DIVISION STREET,Nkd1romyY_3CPd4TYaSBuw,2009-04,2009,40.71420764632526,-73.99553094680654,40.71401370000001,-73.9954946,171.92,41.1,2007,2009
1002810044,41 DIVISION STREET,3q2LTuIWWZ-zRvKXG8sTbA,2011-07,2011,40.71420333192373,-73.99552180063957,40.71401370000001,-73.9954946,173.79,41.1,2011,2011
1002810044,41 DIVISION STREET,IIP-0B1kl_iSxroXY3oeFg,2014-10,2014,40.71417953877005,-73.99551785523407,40.71401370000001,-73.9954946,173.93,41.1,2014,2014
1002810044,41 DIVISION STREET,2VJ1CnYh3ZE9XrCpXLwe6g,2018-06,2018,40.71420131441938,-73.99554161733413,40.71401370000001,-73.9954946,169.24,41.1,2018,2018
1002810044,41 DIVISION STREET,5wRKd1WTmCPfjoGuUewHDQ,2022-07,2022,40.71420692404125,-73.99549606583406,40.71401370000001,-73.9954946,179.67,41.1,2022,2022
1002810044,41 DIVISION STREET,koezEWLSgaZ_TITdS8iQcQ,2026-04,2026,40.71419959924035,-73.99552260765432,40.71401370000001,-73.9954946,173.49,41.1,2026,2026
1002810045,39 DIVISION STREET,kLv0v7OMDk7GkNVqyx4xzA,2009-04,2009,40.71420348183182,-73.99567020162826,40.7140138,-73.9956281,170.45,37.55,2007,2009
1002810045,39 DIVISION STREET,nOxfRHP_t6z88BcV87O4dA,2011-06,2011,40.71419652680695,-73.995613710631,40.7140138,-73.9956281,183.42,37.55,2011,2011
1002810045,39 DIVISION STREET,ipKGmDPBd7W6G3GW3mPtiA,2014-10,2014,40.71417162714638,-73.99562536750481,40.7140138,-73.9956281,180.75,37.55,2014,2014
1002810045,39 DIVISION STREET,_U5Efl4fCuniRvlacaZlTg,2018-06,2018,40.7141929225655,-73.9956005293959,40.7140138,-73.9956281,186.65,37.55,2018,2018
1002810045,39 DIVISION STREET,39EKQgbVIMQVYYoq5JeSqQ,2022-07,2022,40.71419626666906,-73.99561613167408,40.7140138,-73.9956281,182.85,37.55,2022,2022
1002810045,39 DIVISION STREET,ok-OWZVLCDq-MHD1qOU34A,2026-04,2026,40.71419227859457,-73.99563801072868,40.7140138,-73.9956281,177.59,37.55,2026,2026
1002810046,37 DIVISION STREET,6e9l5qQKTQXLKGfAhUT-Ag,2009-04,2009,40.71420186793367,-73.99576148387118,40.71398910000002,-73.9957615,180.0,42.99,2007,2009
1002810046,37 DIVISION STREET,KiSLs_p3d4qjbeV3_PHwgw,2011-06,2011,40.71416399101417,-73.99577152670861,40.71398910000002,-73.9957615,177.51,42.99,2011,2011
1002810046,37 DIVISION STREET,3IlQiTbjZBvwctk85xkqZA,2014-10,2014,40.71416040619318,-73.99575475875653,40.71398910000002,-73.9957615,181.71,42.99,2014,2014
1002810046,37 DIVISION STREET,fPDFOrsqxwbZ5AhNeFLapg,2018-06,2018,40.71417025099635,-73.99573162436035,40.71398910000002,-73.9957615,187.13,42.99,2018,2018
1002810046,37 DIVISION STREET,38sQRlMZXiFUU1_S7u4kIw,2022-07,2022,40.71418263978333,-73.99578972935011,40.71398910000002,-73.9957615,173.69,42.99,2022,2022
1002810046,37 DIVISION STREET,1y8f9ERfE3MBIKj1xn6WOA,2026-04,2026,40.71418471726911,-73.99576022851646,40.71398910000002,-73.9957615,180.28,42.99,2026,2026
1002810049,31 DIVISION STREET,ap7L1FCrWvhk1DYOV5zG5g,2009-04,2009,40.71418748047638,-73.99604142776747,40.713972599999984,-73.9959888,169.48,42.98,2007,2009
1002810049,31 DIVISION STREET,Jv9wMn119KERyK-g-DEe5Q,2011-07,2011,40.71416738970819,-73.99600986460678,40.713972599999984,-73.9959888,175.31,42.98,2011,2011
1002810049,31 DIVISION STREET,4T6RBCW54zmx3-MQFc5W8g,2014-10,2014,40.71414240180429,-73.99602143178844,40.713972599999984,-73.9959888,171.71,42.98,2014,2014
1002810049,31 DIVISION STREET,fooKVYnGONAKLgwZvRqCZw,2018-06,2018,40.71414393221698,-73.99597211434244,40.713972599999984,-73.9959888,184.22,42.98,2018,2018
1002810049,31 DIVISION STREET,egcWWChtfCtGcHhqmA9nPg,2022-07,2022,40.71416423351912,-73.99601739672514,40.713972599999984,-73.9959888,173.55,42.98,2022,2022
1002810049,31 DIVISION STREET,7gJRMC9wnNf33mY8lZSqdw,2026-04,2026,40.71416439710293,-73.99601748639321,40.713972599999984,-73.9959888,173.53,42.98,2026,2026
1002810050,27 DIVISION STREET,Cw08WczyLItpA_2yPWsGrQ,2009-04,2009,40.71417519720414,-73.99618301358622,40.7139616,-73.9961259,168.54,43.36,2007,2009
1002810050,27 DIVISION STREET,SOrZsozdJulFvL-rOczJHA,2011-07,2011,40.71415870564877,-73.99613001979297,40.7139616,-73.9961259,179.09,43.36,2011,2011
1002810050,27 DIVISION STREET,fWCjEzp4sXQysvXmCGSKgg,2014-10,2014,40.71413625446788,-73.99613979360703,40.7139616,-73.9961259,176.55,43.36,2014,2014
1002810050,27 DIVISION STREET,ANRgnCqX-0hR3bRpBJiTYQ,2018-06,2018,40.71413732101583,-73.99611486589677,40.7139616,-73.9961259,182.72,43.36,2018,2018
1002810050,27 DIVISION STREET,W5n6RhSpltaJGwpFOrESsA,2022-07,2022,40.71414974377821,-73.99618651063805,40.7139616,-73.9961259,166.28,43.36,2022,2022
1002810050,27 DIVISION STREET,XWriDFrhobCAFNuP6tHL7Q,2026-04,2026,40.71415460454842,-73.99614418733981,40.7139616,-73.9961259,175.89,43.36,2026,2026
1002810052,25 DIVISION STREET,ilcqT81CmAwA5SwkJOfhqQ,2009-04,2009,40.71417081960954,-73.99622874425897,40.7139506,-73.99625930000002,186.0,43.83,2007,2009
1002810052,25 DIVISION STREET,vChasJeZ-hOm1umQt-2-qg,2011-07,2011,40.71415202601568,-73.99625367195443,40.7139506,-73.99625930000002,181.21,43.83,2011,2011
1002810052,25 DIVISION STREET,HZ6ccRTbaLOZC8b6OQ7rdQ,2014-10,2014,40.71412566409055,-73.9962629974224,40.7139506,-73.99625930000002,179.08,43.83,2014,2014
1002810052,25 DIVISION STREET,36EYUMs_920ALd-AxBI0Tw,2018-06,2018,40.71411912331379,-73.99626102472729,40.7139506,-73.99625930000002,179.56,43.83,2018,2018
1002810052,25 DIVISION STREET,qtGdoESSUZyiQrwEOW5xpQ,2022-07,2022,40.71414447470743,-73.99624084943522,40.7139506,-73.99625930000002,184.13,43.83,2022,2022
1002810052,25 DIVISION STREET,4dNHxhIRxK392_XeVb3vGA,2026-04,2026,40.71414441849468,-73.99626864650374,40.7139506,-73.99625930000002,177.91,43.83,2026,2026
1002810053,23 DIVISION STREET,lDDBQtxqNCerfS17L5_eDw,2009-04,2009,40.71415846973245,-73.99636028713329,40.7139506,-73.9963495,177.75,41.45,2007,2009
1002810053,23 DIVISION STREET,sFldOJowwUxcDi1F5iSeVQ,2011-06,2011,40.7141123996416,-73.99639660263485,40.7139506,-73.9963495,167.56,41.45,2011,2011
1002810053,23 DIVISION STREET,nJXPzWTWTrXPs3WS5darsA,2014-09,2014,40.71414506218743,-73.99637266130497,40.7139506,-73.9963495,174.84,41.45,2014,2014
1002810053,23 DIVISION STREET,-3k0-1x0regFdPVhaA_yrQ,2018-06,2018,40.71410356500574,-73.99642260632308,40.7139506,-73.9963495,160.09,41.45,2018,2018
1002810053,23 DIVISION STREET,4b9T2mfodSyNLXE0j0pxMA,2022-07,2022,40.71412923120972,-73.99641848160036,40.7139506,-73.9963495,163.68,41.45,2022,2022
1002810053,23 DIVISION STREET,WdXFW3Rx61lPZcLJILbtgQ,2026-04,2026,40.71413358979049,-73.99639229857577,40.7139506,-73.9963495,169.95,41.45,2026,2026
1002810054,21 DIVISION STREET,_A1QE6La29KsnCCe5o8RoA,2009-04,2009,40.71414238924207,-73.99652563469456,40.7139369,-73.9964361,161.72,44.14,2007,2009
1002810054,21 DIVISION STREET,dUmcF_0xW9INdLmc2Tuj3Q,2011-07,2011,40.71412899880488,-73.9965487689949,40.7139369,-73.9964361,156.03,44.14,2011,2011
1002810054,21 DIVISION STREET,YQx3mvfXDZ93XbTls2Ny4g,2014-10,2014,40.71410460840596,-73.99651720591777,40.7139369,-73.9964361,159.87,44.14,2014,2014
1002810054,21 DIVISION STREET,sWlihr1CxT4frEE4QocWnw,2018-06,2018,40.71409192815787,-73.99653630516676,40.7139369,-73.9964361,153.9,44.14,2018,2018
1002810054,21 DIVISION STREET,18opj-_V9isxIH-skzY7YQ,2022-07,2022,40.71412451046849,-73.99647775206405,40.7139369,-73.9964361,170.45,44.14,2022,2022
1002810054,21 DIVISION STREET,49VqQVFCG3WsaEuyOesiOg,2026-04,2026,40.71412185056079,-73.99651272252571,40.7139369,-73.9964361,162.57,44.14,2026,2026
1002810055,19 DIVISION STREET,0uSVURPnFVF9hfJxSlSRww,2010-07,2010,40.71397276473306,-73.99653487048147,40.7139287,-73.9965263,171.61,44.73,2007,2010
1002810055,19 DIVISION STREET,0uSVURPnFVF9hfJxSlSRww,2010-07,2010,40.71397276473306,-73.99653487048147,40.7139287,-73.9965263,171.61,44.73,2011,2010
1002810055,19 DIVISION STREET,0uSVURPnFVF9hfJxSlSRww,2010-07,2010,40.71397276473306,-73.99653487048147,40.7139287,-73.9965263,171.61,44.73,2014,2010
1002810055,19 DIVISION STREET,0uSVURPnFVF9hfJxSlSRww,2010-07,2010,40.71397276473306,-73.99653487048147,40.7139287,-73.9965263,171.61,44.73,2018,2010
1002810055,19 DIVISION STREET,0uSVURPnFVF9hfJxSlSRww,2010-07,2010,40.71397276473306,-73.99653487048147,40.7139287,-73.9965263,171.61,44.73,2022,2010
1002810055,19 DIVISION STREET,0uSVURPnFVF9hfJxSlSRww,2010-07,2010,40.71397276473306,-73.99653487048147,40.7139287,-73.9965263,171.61,44.73,2026,2010
1002810056,17 DIVISION STREET,99COnzlilF8ap0bZn1yBKg,2009-04,2009,40.71412802360794,-73.99667062753083,40.71392049999999,-73.9966164,168.8,45.33,2007,2009
1002810056,17 DIVISION STREET,gZaISc9loLDpcbPpP54MYg,2011-07,2011,40.71411899765215,-73.99666336444146,40.71392049999999,-73.9966164,169.83,45.33,2011,2011
1002810056,17 DIVISION STREET,g5tC5D3oNzX0eqkL5YefSg,2014-09,2014,40.7141308907056,-73.99665520467404,40.71392049999999,-73.9966164,172.04,45.33,2014,2014
1002810056,17 DIVISION STREET,ZcyNsRvBJivkFKiPoCYa0A,2018-06,2018,40.71408453603679,-73.9966629161026,40.71392049999999,-73.9966164,167.87,45.33,2018,2018
1002810056,17 DIVISION STREET,LnlZySaKMk_AxkJvde2r4Q,2022-07,2022,40.71411720645827,-73.99659647227206,40.71392049999999,-73.9966164,184.39,45.33,2022,2022
1002810056,17 DIVISION STREET,dCidU5r-rIRL41hgscgzEw,2026-04,2026,40.71410704537221,-73.99662642131594,40.71392049999999,-73.9966164,177.67,45.33,2026,2026
1002810057,15 DIVISION STREET,zhsgowyaHP3meCiMt5O7yA,2009-04,2009,40.71411977062257,-73.99676988972469,40.713915000000014,-73.9967066,166.81,44.95,2007,2009
1002810057,15 DIVISION STREET,QWGARgYsUUyZsy8ayTYr2g,2011-07,2011,40.7141104294836,-73.9967699793924,40.713915000000014,-73.9967066,166.19,44.95,2011,2011
1002810057,15 DIVISION STREET,pZ8WSsmSRYsW7wEw1SDRBg,2014-10,2014,40.7140856179501,-73.99674236173209,40.713915000000014,-73.9967066,170.97,44.95,2014,2014
1002810057,15 DIVISION STREET,CBABw23aoYTsXXVN1ORiPA,2018-06,2018,40.71408958381563,-73.9967458587737,40.713915000000014,-73.9967066,170.33,44.95,2018,2018
1002810057,15 DIVISION STREET,EiPWY8M3Z2YzjbWMDIw2jg,2022-07,2022,40.71410617374185,-73.99676603401261,40.713915000000014,-73.9967066,166.74,44.95,2022,2022
1002810057,15 DIVISION STREET,NM74KSmplX4NZvuK408JCw,2026-04,2026,40.71408925249133,-73.99675096983442,40.713915000000014,-73.9967066,169.08,44.95,2026,2026
1002810059,13 DIVISION STREET,dSgFiBtGLKK2r9o0OSybhQ,2009-04,2009,40.71411136401033,-73.99692286279719,40.71392049999999,-73.9967968,153.41,40.57,2007,2009
1002810059,13 DIVISION STREET,Ib95Zh0HWi-O00bFCtZ5TQ,2011-07,2011,40.71410290711955,-73.99687811863446,40.71392049999999,-73.9967968,161.33,40.57,2011,2011
1002810059,13 DIVISION STREET,t4-0FGLrljzk1SRW3fN1bg,2014-08,2014,40.7141102983075,-73.99690098388928,40.71392049999999,-73.9967968,157.41,40.57,2014,2014
1002810059,13 DIVISION STREET,f72qPKFsrHqS5nCi9ZF_FQ,2018-06,2018,40.7140767989097,-73.9968573157336,40.71392049999999,-73.9967968,163.64,40.57,2018,2018
1002810059,13 DIVISION STREET,CqH0tTmDfaGGkWqwCM7Shg,2022-07,2022,40.71409780899902,-73.99688206401196,40.71392049999999,-73.9967968,159.97,40.57,2022,2022
1002810059,13 DIVISION STREET,B0BEjV5P-9AKY_8IwryNAw,2026-04,2026,40.71407481497513,-73.99687471126292,40.71392049999999,-73.9967968,159.06,40.57,2026,2026
1002810060,11 DIVISION STREET,4bJCKWLMlDN-Q2RDYu9kuQ,2011-08,2011,40.71400111874325,-73.99692420781194,40.71390130000001,-73.9968834,162.78,45.25,2007,2011
1002810060,11 DIVISION STREET,4bJCKWLMlDN-Q2RDYu9kuQ,2011-08,2011,40.71400111874325,-73.99692420781194,40.71390130000001,-73.9968834,162.78,45.25,2011,2011
1002810060,11 DIVISION STREET,4bJCKWLMlDN-Q2RDYu9kuQ,2011-08,2011,40.71400111874325,-73.99692420781194,40.71390130000001,-73.9968834,162.78,45.25,2014,2011
1002810060,11 DIVISION STREET,t40UAMNYzGGYUy17GiTv5Q,2025-05,2025,40.71401294881523,-73.99689219645833,40.71390130000001,-73.9968834,176.58,45.25,2018,2025
1002810060,11 DIVISION STREET,t40UAMNYzGGYUy17GiTv5Q,2025-05,2025,40.71401294881523,-73.99689219645833,40.71390130000001,-73.9968834,176.58,45.25,2022,2025
1002810060,11 DIVISION STREET,t40UAMNYzGGYUy17GiTv5Q,2025-05,2025,40.71401294881523,-73.99689219645833,40.71390130000001,-73.9968834,176.58,45.25,2026,2025
1002810061,9 DIVISION STREET,4bJCKWLMlDN-Q2RDYu9kuQ,2011-08,2011,40.71400111874325,-73.99692420781194,40.713895800000024,-73.9969736,199.57,44.87,2007,2011
1002810061,9 DIVISION STREET,4bJCKWLMlDN-Q2RDYu9kuQ,2011-08,2011,40.71400111874325,-73.99692420781194,40.713895800000024,-73.9969736,199.57,44.87,2011,2011
1002810061,9 DIVISION STREET,4bJCKWLMlDN-Q2RDYu9kuQ,2011-08,2011,40.71400111874325,-73.99692420781194,40.713895800000024,-73.9969736,199.57,44.87,2014,2011
1002810061,9 DIVISION STREET,t40UAMNYzGGYUy17GiTv5Q,2025-05,2025,40.71401294881523,-73.99689219645833,40.713895800000024,-73.9969736,207.78,44.87,2018,2025
1002810061,9 DIVISION STREET,t40UAMNYzGGYUy17GiTv5Q,2025-05,2025,40.71401294881523,-73.99689219645833,40.713895800000024,-73.9969736,207.78,44.87,2022,2025
1002810061,9 DIVISION STREET,t40UAMNYzGGYUy17GiTv5Q,2025-05,2025,40.71401294881523,-73.99689219645833,40.713895800000024,-73.9969736,207.78,44.87,2026,2025
1002810062,7 DIVISION STREET,q4arqhJlQJPbFXNZOMc7rg,2009-04,2009,40.71410051876062,-73.99708417483224,40.71388479999998,-73.9970637,175.89,46.48,2007,2009
1002810062,7 DIVISION STREET,Ml9Tb3PKOofhZ9pPN9YlWg,2011-07,2011,40.71408767859128,-73.99706597231368,40.71388479999998,-73.9970637,179.51,46.48,2011,2011
1002810062,7 DIVISION STREET,CJKG4TGRnWnvWnn23PQKdA,2014-09,2014,40.71408791846326,-73.99706659998677,40.71388479999998,-73.9970637,179.38,46.48,2014,2014
1002810062,7 DIVISION STREET,dEUZCKM34f_I87Hu04jSaA,2018-06,2018,40.71406243007107,-73.99706399962685,40.71388479999998,-73.9970637,179.93,46.48,2018,2018
1002810062,7 DIVISION STREET,8RIr4PfTAB0BzWWC1P9bhg,2022-07,2022,40.71408963883029,-73.99712075919929,40.71388479999998,-73.9970637,168.08,46.48,2022,2022
1002810062,7 DIVISION STREET,8AhLr1r_gQp8kksE_M-3Yg,2026-04,2026,40.71405710695,-73.99710838507593,40.71388479999998,-73.9970637,168.88,46.48,2026,2026
1002810063,5 DIVISION STREET,qqVQOpsokVcNx1X73Nk2Qg,2009-04,2009,40.71411033303821,-73.99725552949116,40.713879300000016,-73.9971611,162.79,45.91,2007,2009
1002810063,5 DIVISION STREET,PBmJCkL5gVJQxWUGmWeEnw,2011-06,2011,40.71406065691042,-73.99721428243917,40.713879300000016,-73.9971611,167.47,45.91,2011,2011
1002810063,5 DIVISION STREET,2W22T4RT6xkwcK0FUTT0SQ,2014-10,2014,40.71405575545671,-73.99722333885788,40.713879300000016,-73.9971611,165.03,45.91,2014,2014
1002810063,5 DIVISION STREET,QAnus_h29mR3hCBj9kDhjA,2018-06,2018,40.7141109434167,-73.99726781393754,40.713879300000016,-73.9971611,160.75,45.91,2018,2018
1002810063,5 DIVISION STREET,mSw1mRyaWivbo98JZNHHvg,2022-07,2022,40.71409433507298,-73.99718047778343,40.713879300000016,-73.9971611,176.09,45.91,2022,2022
1002810063,5 DIVISION STREET,CzrLwZ7UxkFH75pxc6ooPA,2026-04,2026,40.71405694721595,-73.99722961558346,40.713879300000016,-73.9971611,163.7,45.91,2026,2026
1002810064,1 DIVISION STREET,NQ14Vd6Q526Huh95OzkJmA,2012-07,2012,40.71385346266449,-73.99742033827548,40.7138711,-73.9972838,80.33,22.12,2007,2012
1002810064,1 DIVISION STREET,NQ14Vd6Q526Huh95OzkJmA,2012-07,2012,40.71385346266449,-73.99742033827548,40.7138711,-73.9972838,80.33,22.12,2011,2012
1002810064,1 DIVISION STREET,WPNb6YeuzXTb9lk_SU-UQA,2014-09,2014,40.71385672503645,-73.9974241939744,40.7138711,-73.9972838,82.31,22.12,2014,2014
1002810064,1 DIVISION STREET,pYBFLxSdcKBMiLwcMOLo8g,2017-09,2017,40.7138569445875,-73.9974278703384,40.7138711,-73.9972838,82.61,22.12,2018,2017
1002810064,1 DIVISION STREET,CVGeNfuJOYe3lrGT3W8T9A,2022-07,2022,40.71386376085093,-73.9974291256822,40.7138711,-73.9972838,86.19,22.12,2022,2022
1002810064,1 DIVISION STREET,GbmZyW6gDQRWiZ1dIrJFrA,2026-04,2026,40.71385891520032,-73.99742580798787,40.7138711,-73.9972838,83.54,22.12,2026,2026
1002817501,8 CATHERINE STREET,vOS4WDaTM1Uzl6pIIkvKJA,2011-06,2011,40.71388992124573,-73.99766575784012,40.7137476,-73.9975471,147.71,24.35,2007,2011
1002817501,8 CATHERINE STREET,vOS4WDaTM1Uzl6pIIkvKJA,2011-06,2011,40.71388992124573,-73.99766575784012,40.7137476,-73.9975471,147.71,24.35,2011,2011
1002817501,8 CATHERINE STREET,MHnmOobuI2vY8m6wJhk7vg,2014-09,2014,40.71386182462654,-73.99764369968238,40.7137476,-73.9975471,147.34,24.35,2014,2014
1002817501,8 CATHERINE STREET,87EeTIweYbSux8V1KMcKkw,2018-07,2018,40.71386929627431,-73.99768575364757,40.7137476,-73.9975471,139.19,24.35,2018,2018
1002817501,8 CATHERINE STREET,1wyTcCih00BJ3wVLJkm2jg,2023-04,2023,40.7138516401518,-73.99765912245961,40.7137476,-73.9975471,140.78,24.35,2022,2023
1002817501,8 CATHERINE STREET,s5ggNlYp7PrLvfCIMUxkag,2026-04,2026,40.71386192884991,-73.99763805064158,40.7137476,-73.9975471,148.91,24.35,2026,2026
1002820001,10 MARKET STREET,5OtXCE79R2QEPKi0RTc13A,2014-07,2014,40.71329634890119,-73.99431943455605,40.71328909999998,-73.9943043,122.29,9.55,2007,2014
1002820001,10 MARKET STREET,5OtXCE79R2QEPKi0RTc13A,2014-07,2014,40.71329634890119,-73.99431943455605,40.71328909999998,-73.9943043,122.29,9.55,2011,2014
1002820001,10 MARKET STREET,5OtXCE79R2QEPKi0RTc13A,2014-07,2014,40.71329634890119,-73.99431943455605,40.71328909999998,-73.9943043,122.29,9.55,2014,2014
1002820001,10 MARKET STREET,5OtXCE79R2QEPKi0RTc13A,2014-07,2014,40.71329634890119,-73.99431943455605,40.71328909999998,-73.9943043,122.29,9.55,2018,2014
1002820001,10 MARKET STREET,5OtXCE79R2QEPKi0RTc13A,2014-07,2014,40.71329634890119,-73.99431943455605,40.71328909999998,-73.9943043,122.29,9.55,2022,2014
1002820001,10 MARKET STREET,5OtXCE79R2QEPKi0RTc13A,2014-07,2014,40.71329634890119,-73.99431943455605,40.71328909999998,-73.9943043,122.29,9.55,2026,2014
1002820003,75 EAST BROADWAY,5ZmzL2FmsaVyXHk3r9s3Ug,2009-04,2009,40.71337926034879,-73.9940290865409,40.713387899999994,-73.9940085,61.03,1.23,2007,2009
1002820003,75 EAST BROADWAY,2SSefmmFIq7SXEiz2J0OAw,2013-08,2013,40.71336237404368,-73.99398927349898,40.713387899999994,-73.9940085,330.28,1.23,2011,2013
1002820003,75 EAST BROADWAY,lVRyvoITLVFJoXGYHP2hTQ,2014-07,2014,40.7133516030181,-73.99403034190694,40.713387899999994,-73.9940085,24.52,1.23,2014,2014
1002820003,75 EAST BROADWAY,zJhcBLpzBHs7pG42qTS-vg,2018-10,2018,40.71333991370821,-73.99406334009737,40.713387899999994,-73.9940085,40.9,1.23,2018,2018
1002820003,75 EAST BROADWAY,WXmVl0Uz0OQQ6X2nv3h3Yg,2022-07,2022,40.71338005786052,-73.9940480066998,40.713387899999994,-73.9940085,75.32,1.23,2022,2022
1002820003,75 EAST BROADWAY,OcKKs45dm1l7xijKzcCdrg,2026-04,2026,40.71338663520433,-73.99401034571815,40.713387899999994,-73.9940085,47.88,1.23,2026,2026
1002820004,HENRY STREET,zRpsBHxXZOW-Ty_zSZFcUA,2014-07,2014,40.71338442046302,-73.99369847663807,40.7133879,-73.9937307,278.11,2.86,2007,2014
1002820004,HENRY STREET,zRpsBHxXZOW-Ty_zSZFcUA,2014-07,2014,40.71338442046302,-73.99369847663807,40.7133879,-73.9937307,278.11,2.86,2011,2014
1002820004,HENRY STREET,zRpsBHxXZOW-Ty_zSZFcUA,2014-07,2014,40.71338442046302,-73.99369847663807,40.7133879,-73.9937307,278.11,2.86,2014,2014
1002820004,HENRY STREET,zRpsBHxXZOW-Ty_zSZFcUA,2014-07,2014,40.71338442046302,-73.99369847663807,40.7133879,-73.9937307,278.11,2.86,2018,2014
1002820004,HENRY STREET,zRpsBHxXZOW-Ty_zSZFcUA,2014-07,2014,40.71338442046302,-73.99369847663807,40.7133879,-73.9937307,278.11,2.86,2022,2014
1002820004,HENRY STREET,zRpsBHxXZOW-Ty_zSZFcUA,2014-07,2014,40.71338442046302,-73.99369847663807,40.7133879,-73.9937307,278.11,2.86,2026,2014
1002820007,83 HENRY STREET,LBJG9TtpuS3K3_z4NqBjlA,2014-07,2014,40.71315880312569,-73.99353258862286,40.7133028,-73.9934854,13.95,45.64,2007,2014
1002820007,83 HENRY STREET,LBJG9TtpuS3K3_z4NqBjlA,2014-07,2014,40.71315880312569,-73.99353258862286,40.7133028,-73.9934854,13.95,45.64,2011,2014
1002820007,83 HENRY STREET,LBJG9TtpuS3K3_z4NqBjlA,2014-07,2014,40.71315880312569,-73.99353258862286,40.7133028,-73.9934854,13.95,45.64,2014,2014
1002820007,83 HENRY STREET,LBJG9TtpuS3K3_z4NqBjlA,2014-07,2014,40.71315880312569,-73.99353258862286,40.7133028,-73.9934854,13.95,45.64,2018,2014
1002820007,83 HENRY STREET,LBJG9TtpuS3K3_z4NqBjlA,2014-07,2014,40.71315880312569,-73.99353258862286,40.7133028,-73.9934854,13.95,45.64,2022,2014
1002820007,83 HENRY STREET,LBJG9TtpuS3K3_z4NqBjlA,2014-07,2014,40.71315880312569,-73.99353258862286,40.7133028,-73.9934854,13.95,45.64,2026,2014
1002820009,85 HENRY STREET,gAu2dd7RXalBhr3yMZ2hvA,2009-04,2009,40.71310383341542,-73.993321596794,40.7133027,-73.9933051,3.6,40.67,2007,2009
1002820009,85 HENRY STREET,jrmYyxV4pLdWXLPyDeOEtg,2012-07,2012,40.71309924614562,-73.99335360874387,40.7133027,-73.9933051,10.24,40.67,2011,2012
1002820009,85 HENRY STREET,xeTOS0ecrnTPVUADBQSgZw,2014-10,2014,40.71309813247098,-73.9933723496308,40.7133027,-73.9933051,13.99,40.67,2014,2014
1002820009,85 HENRY STREET,EsGy1MGX2lca3Qt6wiC2zQ,2018-07,2018,40.7131032273767,-73.99337423268634,40.7133027,-73.9933051,14.72,40.67,2018,2018
1002820009,85 HENRY STREET,3w63qk_fECCXEJXwFOTPHQ,2022-07,2022,40.71311771096694,-73.99335880956436,40.7133027,-73.9933051,12.41,40.67,2022,2022
1002820009,85 HENRY STREET,ldgyPQqC7Ne9Yz7Qy7tGzg,2026-04,2026,40.71309870510765,-73.99333011538062,40.7133027,-73.9933051,5.31,40.67,2026,2026
1002820011,91 HENRY STREET,F6hDovxcrfwSYBbzj4yiSw,2009-04,2009,40.71312726056363,-73.99311553655178,40.7133494,-73.9931283,357.51,52.69,2007,2009
1002820011,91 HENRY STREET,RO80Z-HPl9aVV-bNlHHy4Q,2012-07,2012,40.71312120129272,-73.99310047208674,40.7133494,-73.9931283,354.72,52.69,2011,2012
1002820011,91 HENRY STREET,dPt5lZvGlPcajYtBg401Nw,2014-10,2014,40.71312562103264,-73.99304281462926,40.7133494,-73.9931283,343.85,52.69,2014,2014
1002820011,91 HENRY STREET,hWRL82fpo5QvUzsCX5fLEA,2018-07,2018,40.71313023642959,-73.99308226918991,40.7133494,-73.9931283,350.95,52.69,2018,2018
1002820011,91 HENRY STREET,r7ExnozNMRmRyyV4V50fAg,2022-07,2022,40.71313924633669,-73.99311813696526,40.7133494,-73.9931283,357.9,52.69,2022,2022
1002820011,91 HENRY STREET,PgYtLcZAvkO1WMwfYrW2zQ,2026-04,2026,40.71311245618046,-73.99308827704274,40.7133494,-73.9931283,352.7,52.69,2026,2026
1002820012,93 HENRY STREET,tpXu83n1OpG4oZfz7OE_tg,2009-04,2009,40.71313481325556,-73.99299753154398,40.71335760000001,-73.9930382,352.12,53.15,2007,2009
1002820012,93 HENRY STREET,XCMOU-vNAEUKofggbAXVHA,2012-07,2012,40.7131357011321,-73.99292507858529,40.71335760000001,-73.9930382,338.87,53.15,2011,2012
1002820012,93 HENRY STREET,JGlAa9HHYYDqwbZt-CN9Zg,2014-10,2014,40.71312904381607,-73.99299833856936,40.71335760000001,-73.9930382,352.47,53.15,2014,2014
1002820012,93 HENRY STREET,9yrJfPwIa39RnYMbOiZRmg,2018-07,2018,40.7131407323208,-73.99297278276414,40.71335760000001,-73.9930382,347.12,53.15,2018,2018
1002820012,93 HENRY STREET,0JD9Ojro7LkcRx23N5_gQg,2022-07,2022,40.7131473376223,-73.99299116501034,40.71335760000001,-73.9930382,350.38,53.15,2022,2022
1002820012,93 HENRY STREET,ZFc0SBIK_3BT50PenNbFcg,2026-04,2026,40.71312159476915,-73.99295592489777,40.71335760000001,-73.9930382,345.2,53.15,2026,2026
1002820023,95 HENRY STREET,GUfFq2FUoLBzimPMi7XTzQ,2007-09,2007,40.71346489873229,-73.99263311440504,40.713456400000005,-73.9929047,267.64,29.31,2007,2007
1002820023,95 HENRY STREET,AguP1tf0hhQcJC2lvL8qCA,2012-07,2012,40.71347953961858,-73.9926911306642,40.713456400000005,-73.9929047,261.87,29.31,2011,2012
1002820023,95 HENRY STREET,Swn2fCTD8nm367IpdbfLlg,2014-09,2014,40.71346119467145,-73.99272081130931,40.713456400000005,-73.9929047,268.03,29.31,2014,2014
1002820023,95 HENRY STREET,EHa3SnNc1vepFdOXpDvEfA,2017-08,2017,40.71349743552538,-73.99272529479006,40.713456400000005,-73.9929047,253.21,29.31,2018,2017
1002820023,95 HENRY STREET,Ome69U4sityhuJ2n-8dtYw,2022-07,2022,40.71347601130264,-73.992678487246,40.713456400000005,-73.9929047,263.48,29.31,2022,2022
1002820023,95 HENRY STREET,7q_tWzIe8riT-3igANP4zw,2026-04,2026,40.71348556250942,-73.99269157901234,40.713456400000005,-73.9929047,259.77,29.31,2026,2026
1002820025,105 EAST BROADWAY,dfkPh9BQNXp1IwznzjELqw,2011-06,2011,40.71380271664809,-73.99308002745371,40.7136047,-73.9930886,181.88,44.08,2007,2011
1002820025,105 EAST BROADWAY,dfkPh9BQNXp1IwznzjELqw,2011-06,2011,40.71380271664809,-73.99308002745371,40.7136047,-73.9930886,181.88,44.08,2011,2011
1002820025,105 EAST BROADWAY,t6HWD57TlZBxQEIqH57iYA,2014-08,2014,40.7138175433894,-73.99305160223666,40.7136047,-73.9930886,187.51,44.08,2014,2014
1002820025,105 EAST BROADWAY,mr_iTOCRyYRg-cAO0pGPGQ,2018-08,2018,40.71380036901453,-73.99306666670553,40.7136047,-73.9930886,184.86,44.08,2018,2018
1002820025,105 EAST BROADWAY,RutqcER3OOY8X3lJasTGNA,2022-07,2022,40.71383546543266,-73.99308648365385,40.7136047,-73.9930886,180.4,44.08,2022,2022
1002820025,105 EAST BROADWAY,GaG-w1arVyyYt3ytD5e86w,2026-04,2026,40.71385921174969,-73.99306935678914,40.7136047,-73.9930886,183.28,44.08,2026,2026
1002820026,103 EAST BROADWAY,EQURfuy90CNKozeINhXqPA,2011-06,2011,40.71379348625982,-73.99318673406694,40.71359919999999,-73.9931716,176.62,43.69,2007,2011
1002820026,103 EAST BROADWAY,EQURfuy90CNKozeINhXqPA,2011-06,2011,40.71379348625982,-73.99318673406694,40.71359919999999,-73.9931716,176.62,43.69,2011,2011
1002820026,103 EAST BROADWAY,BgPcE1lAjKlXnFENmRre9g,2014-09,2014,40.71383860743929,-73.99321713199042,40.71359919999999,-73.9931716,171.8,43.69,2014,2014
1002820026,103 EAST BROADWAY,6-Em2log78pEdzccn3i-XQ,2018-08,2018,40.7137936598889,-73.9932007224925,40.71359919999999,-73.9931716,173.52,43.69,2018,2018
1002820026,103 EAST BROADWAY,-mAWCG7vyMathjLFIgBByg,2022-07,2022,40.71382444652785,-73.99320664067226,40.71359919999999,-73.9931716,173.27,43.69,2022,2022
1002820026,103 EAST BROADWAY,hVHZOiTKWQUH0Nk9e4Sy0Q,2026-04,2026,40.71379881621298,-73.99317857415156,40.71359919999999,-73.9931716,178.48,43.69,2026,2026
1002820027,101 EAST BROADWAY,KLIJq3NJbvHJoMkln0NeNw,2011-06,2011,40.71378428595854,-73.99330429061159,40.713558000000006,-73.99325100000001,169.88,56.33,2007,2011
1002820027,101 EAST BROADWAY,KLIJq3NJbvHJoMkln0NeNw,2011-06,2011,40.71378428595854,-73.99330429061159,40.713558000000006,-73.99325100000001,169.88,56.33,2011,2011
1002820027,101 EAST BROADWAY,JLKDnbfhdzbzfddiAqq3Xg,2014-10,2014,40.71382300728831,-73.99328797079048,40.713558000000006,-73.99325100000001,173.96,56.33,2014,2014
1002820027,101 EAST BROADWAY,hsUe5hu1q459obvLkPipBg,2018-08,2018,40.7137861361365,-73.99333648190301,40.713558000000006,-73.99325100000001,164.14,56.33,2018,2018
1002820027,101 EAST BROADWAY,vTlGiBEJbUMo_9e1aJJiEw,2022-07,2022,40.71381529318787,-73.99331442324707,40.713558000000006,-73.99325100000001,169.42,56.33,2022,2022
1002820027,101 EAST BROADWAY,ZnVX-CTv18mED2Y3NSOmxw,2026-04,2026,40.71378706826474,-73.99329891045095,40.713558000000006,-73.99325100000001,170.99,56.33,2026,2026
1002820028,99 EAST BROADWAY,kO3xACkh-LE8YkHetOaYVw,2011-06,2011,40.71377356935113,-73.99342498550922,40.71354979999999,-73.9933447,164.79,56.6,2007,2011
1002820028,99 EAST BROADWAY,kO3xACkh-LE8YkHetOaYVw,2011-06,2011,40.71377356935113,-73.99342498550922,40.71354979999999,-73.9933447,164.79,56.6,2011,2011
1002820028,99 EAST BROADWAY,gHMsxMj9-PsZmaNsmGtYMA,2014-10,2014,40.71380377643737,-73.99346883378533,40.71354979999999,-73.9933447,159.67,56.6,2014,2014
1002820028,99 EAST BROADWAY,Oq6KuFg8FnTrJjLh8r7x0Q,2018-08,2018,40.71377646914377,-73.99343000698921,40.71354979999999,-73.9933447,164.08,56.6,2018,2018
1002820028,99 EAST BROADWAY,eDb1GuaQ7suKvYrN2Ch9vQ,2022-07,2022,40.71380744800959,-73.99341494254887,40.71354979999999,-73.9933447,168.32,56.6,2022,2022
1002820028,99 EAST BROADWAY,z7P13IkIuU1R9zZlVuroWQ,2026-04,2026,40.71377620079805,-73.99341960535196,40.71354979999999,-73.9933447,165.92,56.6,2026,2026
1002820029,97 EAST BROADWAY,kO3xACkh-LE8YkHetOaYVw,2011-06,2011,40.71377356935113,-73.99342498550922,40.7135443,-73.9934313,181.2,56.1,2007,2011
1002820029,97 EAST BROADWAY,kO3xACkh-LE8YkHetOaYVw,2011-06,2011,40.71377356935113,-73.99342498550922,40.7135443,-73.9934313,181.2,56.1,2011,2011
1002820029,97 EAST BROADWAY,gHMsxMj9-PsZmaNsmGtYMA,2014-10,2014,40.71380377643737,-73.99346883378533,40.7135443,-73.9934313,173.74,56.1,2014,2014
1002820029,97 EAST BROADWAY,Oq6KuFg8FnTrJjLh8r7x0Q,2018-08,2018,40.71377646914377,-73.99343000698921,40.7135443,-73.9934313,180.24,56.1,2018,2018
1002820029,97 EAST BROADWAY,eDb1GuaQ7suKvYrN2Ch9vQ,2022-07,2022,40.71380744800959,-73.99341494254887,40.7135443,-73.9934313,182.7,56.1,2022,2022
1002820029,97 EAST BROADWAY,z7P13IkIuU1R9zZlVuroWQ,2026-04,2026,40.71377620079805,-73.99341960535196,40.7135443,-73.9934313,182.19,56.1,2026,2026
1002820030,95 EAST BROADWAY,wtH9I3dJoBIYoRX7DfX3kA,2011-06,2011,40.71376202668221,-73.99355581295363,40.71355249999999,-73.9935215,172.92,50.53,2007,2011
1002820030,95 EAST BROADWAY,wtH9I3dJoBIYoRX7DfX3kA,2011-06,2011,40.71376202668221,-73.99355581295363,40.71355249999999,-73.9935215,172.92,50.53,2011,2011
1002820030,95 EAST BROADWAY,5B_ciVHcvoes9CZdtm5rqw,2014-09,2014,40.71381251743693,-73.99355599229207,40.71355249999999,-73.9935215,174.26,50.53,2014,2014
1002820030,95 EAST BROADWAY,q13u12AU8MtjITSO5enLlg,2018-08,2018,40.71375654259299,-73.99358522445728,40.71355249999999,-73.9935215,166.68,50.53,2018,2018
1002820030,95 EAST BROADWAY,9MmWGQ7bsBiPQNngT_Mndw,2022-07,2022,40.71379281198539,-73.99356863565242,40.71355249999999,-73.9935215,171.54,50.53,2022,2022
1002820030,95 EAST BROADWAY,hP6FozhO9AMcGbEXUJdyIQ,2026-04,2026,40.71376672913298,-73.99354056918472,40.71355249999999,-73.9935215,176.14,50.53,2026,2026
1002820031,91 EAST BROADWAY,zRpsBHxXZOW-Ty_zSZFcUA,2014-07,2014,40.71338442046302,-73.99369847663807,40.7134016,-73.9936081,75.92,36.08,2007,2014
1002820031,91 EAST BROADWAY,zRpsBHxXZOW-Ty_zSZFcUA,2014-07,2014,40.71338442046302,-73.99369847663807,40.7134016,-73.9936081,75.92,36.08,2011,2014
1002820031,91 EAST BROADWAY,zRpsBHxXZOW-Ty_zSZFcUA,2014-07,2014,40.71338442046302,-73.99369847663807,40.7134016,-73.9936081,75.92,36.08,2014,2014
1002820031,91 EAST BROADWAY,zRpsBHxXZOW-Ty_zSZFcUA,2014-07,2014,40.71338442046302,-73.99369847663807,40.7134016,-73.9936081,75.92,36.08,2018,2014
1002820031,91 EAST BROADWAY,zRpsBHxXZOW-Ty_zSZFcUA,2014-07,2014,40.71338442046302,-73.99369847663807,40.7134016,-73.9936081,75.92,36.08,2022,2014
1002820031,91 EAST BROADWAY,zRpsBHxXZOW-Ty_zSZFcUA,2014-07,2014,40.71338442046302,-73.99369847663807,40.7134016,-73.9936081,75.92,36.08,2026,2014
1002820032,89 EAST BROADWAY,_g-SC2xE5vbd3tlMQXrLZw,2014-07,2014,40.71352282198722,-73.99374779466898,40.7135333,-73.99370190000002,73.24,31.0,2007,2014
1002820032,89 EAST BROADWAY,_g-SC2xE5vbd3tlMQXrLZw,2014-07,2014,40.71352282198722,-73.99374779466898,40.7135333,-73.99370190000002,73.24,31.0,2011,2014
1002820032,89 EAST BROADWAY,_g-SC2xE5vbd3tlMQXrLZw,2014-07,2014,40.71352282198722,-73.99374779466898,40.7135333,-73.99370190000002,73.24,31.0,2014,2014
1002820032,89 EAST BROADWAY,_g-SC2xE5vbd3tlMQXrLZw,2014-07,2014,40.71352282198722,-73.99374779466898,40.7135333,-73.99370190000002,73.24,31.0,2018,2014
1002820032,89 EAST BROADWAY,_g-SC2xE5vbd3tlMQXrLZw,2014-07,2014,40.71352282198722,-73.99374779466898,40.7135333,-73.99370190000002,73.24,31.0,2022,2014
1002820032,89 EAST BROADWAY,_g-SC2xE5vbd3tlMQXrLZw,2014-07,2014,40.71352282198722,-73.99374779466898,40.7135333,-73.99370190000002,73.24,31.0,2026,2014
1002820033,87 EAST BROADWAY,Y1WsbtLrM1C21fGFLHTKjQ,2014-07,2014,40.71356885523108,-73.99375909297972,40.713558000000006,-73.993792,246.48,11.56,2007,2014
1002820033,87 EAST BROADWAY,Y1WsbtLrM1C21fGFLHTKjQ,2014-07,2014,40.71356885523108,-73.99375909297972,40.713558000000006,-73.993792,246.48,11.56,2011,2014
1002820033,87 EAST BROADWAY,Y1WsbtLrM1C21fGFLHTKjQ,2014-07,2014,40.71356885523108,-73.99375909297972,40.713558000000006,-73.993792,246.48,11.56,2014,2014
1002820033,87 EAST BROADWAY,Y1WsbtLrM1C21fGFLHTKjQ,2014-07,2014,40.71356885523108,-73.99375909297972,40.713558000000006,-73.993792,246.48,11.56,2018,2014
1002820033,87 EAST BROADWAY,Y1WsbtLrM1C21fGFLHTKjQ,2014-07,2014,40.71356885523108,-73.99375909297972,40.713558000000006,-73.993792,246.48,11.56,2022,2014
1002820033,87 EAST BROADWAY,Y1WsbtLrM1C21fGFLHTKjQ,2014-07,2014,40.71356885523108,-73.99375909297972,40.713558000000006,-73.993792,246.48,11.56,2026,2014
1002820034,85 EAST BROADWAY,nveZROCczH2v3igeOdoRSA,2013-08,2013,40.71366625734457,-73.99394004519922,40.7136321,-73.993875,124.71,3.24,2007,2013
1002820034,85 EAST BROADWAY,nveZROCczH2v3igeOdoRSA,2013-08,2013,40.71366625734457,-73.99394004519922,40.7136321,-73.993875,124.71,3.24,2011,2013
1002820034,85 EAST BROADWAY,ENlOzUWMvRKwr5kQhUadTg,2014-08,2014,40.71367854597488,-73.99395116416058,40.7136321,-73.993875,128.82,3.24,2014,2014
1002820034,85 EAST BROADWAY,QtgmEe4iaKF_3fE66yMP1g,2018-07,2018,40.7136758078678,-73.9939605794096,40.7136321,-73.993875,123.97,3.24,2018,2018
1002820034,85 EAST BROADWAY,WTfvHVVcALPWQsn5wzlPzg,2023-04,2023,40.7136808837399,-73.9939352030707,40.7136321,-73.993875,136.91,3.24,2022,2023
1002820034,85 EAST BROADWAY,x1_zra8lgEFCVyuQCZydRQ,2026-04,2026,40.71366558104966,-73.99394165924205,40.7136321,-73.993875,123.53,3.24,2026,2026
1002820044,88 EAST BROADWAY,o4kv--8vM29QsMSF_2lplQ,2014-07,2014,40.71394644819559,-73.99462690885862,40.7140055,-73.9943944,71.48,61.28,2007,2014
1002820044,88 EAST BROADWAY,o4kv--8vM29QsMSF_2lplQ,2014-07,2014,40.71394644819559,-73.99462690885862,40.7140055,-73.9943944,71.48,61.28,2011,2014
1002820044,88 EAST BROADWAY,o4kv--8vM29QsMSF_2lplQ,2014-07,2014,40.71394644819559,-73.99462690885862,40.7140055,-73.9943944,71.48,61.28,2014,2014
1002820044,88 EAST BROADWAY,o4kv--8vM29QsMSF_2lplQ,2014-07,2014,40.71394644819559,-73.99462690885862,40.7140055,-73.9943944,71.48,61.28,2018,2014
1002820044,88 EAST BROADWAY,o4kv--8vM29QsMSF_2lplQ,2014-07,2014,40.71394644819559,-73.99462690885862,40.7140055,-73.9943944,71.48,61.28,2022,2014
1002820044,88 EAST BROADWAY,o4kv--8vM29QsMSF_2lplQ,2014-07,2014,40.71394644819559,-73.99462690885862,40.7140055,-73.9943944,71.48,61.28,2026,2014
1002820052,90 EAST BROADWAY,dyXuwqiJruLXhjsjGNWIog,2014-07,2014,40.71393648063277,-73.99388167064163,40.713956,-73.9937595,78.1,23.15,2007,2014
1002820052,90 EAST BROADWAY,dyXuwqiJruLXhjsjGNWIog,2014-07,2014,40.71393648063277,-73.99388167064163,40.713956,-73.9937595,78.1,23.15,2011,2014
1002820052,90 EAST BROADWAY,dyXuwqiJruLXhjsjGNWIog,2014-07,2014,40.71393648063277,-73.99388167064163,40.713956,-73.9937595,78.1,23.15,2014,2014
1002820052,90 EAST BROADWAY,dyXuwqiJruLXhjsjGNWIog,2014-07,2014,40.71393648063277,-73.99388167064163,40.713956,-73.9937595,78.1,23.15,2018,2014
1002820052,90 EAST BROADWAY,dyXuwqiJruLXhjsjGNWIog,2014-07,2014,40.71393648063277,-73.99388167064163,40.713956,-73.9937595,78.1,23.15,2022,2014
1002820052,90 EAST BROADWAY,dyXuwqiJruLXhjsjGNWIog,2014-07,2014,40.71393648063277,-73.99388167064163,40.713956,-73.9937595,78.1,23.15,2026,2014
1002820053,92 EAST BROADWAY,275Fii_AXd_-Nuaq8u65lA,2011-06,2011,40.71375642740285,-73.99362270618407,40.713986200000015,-73.9936766,349.92,44.75,2007,2011
1002820053,92 EAST BROADWAY,275Fii_AXd_-Nuaq8u65lA,2011-06,2011,40.71375642740285,-73.99362270618407,40.713986200000015,-73.9936766,349.92,44.75,2011,2011
1002820053,92 EAST BROADWAY,HyCls2NIIZP9UwGsQ4wFcw,2014-10,2014,40.71379170632704,-73.9936852952713,40.713986200000015,-73.9936766,1.94,44.75,2014,2014
1002820053,92 EAST BROADWAY,djaua2IzXDvHSwMdNcFWhQ,2018-08,2018,40.71374795446729,-73.99370071836702,40.713986200000015,-73.9936766,4.39,44.75,2018,2018
1002820053,92 EAST BROADWAY,ppVFICQbWeTefWzZzHGFHA,2022-07,2022,40.71378888347845,-73.99365794617408,40.713986200000015,-73.9936766,355.9,44.75,2022,2022
1002820053,92 EAST BROADWAY,tX5aSQm7Ofrg5-0W7Liv1Q,2026-04,2026,40.71375578453254,-73.99366816846006,40.713986200000015,-73.9936766,358.41,44.75,2026,2026
1002820054,94 EAST BROADWAY,wtH9I3dJoBIYoRX7DfX3kA,2011-06,2011,40.71376202668221,-73.99355581295363,40.71396700000002,-73.9935828,354.3,35.0,2007,2011
1002820054,94 EAST BROADWAY,wtH9I3dJoBIYoRX7DfX3kA,2011-06,2011,40.71376202668221,-73.99355581295363,40.71396700000002,-73.9935828,354.3,35.0,2011,2011
1002820054,94 EAST BROADWAY,5B_ciVHcvoes9CZdtm5rqw,2014-09,2014,40.71381251743693,-73.99355599229207,40.71396700000002,-73.9935828,352.51,35.0,2014,2014
1002820054,94 EAST BROADWAY,q13u12AU8MtjITSO5enLlg,2018-08,2018,40.71375654259299,-73.99358522445728,40.71396700000002,-73.9935828,0.5,35.0,2018,2018
1002820054,94 EAST BROADWAY,9MmWGQ7bsBiPQNngT_Mndw,2022-07,2022,40.71379281198539,-73.99356863565242,40.71396700000002,-73.9935828,356.47,35.0,2022,2022
1002820054,94 EAST BROADWAY,hP6FozhO9AMcGbEXUJdyIQ,2026-04,2026,40.71376672913298,-73.99354056918472,40.71396700000002,-73.9935828,350.92,35.0,2026,2026
1002820055,96 EAST BROADWAY,kO3xACkh-LE8YkHetOaYVw,2011-06,2011,40.71377356935113,-73.99342498550922,40.71399170000002,-73.9934926,346.78,41.25,2007,2011
1002820055,96 EAST BROADWAY,kO3xACkh-LE8YkHetOaYVw,2011-06,2011,40.71377356935113,-73.99342498550922,40.71399170000002,-73.9934926,346.78,41.25,2011,2011
1002820055,96 EAST BROADWAY,gHMsxMj9-PsZmaNsmGtYMA,2014-10,2014,40.71380377643737,-73.99346883378533,40.71399170000002,-73.9934926,354.52,41.25,2014,2014
1002820055,96 EAST BROADWAY,Oq6KuFg8FnTrJjLh8r7x0Q,2018-08,2018,40.71377646914377,-73.99343000698921,40.71399170000002,-73.9934926,347.57,41.25,2018,2018
1002820055,96 EAST BROADWAY,eDb1GuaQ7suKvYrN2Ch9vQ,2022-07,2022,40.71380744800959,-73.99341494254887,40.71399170000002,-73.9934926,342.28,41.25,2022,2022
1002820055,96 EAST BROADWAY,z7P13IkIuU1R9zZlVuroWQ,2026-04,2026,40.71377620079805,-73.99341960535196,40.71399170000002,-73.9934926,345.6,41.25,2026,2026
1002820077,85 DIVISION STREET,LhEFUiD9r5e5C9viwyhzGw,2009-04,2009,40.71431599520641,-73.99360782109727,40.71417830000001,-73.9935214,154.56,30.6,2007,2009
1002820077,85 DIVISION STREET,n90ONLCC5nZr042MBt2y-g,2011-07,2011,40.71431438654559,-73.99360817977409,40.71417830000001,-73.9935214,154.2,30.6,2011,2011
1002820077,85 DIVISION STREET,ErNPUYrKQUs9y0PdX6b9Yw,2014-10,2014,40.71431043887677,-73.9936314040957,40.71417830000001,-73.9935214,147.75,30.6,2014,2014
1002820077,85 DIVISION STREET,2unJXdSPNtMpWI3nKG608A,2018-07,2018,40.71431175231061,-73.99364279208248,40.71417830000001,-73.9935214,145.41,30.6,2018,2018
1002820077,85 DIVISION STREET,kLyQZDM0z4N-TFOYs8bYNA,2022-07,2022,40.71433046855828,-73.99356307616074,40.71417830000001,-73.9935214,168.27,30.6,2022,2022
1002820077,85 DIVISION STREET,r_NItMofY-lkqdvtSH8cCQ,2026-04,2026,40.71431936038009,-73.99359750913888,40.71417830000001,-73.9935214,157.76,30.6,2026,2026
1002820078,83 DIVISION STREET,LhEFUiD9r5e5C9viwyhzGw,2009-04,2009,40.71431599520641,-73.99360782109727,40.714156400000014,-73.993608,180.05,36.01,2007,2009
1002820078,83 DIVISION STREET,n90ONLCC5nZr042MBt2y-g,2011-07,2011,40.71431438654559,-73.99360817977409,40.714156400000014,-73.993608,179.95,36.01,2011,2011
1002820078,83 DIVISION STREET,ErNPUYrKQUs9y0PdX6b9Yw,2014-10,2014,40.71431043887677,-73.9936314040957,40.714156400000014,-73.993608,173.43,36.01,2014,2014
1002820078,83 DIVISION STREET,2unJXdSPNtMpWI3nKG608A,2018-07,2018,40.71431175231061,-73.99364279208248,40.714156400000014,-73.993608,170.37,36.01,2018,2018
1002820078,83 DIVISION STREET,kLyQZDM0z4N-TFOYs8bYNA,2022-07,2022,40.71433046855828,-73.99356307616074,40.714156400000014,-73.993608,191.07,36.01,2022,2022
1002820078,83 DIVISION STREET,r_NItMofY-lkqdvtSH8cCQ,2026-04,2026,40.71431936038009,-73.99359750913888,40.714156400000014,-73.993608,182.79,36.01,2026,2026
1002820079,81 DIVISION STREET,HbpGydomxgurdqDEQXq1zg,2009-04,2009,40.71430404465784,-73.99375066408129,40.714172899999994,-73.9937018,164.23,27.3,2007,2009
1002820079,81 DIVISION STREET,atoZVp9S9Ra0uOK6gqLupQ,2011-07,2011,40.71430955260018,-73.993689509722,40.714172899999994,-73.9937018,183.9,27.3,2011,2011
1002820079,81 DIVISION STREET,I7dwQZRe44QiF846QskFkQ,2014-06,2014,40.71430834245147,-73.9937107613124,40.714172899999994,-73.9937018,177.13,27.3,2014,2014
1002820079,81 DIVISION STREET,f0C0ilp1yghbgrYaCbddeQ,2018-07,2018,40.71430696407333,-73.99370582950894,40.714172899999994,-73.9937018,178.69,27.3,2018,2018
1002820079,81 DIVISION STREET,-5Ns5Wim_WTkzkBymjJHVQ,2022-07,2022,40.71431909464718,-73.99372806745814,40.714172899999994,-73.9937018,172.24,27.3,2022,2022
1002820079,81 DIVISION STREET,TJHHEsNfdpY00sovWG-o4Q,2026-04,2026,40.71430639690541,-73.99372044558068,40.714172899999994,-73.9937018,173.96,27.3,2026,2026
1002820080,79 DIVISION STREET,mIB66ho5fnkAAAQZfQwHSA,2015-02,2015,40.71413691805618,-73.99378706974632,40.7141427,-73.993792,327.12,19.8,2007,2015
1002820080,79 DIVISION STREET,mIB66ho5fnkAAAQZfQwHSA,2015-02,2015,40.71413691805618,-73.99378706974632,40.7141427,-73.993792,327.12,19.8,2011,2015
1002820080,79 DIVISION STREET,mIB66ho5fnkAAAQZfQwHSA,2015-02,2015,40.71413691805618,-73.99378706974632,40.7141427,-73.993792,327.12,19.8,2014,2015
1002820080,79 DIVISION STREET,mIB66ho5fnkAAAQZfQwHSA,2015-02,2015,40.71413691805618,-73.99378706974632,40.7141427,-73.993792,327.12,19.8,2018,2015
1002820080,79 DIVISION STREET,mIB66ho5fnkAAAQZfQwHSA,2015-02,2015,40.71413691805618,-73.99378706974632,40.7141427,-73.993792,327.12,19.8,2022,2015
1002820080,79 DIVISION STREET,mIB66ho5fnkAAAQZfQwHSA,2015-02,2015,40.71413691805618,-73.99378706974632,40.7141427,-73.993792,327.12,19.8,2026,2015
1002827501,98 EAST BROADWAY,kO3xACkh-LE8YkHetOaYVw,2011-06,2011,40.71377356935113,-73.99342498550922,40.71407400000001,-73.9934132,1.7,68.69,2007,2011
1002827501,98 EAST BROADWAY,kO3xACkh-LE8YkHetOaYVw,2011-06,2011,40.71377356935113,-73.99342498550922,40.71407400000001,-73.9934132,1.7,68.69,2011,2011
1002827501,98 EAST BROADWAY,gHMsxMj9-PsZmaNsmGtYMA,2014-10,2014,40.71380377643737,-73.99346883378533,40.71407400000001,-73.9934132,8.87,68.69,2014,2014
1002827501,98 EAST BROADWAY,Oq6KuFg8FnTrJjLh8r7x0Q,2018-08,2018,40.71377646914377,-73.99343000698921,40.71407400000001,-73.9934132,2.45,68.69,2018,2018
1002827501,98 EAST BROADWAY,eDb1GuaQ7suKvYrN2Ch9vQ,2022-07,2022,40.71380744800959,-73.99341494254887,40.71407400000001,-73.9934132,0.28,68.69,2022,2022
1002827501,98 EAST BROADWAY,z7P13IkIuU1R9zZlVuroWQ,2026-04,2026,40.71377620079805,-73.99341960535196,40.71407400000001,-73.9934132,0.93,68.69,2026,2026
1002827502,107 EAST BROADWAY,dfkPh9BQNXp1IwznzjELqw,2011-06,2011,40.71380271664809,-73.99308002745371,40.713612900000015,-73.9930057,163.47,43.5,2007,2011
1002827502,107 EAST BROADWAY,dfkPh9BQNXp1IwznzjELqw,2011-06,2011,40.71380271664809,-73.99308002745371,40.713612900000015,-73.9930057,163.47,43.5,2011,2011
1002827502,107 EAST BROADWAY,t6HWD57TlZBxQEIqH57iYA,2014-08,2014,40.7138175433894,-73.99305160223666,40.713612900000015,-73.9930057,170.35,43.5,2014,2014
1002827502,107 EAST BROADWAY,mr_iTOCRyYRg-cAO0pGPGQ,2018-08,2018,40.71380036901453,-73.99306666670553,40.713612900000015,-73.9930057,166.15,43.5,2018,2018
1002827502,107 EAST BROADWAY,RutqcER3OOY8X3lJasTGNA,2022-07,2022,40.71383546543266,-73.99308648365385,40.713612900000015,-73.9930057,164.62,43.5,2022,2022
1002827502,107 EAST BROADWAY,GaG-w1arVyyYt3ytD5e86w,2026-04,2026,40.71385921174969,-73.99306935678914,40.713612900000015,-73.9930057,168.92,43.5,2026,2026
1002827503,100 EAST BROADWAY,YlraHi745QffLRmbRr9xJg,2012-08,2012,40.71409273139405,-73.9930245220575,40.71408769999999,-73.9932365,268.21,45.78,2007,2012
1002827503,100 EAST BROADWAY,YlraHi745QffLRmbRr9xJg,2012-08,2012,40.71409273139405,-73.9930245220575,40.71408769999999,-73.9932365,268.21,45.78,2011,2012
1002827503,100 EAST BROADWAY,IV6Zn5spaAMOcddi2n31fQ,2014-09,2014,40.71408189880957,-73.99299654517964,40.71408769999999,-73.9932365,271.83,45.78,2014,2014
1002827503,100 EAST BROADWAY,UHYW53E1gFkTgcyZRLnfLA,2022-07,2022,40.71406199840884,-73.99300515345017,40.71408769999999,-73.9932365,278.34,45.78,2018,2022
1002827503,100 EAST BROADWAY,UHYW53E1gFkTgcyZRLnfLA,2022-07,2022,40.71406199840884,-73.99300515345017,40.71408769999999,-73.9932365,278.34,45.78,2022,2022
1002827503,100 EAST BROADWAY,2QQMU2cXWYRTeuuRAM2Qrg,2026-04,2026,40.71409236958159,-73.99301080262751,40.71408769999999,-73.9932365,268.44,45.78,2026,2026
1002890050,FORSYTH STREET,-TYdamhtGNp6OQcVn4OFFQ,2024-07,2024,40.71521384728369,-73.99471765358625,40.71516650000002,-73.994921,252.92,73.48,2007,2024
1002890050,FORSYTH STREET,-TYdamhtGNp6OQcVn4OFFQ,2024-07,2024,40.71521384728369,-73.99471765358625,40.71516650000002,-73.994921,252.92,73.48,2011,2024
1002890050,FORSYTH STREET,-TYdamhtGNp6OQcVn4OFFQ,2024-07,2024,40.71521384728369,-73.99471765358625,40.71516650000002,-73.994921,252.92,73.48,2014,2024
1002890050,FORSYTH STREET,-TYdamhtGNp6OQcVn4OFFQ,2024-07,2024,40.71521384728369,-73.99471765358625,40.71516650000002,-73.994921,252.92,73.48,2018,2024
1002890050,FORSYTH STREET,-TYdamhtGNp6OQcVn4OFFQ,2024-07,2024,40.71521384728369,-73.99471765358625,40.71516650000002,-73.994921,252.92,73.48,2022,2024
1002890050,FORSYTH STREET,-TYdamhtGNp6OQcVn4OFFQ,2024-07,2024,40.71521384728369,-73.99471765358625,40.71516650000002,-73.994921,252.92,73.48,2026,2024
1002920007,26 FORSYTH STREET,Ml0m7JfR1lQTQM98WvJG5g,2007-09,2007,40.71483727765743,-73.99443143093974,40.7149002,-73.9942392,66.64,12.9,2007,2007
1002920007,26 FORSYTH STREET,fPw3w9tFuuQ4MQt-LUQCtw,2011-06,2011,40.71484315372027,-73.99444999238374,40.7149002,-73.9942392,70.35,12.9,2011,2011
1002920007,26 FORSYTH STREET,8LAYvbueXOlBj5oJOVqMCQ,2014-08,2014,40.71488707420413,-73.9944692711763,40.7149002,-73.9942392,85.7,12.9,2014,2014
1002920007,26 FORSYTH STREET,6Fm5rm6PhcJCAPjpzfq_Kw,2018-08,2018,40.71483501520725,-73.9944239884279,40.7149002,-73.9942392,65.04,12.9,2018,2018
1002920007,26 FORSYTH STREET,Gp6Gwz0SUPgalcqgONWQ3w,2022-07,2022,40.71487118928302,-73.9944498130461,40.7149002,-73.9942392,79.7,12.9,2022,2022
1002920007,26 FORSYTH STREET,HKTQCmvc1fKNNSkv1loE6w,2026-04,2026,40.71487087885026,-73.9944444329176,40.7149002,-73.9942392,79.33,12.9,2026,2026
1002920008,27 FORSYTH STREET,0nE9-l2w_wcfF9IBoQAURQ,2007-09,2007,40.71517463722765,-73.99450128293456,40.71511160000001,-73.9942103,105.95,54.96,2007,2007
1002920008,27 FORSYTH STREET,9aHz59PU-iPWcgDLUvuyHA,2011-06,2011,40.71519711225386,-73.99449115036181,40.71511160000001,-73.9942103,111.89,54.96,2011,2011
1002920008,27 FORSYTH STREET,KDG5gPlYrgveK2UrcgqQYw,2014-09,2014,40.71517463011541,-73.99447357527856,40.71511160000001,-73.9942103,107.53,54.96,2014,2014
1002920008,27 FORSYTH STREET,XJnVfQjkMFHBNoFm-ztL-A,2018-06,2018,40.71519080015918,-73.99448281116435,40.71511160000001,-73.9942103,110.98,54.96,2018,2018
1002920008,27 FORSYTH STREET,mjArI2AutBqmek50GtE69A,2022-07,2022,40.71520655681548,-73.99447743103676,40.71511160000001,-73.9942103,115.13,54.96,2022,2022
1002920008,27 FORSYTH STREET,dNfPG5LBi4OgsjVhL5ostw,2026-04,2026,40.71520349561754,-73.99448137646367,40.71511160000001,-73.9942103,114.1,54.96,2026,2026
1002920010,28 FORSYTH STREET,Ju2u_E7JGc_mmqvfyhU1gw,2007-09,2007,40.71527099953123,-73.99445313079195,40.7152077,-73.9941634,106.08,54.28,2007,2007
1002920010,28 FORSYTH STREET,qL7PrACNKPcp6jwgVYs9tQ,2011-06,2011,40.71528473795836,-73.99444362589831,40.7152077,-73.9941634,109.94,54.28,2011,2011
1002920010,28 FORSYTH STREET,hG469JSkpxGOE0qI47vYXQ,2014-09,2014,40.71527716076812,-73.9944226433956,40.7152077,-73.9941634,109.47,54.28,2014,2014
1002920010,28 FORSYTH STREET,eMfLs6_fBVZ4gjJePtnUVQ,2018-06,2018,40.71531824989476,-73.9944171735975,40.7152077,-73.9941634,119.89,54.28,2018,2018
1002920010,28 FORSYTH STREET,c0JOuhRwaNXkCiGcTrwBZQ,2022-07,2022,40.71529668882884,-73.99443268630317,40.7152077,-73.9941634,113.56,54.28,2022,2022
1002920010,28 FORSYTH STREET,C7TqPUDThjpJErYvpVQnfA,2026-04,2026,40.71529598798838,-73.99443465901709,40.7152077,-73.9941634,113.24,54.28,2026,2026
1002920012,104 CANAL STREET,5IN-x1mo4aaxuOHmBUGCKA,2007-09,2007,40.71545057115421,-73.99435557110654,40.71541630000001,-73.9941959,105.81,18.14,2007,2007
1002920012,104 CANAL STREET,fDzZkpxQCNk5WEPevy2FiA,2011-06,2011,40.71547123320849,-73.99432840144266,40.71541630000001,-73.9941959,118.68,18.14,2011,2011
1002920012,104 CANAL STREET,dMgOsrLqnURJ__f-tXglhQ,2014-09,2014,40.71546640141067,-73.99434911494913,40.71541630000001,-73.9941959,113.34,18.14,2014,2014
1002920012,104 CANAL STREET,2CfQIo2KR3Gg0xbX3ZGTIQ,2018-08,2018,40.71546074314061,-73.994348576936,40.71541630000001,-73.9941959,111.01,18.14,2018,2018
1002920012,104 CANAL STREET,s6m5QtP98iPVZ7uWkwM5-A,2022-07,2022,40.71546243120684,-73.99434292779809,40.71541630000001,-73.9941959,112.49,18.14,2022,2022
1002920012,104 CANAL STREET,gQ9o2LKgN--h5fz2jjxQOA,2026-04,2026,40.71546118963033,-73.99434481084407,40.71541630000001,-73.9941959,111.69,18.14,2026,2026
1002920013,102 CANAL STREET,SezpJDbzZRE-cSYpNm_W2A,2007-09,2007,40.71535054635554,-73.994408744728,40.71534760000001,-73.9941598,90.89,36.6,2007,2007
1002920013,102 CANAL STREET,TjkTVqrcSarj_0zYoj5XnA,2011-06,2011,40.7153739827398,-73.99438677586426,40.71534760000001,-73.9941598,98.72,36.6,2011,2011
1002920013,102 CANAL STREET,2YweURvkN1CLKx8IHbcGBA,2014-09,2014,40.71538040979956,-73.99438847957215,40.71534760000001,-73.9941598,100.72,36.6,2014,2014
1002920013,102 CANAL STREET,wTLRBzi_H52J0OxIFfToQA,2018-06,2018,40.71536196534239,-73.99438767255262,40.71534760000001,-73.9941598,94.75,36.6,2018,2018
1002920013,102 CANAL STREET,syxn1jjNGFkT5HnwNS8lfA,2022-07,2022,40.71538067250483,-73.99438767255262,40.71534760000001,-73.9941598,100.84,36.6,2022,2022
1002920013,102 CANAL STREET,xfxY_Vo4N2TKYsDlmYe2Ow,2026-04,2026,40.71537850030538,-73.99438937626051,40.71534760000001,-73.9941598,100.07,36.6,2026,2026
1002920014,100 CANAL STREET,jJAzXRAYoApLHX810rAH1w,2007-09,2007,40.71555168204181,-73.99394147990397,40.7153339,-73.994048,200.34,45.37,2007,2007
1002920014,100 CANAL STREET,5T6UM5-ATery8g4UR-Tqmw,2011-06,2011,40.71551082217713,-73.9939331406826,40.7153339,-73.994048,206.2,45.37,2011,2011
1002920014,100 CANAL STREET,P1vlsWdaBktHbaUSCTiyXw,2014-09,2014,40.71553846495328,-73.99391583455538,40.7153339,-73.994048,206.09,45.37,2014,2014
1002920014,100 CANAL STREET,OHnGJBvN7jKWHET1_KzYxQ,2017-09,2017,40.71554136633086,-73.99393735512784,40.7153339,-73.994048,202.01,45.37,2018,2017
1002920014,100 CANAL STREET,Y7IkToZhXVjH4NPtmI7l-A,2022-07,2022,40.71553988146463,-73.99392103536061,40.7153339,-73.994048,205.04,45.37,2022,2022
1002920014,100 CANAL STREET,cEglpo5DnkpqJASwpAyAmA,2026-04,2026,40.71554237889315,-73.99394928111072,40.7153339,-73.994048,199.74,45.37,2026,2026
1002920020,27 ELDRIDGE STREET,SFOgo5AnkacWkAhWTT3Ygw,2007-09,2007,40.71508851223566,-73.99353662373844,40.7151527,-73.993727,293.98,37.98,2007,2007
1002920020,27 ELDRIDGE STREET,1aOeD7_HsZOwHR3OoIzOQw,2012-08,2012,40.71508898676246,-73.99353465101528,40.7151527,-73.993727,293.61,37.98,2011,2012
1002920020,27 ELDRIDGE STREET,7bI7TSi4XawU9z-LhVNSfg,2014-10,2014,40.71509397233728,-73.99352353202978,40.7151527,-73.993727,290.85,37.98,2014,2014
1002920020,27 ELDRIDGE STREET,hyqn__7WieZesTMS-_JM9Q,2018-06,2018,40.71506236312713,-73.99352936053033,40.7151527,-73.993727,301.09,37.98,2018,2018
1002920020,27 ELDRIDGE STREET,CkMgFpFWA1Rg4BCH8RuF0w,2022-07,2022,40.7150843559968,-73.99353976216163,40.7151527,-73.993727,295.71,37.98,2022,2022
1002920020,27 ELDRIDGE STREET,JFrrm6JRe1mMEBRM9rBwmA,2026-04,2026,40.71506722757082,-73.9935519571769,40.7151527,-73.993727,302.79,37.98,2026,2026
1002920021,21 ELDRIDGE STREET,SFOgo5AnkacWkAhWTT3Ygw,2007-09,2007,40.71508851223566,-73.99353662373844,40.715108799999975,-73.9938063,275.67,52.6,2007,2007
1002920021,21 ELDRIDGE STREET,1aOeD7_HsZOwHR3OoIzOQw,2012-08,2012,40.71508898676246,-73.99353465101528,40.715108799999975,-73.9938063,275.5,52.6,2011,2012
1002920021,21 ELDRIDGE STREET,7bI7TSi4XawU9z-LhVNSfg,2014-10,2014,40.71509397233728,-73.99352353202978,40.715108799999975,-73.9938063,273.96,52.6,2014,2014
1002920021,21 ELDRIDGE STREET,hyqn__7WieZesTMS-_JM9Q,2018-06,2018,40.71506236312713,-73.99352936053033,40.715108799999975,-73.9938063,282.47,52.6,2018,2018
1002920021,21 ELDRIDGE STREET,CkMgFpFWA1Rg4BCH8RuF0w,2022-07,2022,40.7150843559968,-73.99353976216163,40.715108799999975,-73.9938063,276.9,52.6,2022,2022
1002920021,21 ELDRIDGE STREET,JFrrm6JRe1mMEBRM9rBwmA,2026-04,2026,40.71506722757082,-73.9935519571769,40.715108799999975,-73.9938063,282.17,52.6,2026,2026
1002920022,19 ELDRIDGE STREET,LkMip7EpaYeIYbnbGfEkYw,2007-09,2007,40.71500257845241,-73.99358065132743,40.71504569999999,-73.9938424,282.26,53.53,2007,2007
1002920022,19 ELDRIDGE STREET,PRvUvb2g9prwr9jMREvIww,2012-08,2012,40.71499870508917,-73.99357993397373,40.71504569999999,-73.9938424,283.29,53.53,2011,2012
1002920022,19 ELDRIDGE STREET,5XmhzbFzAQuT-ialV5ZZdw,2014-10,2014,40.71499333625921,-73.9935718637443,40.71504569999999,-73.9938424,284.33,53.53,2014,2014
1002920022,19 ELDRIDGE STREET,Yg998tq-fO09QxZKjuuC0g,2018-06,2018,40.71497778446466,-73.99357177407506,40.71504569999999,-73.9938424,288.32,53.53,2018,2018
1002920022,19 ELDRIDGE STREET,0uCmm1SWgfwbuxRWKK1NbA,2022-07,2022,40.71496684140175,-73.99359939219218,40.71504569999999,-73.9938424,293.18,53.53,2022,2022
1002920022,19 ELDRIDGE STREET,Rx74oOqhYnopviGBLok8xg,2026-04,2026,40.71498521010132,-73.99359221865566,40.71504569999999,-73.9938424,287.69,53.53,2026,2026
1002920023,17 ELDRIDGE STREET,igQD-WtwoCq265Hux1QOIg,2007-09,2007,40.71491260095222,-73.99362754832049,40.71497980000002,-73.9938749,289.72,53.15,2007,2007
1002920023,17 ELDRIDGE STREET,TZglGr6mr1i9yQZRG76Xjw,2012-08,2012,40.71490968014532,-73.99362503758309,40.71497980000002,-73.9938749,290.32,53.15,2011,2012
1002920023,17 ELDRIDGE STREET,iEoyRfzy86oGklLl3gp03w,2014-10,2014,40.71491023454652,-73.99361033183489,40.71497980000002,-73.9938749,289.13,53.15,2014,2014
1002920023,17 ELDRIDGE STREET,6I84Hs1wCsVzD1dxG1uM9w,2018-06,2018,40.71489485855988,-73.99361786404754,40.71497980000002,-73.9938749,293.56,53.15,2018,2018
1002920023,17 ELDRIDGE STREET,r-wfkOu3np2ueYYgrW1_3w,2022-07,2022,40.7149251868075,-73.9936205541234,40.71497980000002,-73.9938749,285.82,53.15,2022,2022
1002920023,17 ELDRIDGE STREET,-8RDf5XsNF3Eos7mihsy3A,2026-04,2026,40.71489827752033,-73.99363292847191,40.71497980000002,-73.9938749,293.96,53.15,2026,2026
1002920024,15 ELDRIDGE STREET,WsqjOPutVXLJb-CSr5GRLw,2007-09,2007,40.71482267325989,-73.9936742659637,40.71491670000002,-73.9939073,298.03,53.12,2007,2007
1002920024,15 ELDRIDGE STREET,RGUSHewlEJ6bUhyaWBMN2w,2012-08,2012,40.71482721328584,-73.99366745110669,40.71491670000002,-73.9939073,296.21,53.12,2011,2012
1002920024,15 ELDRIDGE STREET,94SdGS6KrtZRdo8bVKYyvw,2014-06,2014,40.71479848783231,-73.99368403990299,40.71491670000002,-73.9939073,304.94,53.12,2014,2014
1002920024,15 ELDRIDGE STREET,HwtGXoKeiknZ0DxcXCCl7w,2018-06,2018,40.71480401643308,-73.99366664408412,40.71491670000002,-73.9939073,301.71,53.12,2018,2018
1002920024,15 ELDRIDGE STREET,usO2uJ4E0AzFbjsaspx_JA,2022-07,2022,40.71484226650498,-73.99366242963292,40.71491670000002,-73.9939073,291.85,53.12,2022,2022
1002920024,15 ELDRIDGE STREET,AYaUYmtMpAuE1Irj0vBlBw,2026-04,2026,40.71481161621655,-73.99367821140714,40.71491670000002,-73.9939073,301.18,53.12,2026,2026
1002920025,13 ELDRIDGE STREET,WsqjOPutVXLJb-CSr5GRLw,2007-09,2007,40.71482267325989,-73.9936742659637,40.714856299999994,-73.99393980000002,279.49,53.47,2007,2007
1002920025,13 ELDRIDGE STREET,RGUSHewlEJ6bUhyaWBMN2w,2012-08,2012,40.71482721328584,-73.99366745110669,40.714856299999994,-73.99393980000002,278.02,53.47,2011,2012
1002920025,13 ELDRIDGE STREET,94SdGS6KrtZRdo8bVKYyvw,2014-06,2014,40.71479848783231,-73.99368403990299,40.714856299999994,-73.99393980000002,286.61,53.47,2014,2014
1002920025,13 ELDRIDGE STREET,HwtGXoKeiknZ0DxcXCCl7w,2018-06,2018,40.71480401643308,-73.99366664408412,40.714856299999994,-73.99393980000002,284.17,53.47,2018,2018
1002920025,13 ELDRIDGE STREET,usO2uJ4E0AzFbjsaspx_JA,2022-07,2022,40.71484226650498,-73.99366242963292,40.714856299999994,-73.99393980000002,273.82,53.47,2022,2022
1002920025,13 ELDRIDGE STREET,AYaUYmtMpAuE1Irj0vBlBw,2026-04,2026,40.71481161621655,-73.99367821140714,40.714856299999994,-73.99393980000002,282.7,53.47,2026,2026
1002920026,11 ELDRIDGE STREET,LNpuvlJiKPDRLKvZi2T6pw,2007-09,2007,40.71475285922261,-73.993712285688,40.714790399999984,-73.9939759,280.64,54.02,2007,2007
1002920026,11 ELDRIDGE STREET,wGS5A2q4MkDv61ZDGNqncw,2012-08,2012,40.71473782529092,-73.99371372039442,40.714790399999984,-73.9939759,284.82,54.02,2011,2012
1002920026,11 ELDRIDGE STREET,3kM_F6lPPY0FFmb8LAcn7w,2014-10,2014,40.71472738838454,-73.9937124650263,40.714790399999984,-73.9939759,287.51,54.02,2014,2014
1002920026,11 ELDRIDGE STREET,7lrY0eCb1R4Bq3fnXf1Y5A,2018-06,2018,40.71475829618838,-73.99369264814268,40.714790399999984,-73.9939759,278.5,54.02,2018,2018
1002920026,11 ELDRIDGE STREET,slNQfQdgciqz-7jXBmjOtw,2022-07,2022,40.71476067839737,-73.99370412579498,40.714790399999984,-73.9939759,278.21,54.02,2022,2022
1002920026,11 ELDRIDGE STREET,Pf98jHpHBVP8WURnXkilRQ,2026-04,2026,40.71472891277317,-73.99372214929448,40.714790399999984,-73.9939759,287.73,54.02,2026,2026
1002920027,9 ELDRIDGE STREET,jhT3rQCdDHI2exf5NLacHA,2007-09,2007,40.71466416530273,-73.9937602586784,40.7147136,-73.99396870000001,287.37,41.95,2007,2007
1002920027,9 ELDRIDGE STREET,Bd9GI9LwF3vmVI3Jy_R4aQ,2012-08,2012,40.71464681661318,-73.99376079669318,40.7147136,-73.99396870000001,292.97,41.95,2011,2012
1002920027,9 ELDRIDGE STREET,r71NGfkk6QICSLocYK37Rw,2014-10,2014,40.71465643920948,-73.99374833268378,40.7147136,-73.99396870000001,288.89,41.95,2014,2014
1002920027,9 ELDRIDGE STREET,YjzyYIdJ89C99eI19FXVOw,2018-06,2018,40.71462205316414,-73.99375532687621,40.7147136,-73.99396870000001,299.51,41.95,2018,2018
1002920027,9 ELDRIDGE STREET,WQyGAhiW-AEUVjgHSaPmMw,2022-07,2022,40.71463960835316,-73.99376581816438,40.7147136,-73.99396870000001,295.7,41.95,2022,2022
1002920027,9 ELDRIDGE STREET,7MosOlymimdde9nm5qRNdg,2026-04,2026,40.71464249188941,-73.99376859790729,40.7147136,-73.99396870000001,295.12,41.95,2026,2026
1002920028,7 ELDRIDGE STREET,ZUnd4L-K1V0pDQl9SFDZ-A,2007-09,2007,40.71458087568125,-73.9937995337532,40.71465049999999,-73.9940012,294.49,41.94,2007,2007
1002920028,7 ELDRIDGE STREET,4pFv3tirnrae5TBXSgPmcA,2012-08,2012,40.71455059625858,-73.99381154941376,40.71465049999999,-73.9940012,304.8,41.94,2011,2012
1002920028,7 ELDRIDGE STREET,rw2ffkT4Ugus9ltvMJNGdA,2014-10,2014,40.71457167509335,-73.9937931672462,40.71465049999999,-73.9940012,296.56,41.94,2014,2014
1002920028,7 ELDRIDGE STREET,v0QjeSnX41fmO_XI1O3rRQ,2018-06,2018,40.71453919975715,-73.99380778331127,40.71465049999999,-73.9940012,307.21,41.94,2018,2018
1002920028,7 ELDRIDGE STREET,dxHO9TRnCUjnc-TAw0NA7g,2022-07,2022,40.71455527048665,-73.99380993536985,40.71465049999999,-73.9940012,303.3,41.94,2022,2022
1002920028,7 ELDRIDGE STREET,lgCCdK_89CLH9aHRg6xVkw,2026-04,2026,40.7145570725277,-73.99381253577391,40.71465049999999,-73.9940012,303.16,41.94,2026,2026
1002920029,5 ELDRIDGE STREET,ZUnd4L-K1V0pDQl9SFDZ-A,2007-09,2007,40.71458087568125,-73.9937995337532,40.714584600000016,-73.9940336,271.2,41.54,2007,2007
1002920029,5 ELDRIDGE STREET,4pFv3tirnrae5TBXSgPmcA,2012-08,2012,40.71455059625858,-73.99381154941376,40.714584600000016,-73.9940336,281.42,41.54,2011,2012
1002920029,5 ELDRIDGE STREET,rw2ffkT4Ugus9ltvMJNGdA,2014-10,2014,40.71457167509335,-73.9937931672462,40.714584600000016,-73.9940336,274.06,41.54,2014,2014
1002920029,5 ELDRIDGE STREET,v0QjeSnX41fmO_XI1O3rRQ,2018-06,2018,40.71453919975715,-73.99380778331127,40.714584600000016,-73.9940336,284.86,41.54,2018,2018
1002920029,5 ELDRIDGE STREET,dxHO9TRnCUjnc-TAw0NA7g,2022-07,2022,40.71455527048665,-73.99380993536985,40.714584600000016,-73.9940336,279.82,41.54,2022,2022
1002920029,5 ELDRIDGE STREET,lgCCdK_89CLH9aHRg6xVkw,2026-04,2026,40.7145570725277,-73.99381253577391,40.714584600000016,-73.9940336,279.33,41.54,2026,2026
1002927501,1 ELDRIDGE STREET,hOWnUgGsbgthVBSGCfYZRA,2007-09,2007,40.71436633548515,-73.99391063375,40.714472099999995,-73.9940372,317.79,27.51,2007,2007
1002927501,1 ELDRIDGE STREET,nNKySqinLFyxRZUed3IZzg,2012-08,2012,40.71437217415001,-73.99390606062792,40.714472099999995,-73.9940372,315.15,27.51,2011,2012
1002927501,1 ELDRIDGE STREET,lHrPVrS92aG_S-WlPr7UNA,2014-10,2014,40.71440741134604,-73.9938811326272,40.714472099999995,-73.9940372,298.67,27.51,2014,2014
1002927501,1 ELDRIDGE STREET,B9Bd75OXovdu_fw21gIwrg,2018-06,2018,40.71438938354036,-73.99389709372156,40.714472099999995,-73.9940372,307.92,27.51,2018,2018
1002927501,1 ELDRIDGE STREET,1kn8cO8iqpEUjDVXbUWQIQ,2022-07,2022,40.71435719322569,-73.99390148750572,40.714472099999995,-73.9940372,318.16,27.51,2022,2022
1002927501,1 ELDRIDGE STREET,11GrfjeMS4EYyswWEhs5jA,2026-04,2026,40.71438337867663,-73.99389996313164,40.714472099999995,-73.9940372,310.46,27.51,2026,2026
1002927502,86 CANAL STREET,2A7aN093ojx9PwqyZpTaHQ,2007-09,2007,40.71546771875922,-73.99368933038367,40.715273500000016,-73.9937919,201.82,40.81,2007,2007
1002927502,86 CANAL STREET,kqsFszbpOHpszMmLOZw_og,2011-06,2011,40.7154559664683,-73.99376814956167,40.715273500000016,-73.9937919,185.63,40.81,2011,2011
1002927502,86 CANAL STREET,a83RcvqHuOhb1CaUsX-PTw,2014-09,2014,40.71548617834145,-73.99373811040209,40.715273500000016,-73.9937919,190.85,40.81,2014,2014
1002927502,86 CANAL STREET,SheM_WYha14wfEvValvFzw,2019-06,2019,40.71545583572891,-73.99378052390067,40.715273500000016,-73.9937919,182.71,40.81,2018,2019
1002927502,86 CANAL STREET,WVBcw3zqKkhnuI1PVTQK7Q,2022-07,2022,40.71548977620242,-73.99375496819968,40.715273500000016,-73.9937919,187.37,40.81,2022,2022
1002927502,86 CANAL STREET,NBvkljH4RpF0oACc6gKEbw,2026-04,2026,40.71547365887615,-73.99373174389304,40.715273500000016,-73.9937919,192.83,40.81,2026,2026
1002930001,8 ELDRIDGE STREET,eDn4k3RRIqJpWAPs0q7yug,2009-04,2009,40.71433282973114,-73.99337602607254,40.7145077,-73.9935034,331.1,30.47,2007,2009
1002930001,8 ELDRIDGE STREET,OO6J0nH0uDJd86EKyBWwew,2011-07,2011,40.71433143346331,-73.99333693024965,40.7145077,-73.9935034,324.4,30.47,2011,2011
1002930001,8 ELDRIDGE STREET,JDtcRvwtbGjIWtjotakRsg,2014-10,2014,40.714340576685,-73.9933311914126,40.7145077,-73.9935034,322.01,30.47,2014,2014
1002930001,8 ELDRIDGE STREET,AgX47PhFFEMBPN28nsL0TA,2018-07,2018,40.71433229340824,-73.99336320336087,40.7145077,-73.9935034,328.79,30.47,2018,2018
1002930001,8 ELDRIDGE STREET,f1rZQe1Mqih2sCEva4087Q,2022-07,2022,40.71434827395608,-73.99332536290603,40.7145077,-73.9935034,319.75,30.47,2022,2022
1002930001,8 ELDRIDGE STREET,neV21t7rL52etfjAPOR4fw,2026-04,2026,40.71433848248112,-73.99334993230173,40.7145077,-73.9935034,325.49,30.47,2026,2026
1002930002,10 ELDRIDGE STREET,LNpuvlJiKPDRLKvZi2T6pw,2007-09,2007,40.71475285922261,-73.993712285688,40.7146422,-73.9935539,132.67,38.27,2007,2007
1002930002,10 ELDRIDGE STREET,wGS5A2q4MkDv61ZDGNqncw,2012-08,2012,40.71473782529092,-73.99371372039442,40.7146422,-73.9935539,128.29,38.27,2011,2012
1002930002,10 ELDRIDGE STREET,3kM_F6lPPY0FFmb8LAcn7w,2014-10,2014,40.71472738838454,-73.9937124650263,40.7146422,-73.9935539,125.33,38.27,2014,2014
1002930002,10 ELDRIDGE STREET,7lrY0eCb1R4Bq3fnXf1Y5A,2018-06,2018,40.71475829618838,-73.99369264814268,40.7146422,-73.9935539,137.83,38.27,2018,2018
1002930002,10 ELDRIDGE STREET,slNQfQdgciqz-7jXBmjOtw,2022-07,2022,40.71476067839737,-73.99370412579498,40.7146422,-73.9935539,136.14,38.27,2022,2022
1002930002,10 ELDRIDGE STREET,Pf98jHpHBVP8WURnXkilRQ,2026-04,2026,40.71472891277317,-73.99372214929448,40.7146422,-73.9935539,124.21,38.27,2026,2026
1002930003,12 ELDRIDGE STREET,WsqjOPutVXLJb-CSr5GRLw,2007-09,2007,40.71482267325989,-73.9936742659637,40.71473,-73.9934673,120.57,48.97,2007,2007
1002930003,12 ELDRIDGE STREET,RGUSHewlEJ6bUhyaWBMN2w,2012-08,2012,40.71482721328584,-73.99366745110669,40.71473,-73.9934673,122.65,48.97,2011,2012
1002930003,12 ELDRIDGE STREET,94SdGS6KrtZRdo8bVKYyvw,2014-06,2014,40.71479848783231,-73.99368403990299,40.71473,-73.9934673,112.63,48.97,2014,2014
1002930003,12 ELDRIDGE STREET,HwtGXoKeiknZ0DxcXCCl7w,2018-06,2018,40.71480401643308,-73.99366664408412,40.71473,-73.9934673,116.1,48.97,2018,2018
1002930003,12 ELDRIDGE STREET,usO2uJ4E0AzFbjsaspx_JA,2022-07,2022,40.71484226650498,-73.99366242963292,40.71473,-73.9934673,127.2,48.97,2022,2022
1002930003,12 ELDRIDGE STREET,AYaUYmtMpAuE1Irj0vBlBw,2026-04,2026,40.71481161621655,-73.99367821140714,40.71473,-73.9934673,117.05,48.97,2026,2026
1002930007,20 ELDRIDGE STREET,LkMip7EpaYeIYbnbGfEkYw,2007-09,2007,40.71500257845241,-73.99358065132743,40.7149002,-73.9933771,123.57,49.65,2007,2007
1002930007,20 ELDRIDGE STREET,PRvUvb2g9prwr9jMREvIww,2012-08,2012,40.71499870508917,-73.99357993397373,40.7149002,-73.9933771,122.65,49.65,2011,2012
1002930007,20 ELDRIDGE STREET,5XmhzbFzAQuT-ialV5ZZdw,2014-10,2014,40.71499333625921,-73.9935718637443,40.7149002,-73.9933771,122.25,49.65,2014,2014
1002930007,20 ELDRIDGE STREET,Yg998tq-fO09QxZKjuuC0g,2018-06,2018,40.71497778446466,-73.99357177407506,40.7149002,-73.9933771,117.74,49.65,2018,2018
1002930007,20 ELDRIDGE STREET,0uCmm1SWgfwbuxRWKK1NbA,2022-07,2022,40.71496684140175,-73.99359939219218,40.7149002,-73.9933771,111.58,49.65,2022,2022
1002930007,20 ELDRIDGE STREET,Rx74oOqhYnopviGBLok8xg,2026-04,2026,40.71498521010132,-73.99359221865566,40.7149002,-73.9933771,117.54,49.65,2026,2026
1002930008,22 ELDRIDGE STREET,SFOgo5AnkacWkAhWTT3Ygw,2007-09,2007,40.71508851223566,-73.99353662373844,40.71496610000003,-73.993341,129.54,50.22,2007,2007
1002930008,22 ELDRIDGE STREET,1aOeD7_HsZOwHR3OoIzOQw,2012-08,2012,40.71508898676246,-73.99353465101528,40.71496610000003,-73.993341,129.94,50.22,2011,2012
1002930008,22 ELDRIDGE STREET,7bI7TSi4XawU9z-LhVNSfg,2014-10,2014,40.71509397233728,-73.99352353202978,40.71496610000003,-73.993341,132.75,50.22,2014,2014
1002930008,22 ELDRIDGE STREET,hyqn__7WieZesTMS-_JM9Q,2018-06,2018,40.71506236312713,-73.99352936053033,40.71496610000003,-73.993341,123.99,50.22,2018,2018
1002930008,22 ELDRIDGE STREET,CkMgFpFWA1Rg4BCH8RuF0w,2022-07,2022,40.7150843559968,-73.99353976216163,40.71496610000003,-73.993341,128.13,50.22,2022,2022
1002930008,22 ELDRIDGE STREET,JFrrm6JRe1mMEBRM9rBwmA,2026-04,2026,40.71506722757082,-73.9935519571769,40.71496610000003,-73.993341,122.31,50.22,2026,2026
1002930009,24 ELDRIDGE STREET,SFOgo5AnkacWkAhWTT3Ygw,2007-09,2007,40.71508851223566,-73.99353662373844,40.71504290000001,-73.9933518,108.03,37.24,2007,2007
1002930009,24 ELDRIDGE STREET,1aOeD7_HsZOwHR3OoIzOQw,2012-08,2012,40.71508898676246,-73.99353465101528,40.71504290000001,-73.9933518,108.39,37.24,2011,2012
1002930009,24 ELDRIDGE STREET,7bI7TSi4XawU9z-LhVNSfg,2014-10,2014,40.71509397233728,-73.99352353202978,40.71504290000001,-73.9933518,111.42,37.24,2014,2014
1002930009,24 ELDRIDGE STREET,hyqn__7WieZesTMS-_JM9Q,2018-06,2018,40.71506236312713,-73.99352936053033,40.71504290000001,-73.9933518,98.23,37.24,2018,2018
1002930009,24 ELDRIDGE STREET,CkMgFpFWA1Rg4BCH8RuF0w,2022-07,2022,40.7150843559968,-73.99353976216163,40.71504290000001,-73.9933518,106.22,37.24,2022,2022
1002930009,24 ELDRIDGE STREET,JFrrm6JRe1mMEBRM9rBwmA,2026-04,2026,40.71506722757082,-73.9935519571769,40.71504290000001,-73.9933518,99.11,37.24,2026,2026
1002930010,26 ELDRIDGE STREET,z4Wiez14RqSw-XbfvWPWWQ,2007-09,2007,40.71515657322854,-73.99350326678038,40.7151061,-73.9933157,109.55,38.16,2007,2007
1002930010,26 ELDRIDGE STREET,SfnwQb7R_rSSdKWa9s0_ig,2012-08,2012,40.71516332529923,-73.99349609324025,40.7151061,-73.9933157,112.71,38.16,2011,2012
1002930010,26 ELDRIDGE STREET,AyHDgsJU_KmCe-7uASMWwQ,2014-10,2014,40.715165221646,-73.9934871263147,40.7151061,-73.9933157,114.47,38.16,2014,2014
1002930010,26 ELDRIDGE STREET,AQi5ql_0AyPIfjvTs1fEIA,2018-06,2018,40.71514638771028,-73.99349421018593,40.7151061,-73.9933157,106.58,38.16,2018,2018
1002930010,26 ELDRIDGE STREET,NVawKytJ9IQnhO3-gT4ZFA,2022-07,2022,40.71513957597236,-73.99351106800496,40.7151061,-73.9933157,102.74,38.16,2022,2022
1002930010,26 ELDRIDGE STREET,hMVvMIlYSc0XEz-NI5smJQ,2026-04,2026,40.71515368662576,-73.99350631553486,40.7151061,-73.9933157,108.23,38.16,2026,2026
1002930011,80 CANAL STREET,RNQ6T4qKDPf_6v2pDzUS_w,2007-09,2007,40.71527527167207,-73.99312916630483,40.7151747,-73.9932797,228.61,22.39,2007,2007
1002930011,80 CANAL STREET,9yAYZddE0AxmcSgZ7KsO7g,2011-06,2011,40.71530688561236,-73.9931648547326,40.7151747,-73.9932797,213.37,22.39,2011,2011
1002930011,80 CANAL STREET,M95K0bULPhvpX1nCipIVWw,2014-09,2014,40.71528368722608,-73.99316297167502,40.7151747,-73.9932797,219.07,22.39,2014,2014
1002930011,80 CANAL STREET,VPay6kX38zxTEeW0PQL4YA,2019-06,2019,40.71526690711809,-73.99315741217158,40.7151747,-73.9932797,225.15,22.39,2018,2019
1002930011,80 CANAL STREET,6BL2AbMBREqKch2sHib4fw,2022-07,2022,40.7152999830895,-73.99313373944544,40.7151747,-73.9932797,221.45,22.39,2022,2022
1002930011,80 CANAL STREET,WLuw1myfhobxZoNl4AEL9Q,2026-04,2026,40.71530456166703,-73.99315059729618,40.7151747,-73.9932797,217.0,22.39,2026,2026
1002930012,78 CANAL STREET,q66ajV8qk5G8Xjpq2lT1Rg,2007-09,2007,40.71524347244442,-73.99302622577748,40.71506490000001,-73.9931642,210.35,47.2,2007,2007
1002930012,78 CANAL STREET,SVWlECMIOl55WpQr-Ew4eA,2011-06,2011,40.71526217734099,-73.9930171691605,40.71506490000001,-73.9931642,209.46,47.2,2011,2011
1002930012,78 CANAL STREET,rzqgchjEbhfe2vD5WUhhIg,2014-09,2014,40.71526400228214,-73.99304918116118,40.71506490000001,-73.9931642,203.65,47.2,2014,2014
1002930012,78 CANAL STREET,RogV48Z0zf0JWzNiomjqUw,2019-06,2019,40.71523667182269,-73.993057520421,40.71506490000001,-73.9931642,205.21,47.2,2018,2019
1002930012,78 CANAL STREET,q82ukhXFHpF8MvBJjsVLag,2022-07,2022,40.71528504042928,-73.99308316588437,40.71506490000001,-73.9931642,195.59,47.2,2022,2022
1002930012,78 CANAL STREET,9ehepFum5kH2S6JZNaXzJQ,2026-04,2026,40.71527268481378,-73.99303860016435,40.71506490000001,-73.9931642,204.62,47.2,2026,2026
1002930013,76 CANAL STREET,9WNPMM5eUxJcN_1fL5hdFA,2007-09,2007,40.71519164013791,-73.99290436492498,40.715075799999994,-73.993074,227.98,34.01,2007,2007
1002930013,76 CANAL STREET,osYcnVGKSUm8xW7qvvHo_Q,2011-05,2011,40.7152075551266,-73.99294211579338,40.715075799999994,-73.993074,217.19,34.01,2011,2011
1002930013,76 CANAL STREET,pqmGBcRaZHDzvbDl1Fqh7w,2014-09,2014,40.71523685553933,-73.99292373354248,40.715075799999994,-73.993074,215.27,34.01,2014,2014
1002930013,76 CANAL STREET,oCvZhXuxk2sTksaRRph6Vw,2019-10,2019,40.7152330080379,-73.99291575295496,40.715075799999994,-73.993074,217.34,34.01,2018,2019
1002930013,76 CANAL STREET,aADmBO23sByIL_wLwsBluA,2022-07,2022,40.71523636871633,-73.9929181740321,40.715075799999994,-73.993074,216.34,34.01,2022,2022
1002930013,76 CANAL STREET,hsKe5yzboCId7H8gXEVHHw,2026-04,2026,40.71524059777409,-73.9929288447051,40.715075799999994,-73.993074,213.73,34.01,2026,2026
1002930014,74 CANAL STREET,9WNPMM5eUxJcN_1fL5hdFA,2007-09,2007,40.71519164013791,-73.99290436492498,40.7150566,-73.9930055,209.58,33.25,2007,2007
1002930014,74 CANAL STREET,osYcnVGKSUm8xW7qvvHo_Q,2011-05,2011,40.7152075551266,-73.99294211579338,40.7150566,-73.9930055,197.65,33.25,2011,2011
1002930014,74 CANAL STREET,pqmGBcRaZHDzvbDl1Fqh7w,2014-09,2014,40.71523685553933,-73.99292373354248,40.7150566,-73.9930055,198.97,33.25,2014,2014
1002930014,74 CANAL STREET,oCvZhXuxk2sTksaRRph6Vw,2019-10,2019,40.7152330080379,-73.99291575295496,40.7150566,-73.9930055,201.09,33.25,2018,2019
1002930014,74 CANAL STREET,aADmBO23sByIL_wLwsBluA,2022-07,2022,40.71523636871633,-73.9929181740321,40.7150566,-73.9930055,200.21,33.25,2022,2022
1002930014,74 CANAL STREET,hsKe5yzboCId7H8gXEVHHw,2026-04,2026,40.71524059777409,-73.9929288447051,40.7150566,-73.9930055,197.52,33.25,2026,2026
1002930015,70 CANAL STREET,oPO77gYo1xW6sQ2bYEHYPA,2007-09,2007,40.71499158353826,-73.99269794555593,40.7150182,-73.99288650000001,280.55,30.63,2007,2007
1002930015,70 CANAL STREET,byMFLtqJyNeFEev391XGOw,2012-08,2012,40.71498895221403,-73.99270332573344,40.7150182,-73.99288650000001,281.9,30.63,2011,2012
1002930015,70 CANAL STREET,zoDzD1uzFANNDvehmbDvlA,2014-09,2014,40.71497139468057,-73.99273748985713,40.7150182,-73.99288650000001,292.51,30.63,2014,2014
1002930015,70 CANAL STREET,qOOT-l0uTjGACMfLyQDbQA,2018-08,2018,40.71496702568758,-73.99272583280774,40.7150182,-73.99288650000001,292.79,30.63,2018,2018
1002930015,70 CANAL STREET,N7BKg3nCNJYK_FnAerWwbA,2022-07,2022,40.71496394031779,-73.99270727119686,40.7150182,-73.99288650000001,291.77,30.63,2022,2022
1002930015,70 CANAL STREET,o7g5bardscPG9UU73kLazA,2026-04,2026,40.71498126547571,-73.9926847641204,40.7150182,-73.99288650000001,283.58,30.63,2026,2026
1002930016,11 ALLEN STREET,XHoYfDlDJ_A521KTCOrtbw,2007-09,2007,40.71486541886254,-73.99273381340316,40.7149414,-73.9930019,290.5,50.01,2007,2007
1002930016,11 ALLEN STREET,vcJ8o6fjCZ2pDHD9yisQmA,2012-07,2012,40.7148711105256,-73.99273937291889,40.7149414,-73.9930019,289.46,50.01,2011,2012
1002930016,11 ALLEN STREET,d_jrkqLr_BAwNwahpnqz_Q,2014-09,2014,40.71489129326584,-73.99278062093373,40.7149414,-73.9930019,286.63,50.01,2014,2014
1002930016,11 ALLEN STREET,HQ8QizMnCIHGe1O4EeRUvA,2018-08,2018,40.71488553753611,-73.99276663247751,40.7149414,-73.9930019,287.39,50.01,2018,2018
1002930016,11 ALLEN STREET,jM1OKRmBJ9G4BVypw5Bu3w,2022-07,2022,40.71488766132698,-73.99273533778653,40.7149414,-73.9930019,284.89,50.01,2022,2022
1002930016,11 ALLEN STREET,btjFFflr1DzqhGbeRR92TA,2026-04,2026,40.71489811218418,-73.99272977827069,40.7149414,-73.9930019,281.85,50.01,2026,2026
1002930017,9 ALLEN STREET,y1T2CQ_YLGh1eScD456DLg,2007-09,2007,40.7147920736695,-73.99275703783067,40.714872699999994,-73.993038,290.74,50.07,2007,2007
1002930017,9 ALLEN STREET,lcLNjbkPoUmHnukwfotvug,2012-07,2012,40.71482508284091,-73.99276161098015,40.714872699999994,-73.993038,282.81,50.07,2011,2012
1002930017,9 ALLEN STREET,idJsXbEnL04izqUPnDnjIw,2014-09,2014,40.71481693945157,-73.99281747513078,40.714872699999994,-73.993038,288.45,50.07,2014,2014
1002930017,9 ALLEN STREET,O9_EKNU7WetBk_BcST2a7A,2018-08,2018,40.71484534006814,-73.99278689780476,40.714872699999994,-73.993038,278.18,50.07,2018,2018
1002930017,9 ALLEN STREET,r6VZlLq8xyghpLeBZ23blA,2022-07,2022,40.71480091165083,-73.9927799932466,40.714872699999994,-73.993038,290.16,50.07,2022,2022
1002930017,9 ALLEN STREET,dRk7PUEvemtgQ7NFbJJPtQ,2026-04,2026,40.71481397546833,-73.99277317835778,40.714872699999994,-73.993038,286.31,50.07,2026,2026
1002930018,7 ALLEN STREET,OJNZlveuz3bcb8B46Pkgnw,2007-09,2007,40.71469150640612,-73.99277819985483,40.7148069,-73.9930705,297.51,49.58,2007,2007
1002930018,7 ALLEN STREET,lLQ7Iv2Mdtgkm-oQ69MaPg,2012-08,2012,40.71470031565626,-73.99286051651983,40.7148069,-73.9930705,303.81,49.58,2011,2012
1002930018,7 ALLEN STREET,uIFfCdtKjF8zyNbmOeQk5g,2014-09,2014,40.71470646561077,-73.99286186156307,40.7148069,-73.9930705,302.42,49.58,2014,2014
1002930018,7 ALLEN STREET,0LSYX2piv5xzz34r2eGavw,2018-07,2018,40.71472287217367,-73.99285414998162,40.7148069,-73.9930705,297.13,49.58,2018,2018
1002930018,7 ALLEN STREET,Zr-T1UmWZ9Uq2edulnXyRA,2022-07,2022,40.71471987140775,-73.99281810281776,40.7148069,-73.9930705,294.46,49.58,2022,2022
1002930018,7 ALLEN STREET,tslXfkSny0rPJcuBQxUIPQ,2026-04,2026,40.71472237556998,-73.99281182594775,40.7148069,-73.9930705,293.32,49.58,2026,2026
1002930019,5 ALLEN STREET,phSw9LTZVBc2rr_NnGxnCg,2012-08,2012,40.7146093891661,-73.9929113591482,40.7147437,-73.9931029,312.77,49.42,2007,2012
1002930019,5 ALLEN STREET,phSw9LTZVBc2rr_NnGxnCg,2012-08,2012,40.7146093891661,-73.9929113591482,40.7147437,-73.9931029,312.77,49.42,2011,2012
1002930019,5 ALLEN STREET,y0anjQZtF7iy87N-ViE5MA,2014-09,2014,40.71457510984056,-73.99292974140029,40.7147437,-73.9931029,322.1,49.42,2014,2014
1002930019,5 ALLEN STREET,EY0KRmRbr02emSAs3JgQLg,2018-07,2018,40.71455398296317,-73.99293395586758,40.7147437,-73.9931029,325.98,49.42,2018,2018
1002930019,5 ALLEN STREET,fWzJnbVxw68MTOp2xLkeOQ,2022-07,2022,40.71458125801764,-73.99291458725112,40.7147437,-73.9931029,318.69,49.42,2022,2022
1002930019,5 ALLEN STREET,7uoWLr-vBU-ZoXaOpjQDEQ,2024-09,2024,40.71458727862091,-73.99292140213493,40.7147437,-73.9931029,318.67,49.42,2026,2024
1002930020,3 ALLEN STREET,phSw9LTZVBc2rr_NnGxnCg,2012-08,2012,40.7146093891661,-73.9929113591482,40.7146834,-73.9931354,293.55,49.67,2007,2012
1002930020,3 ALLEN STREET,phSw9LTZVBc2rr_NnGxnCg,2012-08,2012,40.7146093891661,-73.9929113591482,40.7146834,-73.9931354,293.55,49.67,2011,2012
1002930020,3 ALLEN STREET,y0anjQZtF7iy87N-ViE5MA,2014-09,2014,40.71457510984056,-73.99292974140029,40.7146834,-73.9931354,304.79,49.67,2014,2014
1002930020,3 ALLEN STREET,EY0KRmRbr02emSAs3JgQLg,2018-07,2018,40.71455398296317,-73.99293395586758,40.7146834,-73.9931354,310.28,49.67,2018,2018
1002930020,3 ALLEN STREET,fWzJnbVxw68MTOp2xLkeOQ,2022-07,2022,40.71458125801764,-73.99291458725112,40.7146834,-73.9931354,301.39,49.67,2022,2022
1002930020,3 ALLEN STREET,7uoWLr-vBU-ZoXaOpjQDEQ,2024-09,2024,40.71458727862091,-73.99292140213493,40.7146834,-73.9931354,300.65,49.67,2026,2024
1002930023,98 DIVISION STREET,PVAypavARCXd0pXKO6rbIA,2012-08,2012,40.71445153773832,-73.99299878691679,40.714521399999995,-73.9931823,296.67,39.95,2007,2012
1002930023,98 DIVISION STREET,PVAypavARCXd0pXKO6rbIA,2012-08,2012,40.71445153773832,-73.99299878691679,40.714521399999995,-73.9931823,296.67,39.95,2011,2012
1002930023,98 DIVISION STREET,mzUxH92u4sIprzlEHdrSzg,2014-09,2014,40.71441715783445,-73.99299412410348,40.714521399999995,-73.9931823,306.16,39.95,2014,2014
1002930023,98 DIVISION STREET,INzwWPTEO_dPvArkEYg9pg,2018-07,2018,40.71444233097368,-73.99300407741637,40.714521399999995,-73.9931823,300.34,39.95,2018,2018
1002930023,98 DIVISION STREET,kX1DxthtvbCc7WPPJ8HJXA,2022-07,2022,40.71446138128361,-73.99298309475613,40.714521399999995,-73.9931823,291.68,39.95,2022,2022
1002930023,98 DIVISION STREET,Y_7fEyKvVNQBYD6PHIQegQ,2025-05,2025,40.71444473957647,-73.99301627246572,40.714521399999995,-73.9931823,301.35,39.95,2026,2025
1002930028,88 DIVISION STREET,Ur3tHaOEvcYtahVmHPYbdQ,2007-09,2007,40.71448682303412,-73.99384589267818,40.71446380000002,-73.9937487,107.36,11.67,2007,2007
1002930028,88 DIVISION STREET,9od6WQPEiAdbpEQ-pxiNOA,2012-08,2012,40.71450306184673,-73.9938354013944,40.71446380000002,-73.9937487,120.86,11.67,2011,2012
1002930028,88 DIVISION STREET,GA9g33MPAbnUZ4ObPZEKbA,2014-10,2014,40.7144840443498,-73.99383800179814,40.71446380000002,-73.9937487,106.65,11.67,2014,2014
1002930028,88 DIVISION STREET,OmUNE0m-6Rw2JTf62HJb5A,2018-06,2018,40.71450036383332,-73.99383073860143,40.71446380000002,-73.9937487,120.46,11.67,2018,2018
1002930028,88 DIVISION STREET,G7yBZf5QOTT3zgyl6WWM7A,2022-07,2022,40.71446421229559,-73.99385772899767,40.71446380000002,-73.9937487,90.29,11.67,2022,2022
1002930028,88 DIVISION STREET,-epHqdxJqu9ml_DG3f0qeQ,2026-04,2026,40.71447179862567,-73.99385324554339,40.71446380000002,-73.9937487,95.76,11.67,2026,2026
1002930030,6 1/2 ELDRIDGE STREET,jhT3rQCdDHI2exf5NLacHA,2007-09,2007,40.71466416530273,-73.9937602586784,40.7145708,-73.9936476,137.55,23.56,2007,2007
1002930030,6 1/2 ELDRIDGE STREET,Bd9GI9LwF3vmVI3Jy_R4aQ,2012-08,2012,40.71464681661318,-73.99376079669318,40.7145708,-73.9936476,131.54,23.56,2011,2012
1002930030,6 1/2 ELDRIDGE STREET,r71NGfkk6QICSLocYK37Rw,2014-10,2014,40.71465643920948,-73.99374833268378,40.7145708,-73.9936476,138.28,23.56,2014,2014
1002930030,6 1/2 ELDRIDGE STREET,YjzyYIdJ89C99eI19FXVOw,2018-06,2018,40.71462205316414,-73.99375532687621,40.7145708,-73.9936476,122.12,23.56,2018,2018
1002930030,6 1/2 ELDRIDGE STREET,WQyGAhiW-AEUVjgHSaPmMw,2022-07,2022,40.71463960835316,-73.99376581816438,40.7145708,-73.9936476,127.52,23.56,2022,2022
1002930030,6 1/2 ELDRIDGE STREET,7MosOlymimdde9nm5qRNdg,2026-04,2026,40.71464249188941,-73.99376859790729,40.7145708,-73.9936476,128.01,23.56,2026,2026
1002937501,18 ELDRIDGE STREET,igQD-WtwoCq265Hux1QOIg,2007-09,2007,40.71491260095222,-73.99362754832049,40.71483709999999,-73.9934095,114.55,49.67,2007,2007
1002937501,18 ELDRIDGE STREET,TZglGr6mr1i9yQZRG76Xjw,2012-08,2012,40.71490968014532,-73.99362503758309,40.71483709999999,-73.9934095,113.95,49.67,2011,2012
1002937501,18 ELDRIDGE STREET,iEoyRfzy86oGklLl3gp03w,2014-10,2014,40.71491023454652,-73.99361033183489,40.71483709999999,-73.9934095,115.66,49.67,2014,2014
1002937501,18 ELDRIDGE STREET,6I84Hs1wCsVzD1dxG1uM9w,2018-06,2018,40.71489485855988,-73.99361786404754,40.71483709999999,-73.9934095,110.09,49.67,2018,2018
1002937501,18 ELDRIDGE STREET,r-wfkOu3np2ueYYgrW1_3w,2022-07,2022,40.7149251868075,-73.9936205541234,40.71483709999999,-73.9934095,118.84,49.67,2022,2022
1002937501,18 ELDRIDGE STREET,-8RDf5XsNF3Eos7mihsy3A,2026-04,2026,40.71489827752033,-73.99363292847191,40.71483709999999,-73.9934095,109.86,49.67,2026,2026
1003000001,34 ELDRIDGE STREET,9eLymk3Nl-sPdXG3PQ3Igg,2007-09,2007,40.71560944725977,-73.99328348732288,40.71552320000001,-73.9930596,116.94,48.12,2007,2007
1003000001,34 ELDRIDGE STREET,82ikLz7kzoWZfVZqOs8A4w,2011-06,2011,40.71559310931916,-73.99328689475827,40.71552320000001,-73.9930596,112.09,48.12,2011,2011
1003000001,34 ELDRIDGE STREET,QG_U97XZC0Dn-wmIdWY29A,2014-10,2014,40.71560245317327,-73.993280976581,40.71552320000001,-73.9930596,115.28,48.12,2014,2014
1003000001,34 ELDRIDGE STREET,gvZ9TdGqeWHP-v2wpE_UVg,2018-06,2018,40.71557786908195,-73.993292723266,40.71552320000001,-73.9930596,107.19,48.12,2018,2018
1003000001,34 ELDRIDGE STREET,JX9jiMtFRegMSxKWRX7htw,2022-07,2022,40.71555047340784,-73.9933149612631,40.71552320000001,-73.9930596,98.02,48.12,2022,2022
1003000001,34 ELDRIDGE STREET,U0v3IIh5Ny6fkZ90CxhD0Q,2026-04,2026,40.71557927947909,-73.99329415797557,40.71552320000001,-73.9930596,107.51,48.12,2026,2026
1003000003,38 ELDRIDGE STREET,rsoeahr3Lyd8Am6pdeCNVA,2007-09,2007,40.7157623649854,-73.99320224687216,40.71565769999997,-73.9929441,118.14,59.98,2007,2007
1003000003,38 ELDRIDGE STREET,4c1sqJ8tZvJBeL0fQk6lrw,2011-06,2011,40.71578395235005,-73.99319543199834,40.71565769999997,-73.9929441,123.53,59.98,2011,2011
1003000003,38 ELDRIDGE STREET,9sTK33iBOXDa628YyXTmuQ,2014-10,2014,40.71574436191808,-73.99320986877021,40.71565769999997,-73.9929441,113.28,59.98,2014,2014
1003000003,38 ELDRIDGE STREET,B9G7PzZxJPx2cm1_nbDHXQ,2018-06,2018,40.71578694545826,-73.9931883481161,40.71565769999997,-73.9929441,124.92,59.98,2018,2018
1003000003,38 ELDRIDGE STREET,DhoC36YnmEzpeIoY9KQOpA,2022-07,2022,40.71572211012901,-73.9932178493455,40.71565769999997,-73.9929441,107.25,59.98,2022,2022
1003000003,38 ELDRIDGE STREET,iKHbxqdOhS4ciFDtyK6_UA,2026-04,2026,40.71575336497894,-73.99320314356606,40.71565769999997,-73.9929441,115.98,59.98,2026,2026
1003000004,42 ELDRIDGE STREET,qinHCQz7Jf6y4WYOe954ww,2007-09,2007,40.71586890134362,-73.99314979027145,40.71573459999999,-73.9929477,131.24,48.79,2007,2007
1003000004,42 ELDRIDGE STREET,C09Y2FEcMf4oJBQSPrgMUQ,2011-06,2011,40.71582364666692,-73.99317534605306,40.71573459999999,-73.9929477,117.3,48.79,2011,2011
1003000004,42 ELDRIDGE STREET,qQWLYd60rrrABxwNTj6Jxg,2014-10,2014,40.71583546739262,-73.9931618956421,40.71573459999999,-73.9929477,121.85,48.79,2014,2014
1003000004,42 ELDRIDGE STREET,huawTikhtS0uS4Ql8w0PFw,2018-06,2018,40.71587013760519,-73.99314467911469,40.71573459999999,-73.9929477,132.23,48.79,2018,2018
1003000004,42 ELDRIDGE STREET,YSukOeXNuc_volSmVkE4hw,2022-07,2022,40.71580951383064,-73.99317409068142,40.71573459999999,-73.9929477,113.58,48.79,2022,2022
1003000004,42 ELDRIDGE STREET,IKFltgwqEMzZ12BYw6DkKQ,2026-04,2026,40.71583804389303,-73.99316144729507,40.71573459999999,-73.9929477,122.56,48.79,2026,2026
1003000005,44 ELDRIDGE STREET,qinHCQz7Jf6y4WYOe954ww,2007-09,2007,40.71586890134362,-73.99314979027145,40.71579770000002,-73.9929116,111.52,49.69,2007,2007
1003000005,44 ELDRIDGE STREET,C09Y2FEcMf4oJBQSPrgMUQ,2011-06,2011,40.71582364666692,-73.99317534605306,40.71579770000002,-73.9929116,97.4,49.69,2011,2011
1003000005,44 ELDRIDGE STREET,qQWLYd60rrrABxwNTj6Jxg,2014-10,2014,40.71583546739262,-73.9931618956421,40.71579770000002,-73.9929116,101.26,49.69,2014,2014
1003000005,44 ELDRIDGE STREET,huawTikhtS0uS4Ql8w0PFw,2018-06,2018,40.71587013760519,-73.99314467911469,40.71579770000002,-73.9929116,112.3,49.69,2018,2018
1003000005,44 ELDRIDGE STREET,YSukOeXNuc_volSmVkE4hw,2022-07,2022,40.71580951383064,-73.99317409068142,40.71579770000002,-73.9929116,93.4,49.69,2022,2022
1003000005,44 ELDRIDGE STREET,IKFltgwqEMzZ12BYw6DkKQ,2026-04,2026,40.71583804389303,-73.99316144729507,40.71579770000002,-73.9929116,102.03,49.69,2026,2026
1003000006,46 ELDRIDGE STREET,eGcqUcw-RvWBhlXcqetG_w,2007-09,2007,40.71595338222305,-73.99310244481437,40.715863600000006,-73.9928792,117.95,49.25,2007,2007
1003000006,46 ELDRIDGE STREET,A-Lga9RjWZPL5dIyc0h7Jw,2011-06,2011,40.71595744677476,-73.99311248779108,40.715863600000006,-73.9928792,117.96,49.25,2011,2011
1003000006,46 ELDRIDGE STREET,V91gFeLymT-4_gklcbbeDw,2014-10,2014,40.71592360982088,-73.99311643324609,40.715863600000006,-73.9928792,108.46,49.25,2014,2014
1003000006,46 ELDRIDGE STREET,8iouCeCXfWBWFxEBqcbRqQ,2018-06,2018,40.71595192007781,-73.99310011340899,40.715863600000006,-73.9928792,117.81,49.25,2018,2018
1003000006,46 ELDRIDGE STREET,1B_3EjR3KKK7pLTV5sIFPg,2022-07,2022,40.71589605033827,-73.99313060101562,40.715863600000006,-73.9928792,99.66,49.25,2022,2022
1003000006,46 ELDRIDGE STREET,J6FMrZD-vUObq8hFG40bgw,2026-04,2026,40.7159243522928,-73.99311688159322,40.715863600000006,-73.9928792,108.64,49.25,2026,2026
1003000007,48 ELDRIDGE STREET,GB4a9KkLMRdixzuC0dAfVA,2007-09,2007,40.71603779894003,-73.99306209356332,40.7159295,-73.9928467,123.56,48.85,2007,2007
1003000007,48 ELDRIDGE STREET,jlp3VwE3JD7ehGu14izxDg,2011-06,2011,40.71600508046554,-73.9930888150594,40.7159295,-73.9928467,112.38,48.85,2011,2011
1003000007,48 ELDRIDGE STREET,dX2ZnOttr3Hjl924phDDug,2014-10,2014,40.71600809586642,-73.99307231588105,40.7159295,-73.9928467,114.68,48.85,2014,2014
1003000007,48 ELDRIDGE STREET,hnZPnHhogfOm9rjCEh7WfA,2018-06,2018,40.71603201003557,-73.99305850678503,40.7159295,-73.9928467,122.56,48.85,2018,2018
1003000007,48 ELDRIDGE STREET,X4s_EEPNAktsTtkU2_OjEg,2022-07,2022,40.7159809890241,-73.99308648365385,40.7159295,-73.9928467,105.82,48.85,2022,2022
1003000007,48 ELDRIDGE STREET,U1GUSo-1T1EY2UsImpqPjw,2026-04,2026,40.71600739419041,-73.99307375059227,40.7159295,-73.9928467,114.35,48.85,2026,2026
1003000008,50 ELDRIDGE STREET,hrJ4yJ9x3sYO-VFpiSAyqA,2007-09,2007,40.71612715616614,-73.99301403072876,40.71602,-73.9927998,123.42,48.87,2007,2007
1003000008,50 ELDRIDGE STREET,nrat_JVjCxqssu3oDh3T6w,2011-06,2011,40.71613158290678,-73.99301492742354,40.71602,-73.9927998,124.38,48.87,2011,2011
1003000008,50 ELDRIDGE STREET,Dx79HwRE7Y4P_wwslYA-yw,2014-10,2014,40.71608976712726,-73.9930290952006,40.71602,-73.9927998,111.87,48.87,2014,2014
1003000008,50 ELDRIDGE STREET,TpgjktVup3TRi4hUzad0VA,2018-06,2018,40.71607117786539,-73.99303949685903,40.71602,-73.9927998,105.73,48.87,2018,2018
1003000008,50 ELDRIDGE STREET,M7eGTzbLqQrPWSgctsKlQw,2022-07,2022,40.71610443661894,-73.99302030759216,40.71602,-73.9927998,116.8,48.87,2022,2022
1003000008,50 ELDRIDGE STREET,0fPnhP_ZGMmvGqm1or3N2w,2026-04,2026,40.71609906791719,-73.99302766048905,40.71602,-73.9927998,114.6,48.87,2026,2026
1003000010,54 ELDRIDGE STREET,T-8ybhbSsetJC9K1g8yVdQ,2007-09,2007,40.71621094014171,-73.99297134805217,40.7161326,-73.9927601,116.07,44.1,2007,2007
1003000010,54 ELDRIDGE STREET,1USNpF5hZVi0bX3czV4tqg,2011-06,2011,40.71617319466313,-73.99299134434932,40.7161326,-73.9927601,103.04,44.1,2011,2011
1003000010,54 ELDRIDGE STREET,iTy0Rpj41y4VVBKQ8nnq1w,2014-08,2014,40.71619387881847,-73.99297816293395,40.7161326,-73.9927601,110.34,44.1,2014,2014
1003000010,54 ELDRIDGE STREET,Ee5cThCXFapETPErOat3kw,2018-06,2018,40.7161478912186,-73.99300120799289,40.7161326,-73.9927601,94.78,44.1,2018,2018
1003000010,54 ELDRIDGE STREET,DTALHJFYGTK9an0vCO2dbQ,2022-07,2022,40.71618652212271,-73.9929768178915,40.7161326,-73.9927601,108.17,44.1,2022,2022
1003000010,54 ELDRIDGE STREET,YZXnujl41ckEnfzmAwg1uw,2026-04,2026,40.71617912776229,-73.99298318442563,40.7161326,-73.9927601,105.39,44.1,2026,2026
1003000012,58 ELDRIDGE STREET,CjCJ3p-ozvmSl4I16tOoVw,2007-09,2007,40.71629107306235,-73.99293323851145,40.71622310000001,-73.9927348,114.32,38.55,2007,2007
1003000012,58 ELDRIDGE STREET,qVAG0mHrDvvV6Cv7auy_jA,2011-06,2011,40.71629735521223,-73.99292328519488,40.71622310000001,-73.9927348,117.46,38.55,2011,2011
1003000012,58 ELDRIDGE STREET,_E--bJb-eUNtuAjBJfa9Vg,2014-10,2014,40.71625949534361,-73.99294247447143,40.71622310000001,-73.9927348,103.02,38.55,2014,2014
1003000012,58 ELDRIDGE STREET,svsL51dAy66rXCfehbqsCw,2018-06,2018,40.71625990145803,-73.99294480587874,40.71622310000001,-73.9927348,103.02,38.55,2018,2018
1003000012,58 ELDRIDGE STREET,Y6BPcLFDkozbkDw3eEZmxw,2022-07,2022,40.71626888463434,-73.99293368685903,40.71622310000001,-73.9927348,106.89,38.55,2022,2022
1003000012,58 ELDRIDGE STREET,B-v2vhKGh7XjYh8Sm6zDaw,2026-04,2026,40.71626549730623,-73.99293799099578,40.71622310000001,-73.9927348,105.39,38.55,2026,2026
1003000013,94 HESTER STREET,tlEtvNh7dRpbT3IaRqPo2g,2007-09,2007,40.71637953643088,-73.99288472729693,40.7163055,-73.9926915,116.82,38.73,2007,2007
1003000013,94 HESTER STREET,y0-Ujh4g6VXYbg9idAytmQ,2011-06,2011,40.71637529431798,-73.99288140952395,40.7163055,-73.9926915,115.87,38.73,2011,2011
1003000013,94 HESTER STREET,e1oY48JF237YIWfQ1I8Nkw,2014-10,2014,40.71637528777035,-73.99288508597508,40.7163055,-73.9926915,115.44,38.73,2014,2014
1003000013,94 HESTER STREET,zoKdTHbikWK_XtipcOwVFw,2018-06,2018,40.71635881370878,-73.99288965912152,40.7163055,-73.9926915,109.54,38.73,2018,2018
1003000013,94 HESTER STREET,jXZ4nzwvPMOLs6SJiIhfGQ,2022-07,2022,40.71635096982114,-73.99289019713873,40.7163055,-73.9926915,106.8,38.73,2022,2022
1003000013,94 HESTER STREET,rtWFJkpiBh2YwXpkmRdh_Q,2026-04,2026,40.71635195482479,-73.99289288722481,40.7163055,-73.9926915,106.93,38.73,2026,2026
1003000015,92 HESTER STREET,tlEtvNh7dRpbT3IaRqPo2g,2007-09,2007,40.71637953643088,-73.99288472729693,40.7162067,-73.9925689,125.83,83.53,2007,2007
1003000015,92 HESTER STREET,y0-Ujh4g6VXYbg9idAytmQ,2011-06,2011,40.71637529431798,-73.99288140952395,40.7162067,-73.9925689,125.44,83.53,2011,2011
1003000015,92 HESTER STREET,e1oY48JF237YIWfQ1I8Nkw,2014-10,2014,40.71637528777035,-73.99288508597508,40.7162067,-73.9925689,125.13,83.53,2014,2014
1003000015,92 HESTER STREET,zoKdTHbikWK_XtipcOwVFw,2018-06,2018,40.71635881370878,-73.99288965912152,40.7162067,-73.9925689,122.03,83.53,2018,2018
1003000015,92 HESTER STREET,jXZ4nzwvPMOLs6SJiIhfGQ,2022-07,2022,40.71635096982114,-73.99289019713873,40.7162067,-73.9925689,120.64,83.53,2022,2022
1003000015,92 HESTER STREET,rtWFJkpiBh2YwXpkmRdh_Q,2026-04,2026,40.71635195482479,-73.99289288722481,40.7162067,-73.9925689,120.6,83.53,2026,2026
1003000022,31 ALLEN STREET,hrJ4yJ9x3sYO-VFpiSAyqA,2007-09,2007,40.71612715616614,-73.99301403072876,40.715902000000014,-73.9925076,120.39,139.99,2007,2007
1003000022,31 ALLEN STREET,nrat_JVjCxqssu3oDh3T6w,2011-06,2011,40.71613158290678,-73.99301492742354,40.715902000000014,-73.9925076,120.84,139.99,2011,2011
1003000022,31 ALLEN STREET,Dx79HwRE7Y4P_wwslYA-yw,2014-10,2014,40.71608976712726,-73.9930290952006,40.715902000000014,-73.9925076,115.41,139.99,2014,2014
1003000022,31 ALLEN STREET,TpgjktVup3TRi4hUzad0VA,2018-06,2018,40.71607117786539,-73.99303949685903,40.715902000000014,-73.9925076,112.76,139.99,2018,2018
1003000022,31 ALLEN STREET,M7eGTzbLqQrPWSgctsKlQw,2022-07,2022,40.71610443661894,-73.99302030759216,40.715902000000014,-73.9925076,117.52,139.99,2022,2022
1003000022,31 ALLEN STREET,0fPnhP_ZGMmvGqm1or3N2w,2026-04,2026,40.71609906791719,-73.99302766048905,40.715902000000014,-73.9925076,116.56,139.99,2026,2026
1003000023,29 ALLEN STREET,GB4a9KkLMRdixzuC0dAfVA,2007-09,2007,40.71603779894003,-73.99306209356332,40.7158361,-73.9925437,117.17,139.47,2007,2007
1003000023,29 ALLEN STREET,jlp3VwE3JD7ehGu14izxDg,2011-06,2011,40.71600508046554,-73.9930888150594,40.7158361,-73.9925437,112.24,139.47,2011,2011
1003000023,29 ALLEN STREET,dX2ZnOttr3Hjl924phDDug,2014-10,2014,40.71600809586642,-73.99307231588105,40.7158361,-73.9925437,113.23,139.47,2014,2014
1003000023,29 ALLEN STREET,hnZPnHhogfOm9rjCEh7WfA,2018-06,2018,40.71603201003557,-73.99305850678503,40.7158361,-73.9925437,116.66,139.47,2018,2018
1003000023,29 ALLEN STREET,X4s_EEPNAktsTtkU2_OjEg,2022-07,2022,40.7159809890241,-73.99308648365385,40.7158361,-73.9925437,109.4,139.47,2022,2022
1003000023,29 ALLEN STREET,U1GUSo-1T1EY2UsImpqPjw,2026-04,2026,40.71600739419041,-73.99307375059227,40.7158361,-73.9925437,113.09,139.47,2026,2026
1003000024,27 ALLEN STREET,eGcqUcw-RvWBhlXcqetG_w,2007-09,2007,40.71595338222305,-73.99310244481437,40.71577020000001,-73.9925762,114.67,139.88,2007,2007
1003000024,27 ALLEN STREET,A-Lga9RjWZPL5dIyc0h7Jw,2011-06,2011,40.71595744677476,-73.99311248779108,40.71577020000001,-73.9925762,114.73,139.88,2011,2011
1003000024,27 ALLEN STREET,V91gFeLymT-4_gklcbbeDw,2014-10,2014,40.71592360982088,-73.99311643324609,40.71577020000001,-73.9925762,110.54,139.88,2014,2014
1003000024,27 ALLEN STREET,8iouCeCXfWBWFxEBqcbRqQ,2018-06,2018,40.71595192007781,-73.99310011340899,40.71577020000001,-73.9925762,114.59,139.88,2018,2018
1003000024,27 ALLEN STREET,1B_3EjR3KKK7pLTV5sIFPg,2022-07,2022,40.71589605033827,-73.99313060101562,40.71577020000001,-73.9925762,106.67,139.88,2022,2022
1003000024,27 ALLEN STREET,J6FMrZD-vUObq8hFG40bgw,2026-04,2026,40.7159243522928,-73.99311688159322,40.71577020000001,-73.9925762,110.61,139.88,2026,2026
1003000025,25 ALLEN STREET,qinHCQz7Jf6y4WYOe954ww,2007-09,2007,40.71586890134362,-73.99314979027145,40.71570440000001,-73.9926122,111.98,139.37,2007,2007
1003000025,25 ALLEN STREET,C09Y2FEcMf4oJBQSPrgMUQ,2011-06,2011,40.71582364666692,-73.99317534605306,40.71570440000001,-73.9926122,105.61,139.37,2011,2011
1003000025,25 ALLEN STREET,qQWLYd60rrrABxwNTj6Jxg,2014-10,2014,40.71583546739262,-73.9931618956421,40.71570440000001,-73.9926122,107.46,139.37,2014,2014
1003000025,25 ALLEN STREET,huawTikhtS0uS4Ql8w0PFw,2018-06,2018,40.71587013760519,-73.99314467911469,40.71570440000001,-73.9926122,112.33,139.37,2018,2018
1003000025,25 ALLEN STREET,YSukOeXNuc_volSmVkE4hw,2022-07,2022,40.71580951383064,-73.99317409068142,40.71570440000001,-73.9926122,103.86,139.37,2022,2022
1003000025,25 ALLEN STREET,IKFltgwqEMzZ12BYw6DkKQ,2026-04,2026,40.71583804389303,-73.99316144729507,40.71570440000001,-73.9926122,107.8,139.37,2026,2026
1003000026,23 ALLEN STREET,9WNPMM5eUxJcN_1fL5hdFA,2007-09,2007,40.71519164013791,-73.99290436492498,40.7156412,-73.9926447,23.64,139.27,2007,2007
1003000026,23 ALLEN STREET,osYcnVGKSUm8xW7qvvHo_Q,2011-05,2011,40.7152075551266,-73.99294211579338,40.7156412,-73.9926447,27.47,139.27,2011,2011
1003000026,23 ALLEN STREET,pqmGBcRaZHDzvbDl1Fqh7w,2014-09,2014,40.71523685553933,-73.99292373354248,40.7156412,-73.9926447,27.61,139.27,2014,2014
1003000026,23 ALLEN STREET,oCvZhXuxk2sTksaRRph6Vw,2019-10,2019,40.7152330080379,-73.99291575295496,40.7156412,-73.9926447,26.72,139.27,2018,2019
1003000026,23 ALLEN STREET,aADmBO23sByIL_wLwsBluA,2022-07,2022,40.71523636871633,-73.9929181740321,40.7156412,-73.9926447,27.11,139.27,2022,2022
1003000026,23 ALLEN STREET,hsKe5yzboCId7H8gXEVHHw,2026-04,2026,40.71524059777409,-73.9929288447051,40.7156412,-73.9926447,28.26,139.27,2026,2026
1003000027,21 ALLEN STREET,n7dQl5pHcTnglTkv65Nh2g,2007-09,2007,40.71515603835371,-73.99279801683296,40.7155644,-73.9926375,16.59,116.65,2007,2007
1003000027,21 ALLEN STREET,ltsIwC2RfKnQQKnJO4FSkg,2011-06,2011,40.71520544821974,-73.99282993920067,40.7155644,-73.9926375,22.11,116.65,2011,2011
1003000027,21 ALLEN STREET,8zalNcEdCVgWxHSqvHZwow,2014-09,2014,40.71520934428251,-73.99281379867834,40.7155644,-73.9926375,20.62,116.65,2014,2014
1003000027,21 ALLEN STREET,30wRJzWDdt1DXq24_Mwm4w,2019-10,2019,40.71519702599495,-73.99279981022455,40.7155644,-73.9926375,18.51,116.65,2018,2019
1003000027,21 ALLEN STREET,XXykSngoesvt5fC9np-t7A,2022-07,2022,40.71520586953158,-73.99280312799895,40.7155644,-73.9926375,19.3,116.65,2022,2022
1003000027,21 ALLEN STREET,vxnIfwWXJQ1P7ZsDYACgmQ,2026-04,2026,40.71520363425225,-73.99281236396519,40.7155644,-73.9926375,20.17,116.65,2026,2026
1003000028,19 ALLEN STREET,n7dQl5pHcTnglTkv65Nh2g,2007-09,2007,40.71515603835371,-73.99279801683296,40.71550130000001,-73.99267,15.7,91.96,2007,2007
1003000028,19 ALLEN STREET,ltsIwC2RfKnQQKnJO4FSkg,2011-06,2011,40.71520544821974,-73.99282993920067,40.71550130000001,-73.99267,22.28,91.96,2011,2011
1003000028,19 ALLEN STREET,8zalNcEdCVgWxHSqvHZwow,2014-09,2014,40.71520934428251,-73.99281379867834,40.71550130000001,-73.99267,20.47,91.96,2014,2014
1003000028,19 ALLEN STREET,30wRJzWDdt1DXq24_Mwm4w,2019-10,2019,40.71519702599495,-73.99279981022455,40.71550130000001,-73.99267,17.92,91.96,2018,2019
1003000028,19 ALLEN STREET,XXykSngoesvt5fC9np-t7A,2022-07,2022,40.71520586953158,-73.99280312799895,40.71550130000001,-73.99267,18.86,91.96,2022,2022
1003000028,19 ALLEN STREET,vxnIfwWXJQ1P7ZsDYACgmQ,2026-04,2026,40.71520363425225,-73.99281236396519,40.71550130000001,-73.99267,19.93,91.96,2026,2026
1003000029,73 CANAL STREET,v0-I5S_3Bhexvu0qQ2S-Sg,2007-09,2007,40.71519712854094,-73.99264737187993,40.7153448,-73.9926664,354.42,39.43,2007,2007
1003000029,73 CANAL STREET,28TPIolDmDXnEu4zFgxLtQ,2011-08,2011,40.71520871274485,-73.99255088731213,40.7153448,-73.9926664,327.24,39.43,2011,2011
1003000029,73 CANAL STREET,XPNc3t9J83IJwt5oa3SiMA,2014-09,2014,40.71517778135238,-73.9926173325448,40.7153448,-73.9926664,347.45,39.43,2014,2014
1003000029,73 CANAL STREET,jzV-gTU9a7AjlXJOJH1YFg,2018-08,2018,40.71517162125753,-73.99260208870128,40.7153448,-73.9926664,344.28,39.43,2018,2018
1003000029,73 CANAL STREET,7eJbqC7PTHkpkXCHfEzawg,2022-07,2022,40.71523652455483,-73.99258316839969,40.7153448,-73.9926664,329.77,39.43,2022,2022
1003000029,73 CANAL STREET,1spzar6CXIGCaMHoqTJBTQ,2026-04,2026,40.71518767367034,-73.99253178766611,40.7153448,-73.9926664,327.0,39.43,2026,2026
1003000030,75 CANAL STREET,9WNPMM5eUxJcN_1fL5hdFA,2007-09,2007,40.71519164013791,-73.99290436492498,40.7153915,-73.9928179,18.16,37.63,2007,2007
1003000030,75 CANAL STREET,osYcnVGKSUm8xW7qvvHo_Q,2011-05,2011,40.7152075551266,-73.99294211579338,40.7153915,-73.9928179,27.11,37.63,2011,2011
1003000030,75 CANAL STREET,pqmGBcRaZHDzvbDl1Fqh7w,2014-09,2014,40.71523685553933,-73.99292373354248,40.7153915,-73.9928179,27.42,37.63,2014,2014
1003000030,75 CANAL STREET,oCvZhXuxk2sTksaRRph6Vw,2019-10,2019,40.7152330080379,-73.99291575295496,40.7153915,-73.9928179,25.08,37.63,2018,2019
1003000030,75 CANAL STREET,aADmBO23sByIL_wLwsBluA,2022-07,2022,40.71523636871633,-73.9929181740321,40.7153915,-73.9928179,26.1,37.63,2022,2022
1003000030,75 CANAL STREET,hsKe5yzboCId7H8gXEVHHw,2026-04,2026,40.71524059777409,-73.9929288447051,40.7153915,-73.9928179,29.13,37.63,2026,2026
1003000033,81 CANAL STREET,q66ajV8qk5G8Xjpq2lT1Rg,2007-09,2007,40.71524347244442,-73.99302622577748,40.71540799999999,-73.99298740000002,10.14,27.4,2007,2007
1003000033,81 CANAL STREET,SVWlECMIOl55WpQr-Ew4eA,2011-06,2011,40.71526217734099,-73.9930171691605,40.71540799999999,-73.99298740000002,8.8,27.4,2011,2011
1003000033,81 CANAL STREET,rzqgchjEbhfe2vD5WUhhIg,2014-09,2014,40.71526400228214,-73.99304918116118,40.71540799999999,-73.99298740000002,18.01,27.4,2014,2014
1003000033,81 CANAL STREET,RogV48Z0zf0JWzNiomjqUw,2019-06,2019,40.71523667182269,-73.993057520421,40.71540799999999,-73.99298740000002,17.23,27.4,2018,2019
1003000033,81 CANAL STREET,q82ukhXFHpF8MvBJjsVLag,2022-07,2022,40.71528504042928,-73.99308316588437,40.71540799999999,-73.99298740000002,30.55,27.4,2022,2022
1003000033,81 CANAL STREET,9ehepFum5kH2S6JZNaXzJQ,2026-04,2026,40.71527268481378,-73.99303860016435,40.71540799999999,-73.99298740000002,16.0,27.4,2026,2026
1003010001,99 CANAL STREET,jJAzXRAYoApLHX810rAH1w,2007-09,2007,40.71555168204181,-73.99394147990397,40.715699,-73.9939469,358.4,28.93,2007,2007
1003010001,99 CANAL STREET,5T6UM5-ATery8g4UR-Tqmw,2011-06,2011,40.71551082217713,-73.9939331406826,40.715699,-73.9939469,356.83,28.93,2011,2011
1003010001,99 CANAL STREET,P1vlsWdaBktHbaUSCTiyXw,2014-09,2014,40.71553846495328,-73.99391583455538,40.715699,-73.9939469,351.66,28.93,2014,2014
1003010001,99 CANAL STREET,OHnGJBvN7jKWHET1_KzYxQ,2017-09,2017,40.71554136633086,-73.99393735512784,40.715699,-73.9939469,357.37,28.93,2018,2017
1003010001,99 CANAL STREET,Y7IkToZhXVjH4NPtmI7l-A,2022-07,2022,40.71553988146463,-73.99392103536061,40.715699,-73.9939469,352.98,28.93,2022,2022
1003010001,99 CANAL STREET,cEglpo5DnkpqJASwpAyAmA,2026-04,2026,40.71554237889315,-73.99394928111072,40.715699,-73.9939469,0.66,28.93,2026,2026
1003010003,36 FORSYTH STREET,4dpdlHzkulkAg1gtllAHqg,2021-06,2021,40.71625551745507,-73.99407965985249,40.71618200000001,-73.993615,101.79,130.59,2007,2021
1003010003,36 FORSYTH STREET,4dpdlHzkulkAg1gtllAHqg,2021-06,2021,40.71625551745507,-73.99407965985249,40.71618200000001,-73.993615,101.79,130.59,2011,2021
1003010003,36 FORSYTH STREET,4dpdlHzkulkAg1gtllAHqg,2021-06,2021,40.71625551745507,-73.99407965985249,40.71618200000001,-73.993615,101.79,130.59,2014,2021
1003010003,36 FORSYTH STREET,4dpdlHzkulkAg1gtllAHqg,2021-06,2021,40.71625551745507,-73.99407965985249,40.71618200000001,-73.993615,101.79,130.59,2018,2021
1003010003,36 FORSYTH STREET,4dpdlHzkulkAg1gtllAHqg,2021-06,2021,40.71625551745507,-73.99407965985249,40.71618200000001,-73.993615,101.79,130.59,2022,2021
1003010003,36 FORSYTH STREET,4dpdlHzkulkAg1gtllAHqg,2021-06,2021,40.71625551745507,-73.99407965985249,40.71618200000001,-73.993615,101.79,130.59,2026,2021
1003010010,95 CANAL STREET,UEqfNudiWuuR8vM1vMcLgQ,2007-09,2007,40.71550216042978,-73.99380186515009,40.715633100000005,-73.9937305,22.45,28.48,2007,2007
1003010010,95 CANAL STREET,GNIT69Ud1fpk_EF2zMyXnw,2011-06,2011,40.71549416430721,-73.99387898056942,40.715633100000005,-73.9937305,39.01,28.48,2011,2011
1003010010,95 CANAL STREET,rG1Xjyzbh9KmMaCyKMRRlQ,2014-09,2014,40.71551930955545,-73.99384885175812,40.715633100000005,-73.9937305,38.25,28.48,2014,2014
1003010010,95 CANAL STREET,q5ZCbxcSis1pDPQRNk-p2Q,2019-06,2019,40.71547382027122,-73.99383871915087,40.715633100000005,-73.9937305,27.25,28.48,2018,2019
1003010010,95 CANAL STREET,8Stt6cypkrRTTsleQ5U2nw,2022-07,2022,40.71550734456761,-73.99381235643571,40.715633100000005,-73.9937305,26.26,28.48,2022,2022
1003010010,95 CANAL STREET,J7hVZPep6ASqXahOf6x-gA,2026-04,2026,40.71550977446632,-73.99384544433273,40.715633100000005,-73.9937305,35.24,28.48,2026,2026
1003010011,93 CANAL STREET,NUnhheKKaE9Dvxksrv7eJg,2007-09,2007,40.71544230678124,-73.99360961448129,40.7155946,-73.9936043,1.52,28.19,2007,2007
1003010011,93 CANAL STREET,AUVWr3W-YWwqBsEznFp4IQ,2011-06,2011,40.71541147354719,-73.99362091280018,40.7155946,-73.9936043,3.93,28.19,2011,2011
1003010011,93 CANAL STREET,VTwbH5Ks9qKc_SaDot6TWQ,2014-09,2014,40.71545182695641,-73.99361929875465,40.7155946,-73.9936043,4.55,28.19,2014,2014
1003010011,93 CANAL STREET,dNIhyD6Az9Q6AophOzj7Yg,2019-06,2019,40.71540809358236,-73.9936220784997,40.7155946,-73.9936043,4.13,28.19,2018,2019
1003010011,93 CANAL STREET,8-I2W9K0iIUVZ6tjMvOpjA,2022-07,2022,40.71543589293623,-73.99358513478808,40.7155946,-73.9936043,354.77,28.19,2022,2022
1003010011,93 CANAL STREET,H2kZ0t_G2ZC-UHnx9cV6XA,2026-04,2026,40.71544119632402,-73.99362252684567,40.7155946,-73.9936043,5.15,28.19,2026,2026
1003010012,91 CANAL STREET,w_SyaGIg9-48uAL2q5f15g,2010-05,2010,40.71544777625273,-73.99345565240277,40.7155699,-73.9935213,337.83,28.21,2007,2010
1003010012,91 CANAL STREET,w_SyaGIg9-48uAL2q5f15g,2010-05,2010,40.71544777625273,-73.99345565240277,40.7155699,-73.9935213,337.83,28.21,2011,2010
1003010012,91 CANAL STREET,CIHM0ogKEICAgICE7_PCzwE,2018-03,2018,40.71541619051253,-73.9934371805318,40.7155699,-73.9935213,337.47,28.21,2014,2018
1003010012,91 CANAL STREET,CIHM0ogKEICAgICE7_PCzwE,2018-03,2018,40.71541619051253,-73.9934371805318,40.7155699,-73.9935213,337.47,28.21,2018,2018
1003010012,91 CANAL STREET,CIHM0ogKEICAgICE7_PCzwE,2018-03,2018,40.71541619051253,-73.9934371805318,40.7155699,-73.9935213,337.47,28.21,2022,2018
1003010012,91 CANAL STREET,CIHM0ogKEICAgICE7_PCzwE,2018-03,2018,40.71541619051253,-73.9934371805318,40.7155699,-73.9935213,337.47,28.21,2026,2018
1003010013,89 CANAL STREET,joC1Gcvnfd98uNFaDNjW7w,2007-09,2007,40.71551292513868,-73.99334060669204,40.715545200000015,-73.9934347,294.35,13.58,2007,2007
1003010013,89 CANAL STREET,x7ULSw1IQShk1MdKA-wjZg,2011-06,2011,40.71549504870722,-73.99334114470801,40.715545200000015,-73.9934347,305.27,13.58,2011,2011
1003010013,89 CANAL STREET,ltnpJ4flF30lTrbo8oUEhg,2014-10,2014,40.71550749843325,-73.99332787364735,40.715545200000015,-73.9934347,294.97,13.58,2014,2014
1003010013,89 CANAL STREET,kvIiikKr3NwC4bmVGRcc4A,2018-06,2018,40.71549197354656,-73.99333648190301,40.715545200000015,-73.9934347,305.56,13.58,2018,2018
1003010013,89 CANAL STREET,CEzbWrX6WSXob6OSlAhw6w,2022-07,2022,40.7155058481568,-73.99334123437734,40.715545200000015,-73.9934347,299.05,13.58,2022,2022
1003010013,89 CANAL STREET,C2f2-g7R1Gh1rtJ_AIvpYA,2026-04,2026,40.71549627447489,-73.99334500048897,40.715545200000015,-73.9934347,305.74,13.58,2026,2026
1003010030,39 ELDRIDGE STREET,vGu0ADOyZnU9vtB6GDvM-Q,2007-09,2007,40.71566946171679,-73.99325030965953,40.71571270000001,-73.993496,283.07,51.81,2007,2007
1003010030,39 ELDRIDGE STREET,YGclQ71gwoYlua7mEHJ4ZA,2011-06,2011,40.71569402032083,-73.99323838363318,40.71571270000001,-73.993496,275.46,51.81,2011,2011
1003010030,39 ELDRIDGE STREET,HSJ-fOLfdBnj30psZMbZHQ,2014-10,2014,40.7156965279666,-73.99323425884195,40.71571270000001,-73.993496,274.66,51.81,2014,2014
1003010030,39 ELDRIDGE STREET,e46IOMAGF083F3Kwy-XMSw,2018-06,2018,40.71566124056675,-73.99325084767574,40.71571270000001,-73.993496,285.48,51.81,2018,2018
1003010030,39 ELDRIDGE STREET,R6101Js0DKnPUOlSBssN0A,2022-07,2022,40.71563576668341,-73.99326429808046,40.71571270000001,-73.993496,293.66,51.81,2022,2022
1003010030,39 ELDRIDGE STREET,gEDay20EvPFyUbderyuAeA,2026-04,2026,40.71566865038097,-73.99324618486855,40.71571270000001,-73.993496,283.1,51.81,2026,2026
1003020001,263 GRAND STREET,CIHM0ogKEICAgID47abniAE,2017-08,2017,40.71690558253815,-73.99405204180455,40.7168765,-73.994019,139.27,1.88,2007,2017
1003020001,263 GRAND STREET,CIHM0ogKEICAgID47abniAE,2017-08,2017,40.71690558253815,-73.99405204180455,40.7168765,-73.994019,139.27,1.88,2011,2017
1003020001,263 GRAND STREET,CIHM0ogKEICAgID47abniAE,2017-08,2017,40.71690558253815,-73.99405204180455,40.7168765,-73.994019,139.27,1.88,2014,2017
1003020001,263 GRAND STREET,CIHM0ogKEICAgID47abniAE,2017-08,2017,40.71690558253815,-73.99405204180455,40.7168765,-73.994019,139.27,1.88,2018,2017
1003020001,263 GRAND STREET,vekUypMwMwqjW8bB2MeRXg,2021-06,2021,40.71691270634602,-73.99402621713274,40.7168765,-73.994019,171.41,1.88,2022,2021
1003020001,263 GRAND STREET,vekUypMwMwqjW8bB2MeRXg,2021-06,2021,40.71691270634602,-73.99402621713274,40.7168765,-73.994019,171.41,1.88,2026,2021
1003030003,141 CANAL STREET,qONSff6tEMvZJEuUjVZtgg,2009-04,2009,40.71624675037019,-73.99560017072284,40.7162727,-73.9954475,77.36,15.51,2007,2009
1003030003,141 CANAL STREET,qONSff6tEMvZJEuUjVZtgg,2009-04,2009,40.71624675037019,-73.99560017072284,40.7162727,-73.9954475,77.36,15.51,2011,2009
1003030003,141 CANAL STREET,coz8VxZ2c7HOi8PoO0DurQ,2016-09,2016,40.71626006961554,-73.9956036677853,40.7162727,-73.9954475,83.91,15.51,2014,2016
1003030003,141 CANAL STREET,iwqP-DUYnQRDHe4Jkovs3w,2017-09,2017,40.7162731593737,-73.9956129932849,40.7162727,-73.9954475,90.21,15.51,2018,2017
1003030003,141 CANAL STREET,5ggVBPoFAFEeM0-r3AzhZw,2022-07,2022,40.71626345882559,-73.99560043972765,40.7162727,-73.9954475,85.44,15.51,2022,2022
1003030003,141 CANAL STREET,WT5_WGyewjElHbAXxTEXmg,2026-04,2026,40.71625335764526,-73.99562016674581,40.7162727,-73.9954475,81.59,15.51,2026,2026
1003030004,145 CANAL STREET,qONSff6tEMvZJEuUjVZtgg,2009-04,2009,40.71624675037019,-73.99560017072284,40.7163495,-73.9954548,47.0,24.05,2007,2009
1003030004,145 CANAL STREET,qONSff6tEMvZJEuUjVZtgg,2009-04,2009,40.71624675037019,-73.99560017072284,40.7163495,-73.9954548,47.0,24.05,2011,2009
1003030004,145 CANAL STREET,coz8VxZ2c7HOi8PoO0DurQ,2016-09,2016,40.71626006961554,-73.9956036677853,40.7163495,-73.9954548,51.6,24.05,2014,2016
1003030004,145 CANAL STREET,iwqP-DUYnQRDHe4Jkovs3w,2017-09,2017,40.7162731593737,-73.9956129932849,40.7163495,-73.9954548,57.52,24.05,2018,2017
1003030004,145 CANAL STREET,5ggVBPoFAFEeM0-r3AzhZw,2022-07,2022,40.71626345882559,-73.99560043972765,40.7163495,-73.9954548,52.07,24.05,2022,2022
1003030004,145 CANAL STREET,WT5_WGyewjElHbAXxTEXmg,2026-04,2026,40.71625335764526,-73.99562016674581,40.7163495,-73.9954548,52.51,24.05,2026,2026
1003030005,149 CANAL STREET,PRE1G2JM5OTZUIKkLOx7GQ,2009-04,2009,40.71635391918065,-73.99566652523053,40.7164291,-73.9954656,63.73,32.08,2007,2009
1003030005,149 CANAL STREET,PRE1G2JM5OTZUIKkLOx7GQ,2009-04,2009,40.71635391918065,-73.99566652523053,40.7164291,-73.9954656,63.73,32.08,2011,2009
1003030005,149 CANAL STREET,71lbp4w6ECak3KMfu_Me6Q,2016-09,2016,40.71634467962205,-73.9956513712977,40.7164291,-73.9954656,59.05,32.08,2014,2016
1003030005,149 CANAL STREET,Pr9e7iHdXu4zNI9bKvvYCQ,2017-09,2017,40.71631912582536,-73.9956387280747,40.7164291,-73.9954656,50.03,32.08,2018,2017
1003030005,149 CANAL STREET,GeMBfBhW2ZVCpSUew1Vejw,2022-07,2022,40.7163711270018,-73.99567244333414,40.7164291,-73.9954656,69.71,32.08,2022,2022
1003030005,149 CANAL STREET,1n8mb8tBZNyr7BIuzO06AQ,2026-04,2026,40.71633626482812,-73.99566437319281,40.7164291,-73.9954656,58.36,32.08,2026,2026
1003030006,151 CANAL STREET,mk0lo-n5fFagCQRSR-Nnhg,2009-04,2009,40.7164655440138,-73.99572866530947,40.7165032,-73.9954728,79.01,40.28,2007,2009
1003030006,151 CANAL STREET,mk0lo-n5fFagCQRSR-Nnhg,2009-04,2009,40.7164655440138,-73.99572866530947,40.7165032,-73.9954728,79.01,40.28,2011,2009
1003030006,151 CANAL STREET,O6vqf_IVSY6tNmESrVz6EQ,2016-09,2016,40.7164287953097,-73.99569665375617,40.7165032,-73.9954728,66.32,40.28,2014,2016
1003030006,151 CANAL STREET,8bPjrSWY4-ZCoaOBr7lQWA,2017-09,2017,40.71640417215413,-73.99568418987262,40.7165032,-73.9954728,58.28,40.28,2018,2017
1003030006,151 CANAL STREET,rG4UAuxLD5_r1H5S7b-ZNw,2022-07,2022,40.71645685646256,-73.9957205951705,40.7165032,-73.9954728,76.14,40.28,2022,2022
1003030006,151 CANAL STREET,WaXRCywOUYwNLJ_Rgs2Ivw,2026-04,2026,40.71643424712208,-73.99570956598,40.7165032,-73.9954728,68.98,40.28,2026,2026
1003030009,81 BOWERY,Vfk_MXRaAfxdAYgsxaSt3g,2009-04,2009,40.71682810429412,-73.99563639670015,40.716676200000016,-73.9953718,127.14,64.51,2007,2009
1003030009,81 BOWERY,ffN-0vatFOzIaxOwZaiB_g,2011-07,2011,40.71685177356031,-73.9956655388799,40.716676200000016,-73.9953718,128.26,64.51,2011,2011
1003030009,81 BOWERY,HdWEBIWFEjxsAG7t8Sevlw,2014-09,2014,40.71679008063288,-73.99566347651042,40.716676200000016,-73.9953718,117.25,64.51,2014,2014
1003030009,81 BOWERY,au-OAyezdQGRrcRTDG4WdA,2018-07,2018,40.71679039127442,-73.99570024048509,40.716676200000016,-73.9953718,114.64,64.51,2018,2018
1003030009,81 BOWERY,BsoCgERn0w8y4ltZsmGdwA,2022-07,2022,40.71679285044014,-73.99568939062989,40.716676200000016,-73.9953718,115.85,64.51,2022,2022
1003030009,81 BOWERY,YH0vG4przr-gWIWnGMAWhw,2026-04,2026,40.71682015255583,-73.99567925811992,40.716676200000016,-73.9953718,121.7,64.51,2026,2026
1003030010,83 BOWERY,Pf53xNSlZ0iKenJHQrmUFg,2009-04,2009,40.71688605745024,-73.99560357811703,40.71675580000001,-73.9953285,122.0,63.26,2007,2009
1003030010,83 BOWERY,Vf6eVUXQNhEDO3PI3tL8FQ,2011-07,2011,40.71693102466724,-73.99561801470757,40.71675580000001,-73.9953285,128.61,63.26,2011,2011
1003030010,83 BOWERY,6JxNKBUzXtzdW3nyTBtOjA,2014-10,2014,40.71690942787587,-73.99561891139017,40.71675580000001,-73.9953285,124.91,63.26,2014,2014
1003030010,83 BOWERY,U0NDHIOOMXR8TL1lrcoDyg,2018-07,2018,40.71691120641392,-73.99563038892715,40.71675580000001,-73.9953285,124.18,63.26,2018,2018
1003030010,83 BOWERY,-nQmj2rprfvZ-dfEzfuKqA,2022-07,2022,40.71688735103538,-73.99563397565733,40.71675580000001,-73.9953285,119.6,63.26,2022,2022
1003030010,83 BOWERY,lRinWXC5ip9JdCKZm-01qg,2026-04,2026,40.7169055838139,-73.99562850589379,40.71675580000001,-73.9953285,123.37,63.26,2026,2026
1003030011,85 BOWERY,Pf53xNSlZ0iKenJHQrmUFg,2009-04,2009,40.71688605745024,-73.99560357811703,40.7168216,-73.995296,105.46,61.39,2007,2009
1003030011,85 BOWERY,Vf6eVUXQNhEDO3PI3tL8FQ,2011-07,2011,40.71693102466724,-73.99561801470757,40.7168216,-73.995296,114.15,61.39,2011,2011
1003030011,85 BOWERY,6JxNKBUzXtzdW3nyTBtOjA,2014-10,2014,40.71690942787587,-73.99561891139017,40.7168216,-73.995296,109.74,61.39,2014,2014
1003030011,85 BOWERY,U0NDHIOOMXR8TL1lrcoDyg,2018-07,2018,40.71691120641392,-73.99563038892715,40.7168216,-73.995296,109.47,61.39,2018,2018
1003030011,85 BOWERY,-nQmj2rprfvZ-dfEzfuKqA,2022-07,2022,40.71688735103538,-73.99563397565733,40.7168216,-73.995296,104.4,61.39,2022,2022
1003030011,85 BOWERY,lRinWXC5ip9JdCKZm-01qg,2026-04,2026,40.7169055838139,-73.99562850589379,40.7168216,-73.995296,108.43,61.39,2026,2026
1003030015,91 BOWERY,JibCt07zKQn80X9DUzsSIA,2009-04,2009,40.7171932853407,-73.9950669127844,40.71704939999999,-73.9951697,208.43,27.91,2007,2009
1003030015,91 BOWERY,ZdF98CYw9hZHuTMGZIvwbA,2012-08,2012,40.71718648698331,-73.99513864758586,40.71704939999999,-73.9951697,189.74,27.91,2011,2012
1003030015,91 BOWERY,7bzpdt5Uge1DwRdCw5ze_g,2014-09,2014,40.71717805502735,-73.99514088929797,40.71704939999999,-73.9951697,189.63,27.91,2014,2014
1003030015,91 BOWERY,tJ2wNe325c40dt1UYpv_0w,2019-10,2019,40.71720495619613,-73.99511623046328,40.71704939999999,-73.9951697,194.6,27.91,2018,2019
1003030015,91 BOWERY,b7olCGsqPZ3_ZFHEjrRqnQ,2022-07,2022,40.71716056180898,-73.9950749829509,40.71704939999999,-73.9951697,212.85,27.91,2022,2022
1003030015,91 BOWERY,VBB01KWVIv5UOahF6T2e4A,2026-04,2026,40.71718003385977,-73.99509740007831,40.71704939999999,-73.9951697,202.76,27.91,2026,2026
1003030019,126 HESTER STREET,-Xzlvfa_GAzYIn7ErifBBg,2009-04,2009,40.7171451471131,-73.9949029986623,40.7169671,-73.9948992,179.07,27.59,2007,2009
1003030019,126 HESTER STREET,YyXvZTM_dcxJH0AbKRP5mg,2012-08,2012,40.7171239262186,-73.99491079982992,40.7169671,-73.9948992,176.79,27.59,2011,2012
1003030019,126 HESTER STREET,Mklpz_FroTJU7vXZc-yIHw,2014-09,2014,40.71709824881767,-73.99487600841323,40.7169671,-73.9948992,187.63,27.59,2014,2014
1003030019,126 HESTER STREET,bIDBZVG3MJMA2hk5vZex6A,2019-10,2019,40.71713975692276,-73.9949048817028,40.7169671,-73.9948992,178.57,27.59,2018,2019
1003030019,126 HESTER STREET,PpJWsDxCPiYndPT3arviyA,2022-07,2022,40.71710467117942,-73.99489044505856,40.7169671,-73.9948992,182.76,27.59,2022,2022
1003030019,126 HESTER STREET,_CGOy6_HxQQiT4zHsIlQ8g,2026-04,2026,40.71711496622363,-73.99487421504105,40.7169671,-73.9948992,187.3,27.59,2026,2026
1003030020,122 HESTER STREET,jMOXLICNV8WFTyEcOBOcbg,2009-04,2009,40.71704220333879,-73.99459624215243,40.71691220000001,-73.994726,217.11,28.13,2007,2009
1003030020,122 HESTER STREET,RQ0d3uN2483KCn50iWKXbQ,2012-08,2012,40.71703786529941,-73.9945879926283,40.71691220000001,-73.994726,219.77,28.13,2011,2012
1003030020,122 HESTER STREET,3cJh5EkXkvDftr3dD2EStA,2014-09,2014,40.71701874609092,-73.99457391463517,40.71691220000001,-73.994726,227.25,28.13,2014,2014
1003030020,122 HESTER STREET,7szBuGprHO4jnkq_4hsNtQ,2019-10,2019,40.71703989044335,-73.9945964214899,40.71691220000001,-73.994726,217.57,28.13,2018,2019
1003030020,122 HESTER STREET,aM0Th7gNyuDKPRTaSqMlTA,2022-07,2022,40.71702743599189,-73.99456019531607,40.71691220000001,-73.994726,227.48,28.13,2022,2022
1003030020,122 HESTER STREET,MT7zuQO-dAkQIbdqps6y3w,2026-04,2026,40.71701784543701,-73.99461543126155,40.71691220000001,-73.994726,218.42,28.13,2026,2026
1003030022,67 CHRYSTIE STREET,JsOD72RY6PyNk8XQkHSKSQ,2007-09,2007,40.71672504256358,-73.99454853837747,40.7168298,-73.9948343,295.81,48.04,2007,2007
1003030022,67 CHRYSTIE STREET,7_j37Q6tOrmC9JJCGPZknQ,2011-06,2011,40.71670259082013,-73.99462690885862,40.7168298,-73.9948343,308.98,48.04,2011,2011
1003030022,67 CHRYSTIE STREET,2KIcRa8_baweSdGqEucwyA,2014-09,2014,40.71669925047233,-73.99456718947887,40.7168298,-73.9948343,302.82,48.04,2014,2014
1003030022,67 CHRYSTIE STREET,eUrdknA-J59IXyQkEoUqNQ,2019-06,2019,40.7167025157561,-73.99463488937494,40.7168298,-73.9948343,310.1,48.04,2018,2019
1003030022,67 CHRYSTIE STREET,fT2Ng4BTkNjJf3X8QUebtw,2022-07,2022,40.71669057093217,-73.99464161452887,40.7168298,-73.9948343,313.63,48.04,2022,2022
1003030022,67 CHRYSTIE STREET,w7a8ILHeTc-pFrj1q9WkQA,2026-04,2026,40.71671557384976,-73.9946014429392,40.7168298,-73.9948343,302.91,48.04,2026,2026
1003030024,65 CHRYSTIE STREET,JsOD72RY6PyNk8XQkHSKSQ,2007-09,2007,40.71672504256358,-73.99454853837747,40.71675299999999,-73.9948307,277.45,36.85,2007,2007
1003030024,65 CHRYSTIE STREET,7_j37Q6tOrmC9JJCGPZknQ,2011-06,2011,40.71670259082013,-73.99462690885862,40.71675299999999,-73.9948307,288.07,36.85,2011,2011
1003030024,65 CHRYSTIE STREET,2KIcRa8_baweSdGqEucwyA,2014-09,2014,40.71669925047233,-73.99456718947887,40.71675299999999,-73.9948307,285.06,36.85,2014,2014
1003030024,65 CHRYSTIE STREET,eUrdknA-J59IXyQkEoUqNQ,2019-06,2019,40.7167025157561,-73.99463488937494,40.71675299999999,-73.9948307,288.79,36.85,2018,2019
1003030024,65 CHRYSTIE STREET,fT2Ng4BTkNjJf3X8QUebtw,2022-07,2022,40.71669057093217,-73.99464161452887,40.71675299999999,-73.9948307,293.54,36.85,2022,2022
1003030024,65 CHRYSTIE STREET,w7a8ILHeTc-pFrj1q9WkQA,2026-04,2026,40.71671557384976,-73.9946014429392,40.71675299999999,-73.9948307,282.16,36.85,2026,2026
1003030025,61 CHRYSTIE STREET,c0v6b173ODY7R6E8ECJhiA,2007-09,2007,40.71664468643085,-73.99458879964696,40.71667339999999,-73.9949425,276.11,55.04,2007,2007
1003030025,61 CHRYSTIE STREET,hBQL1M8hQN2OlGgcxoan7g,2011-06,2011,40.71663084865366,-73.99466089330217,40.71667339999999,-73.9949425,281.27,55.04,2011,2011
1003030025,61 CHRYSTIE STREET,DYBAZTmrIqWaoHovBDL8pA,2014-09,2014,40.71660888520839,-73.99461399656188,40.71667339999999,-73.9949425,284.53,55.04,2014,2014
1003030025,61 CHRYSTIE STREET,2XiGHKvthIdg11mX0dSyPA,2019-06,2019,40.71658733473954,-73.99462798488331,40.71667339999999,-73.9949425,289.85,55.04,2018,2019
1003030025,61 CHRYSTIE STREET,n5zzAdF3jD0Tzpr3Vj4hsg,2022-07,2022,40.71662149279688,-73.9946438562468,40.71667339999999,-73.9949425,282.92,55.04,2022,2022
1003030025,61 CHRYSTIE STREET,wADN3u6Hn8trK2cQuTBb-Q,2026-04,2026,40.716626617205,-73.9946486086887,40.71667339999999,-73.9949425,281.86,55.04,2026,2026
1003030027,55 CHRYSTIE STREET,RafLlRFpCmsbdTwMwLX_pw,2007-09,2007,40.71642329900732,-73.99469837481867,40.716514200000006,-73.9950255,290.13,55.17,2007,2007
1003030027,55 CHRYSTIE STREET,wsCv6WDnLTFpUhpw-bEVaQ,2011-06,2011,40.71645122009997,-73.99475217602571,40.716514200000006,-73.9950255,286.91,55.17,2011,2011
1003030027,55 CHRYSTIE STREET,FXi0graUsGG5UfAwEKEbog,2014-09,2014,40.71642456722486,-73.99470518963906,40.716514200000006,-73.9950255,290.26,55.17,2014,2014
1003030027,55 CHRYSTIE STREET,jTvxrec1dUAiXkW-xCQT8g,2019-06,2019,40.71641594564336,-73.99471460485105,40.716514200000006,-73.9950255,292.63,55.17,2018,2019
1003030027,55 CHRYSTIE STREET,56jUKUGneYo19HInuFwbPQ,2022-07,2022,40.71645031039288,-73.99472608244218,40.716514200000006,-73.9950255,285.72,55.17,2022,2022
1003030027,55 CHRYSTIE STREET,7b0WA-nkLS3xDnnT0KIXpA,2026-04,2026,40.71645343336462,-73.99472150933954,40.716514200000006,-73.9950255,284.77,55.17,2026,2026
1003030030,47 CHRYSTIE STREET,r96eDVan3UG37XkQik9OPg,2009-04,2009,40.71621869453175,-73.99489385246537,40.71627539999999,-73.9951012,289.84,42.78,2007,2009
1003030030,47 CHRYSTIE STREET,2i-Qye6p4zYUyjL6pa9TJA,2011-06,2011,40.71618097406631,-73.99489860490108,40.71627539999999,-73.9951012,301.59,42.78,2011,2011
1003030030,47 CHRYSTIE STREET,LWdJp-pDYecF3BY0SEodXw,2014-07,2014,40.71621190680457,-73.99487896747726,40.71627539999999,-73.9951012,290.65,42.78,2014,2014
1003030030,47 CHRYSTIE STREET,ajmPY_eyPHcIRELHEGF5gw,2017-09,2017,40.71622434718377,-73.99488318190173,40.71627539999999,-73.9951012,287.17,42.78,2018,2017
1003030030,47 CHRYSTIE STREET,bLImeQ6LG6JiSD_OU7o7YA,2022-07,2022,40.71620671978694,-73.9948977082151,40.71627539999999,-73.9951012,294.0,42.78,2022,2022
1003030030,47 CHRYSTIE STREET,rX_Id07noIRZyQaf2mLMTQ,2026-04,2026,40.71621064361444,-73.99489080373294,40.71627539999999,-73.9951012,292.1,42.78,2026,2026
1003030035,125 CANAL STREET,Pk7RZ00SeKZ6tzSn0qpSHg,2009-04,2009,40.71596123200919,-73.99525808597075,40.716077799999994,-73.9951987,21.11,27.21,2007,2009
1003030035,125 CANAL STREET,1DBbBldGzzbXjEVEyPqamA,2013-08,2013,40.71592406879078,-73.99523432383555,40.716077799999994,-73.9951987,9.96,27.21,2011,2013
1003030035,125 CANAL STREET,csbEzgrOtRhlWD0Kzmv5Bw,2014-08,2014,40.71595525152554,-73.99525261619648,40.716077799999994,-73.9951987,18.44,27.21,2014,2014
1003030035,125 CANAL STREET,LxDTa01fKnsytl71sTPrCw,2017-09,2017,40.71594132499774,-73.99523898659437,40.716077799999994,-73.9951987,12.61,27.21,2018,2017
1003030035,125 CANAL STREET,mXRhiM3Uh2XujZ9dleGb4w,2022-07,2022,40.71593999843888,-73.9952349515146,40.716077799999994,-73.9951987,11.28,27.21,2022,2022
1003030035,125 CANAL STREET,uABjD7wKGPFJgvlkuBAgbw,2026-04,2026,40.71592846347949,-73.99523871758905,40.716077799999994,-73.9951987,11.48,27.21,2026,2026
1003030039,133 CANAL STREET,2Gt6zF2UTp9n5YPjR8RpBQ,2009-04,2009,40.71620100669224,-73.9955722838891,40.71628369999999,-73.9953141,67.09,51.32,2007,2009
1003030039,133 CANAL STREET,2Gt6zF2UTp9n5YPjR8RpBQ,2009-04,2009,40.71620100669224,-73.9955722838891,40.71628369999999,-73.9953141,67.09,51.32,2011,2009
1003030039,133 CANAL STREET,C67um2RF1jpcGgCZ7lkRkQ,2016-09,2016,40.71616850507962,-73.99554681809526,40.71628369999999,-73.9953141,56.85,51.32,2014,2016
1003030039,133 CANAL STREET,j9xMPt4wq9kQM3Z61XMg2A,2017-09,2017,40.71618081684522,-73.99555704028052,40.71628369999999,-73.9953141,60.81,51.32,2018,2017
1003030039,133 CANAL STREET,24AIjk8_9j82AXZQmP9ixw,2022-07,2022,40.71619356761357,-73.99556663478724,40.71628369999999,-73.9953141,64.78,51.32,2022,2022
1003030039,133 CANAL STREET,h6vKfa3uAy1bAX6JHKGqmQ,2026-04,2026,40.71617189165498,-73.99556537943124,40.71628369999999,-73.9953141,59.58,51.32,2026,2026
1003037501,87 BOWERY,ki7pKN88pGaUpvdO0BeNjA,2009-04,2009,40.71701398293253,-73.99553067780164,40.71686549999999,-73.995195,120.27,80.11,2007,2009
1003037501,87 BOWERY,hviFzxwvw2bFoATJ_DMg6Q,2011-07,2011,40.71697292318652,-73.99559272825636,40.71686549999999,-73.995195,109.61,80.11,2011,2011
1003037501,87 BOWERY,KY_qXcx7kj7KjcE-UFpLFA,2014-10,2014,40.71699216541235,-73.99556618644581,40.71686549999999,-73.995195,114.24,80.11,2014,2014
1003037501,87 BOWERY,8xMeetvL6vYHk20YKcRUxg,2018-07,2018,40.71699311018103,-73.99558295441439,40.71686549999999,-73.995195,113.46,80.11,2018,2018
1003037501,87 BOWERY,7Djgr1cbK3zTc8_gNxFWZA,2022-07,2022,40.71702181759077,-73.99555560558788,40.71686549999999,-73.995195,119.77,80.11,2022,2022
1003037501,87 BOWERY,6LbWhocXCaRAZ5-RCKo4rQ,2026-04,2026,40.71699452023198,-73.99557640863003,40.71686549999999,-73.995195,114.05,80.11,2026,2026
1003037502,77 BOWERY,rvM9wlC-P2p9l1sirKz4Og,2009-04,2009,40.71650380310535,-73.9957383494758,40.71658280000001,-73.9954259,71.55,63.15,2007,2009
1003037502,77 BOWERY,rvM9wlC-P2p9l1sirKz4Og,2009-04,2009,40.71650380310535,-73.9957383494758,40.71658280000001,-73.9954259,71.55,63.15,2011,2009
1003037502,77 BOWERY,4YfaLin3JWmgoLqiHtknIA,2016-09,2016,40.71654303584982,-73.995743729568,40.71658280000001,-73.9954259,80.63,63.15,2014,2016
1003037502,77 BOWERY,A3GLvgJFU7wMTY9g2BFYqw,2017-09,2017,40.71649590628611,-73.99572947232335,40.71658280000001,-73.9954259,69.31,63.15,2018,2017
1003037502,77 BOWERY,t2XE-QLGKmQ5YK6ZEyzK1A,2022-07,2022,40.71649873738012,-73.99573879781683,40.71658280000001,-73.9954259,70.48,63.15,2022,2022
1003037502,77 BOWERY,RFiatRjeBB9voGQvEdu6xA,2026-04,2026,40.7165075179979,-73.99574220520856,40.71658280000001,-73.9954259,72.57,63.15,2026,2026
1003037503,89 BOWERY,JibCt07zKQn80X9DUzsSIA,2009-04,2009,40.7171932853407,-73.9950669127844,40.71694239999999,-73.995195,201.15,66.68,2007,2009
1003037503,89 BOWERY,ZdF98CYw9hZHuTMGZIvwbA,2012-08,2012,40.71718648698331,-73.99513864758586,40.71694239999999,-73.995195,189.93,66.68,2011,2012
1003037503,89 BOWERY,7bzpdt5Uge1DwRdCw5ze_g,2014-09,2014,40.71717805502735,-73.99514088929797,40.71694239999999,-73.995195,189.87,66.68,2014,2014
1003037503,89 BOWERY,tJ2wNe325c40dt1UYpv_0w,2019-10,2019,40.71720495619613,-73.99511623046328,40.71694239999999,-73.995195,192.81,66.68,2018,2019
1003037503,89 BOWERY,b7olCGsqPZ3_ZFHEjrRqnQ,2022-07,2022,40.71716056180898,-73.9950749829509,40.71694239999999,-73.995195,202.63,66.68,2022,2022
1003037503,89 BOWERY,VBB01KWVIv5UOahF6T2e4A,2026-04,2026,40.71718003385977,-73.99509740007831,40.71694239999999,-73.995195,197.29,66.68,2026,2026
1003040001,95 BOWERY,JibCt07zKQn80X9DUzsSIA,2009-04,2009,40.7171932853407,-73.9950669127844,40.71726630000001,-73.9950615,3.22,12.16,2007,2009
1003040001,95 BOWERY,ZdF98CYw9hZHuTMGZIvwbA,2012-08,2012,40.71718648698331,-73.99513864758586,40.71726630000001,-73.9950615,36.23,12.16,2011,2012
1003040001,95 BOWERY,7bzpdt5Uge1DwRdCw5ze_g,2014-09,2014,40.71717805502735,-73.99514088929797,40.71726630000001,-73.9950615,34.29,12.16,2014,2014
1003040001,95 BOWERY,tJ2wNe325c40dt1UYpv_0w,2019-10,2019,40.71720495619613,-73.99511623046328,40.71726630000001,-73.9950615,34.07,12.16,2018,2019
1003040001,95 BOWERY,b7olCGsqPZ3_ZFHEjrRqnQ,2022-07,2022,40.71716056180898,-73.9950749829509,40.71726630000001,-73.9950615,5.52,12.16,2022,2022
1003040001,95 BOWERY,VBB01KWVIv5UOahF6T2e4A,2026-04,2026,40.71718003385977,-73.99509740007831,40.71726630000001,-73.9950615,17.51,12.16,2026,2026
1003040002,97 BOWERY,JibCt07zKQn80X9DUzsSIA,2009-04,2009,40.7171932853407,-73.9950669127844,40.7173321,-73.9950254,12.77,38.13,2007,2009
1003040002,97 BOWERY,ZdF98CYw9hZHuTMGZIvwbA,2012-08,2012,40.71718648698331,-73.99513864758586,40.7173321,-73.9950254,30.52,38.13,2011,2012
1003040002,97 BOWERY,7bzpdt5Uge1DwRdCw5ze_g,2014-09,2014,40.71717805502735,-73.99514088929797,40.7173321,-73.9950254,29.61,38.13,2014,2014
1003040002,97 BOWERY,tJ2wNe325c40dt1UYpv_0w,2019-10,2019,40.71720495619613,-73.99511623046328,40.7173321,-73.9950254,28.43,38.13,2018,2019
1003040002,97 BOWERY,b7olCGsqPZ3_ZFHEjrRqnQ,2022-07,2022,40.71716056180898,-73.9950749829509,40.7173321,-73.9950254,12.36,38.13,2022,2022
1003040002,97 BOWERY,VBB01KWVIv5UOahF6T2e4A,2026-04,2026,40.71718003385977,-73.99509740007831,40.7173321,-73.9950254,19.74,38.13,2026,2026
1003040003,99 BOWERY,JibCt07zKQn80X9DUzsSIA,2009-04,2009,40.7171932853407,-73.9950669127844,40.71738700000004,-73.9949569,23.29,63.8,2007,2009
1003040003,99 BOWERY,ZdF98CYw9hZHuTMGZIvwbA,2012-08,2012,40.71718648698331,-73.99513864758586,40.71738700000004,-73.9949569,34.49,63.8,2011,2012
1003040003,99 BOWERY,7bzpdt5Uge1DwRdCw5ze_g,2014-09,2014,40.71717805502735,-73.99514088929797,40.71738700000004,-73.9949569,33.72,63.8,2014,2014
1003040003,99 BOWERY,tJ2wNe325c40dt1UYpv_0w,2019-10,2019,40.71720495619613,-73.99511623046328,40.71738700000004,-73.9949569,33.56,63.8,2018,2019
1003040003,99 BOWERY,b7olCGsqPZ3_ZFHEjrRqnQ,2022-07,2022,40.71716056180898,-73.9950749829509,40.71738700000004,-73.9949569,21.57,63.8,2022,2022
1003040003,99 BOWERY,VBB01KWVIv5UOahF6T2e4A,2026-04,2026,40.71718003385977,-73.99509740007831,40.71738700000004,-73.9949569,27.23,63.8,2026,2026
1003040004,101 BOWERY,CmpK6lwr9asLUbObkadskw,2009-04,2009,40.71754867959636,-73.9952267916864,40.717452899999984,-73.9949316,113.18,64.6,2007,2009
1003040004,101 BOWERY,_vy4ts_QTpM7AqiKIt9agg,2011-07,2011,40.71753662038686,-73.99527153623464,40.717452899999984,-73.9949316,108.0,64.6,2011,2011
1003040004,101 BOWERY,eFDWJAm68oYdB5O7ehylNA,2014-10,2014,40.71755564990374,-73.99525360254923,40.717452899999984,-73.9949316,112.83,64.6,2014,2014
1003040004,101 BOWERY,N51QLh9RTLH_2mI8Vqqh5A,2019-10,2019,40.71756538258064,-73.9952472360905,40.717452899999984,-73.9949316,115.18,64.6,2018,2019
1003040004,101 BOWERY,w4rVw_vxxiAOuMaMD4TvKg,2022-07,2022,40.71754815153051,-73.99526561811865,40.717452899999984,-73.9949316,110.62,64.6,2022,2022
1003040004,101 BOWERY,qAKybIvC6Fgei0_EDDF-uQ,2024-09,2024,40.71753674775413,-73.9952570099496,40.717452899999984,-73.9949316,108.78,64.6,2026,2024
1003040005,103 BOWERY,dVAO_ERcuCzgH7qPJ4nqaw,2009-04,2009,40.71759142686934,-73.99520589893785,40.717524299999994,-73.9949244,107.46,56.84,2007,2009
1003040005,103 BOWERY,_CmoHcmshYLFtzykib_bDA,2011-07,2011,40.71762549533789,-73.99522114257435,40.717524299999994,-73.9949244,114.22,56.84,2011,2011
1003040005,103 BOWERY,jEaImBJYmb7dTrcz9T9VMQ,2014-10,2014,40.71764195358729,-73.99520688529084,40.717524299999994,-73.9949244,118.79,56.84,2014,2014
1003040005,103 BOWERY,nomXyV6WADMdKGtLBQ5EMA,2019-10,2019,40.71764504444984,-73.9952058092694,40.717524299999994,-73.9949244,119.51,56.84,2018,2019
1003040005,103 BOWERY,QX6UeCyw6jj0MbSKmXhV1w,2022-07,2022,40.71763427894347,-73.99521872152629,40.717524299999994,-73.9949244,116.24,56.84,2022,2022
1003040005,103 BOWERY,OLRC0cYElzgS-EWPtMuGug,2024-09,2024,40.71762191775964,-73.99521665915199,40.717524299999994,-73.9949244,113.78,56.84,2026,2024
1003040006,105 BOWERY,jH5nC_Pp4PazabGXH1Xxxw,2009-04,2009,40.71767965521149,-73.99515998868411,40.71759009999999,-73.9948919,113.78,56.35,2007,2009
1003040006,105 BOWERY,6H8tZx8SNvJkaTjkN-zFYA,2011-07,2011,40.71771709652608,-73.99516976254765,40.71759009999999,-73.9948919,121.09,56.35,2011,2011
1003040006,105 BOWERY,yl207JV0uQhNp51h_XEgtQ,2014-10,2014,40.71768470914132,-73.99518339215467,40.71759009999999,-73.9948919,113.18,56.35,2014,2014
1003040006,105 BOWERY,71y8ZcNj4rzK1vJWBpSdUQ,2019-10,2019,40.71772650114317,-73.99516267873835,40.71759009999999,-73.9948919,123.61,56.35,2018,2019
1003040006,105 BOWERY,LkJIl8HD7bZbYBYCJaZDHw,2022-07,2022,40.71771919757028,-73.99517074890082,40.71759009999999,-73.9948919,121.42,56.35,2022,2022
1003040006,105 BOWERY,r2uMasrlueEvUL0KDFSTdw,2024-09,2024,40.71770629341704,-73.99517496331886,40.71759009999999,-73.9948919,118.44,56.35,2026,2024
1003040007,107 BOWERY,GQRPsEIB5W11Hhxq2-g_Sw,2009-04,2009,40.7178129297099,-73.99509237864198,40.717672499999985,-73.9948486,127.24,56.41,2007,2009
1003040007,107 BOWERY,YtnYFZRInR93j4EPjAa2Jg,2011-07,2011,40.71780675168589,-73.99512008620856,40.717672499999985,-73.9948486,123.12,56.41,2011,2011
1003040007,107 BOWERY,2uwcLeMCUUH5YeCgfLHOYA,2014-10,2014,40.71781341714244,-73.99511389908238,40.717672499999985,-73.9948486,125.02,56.41,2014,2014
1003040007,107 BOWERY,DU87_n3_uy5LjCxLav0JCQ,2019-10,2019,40.71780735599023,-73.99512062421951,40.717672499999985,-73.9948486,123.19,56.41,2018,2019
1003040007,107 BOWERY,8MSDNmznJqeLlZNO-NJK9Q,2022-07,2022,40.71780373887739,-73.99512277626336,40.717672499999985,-73.9948486,122.27,56.41,2022,2022
1003040007,107 BOWERY,dSfhHVTPIn1jrRfFgUb2Fg,2024-09,2024,40.71779009091168,-73.99513344681365,40.717672499999985,-73.9948486,118.58,56.41,2026,2024
1003040009,111 BOWERY,xL-eigP45W4p8DLVhK2znw,2009-04,2009,40.71789889036794,-73.9950437783052,40.717752100000006,-73.9948053,129.08,56.84,2007,2009
1003040009,111 BOWERY,4vRlqJVQmXVrlEp6-nPpdA,2011-07,2011,40.71789257772156,-73.99507372759169,40.717752100000006,-73.9948053,124.62,56.84,2011,2011
1003040009,111 BOWERY,LvZ5IabzolaIGCYaI-6wXg,2014-10,2014,40.71789855332843,-73.99506852681772,40.717752100000006,-73.9948053,126.28,56.84,2014,2014
1003040009,111 BOWERY,IdLecnKgVEat1abZv9OKsQ,2019-10,2019,40.71784313288111,-73.99509632405623,40.717752100000006,-73.9948053,112.43,56.84,2018,2019
1003040009,111 BOWERY,5fxey6ktxKxR3EZUpo8zXQ,2022-07,2022,40.71788903517348,-73.99507534162497,40.717752100000006,-73.9948053,123.78,56.84,2022,2022
1003040009,111 BOWERY,9ACuOpT1c9IDJQataN5X8g,2024-09,2024,40.71787578320146,-73.99508986792378,40.717752100000006,-73.9948053,119.83,56.84,2026,2024
1003040010,113 BOWERY,xL-eigP45W4p8DLVhK2znw,2009-04,2009,40.71789889036794,-73.9950437783052,40.717826200000005,-73.9947692,109.25,56.16,2007,2009
1003040010,113 BOWERY,4vRlqJVQmXVrlEp6-nPpdA,2011-07,2011,40.71789257772156,-73.99507372759169,40.717826200000005,-73.9947692,106.04,56.16,2011,2011
1003040010,113 BOWERY,LvZ5IabzolaIGCYaI-6wXg,2014-10,2014,40.71789855332843,-73.99506852681772,40.717826200000005,-73.9947692,107.69,56.16,2014,2014
1003040010,113 BOWERY,IdLecnKgVEat1abZv9OKsQ,2019-10,2019,40.71784313288111,-73.99509632405623,40.717826200000005,-73.9947692,93.91,56.16,2018,2019
1003040010,113 BOWERY,5fxey6ktxKxR3EZUpo8zXQ,2022-07,2022,40.71788903517348,-73.99507534162497,40.717826200000005,-73.9947692,105.15,56.16,2022,2022
1003040010,113 BOWERY,9ACuOpT1c9IDJQataN5X8g,2024-09,2024,40.71787578320146,-73.99508986792378,40.717826200000005,-73.9947692,101.53,56.16,2026,2024
1003040012,115 BOWERY,_DgsKq3TuD4Xbu2uttm4DA,2009-04,2009,40.71794075445806,-73.99502889332872,40.71790299999999,-73.9947296,99.45,56.02,2007,2009
1003040012,115 BOWERY,962fMv3liOWAUJVDwE6U5w,2011-06,2011,40.71797067030656,-73.99503400443524,40.71790299999999,-73.9947296,106.35,56.02,2011,2011
1003040012,115 BOWERY,aLYHgpI3VHBxnR4KH8F78g,2014-10,2014,40.71798592590391,-73.995022437194,40.71790299999999,-73.9947296,110.49,56.02,2014,2014
1003040012,115 BOWERY,H5thjD6B5JM9oebL9C4eFA,2019-10,2019,40.71792861613918,-73.99502467890747,40.71790299999999,-73.9947296,96.53,56.02,2018,2019
1003040012,115 BOWERY,eBi8UFeESwKIqwmiXFC6DA,2022-07,2022,40.71797434750052,-73.99503014868824,40.71790299999999,-73.9947296,107.39,56.02,2022,2022
1003040012,115 BOWERY,HCeS4fTd6NFR52vmuwWbxQ,2024-09,2024,40.71795978035087,-73.99504763405191,40.71790299999999,-73.9947296,103.25,56.02,2026,2024
1003040013,119 BOWERY,SW6oAa10AJDF-lZLHXRfGg,2009-04,2009,40.7180205300653,-73.99498827347745,40.717971700000014,-73.9946935,102.33,56.07,2007,2009
1003040013,119 BOWERY,7xyjIlMSPra-yW8Xb6FoWw,2011-07,2011,40.71801697729382,-73.99500683486751,40.717971700000014,-73.9946935,100.79,56.07,2011,2011
1003040013,119 BOWERY,UVSTqXBZ5WCnPhwkfH15eQ,2014-10,2014,40.71803132111709,-73.99499894403525,40.717971700000014,-73.9946935,104.44,56.07,2014,2014
1003040013,119 BOWERY,bm-LnJnlcMFe2IBswwXg5g,2019-10,2019,40.71800855184647,-73.99498199667846,40.717971700000014,-73.9946935,99.57,56.07,2018,2019
1003040013,119 BOWERY,mqk3JfCgD6LbbsffBk9t6w,2022-07,2022,40.71805968683528,-73.99498621110067,40.717971700000014,-73.9946935,111.63,56.07,2022,2022
1003040013,119 BOWERY,zXZkCqWZPPNXCI0aXioCjA,2024-09,2024,40.71803809997856,-73.99500844890134,40.717971700000014,-73.9946935,105.54,56.07,2026,2024
1003040014,121 BOWERY,dwMzAwDwADuIdPBN1ue9YQ,2009-04,2009,40.71813144410138,-73.99493160294206,40.71803480000002,-73.994661,115.23,55.94,2007,2009
1003040014,121 BOWERY,HdrqRJMN6_9IF4BANDZpVw,2011-07,2011,40.71809866616753,-73.99496002788041,40.71803480000002,-73.994661,105.74,55.94,2011,2011
1003040014,121 BOWERY,055pq507L-cy0o6M0lnPPQ,2014-10,2014,40.71812263852734,-73.99495141969764,40.71803480000002,-73.994661,111.75,55.94,2014,2014
1003040014,121 BOWERY,gtoOYRKmCiQgM1rrlr2MfQ,2019-10,2019,40.71807981522058,-73.99494837096614,40.71803480000002,-73.994661,101.68,55.94,2018,2019
1003040014,121 BOWERY,W8S4_Si8hmjWHAiePB0BTw,2022-07,2022,40.71814398358952,-73.99494290118305,40.71803480000002,-73.994661,117.07,55.94,2022,2022
1003040014,121 BOWERY,In_qV4k6h8UA3pJUITZjmQ,2024-09,2024,40.71811758642802,-73.99496791871428,40.71803480000002,-73.994661,109.59,55.94,2026,2024
1003040015,123 BOWERY,tr1AdDES94ysiQriZkDAFg,2009-04,2009,40.71821983578383,-73.99488632030285,40.7181007,-73.9946249,121.02,56.37,2007,2009
1003040015,123 BOWERY,UanSGQayhzbeePhMsFoDvg,2011-07,2011,40.71817214937149,-73.99491546259664,40.7181007,-73.9946249,107.97,56.37,2011,2011
1003040015,123 BOWERY,RDksHWE4sGlq-VUsAvL6sQ,2014-10,2014,40.71816714204247,-73.99492855421025,40.7181007,-73.9946249,106.1,56.37,2014,2014
1003040015,123 BOWERY,ciiQOeRBli_PhgadWJd0gA,2019-06,2019,40.71816200040676,-73.9948976185465,40.7181007,-73.9946249,106.52,56.37,2018,2019
1003040015,123 BOWERY,nUabUpz0KGq307SX-9WGag,2022-07,2022,40.71822850908416,-73.99490120529039,40.7181007,-73.9946249,121.4,56.37,2022,2022
1003040015,123 BOWERY,uOmtRadV38ciIrwAKd63fg,2024-09,2024,40.71819818882348,-73.99492568481556,40.7181007,-73.9946249,113.15,56.37,2026,2024
1003040016,237 GRAND STREET,u2j3JDtgM4leA5shksc4IA,2009-04,2009,40.71836238108968,-73.99446765713792,40.71821590000001,-73.9946177,217.82,31.8,2007,2009
1003040016,237 GRAND STREET,xKlyxeXgw9lupyTjVhYlQA,2011-08,2011,40.71836396067083,-73.99448039010694,40.71821590000001,-73.9946177,215.1,31.8,2011,2011
1003040016,237 GRAND STREET,BYRVXxyRflc86GKtUSZzyg,2014-09,2014,40.71834590441053,-73.99446263568512,40.71821590000001,-73.9946177,222.11,31.8,2014,2014
1003040016,237 GRAND STREET,ymbrQQC-9Kn0V6fYfsCkMw,2018-07,2018,40.718376556241,-73.99451069815657,40.71821590000001,-73.9946177,206.78,31.8,2018,2018
1003040016,237 GRAND STREET,5WCky3rP4Cem_wwLM9_uug,2022-07,2022,40.71835652795422,-73.99446308402912,40.71821590000001,-73.9946177,219.81,31.8,2022,2022
1003040016,237 GRAND STREET,EK5Gz5KJCVoVMljtqTyFhg,2023-04,2023,40.71836814954928,-73.99448971566117,40.71821590000001,-73.9946177,212.5,31.8,2026,2023
1003040018,243 GRAND STREET,hMS0FFwGWopX-PLhnQCjLQ,2009-04,2009,40.71832210826798,-73.99435548143768,40.718160999999995,-73.99444090000001,201.89,32.88,2007,2009
1003040018,243 GRAND STREET,mgzT2qzp1zfdHCpr_MZ13w,2011-07,2011,40.71832465748214,-73.9943537777295,40.718160999999995,-73.99444090000001,201.97,32.88,2011,2011
1003040018,243 GRAND STREET,txBzHpPwVlRSFxjERvJsxw,2014-09,2014,40.71832461181459,-73.99440291625419,40.718160999999995,-73.99444090000001,189.98,32.88,2014,2014
1003040018,243 GRAND STREET,tSOpdWImdsBebalfYN6vlg,2018-07,2018,40.71833074744166,-73.9943493839557,40.718160999999995,-73.99444090000001,202.23,32.88,2018,2018
1003040018,243 GRAND STREET,Znp8ohoi4AXQ9B7tI_EgSA,2022-07,2022,40.71833086669579,-73.99437628461008,40.718160999999995,-73.99444090000001,196.08,32.88,2022,2022
1003040018,243 GRAND STREET,sq0knqjO2sj7x7EpDDJM1g,2023-04,2023,40.71833302472749,-73.99438139573398,40.718160999999995,-73.99444090000001,194.69,32.88,2026,2023
1003040019,245 GRAND STREET,oHjlQYZI6mTbtZl3TyMbhQ,2009-04,2009,40.71828686664009,-73.99428356700541,40.7180375,-73.9944049,200.24,71.29,2007,2009
1003040019,245 GRAND STREET,1Af0OZNin75rOQ99ulY7-Q,2011-07,2011,40.71830669068063,-73.99429836237086,40.7180375,-73.9944049,196.7,71.29,2011,2011
1003040019,245 GRAND STREET,iTcibTjX-MZBfNNjxmZl2g,2014-09,2014,40.71827865767636,-73.99426823362546,40.7180375,-73.9944049,203.24,71.29,2014,2014
1003040019,245 GRAND STREET,BbteR2g9wMkIysCtIWYQ7Q,2018-07,2018,40.71831384277252,-73.99429773468871,40.7180375,-73.9944049,196.38,71.29,2018,2018
1003040019,245 GRAND STREET,yU8_hhvwUIViLJmIHTl-7Q,2022-07,2022,40.71831043314477,-73.99431145402662,40.7180375,-73.9944049,194.55,71.29,2022,2022
1003040019,245 GRAND STREET,2CMA2MSctOrm_oi5Rtb9Og,2023-04,2023,40.71829792522024,-73.99427325508336,40.7180375,-73.9944049,200.96,71.29,2026,2023
1003040020,247 GRAND STREET,v6dyMXXTiHwNdaYX1FqFzA,2009-04,2009,40.71823791406369,-73.99415274005756,40.71804299999998,-73.99430750000002,211.04,59.72,2007,2009
1003040020,247 GRAND STREET,fBQFaEnZuLQeM-Qm-b_CmA,2011-07,2011,40.71825161656822,-73.99413713766029,40.71804299999998,-73.99430750000002,211.76,59.72,2011,2011
1003040020,247 GRAND STREET,KMtd2z_4VgQ0Na7dzlt6LQ,2014-09,2014,40.71824275945989,-73.99415605780854,40.71804299999998,-73.99430750000002,209.88,59.72,2014,2014
1003040020,247 GRAND STREET,20A3X2TLOcC15SKtYNCwZw,2018-07,2018,40.71826733372376,-73.99413893103934,40.71804299999998,-73.99430750000002,209.66,59.72,2018,2018
1003040020,247 GRAND STREET,I7w4MNFUp3emXo-4Qev6YQ,2022-07,2022,40.71827347196761,-73.99419497412656,40.71804299999998,-73.99430750000002,200.31,59.72,2022,2022
1003040020,247 GRAND STREET,DclzGjYyeHwHwynygFVd3g,2023-04,2023,40.71825238974007,-73.99417183954215,40.71804299999998,-73.99430750000002,206.15,59.72,2026,2023
1003040021,249 GRAND STREET,7mTAR3yb9U8OChbwZEb6hw,2019-10,2019,40.7179745057486,-73.99399895775318,40.71803479999999,-73.994156,296.86,29.52,2007,2019
1003040021,249 GRAND STREET,7mTAR3yb9U8OChbwZEb6hw,2019-10,2019,40.7179745057486,-73.99399895775318,40.71803479999999,-73.994156,296.86,29.52,2011,2019
1003040021,249 GRAND STREET,7mTAR3yb9U8OChbwZEb6hw,2019-10,2019,40.7179745057486,-73.99399895775318,40.71803479999999,-73.994156,296.86,29.52,2014,2019
1003040021,249 GRAND STREET,7mTAR3yb9U8OChbwZEb6hw,2019-10,2019,40.7179745057486,-73.99399895775318,40.71803479999999,-73.994156,296.86,29.52,2018,2019
1003040021,249 GRAND STREET,7mTAR3yb9U8OChbwZEb6hw,2019-10,2019,40.7179745057486,-73.99399895775318,40.71803479999999,-73.994156,296.86,29.52,2022,2019
1003040021,249 GRAND STREET,7mTAR3yb9U8OChbwZEb6hw,2019-10,2019,40.7179745057486,-73.99399895775318,40.71803479999999,-73.994156,296.86,29.52,2026,2019
1003040023,99 CHRYSTIE STREET,hBs0ipOzlHbp9msWdA5lYQ,2019-10,2019,40.71788924330826,-73.99404343358101,40.71790299999999,-73.9942209,275.84,29.37,2007,2019
1003040023,99 CHRYSTIE STREET,hBs0ipOzlHbp9msWdA5lYQ,2019-10,2019,40.71788924330826,-73.99404343358101,40.71790299999999,-73.9942209,275.84,29.37,2011,2019
1003040023,99 CHRYSTIE STREET,hBs0ipOzlHbp9msWdA5lYQ,2019-10,2019,40.71788924330826,-73.99404343358101,40.71790299999999,-73.9942209,275.84,29.37,2014,2019
1003040023,99 CHRYSTIE STREET,hBs0ipOzlHbp9msWdA5lYQ,2019-10,2019,40.71788924330826,-73.99404343358101,40.71790299999999,-73.9942209,275.84,29.37,2018,2019
1003040023,99 CHRYSTIE STREET,hBs0ipOzlHbp9msWdA5lYQ,2019-10,2019,40.71788924330826,-73.99404343358101,40.71790299999999,-73.9942209,275.84,29.37,2022,2019
1003040023,99 CHRYSTIE STREET,hBs0ipOzlHbp9msWdA5lYQ,2019-10,2019,40.71788924330826,-73.99404343358101,40.71790299999999,-73.9942209,275.84,29.37,2026,2019
1003040024,97 CHRYSTIE STREET,DE_Y1kW41zLHhJSLbylkTA,2019-10,2019,40.71780549936179,-73.99408638502591,40.7178509,-73.9942967,285.9,42.31,2007,2019
1003040024,97 CHRYSTIE STREET,DE_Y1kW41zLHhJSLbylkTA,2019-10,2019,40.71780549936179,-73.99408638502591,40.7178509,-73.9942967,285.9,42.31,2011,2019
1003040024,97 CHRYSTIE STREET,DE_Y1kW41zLHhJSLbylkTA,2019-10,2019,40.71780549936179,-73.99408638502591,40.7178509,-73.9942967,285.9,42.31,2014,2019
1003040024,97 CHRYSTIE STREET,DE_Y1kW41zLHhJSLbylkTA,2019-10,2019,40.71780549936179,-73.99408638502591,40.7178509,-73.9942967,285.9,42.31,2018,2019
1003040024,97 CHRYSTIE STREET,DE_Y1kW41zLHhJSLbylkTA,2019-10,2019,40.71780549936179,-73.99408638502591,40.7178509,-73.9942967,285.9,42.31,2022,2019
1003040024,97 CHRYSTIE STREET,DE_Y1kW41zLHhJSLbylkTA,2019-10,2019,40.71780549936179,-73.99408638502591,40.7178509,-73.9942967,285.9,42.31,2026,2019
1003040025,95 CHRYSTIE STREET,Xh1AK4S7fkedfQvZmqxaIg,2007-09,2007,40.71767062535411,-73.9940666578499,40.7178015,-73.9943724,299.46,55.58,2007,2007
1003040025,95 CHRYSTIE STREET,gIz_RoRqulWQKojU-H840Q,2011-06,2011,40.71768810514175,-73.99412395632366,40.7178015,-73.9943724,301.06,55.58,2011,2011
1003040025,95 CHRYSTIE STREET,gkRmjktEuJhQYpRigGPx5g,2014-09,2014,40.71768469417557,-73.994113734062,40.7178015,-73.9943724,300.79,55.58,2014,2014
1003040025,95 CHRYSTIE STREET,BI_7up8vgo6mJhgA2BMffQ,2019-06,2019,40.7176758628481,-73.99407912183861,40.7178015,-73.9943724,299.48,55.58,2018,2019
1003040025,95 CHRYSTIE STREET,79FrRpVP12oQneHuXAbP4w,2023-04,2023,40.71771882010145,-73.9941256600339,40.7178015,-73.9943724,293.85,55.58,2022,2023
1003040025,95 CHRYSTIE STREET,79FrRpVP12oQneHuXAbP4w,2023-04,2023,40.71771882010145,-73.9941256600339,40.7178015,-73.9943724,293.85,55.58,2026,2023
1003040026,89 CHRYSTIE STREET,CSW9tZgLZkWH0t1oFQ8qVA,2007-09,2007,40.7175871827632,-73.9941096092896,40.71769720000002,-73.9944229,294.86,55.24,2007,2007
1003040026,89 CHRYSTIE STREET,UDNsSVOwO0REdITZss0tKA,2011-06,2011,40.71760333683024,-73.99416341066186,40.71769720000002,-73.9944229,295.51,55.24,2011,2011
1003040026,89 CHRYSTIE STREET,I_EhWviWNKM-GVoynwVThw,2013-08,2013,40.7176383916653,-73.99414359382483,40.71769720000002,-73.9944229,285.53,55.24,2014,2013
1003040026,89 CHRYSTIE STREET,v00cZVeqIRacUkXOXLlpGg,2019-10,2019,40.71763779653423,-73.99417183954215,40.71769720000002,-73.9944229,287.34,55.24,2018,2019
1003040026,89 CHRYSTIE STREET,BEr7Nu6oK7Trbde1Ordsaw,2022-07,2022,40.71763822192091,-73.99417058417703,40.71769720000002,-73.9944229,287.14,55.24,2022,2022
1003040026,89 CHRYSTIE STREET,GyHDJt3lDfENbiyJ_Jd-QQ,2023-04,2023,40.71763391369671,-73.99416520404067,40.71769720000002,-73.9944229,287.95,55.24,2026,2023
1003040029,87 CHRYSTIE STREET,OQm0HnSwK80XMjHT5F7UYg,2007-09,2007,40.71750292212954,-73.99415211237493,40.7176011,-73.9944735,291.95,55.98,2007,2007
1003040029,87 CHRYSTIE STREET,meRVE0TkgAuT_YqrjEM83g,2011-06,2011,40.7175227125875,-73.99420017492423,40.7176011,-73.9944735,290.73,55.98,2011,2011
1003040029,87 CHRYSTIE STREET,_r9TXeeUry245UOMUKu3dA,2014-09,2014,40.71751703962219,-73.99419049068018,40.7176011,-73.9944735,291.4,55.98,2014,2014
1003040029,87 CHRYSTIE STREET,eBMTCAqKrz-iMpcYjkEcUw,2019-10,2019,40.7175569039406,-73.99421362526235,40.7176011,-73.9944735,282.65,55.98,2018,2019
1003040029,87 CHRYSTIE STREET,xRxhZxtOvi_7SOOpzGu4Rw,2022-07,2022,40.7175557352255,-73.9942138942691,40.7176011,-73.9944735,282.98,55.98,2022,2022
1003040029,87 CHRYSTIE STREET,fE9su_5K4-hfstH4GpB47w,2023-04,2023,40.71754880715373,-73.99420546539066,40.7176011,-73.9944735,284.44,55.98,2026,2023
1003040030,85 CHRYSTIE STREET,MqQTMYe_ebvuM_AZHZymUw,2007-09,2007,40.71742244289208,-73.9941930910791,40.717543500000005,-73.9945023,297.32,56.03,2007,2007
1003040030,85 CHRYSTIE STREET,j_DXt3KNbULM6PjuE9bKJA,2011-06,2011,40.71746730532976,-73.99422061943781,40.717543500000005,-73.9945023,289.64,56.03,2011,2011
1003040030,85 CHRYSTIE STREET,edPWAq4_iAMqsnjBDHUv9A,2014-09,2014,40.71741989279379,-73.99417883371913,40.717543500000005,-73.9945023,296.76,56.03,2014,2014
1003040030,85 CHRYSTIE STREET,omU7GfnbzAn0U_LmSzb2MQ,2019-10,2019,40.71747506964128,-73.99425621799352,40.717543500000005,-73.9945023,290.15,56.03,2018,2019
1003040030,85 CHRYSTIE STREET,_OrWlqftV5r8pNXILhvr5w,2022-07,2022,40.71746522829955,-73.99425756302699,40.717543500000005,-73.9945023,292.88,56.03,2022,2022
1003040030,85 CHRYSTIE STREET,jRRQ5zw8vglS11KXuLrY6A,2023-04,2023,40.71746193488279,-73.99424231931387,40.717543500000005,-73.9945023,292.49,56.03,2026,2023
1003040031,83 CHRYSTIE STREET,-TNUDbNLQY17EBI_nD-2fg,2007-09,2007,40.71734960031557,-73.99422994500468,40.71744740000001,-73.9945528,291.79,56.74,2007,2007
1003040031,83 CHRYSTIE STREET,dCzpZ9oJfIe0ohdtGuyX9w,2011-06,2011,40.71736522417589,-73.99427468978558,40.71744740000001,-73.9945528,291.3,56.74,2011,2011
1003040031,83 CHRYSTIE STREET,2h5S5XNjD1VaIqXrh_uR8w,2014-09,2014,40.71738391925901,-73.99428311866097,40.71744740000001,-73.9945528,287.25,56.74,2014,2014
1003040031,83 CHRYSTIE STREET,ypBEJlEqwVPkjbPZXOLi7w,2019-10,2019,40.71735139235606,-73.99431916554944,40.71744740000001,-73.9945528,298.47,56.74,2018,2019
1003040031,83 CHRYSTIE STREET,G7gHsYjJ_ihEwSvkz6RvFQ,2022-07,2022,40.7173806985498,-73.99429710700656,40.71744740000001,-73.9945528,288.99,56.74,2022,2022
1003040031,83 CHRYSTIE STREET,hkKYzVoMcxbkLbQ5xlPxow,2023-04,2023,40.71737452259901,-73.99427962157444,40.71744740000001,-73.9945528,289.39,56.74,2026,2023
1003040033,79 CHRYSTIE STREET,zahAMgkbMyg0IxuG341cug,2007-09,2007,40.71724613138237,-73.9942811459455,40.717343100000015,-73.9945745,293.56,48.93,2007,2007
1003040033,79 CHRYSTIE STREET,U_MfO3eXmyb0K5QbpUGeQA,2011-06,2011,40.71729979988064,-73.99431226104646,40.717343100000015,-73.9945745,282.29,48.93,2011,2011
1003040033,79 CHRYSTIE STREET,VaCH_x2dzbltxFY9FBWQ0w,2014-09,2014,40.71726103155774,-73.99434472117522,40.717343100000015,-73.9945745,295.23,48.93,2014,2014
1003040033,79 CHRYSTIE STREET,naG1YgfP7K69bBXaIqdhxg,2019-10,2019,40.71727107722585,-73.99436077189985,40.717343100000015,-73.9945745,293.97,48.93,2018,2019
1003040033,79 CHRYSTIE STREET,RGbmb4naZoSIF4apQ8GrlA,2022-07,2022,40.71729870781103,-73.99433647164025,40.717343100000015,-73.9945745,283.82,48.93,2022,2022
1003040033,79 CHRYSTIE STREET,4AxN2d0kC1fuwmEYMNQumA,2023-04,2023,40.7172863102327,-73.99431979323153,40.717343100000015,-73.9945745,286.39,48.93,2026,2023
1003040034,77 CHRYSTIE STREET,uOrEd3fTZYo6qWogTsPIOg,2007-09,2007,40.71719886275387,-73.9943047288611,40.7172772,-73.9945997,289.31,46.98,2007,2007
1003040034,77 CHRYSTIE STREET,mRQiDeYFbnjN4dP9GH57mA,2011-05,2011,40.7171832379609,-73.99437538792165,40.7172772,-73.9945997,298.93,46.98,2011,2011
1003040034,77 CHRYSTIE STREET,TZ9sxruk3Bhs56VLHhMYwg,2014-09,2014,40.71718891840354,-73.99438193374701,40.7172772,-73.9945997,298.14,46.98,2014,2014
1003040034,77 CHRYSTIE STREET,DmQYgV91JLqsw4Ww8wVFuA,2019-10,2019,40.71719165088752,-73.99440013652047,40.7172772,-73.9945997,299.49,46.98,2018,2019
1003040034,77 CHRYSTIE STREET,oF9zv8Q1OucMrvDxQwNyug,2022-07,2022,40.71721361508242,-73.99437789864922,40.7172772,-73.9945997,290.72,46.98,2022,2022
1003040034,77 CHRYSTIE STREET,KO1qSb8RMCBpPNXSl0Qdmg,2023-04,2023,40.71720285326457,-73.99436211693256,40.7172772,-73.9945997,292.43,46.98,2026,2023
1003040035,75 CHRYSTIE STREET,Zc_HfHbudjmfBGNoMq_dpA,2009-04,2009,40.71711068695311,-73.99477809026838,40.7171894,-73.9946863,41.47,25.18,2007,2009
1003040035,75 CHRYSTIE STREET,9Wpbz8c5v_N1DayNSW_3Fw,2012-08,2012,40.7170762072447,-73.99476526765048,40.7171894,-73.9946863,27.87,25.18,2011,2012
1003040035,75 CHRYSTIE STREET,MAQZ0t00KuhICZX5-PVXPQ,2014-08,2014,40.71707578496673,-73.99476069454877,40.7171894,-73.9946863,26.39,25.18,2014,2014
1003040035,75 CHRYSTIE STREET,itjA4QDnqGZi-RfDNVpCsQ,2019-10,2019,40.71710560269862,-73.99479808637712,40.7171894,-73.9946863,45.32,25.18,2018,2019
1003040035,75 CHRYSTIE STREET,nDVKsTGaYsKtQ5YCAGVO-Q,2022-07,2022,40.71707842647111,-73.99479261658973,40.7171894,-73.9946863,35.98,25.18,2022,2022
1003040035,75 CHRYSTIE STREET,bmhJ9bfRDsogcsv4DZCkpg,2026-04,2026,40.71707616073716,-73.99476759903561,40.7171894,-73.9946863,28.55,25.18,2026,2026
1003060001,119 HESTER STREET,zj_U74maCM9VlMYWCp0yOg,2007-09,2007,40.71670228648695,-73.99352810516099,40.7167968,-73.9934094,43.59,28.09,2007,2007
1003060001,119 HESTER STREET,dHqt9vhmGCCVuiZF1eJQHw,2012-07,2012,40.71668792266476,-73.99350075604136,40.7167968,-73.9934094,32.46,28.09,2011,2012
1003060001,119 HESTER STREET,MUn52yD6iaizebATjVfekA,2014-10,2014,40.71668195877903,-73.99347466228753,40.7167968,-73.9934094,23.3,28.09,2014,2014
1003060001,119 HESTER STREET,vHYdIW14zmPXITyqiFtT0g,2018-07,2018,40.71668849451963,-73.99349681059428,40.7167968,-73.9934094,31.45,28.09,2018,2018
1003060001,119 HESTER STREET,xAxaOzqiDo78TDoaJryh3w,2022-07,2022,40.71668915849845,-73.99350308744188,40.7167968,-73.9934094,33.41,28.09,2022,2022
1003060001,119 HESTER STREET,0-v1yV-NaIc6ruuRI5rg1Q,2026-04,2026,40.71668564916997,-73.99347887674286,40.7167968,-73.9934094,25.35,28.09,2026,2026
1003060003,66 FORSYTH STREET,qM8l4TILCPWtM_GJPn3i7A,2007-09,2007,40.71701029835617,-73.99357033936758,40.716898400000005,-73.9933588,124.91,39.74,2007,2007
1003060003,66 FORSYTH STREET,6g0A_ITnGPAxmduuuMR8zg,2012-07,2012,40.71700606281373,-73.99354792206164,40.716898400000005,-73.9933588,126.91,39.74,2011,2012
1003060003,66 FORSYTH STREET,6JgyhDEZ3U81cbFzAgSLzg,2014-10,2014,40.7169870900716,-73.99356200013007,40.716898400000005,-73.9933588,119.94,39.74,2014,2014
1003060003,66 FORSYTH STREET,d7wwEA8VTXSqYaHVXE8Tdg,2018-07,2018,40.71700838443765,-73.99353769976925,40.716898400000005,-73.9933588,129.05,39.74,2018,2018
1003060003,66 FORSYTH STREET,KCAY1W6C5FUDXCu7neurOA,2022-07,2022,40.71698863547953,-73.99355375056143,40.716898400000005,-73.9933588,121.41,39.74,2022,2022
1003060003,66 FORSYTH STREET,W1nivGdkhsiU-eVbpe4BfQ,2026-04,2026,40.71697850637774,-73.99354828073854,40.716898400000005,-73.9933588,119.15,39.74,2026,2026
1003060004,68 FORSYTH STREET,jjBx3KLgue63QQ_NTFKn8A,2007-09,2007,40.71703239529973,-73.99356020674561,40.716945,-73.9932686,111.57,56.87,2007,2007
1003060004,68 FORSYTH STREET,CNnvYXIqBXlWkjPlpxlSWg,2011-08,2011,40.71704750042377,-73.99352577376078,40.716945,-73.9932686,117.74,56.87,2011,2011
1003060004,68 FORSYTH STREET,PI8nYPVdMXV9ieNSdSrWcA,2014-10,2014,40.71702625560663,-73.9935419142232,40.716945,-73.9932686,111.42,56.87,2014,2014
1003060004,68 FORSYTH STREET,-e6IFnfLL0vp7lTwS4i-Ig,2018-07,2018,40.71705055354048,-73.99351698617512,40.716945,-73.9932686,119.28,56.87,2018,2018
1003060004,68 FORSYTH STREET,4xptBIOElEXgsN1Xh5UPYQ,2022-07,2022,40.71702879343657,-73.99353321630751,40.716945,-73.9932686,112.67,56.87,2022,2022
1003060004,68 FORSYTH STREET,er5q6Bj_KU38zBZUm4uKgA,2026-04,2026,40.71704722759952,-73.99351268205139,40.716945,-73.9932686,118.92,56.87,2026,2026
1003060005,70 FORSYTH STREET,Ydo0ItESsvjfY3vVPEQEgA,2007-09,2007,40.71707233045299,-73.99354182455396,40.71700820000003,-73.9932362,105.47,56.88,2007,2007
1003060005,70 FORSYTH STREET,sxgg0hfBguyGzZUcbwlFlg,2012-07,2012,40.71708588968607,-73.99350766057357,40.71700820000003,-73.9932362,110.69,56.88,2011,2012
1003060005,70 FORSYTH STREET,rmS6LnY53Gu84PwlbElO5Q,2014-10,2014,40.71706599910738,-73.99352164897573,40.71700820000003,-73.9932362,104.96,56.88,2014,2014
1003060005,70 FORSYTH STREET,SJX2T-BhTFxJzfUmhR3vJg,2018-07,2018,40.71709313702616,-73.993496003571,40.71700820000003,-73.9932362,113.33,56.88,2018,2018
1003060005,70 FORSYTH STREET,hsa35-z2IMKkH-TXx08AOQ,2022-07,2022,40.7171098499373,-73.99349152010828,40.71700820000003,-73.9932362,117.71,56.88,2022,2022
1003060005,70 FORSYTH STREET,sGEichZSMx3jaFy5wXrafw,2026-04,2026,40.71708568964963,-73.99349295481636,40.71700820000003,-73.9932362,111.71,56.88,2026,2026
1003060006,72 FORSYTH STREET,VdDfvt5YTq2VHEKGY_gZlA,2007-09,2007,40.71713186056849,-73.99351322006687,40.71707400000002,-73.9932037,103.85,56.57,2007,2007
1003060006,72 FORSYTH STREET,z7XkrJKaUueSZ50gQM7MmQ,2012-07,2012,40.71712738993039,-73.99348542259882,40.71707400000002,-73.9932037,104.04,56.57,2011,2012
1003060006,72 FORSYTH STREET,J_G6ExyK4AdFQboa5h4SUQ,2014-10,2014,40.71714674022726,-73.99347932508915,40.71707400000002,-73.9932037,109.2,56.57,2014,2014
1003060006,72 FORSYTH STREET,dYxEAzSYEpbH5p1rTcegrw,2018-07,2018,40.7171761808871,-73.99345502471786,40.71707400000002,-73.9932037,118.21,56.57,2018,2018
1003060006,72 FORSYTH STREET,k6g_aLh8CZAfGwd3-otovQ,2022-07,2022,40.71715052219069,-73.99347035816284,40.71707400000002,-73.9932037,110.74,56.57,2022,2022
1003060006,72 FORSYTH STREET,cUVDPNXbjPb0cVMZgr_QbQ,2026-04,2026,40.71711022133602,-73.99348031145104,40.71707400000002,-73.9932037,99.8,56.57,2026,2026
1003060007,74 FORSYTH STREET,K_OwtvtN741G7TJOgut80g,2007-09,2007,40.71722931181564,-73.99346479866831,40.71713720000001,-73.9931712,112.49,56.6,2007,2007
1003060007,74 FORSYTH STREET,7K67X3cu9zUm5LaGk1fRZw,2012-07,2012,40.71720899793071,-73.99344282969642,40.71713720000001,-73.9931712,109.23,56.6,2011,2012
1003060007,74 FORSYTH STREET,RadW2IpHLKTkvbIOHfgN8g,2014-09,2014,40.71720035865189,-73.99344892720723,40.71713720000001,-73.9931712,106.7,56.6,2014,2014
1003060007,74 FORSYTH STREET,o4ScqFpM3YkDFxcCOufPSw,2018-07,2018,40.71721980578513,-73.99343287640629,40.71713720000001,-73.9931712,112.61,56.6,2018,2018
1003060007,74 FORSYTH STREET,_S7XlqBVVFqSZu6m8LlQuw,2022-07,2022,40.71723278357347,-73.99342758591852,40.71713720000001,-73.9931712,116.19,56.6,2022,2022
1003060007,74 FORSYTH STREET,MH8bdrQJzv8O5M3c7vpi5A,2023-04,2023,40.71722805079387,-73.99342399914707,40.71713720000001,-73.9931712,115.37,56.6,2026,2023
1003060008,76 FORSYTH STREET,4S-p4Gj0jUTuT3Xzzle6zQ,2007-09,2007,40.71730720697023,-73.99342740657995,40.717203,-73.9931388,115.47,56.26,2007,2007
1003060008,76 FORSYTH STREET,5_71HKdjBrBgnO895R2tLA,2011-08,2011,40.71732684200685,-73.99338024053003,40.717203,-73.9931388,124.09,56.26,2011,2011
1003060008,76 FORSYTH STREET,VgmhVD-elGuBmf7bzKdp3w,2014-10,2014,40.71731285519268,-73.99339118018523,40.717203,-73.9931388,119.87,56.26,2014,2014
1003060008,76 FORSYTH STREET,fQFIDaGRDoUh_1qpE0HkMQ,2018-07,2018,40.71731043832599,-73.99338158556964,40.717203,-73.9931388,120.28,56.26,2018,2018
1003060008,76 FORSYTH STREET,_75wTuBgMuVn_nbDAvTRYg,2022-07,2022,40.71731584820426,-73.99338409631021,40.717203,-73.9931388,121.26,56.26,2022,2022
1003060008,76 FORSYTH STREET,yqQ60BsGFSSUtpbl3OkSyA,2023-04,2023,40.71731070276889,-73.99338185457756,40.717203,-73.9931388,120.31,56.26,2026,2023
1003060009,78 FORSYTH STREET,4S-p4Gj0jUTuT3Xzzle6zQ,2007-09,2007,40.71730720697023,-73.99342740657995,40.7172662,-73.9931063,99.56,56.29,2007,2007
1003060009,78 FORSYTH STREET,5_71HKdjBrBgnO895R2tLA,2011-08,2011,40.71732684200685,-73.99338024053003,40.7172662,-73.9931063,106.28,56.29,2011,2011
1003060009,78 FORSYTH STREET,VgmhVD-elGuBmf7bzKdp3w,2014-10,2014,40.71731285519268,-73.99339118018523,40.7172662,-73.9931063,102.19,56.29,2014,2014
1003060009,78 FORSYTH STREET,fQFIDaGRDoUh_1qpE0HkMQ,2018-07,2018,40.71731043832599,-73.99338158556964,40.7172662,-73.9931063,101.97,56.29,2018,2018
1003060009,78 FORSYTH STREET,_75wTuBgMuVn_nbDAvTRYg,2022-07,2022,40.71731584820426,-73.99338409631021,40.7172662,-73.9931063,103.27,56.29,2022,2022
1003060009,78 FORSYTH STREET,yqQ60BsGFSSUtpbl3OkSyA,2023-04,2023,40.71731070276889,-73.99338185457756,40.7172662,-73.9931063,102.03,56.29,2026,2023
1003060010,80 FORSYTH STREET,Slff3XtthUhVYDLJfF1ndw,2007-09,2007,40.71739243877876,-73.99338696572796,40.71732929999999,-73.99307380000002,104.9,56.33,2007,2007
1003060010,80 FORSYTH STREET,_2fynZR1aq9hbTBxh306Jg,2012-07,2012,40.71740984550683,-73.99333791661225,40.71732929999999,-73.99307380000002,111.92,56.33,2011,2012
1003060010,80 FORSYTH STREET,o5BDyM24iqqrAA-gqAoHjw,2014-10,2014,40.71739728004002,-73.99334930461647,40.71732929999999,-73.99307380000002,108.03,56.33,2014,2014
1003060010,80 FORSYTH STREET,_8zmWZ1ETFC6YgN8m7lUOQ,2018-07,2018,40.71738533805311,-73.9933422207399,40.71732929999999,-73.99307380000002,105.4,56.33,2018,2018
1003060010,80 FORSYTH STREET,u2fcTAUVZ6pM9bTovER87g,2022-07,2022,40.71740243984442,-73.99333728892697,40.71732929999999,-73.99307380000002,110.11,56.33,2022,2022
1003060010,80 FORSYTH STREET,gBiBKUZoUBU7VLDU-uNuig,2023-04,2023,40.71739529118982,-73.99334006867609,40.71732929999999,-73.99307380000002,108.11,56.33,2026,2023
1003060011,82 FORSYTH STREET,Q4DVKi6HTIz6kBIhfZY37A,2007-09,2007,40.71751918566292,-73.99332599059136,40.71739519999999,-73.9930413,119.88,56.01,2007,2007
1003060011,82 FORSYTH STREET,MHecvE1Z8b9YK-9vbyy_Tw,2012-07,2012,40.71749915592949,-73.99329326128209,40.71739519999999,-73.9930413,118.56,56.01,2011,2012
1003060011,82 FORSYTH STREET,nVzUdW88yVXxgGV3tMD-3Q,2014-10,2014,40.71748614232305,-73.99330733936922,40.71739519999999,-73.9930413,114.28,56.01,2014,2014
1003060011,82 FORSYTH STREET,COkW1nv5fQg49P-TvbHa-Q,2018-07,2018,40.71751091619741,-73.99328151459713,40.71739519999999,-73.9930413,122.44,56.01,2018,2018
1003060011,82 FORSYTH STREET,zN--AGJ9ZaVBQmHl_jrADA,2022-07,2022,40.71748701008302,-73.99329218524991,40.71739519999999,-73.9930413,115.77,56.01,2022,2022
1003060011,82 FORSYTH STREET,VPTmoxYCO0MXM-Ltu9u8XQ,2023-04,2023,40.71748564492761,-73.99329532367709,40.71739519999999,-73.9930413,115.16,56.01,2026,2023
1003060013,86 FORSYTH STREET,DzIwJK27MrekSWi7GSP1FQ,2007-09,2007,40.7176162207485,-73.99327730013746,40.71753509999999,-73.9929764,109.58,54.26,2007,2007
1003060013,86 FORSYTH STREET,I5YXi_myUsNH3bSg4knF6Q,2012-07,2012,40.71758979580841,-73.99324681255415,40.71753509999999,-73.9929764,104.94,54.26,2011,2012
1003060013,86 FORSYTH STREET,3sqGMqoTc5fWRXa0L82RDg,2014-10,2014,40.71758490577182,-73.9932623253545,40.71753509999999,-73.9929764,102.94,54.26,2014,2014
1003060013,86 FORSYTH STREET,BM0NFCrWiTOcOWO7j4qrGg,2018-07,2018,40.71759246604278,-73.99324223941623,40.71753509999999,-73.9929764,105.89,54.26,2018,2018
1003060013,86 FORSYTH STREET,jYz3gmotaJIJqIds9Wq0LA,2022-07,2022,40.71756949055671,-73.99325308940992,40.71753509999999,-73.9929764,99.31,54.26,2022,2022
1003060013,86 FORSYTH STREET,JDWgVgxTvRsQ9BGryjuyGg,2023-04,2023,40.71757299491912,-73.99325120635321,40.71753509999999,-73.9929764,100.31,54.26,2026,2023
1003060014,271 GRAND STREET,MXkrGLidY_KeoCOKnNcghQ,2007-09,2007,40.717768044546,-73.99318413365438,40.717710800000006,-73.9930341,116.72,16.11,2007,2007
1003060014,271 GRAND STREET,xAs-k6QhUGk4wDSxZW3dAw,2012-07,2012,40.71773092655049,-73.99317982952319,40.717710800000006,-73.9930341,100.33,16.11,2011,2012
1003060014,271 GRAND STREET,hnJ_OMYQYIJioIXw36CgTQ,2014-10,2014,40.71773256635327,-73.9931908588592,40.717710800000006,-73.9930341,100.38,16.11,2014,2014
1003060014,271 GRAND STREET,rdofIKW_iN3Lyv2f-j2isQ,2018-07,2018,40.71775708922077,-73.99316539274905,40.717710800000006,-73.9930341,114.95,16.11,2018,2018
1003060014,271 GRAND STREET,JgVtreRse4dGnKy1kkOI9A,2022-07,2022,40.71774254772339,-73.99316763448422,40.717710800000006,-73.9930341,107.42,16.11,2022,2022
1003060014,271 GRAND STREET,Tizh7X8PgG7w6Xy4VW-5hw,2023-04,2023,40.71774503510719,-73.99316655845135,40.717710800000006,-73.9930341,108.83,16.11,2026,2023
1003060016,273 GRAND STREET,MXkrGLidY_KeoCOKnNcghQ,2007-09,2007,40.717768044546,-73.99318413365438,40.7176696,-73.9929367,117.7,46.72,2007,2007
1003060016,273 GRAND STREET,xAs-k6QhUGk4wDSxZW3dAw,2012-07,2012,40.71773092655049,-73.99317982952319,40.7176696,-73.9929367,108.41,46.72,2011,2012
1003060016,273 GRAND STREET,hnJ_OMYQYIJioIXw36CgTQ,2014-10,2014,40.71773256635327,-73.9931908588592,40.7176696,-73.9929367,108.1,46.72,2014,2014
1003060016,273 GRAND STREET,rdofIKW_iN3Lyv2f-j2isQ,2018-07,2018,40.71775708922077,-73.99316539274905,40.7176696,-73.9929367,116.78,46.72,2018,2018
1003060016,273 GRAND STREET,JgVtreRse4dGnKy1kkOI9A,2022-07,2022,40.71774254772339,-73.99316763448422,40.7176696,-73.9929367,112.62,46.72,2022,2022
1003060016,273 GRAND STREET,Tizh7X8PgG7w6Xy4VW-5hw,2023-04,2023,40.71774503510719,-73.99316655845135,40.7176696,-73.9929367,113.41,46.72,2026,2023
1003060017,277 GRAND STREET,MXkrGLidY_KeoCOKnNcghQ,2007-09,2007,40.717768044546,-73.99318413365438,40.71763120000001,-73.9927996,115.15,87.21,2007,2007
1003060017,277 GRAND STREET,xAs-k6QhUGk4wDSxZW3dAw,2012-07,2012,40.71773092655049,-73.99317982952319,40.71763120000001,-73.9927996,109.09,87.21,2011,2012
1003060017,277 GRAND STREET,hnJ_OMYQYIJioIXw36CgTQ,2014-10,2014,40.71773256635327,-73.9931908588592,40.71763120000001,-73.9927996,108.87,87.21,2014,2014
1003060017,277 GRAND STREET,rdofIKW_iN3Lyv2f-j2isQ,2018-07,2018,40.71775708922077,-73.99316539274905,40.71763120000001,-73.9927996,114.42,87.21,2018,2018
1003060017,277 GRAND STREET,JgVtreRse4dGnKy1kkOI9A,2022-07,2022,40.71774254772339,-73.99316763448422,40.71763120000001,-73.9927996,111.76,87.21,2022,2022
1003060017,277 GRAND STREET,Tizh7X8PgG7w6Xy4VW-5hw,2023-04,2023,40.71774503510719,-73.99316655845135,40.71763120000001,-73.9927996,112.26,87.21,2026,2023
1003060019,281 GRAND STREET,MXkrGLidY_KeoCOKnNcghQ,2007-09,2007,40.717768044546,-73.99318413365438,40.7175598,-73.9927094,120.06,119.95,2007,2007
1003060019,281 GRAND STREET,xAs-k6QhUGk4wDSxZW3dAw,2012-07,2012,40.71773092655049,-73.99317982952319,40.7175598,-73.9927094,115.64,119.95,2011,2012
1003060019,281 GRAND STREET,hnJ_OMYQYIJioIXw36CgTQ,2014-10,2014,40.71773256635327,-73.9931908588592,40.7175598,-73.9927094,115.33,119.95,2014,2014
1003060019,281 GRAND STREET,rdofIKW_iN3Lyv2f-j2isQ,2018-07,2018,40.71775708922077,-73.99316539274905,40.7175598,-73.9927094,119.72,119.95,2018,2018
1003060019,281 GRAND STREET,JgVtreRse4dGnKy1kkOI9A,2022-07,2022,40.71774254772339,-73.99316763448422,40.7175598,-73.9927094,117.75,119.95,2022,2022
1003060019,281 GRAND STREET,Tizh7X8PgG7w6Xy4VW-5hw,2023-04,2023,40.71774503510719,-73.99316655845135,40.7175598,-73.9927094,118.13,119.95,2026,2023
1003060022,283 GRAND STREET,MHLucUZR0m6uLegZshsK1Q,2007-09,2007,40.71769062181978,-73.99324080470626,40.717518700000014,-73.9925832,109.03,157.99,2007,2007
1003060022,283 GRAND STREET,OH1ChuKD_aQTAvn7_ZG4ow,2012-07,2012,40.71768474854024,-73.99320099150069,40.717518700000014,-73.9925832,109.53,157.99,2011,2012
1003060022,283 GRAND STREET,r-axI5ys_T1UK--u9iWV4w,2014-10,2014,40.71767984756986,-73.99321749066796,40.717518700000014,-73.9925832,108.53,157.99,2014,2014
1003060022,283 GRAND STREET,z4yLyGr_Lz74P440ELS3IA,2018-07,2018,40.71767120119716,-73.99320386092117,40.717518700000014,-73.9925832,107.96,157.99,2018,2018
1003060022,283 GRAND STREET,hMGgV46D73p1wP4FMormnw,2022-07,2022,40.7176537530872,-73.99321220017426,40.717518700000014,-73.9925832,105.82,157.99,2022,2022
1003060022,283 GRAND STREET,NXEs7z_X5z_hdisXMQQP7A,2023-04,2023,40.71765981761443,-73.99320762703552,40.717518700000014,-73.9925832,106.6,157.99,2026,2023
1003060025,87 ELDRIDGE STREET,DzIwJK27MrekSWi7GSP1FQ,2007-09,2007,40.7176162207485,-73.99327730013746,40.717343000000014,-73.99262290000001,118.85,170.98,2007,2007
1003060025,87 ELDRIDGE STREET,I5YXi_myUsNH3bSg4knF6Q,2012-07,2012,40.71758979580841,-73.99324681255415,40.717343000000014,-73.99262290000001,117.56,170.98,2011,2012
1003060025,87 ELDRIDGE STREET,3sqGMqoTc5fWRXa0L82RDg,2014-10,2014,40.71758490577182,-73.9932623253545,40.717343000000014,-73.99262290000001,116.53,170.98,2014,2014
1003060025,87 ELDRIDGE STREET,BM0NFCrWiTOcOWO7j4qrGg,2018-07,2018,40.71759246604278,-73.99324223941623,40.717343000000014,-73.99262290000001,117.99,170.98,2018,2018
1003060025,87 ELDRIDGE STREET,jYz3gmotaJIJqIds9Wq0LA,2022-07,2022,40.71756949055671,-73.99325308940992,40.717343000000014,-73.99262290000001,115.37,170.98,2022,2022
1003060025,87 ELDRIDGE STREET,JDWgVgxTvRsQ9BGryjuyGg,2023-04,2023,40.71757299491912,-73.99325120635321,40.717343000000014,-73.99262290000001,115.78,170.98,2026,2023
1003060026,85 ELDRIDGE STREET,Q4DVKi6HTIz6kBIhfZY37A,2007-09,2007,40.71751918566292,-73.99332599059136,40.7172908,-73.992695,115.53,159.27,2007,2007
1003060026,85 ELDRIDGE STREET,MHecvE1Z8b9YK-9vbyy_Tw,2012-07,2012,40.71749915592949,-73.99329326128209,40.7172908,-73.992695,114.68,159.27,2011,2012
1003060026,85 ELDRIDGE STREET,nVzUdW88yVXxgGV3tMD-3Q,2014-10,2014,40.71748614232305,-73.99330733936922,40.7172908,-73.992695,112.83,159.27,2014,2014
1003060026,85 ELDRIDGE STREET,COkW1nv5fQg49P-TvbHa-Q,2018-07,2018,40.71751091619741,-73.99328151459713,40.7172908,-73.992695,116.34,159.27,2018,2018
1003060026,85 ELDRIDGE STREET,zN--AGJ9ZaVBQmHl_jrADA,2022-07,2022,40.71748701008302,-73.99329218524991,40.7172908,-73.992695,113.44,159.27,2022,2022
1003060026,85 ELDRIDGE STREET,VPTmoxYCO0MXM-Ltu9u8XQ,2023-04,2023,40.71748564492761,-73.99329532367709,40.7172908,-73.992695,113.18,159.27,2026,2023
1003060027,83 ELDRIDGE STREET,Slff3XtthUhVYDLJfF1ndw,2007-09,2007,40.71739243877876,-73.99338696572796,40.717227700000024,-73.9927275,108.24,159.22,2007,2007
1003060027,83 ELDRIDGE STREET,_2fynZR1aq9hbTBxh306Jg,2012-07,2012,40.71740984550683,-73.99333791661225,40.717227700000024,-73.9927275,111.49,159.22,2011,2012
1003060027,83 ELDRIDGE STREET,o5BDyM24iqqrAA-gqAoHjw,2014-10,2014,40.71739728004002,-73.99334930461647,40.717227700000024,-73.9927275,109.79,159.22,2014,2014
1003060027,83 ELDRIDGE STREET,_8zmWZ1ETFC6YgN8m7lUOQ,2018-07,2018,40.71738533805311,-73.9933422207399,40.717227700000024,-73.9927275,108.69,159.22,2018,2018
1003060027,83 ELDRIDGE STREET,u2fcTAUVZ6pM9bTovER87g,2022-07,2022,40.71740243984442,-73.99333728892697,40.717227700000024,-73.9927275,110.71,159.22,2022,2022
1003060027,83 ELDRIDGE STREET,gBiBKUZoUBU7VLDU-uNuig,2023-04,2023,40.71739529118982,-73.99334006867609,40.717227700000024,-73.9927275,109.85,159.22,2026,2023
1003060028,81 ELDRIDGE STREET,4S-p4Gj0jUTuT3Xzzle6zQ,2007-09,2007,40.71730720697023,-73.99342740657995,40.7171646,-73.99276,105.74,159.18,2007,2007
1003060028,81 ELDRIDGE STREET,5_71HKdjBrBgnO895R2tLA,2011-08,2011,40.71732684200685,-73.99338024053003,40.7171646,-73.99276,109.04,159.18,2011,2011
1003060028,81 ELDRIDGE STREET,VgmhVD-elGuBmf7bzKdp3w,2014-10,2014,40.71731285519268,-73.99339118018523,40.7171646,-73.99276,107.22,159.18,2014,2014
1003060028,81 ELDRIDGE STREET,fQFIDaGRDoUh_1qpE0HkMQ,2018-07,2018,40.71731043832599,-73.99338158556964,40.7171646,-73.99276,107.2,159.18,2018,2018
1003060028,81 ELDRIDGE STREET,_75wTuBgMuVn_nbDAvTRYg,2022-07,2022,40.71731584820426,-73.99338409631021,40.7171646,-73.99276,107.73,159.18,2022,2022
1003060028,81 ELDRIDGE STREET,yqQ60BsGFSSUtpbl3OkSyA,2023-04,2023,40.71731070276889,-73.99338185457756,40.7171646,-73.99276,107.22,159.18,2026,2023
1003060029,79 ELDRIDGE STREET,4S-p4Gj0jUTuT3Xzzle6zQ,2007-09,2007,40.71730720697023,-73.99342740657995,40.7170987,-73.9927925,113.43,159.5,2007,2007
1003060029,79 ELDRIDGE STREET,5_71HKdjBrBgnO895R2tLA,2011-08,2011,40.71732684200685,-73.99338024053003,40.7170987,-73.9927925,117.12,159.5,2011,2011
1003060029,79 ELDRIDGE STREET,VgmhVD-elGuBmf7bzKdp3w,2014-10,2014,40.71731285519268,-73.99339118018523,40.7170987,-73.9927925,115.26,159.5,2014,2014
1003060029,79 ELDRIDGE STREET,fQFIDaGRDoUh_1qpE0HkMQ,2018-07,2018,40.71731043832599,-73.99338158556964,40.7170987,-73.9927925,115.37,159.5,2018,2018
1003060029,79 ELDRIDGE STREET,_75wTuBgMuVn_nbDAvTRYg,2022-07,2022,40.71731584820426,-73.99338409631021,40.7170987,-73.9927925,115.84,159.5,2022,2022
1003060029,79 ELDRIDGE STREET,yqQ60BsGFSSUtpbl3OkSyA,2023-04,2023,40.71731070276889,-73.99338185457756,40.7170987,-73.9927925,115.39,159.5,2026,2023
1003060030,77 ELDRIDGE STREET,K_OwtvtN741G7TJOgut80g,2007-09,2007,40.71722931181564,-73.99346479866831,40.7170301,-73.9928285,112.44,159.28,2007,2007
1003060030,77 ELDRIDGE STREET,7K67X3cu9zUm5LaGk1fRZw,2012-07,2012,40.71720899793071,-73.99344282969642,40.7170301,-73.9928285,111.02,159.28,2011,2012
1003060030,77 ELDRIDGE STREET,RadW2IpHLKTkvbIOHfgN8g,2014-09,2014,40.71720035865189,-73.99344892720723,40.7170301,-73.9928285,109.9,159.28,2014,2014
1003060030,77 ELDRIDGE STREET,o4ScqFpM3YkDFxcCOufPSw,2018-07,2018,40.71721980578513,-73.99343287640629,40.7170301,-73.9928285,112.5,159.28,2018,2018
1003060030,77 ELDRIDGE STREET,_S7XlqBVVFqSZu6m8LlQuw,2022-07,2022,40.71723278357347,-73.99342758591852,40.7170301,-73.9928285,114.05,159.28,2022,2022
1003060030,77 ELDRIDGE STREET,MH8bdrQJzv8O5M3c7vpi5A,2023-04,2023,40.71722805079387,-73.99342399914707,40.7170301,-73.9928285,113.68,159.28,2026,2023
1003060031,75 ELDRIDGE STREET,nhJtNskZJsuCSJYBtABfFw,2007-09,2007,40.71657628639965,-73.9931242344864,40.71696420000001,-73.992861,27.22,141.13,2007,2007
1003060031,75 ELDRIDGE STREET,2hTs2iU5z_3uDRfwU0P6tA,2012-07,2012,40.71657143773,-73.99311132208847,40.71696420000001,-73.992861,25.78,141.13,2011,2012
1003060031,75 ELDRIDGE STREET,rnsTtCI_9eyz1YI5r8mRig,2014-09,2014,40.71657938187414,-73.99315669481628,40.71696420000001,-73.992861,30.22,141.13,2014,2014
1003060031,75 ELDRIDGE STREET,4L2rRLHy9jOmer_G75oEXQ,2018-07,2018,40.71657186135202,-73.99310899068318,40.71696420000001,-73.992861,25.6,141.13,2018,2018
1003060031,75 ELDRIDGE STREET,Rqrnl-kxHJHOkCt1WEdEMw,2022-07,2022,40.71657068342755,-73.99311132208847,40.71696420000001,-73.992861,25.74,141.13,2022,2022
1003060031,75 ELDRIDGE STREET,ZZ9SRRTvWh_K32EGxYq6_g,2026-04,2026,40.71657318055109,-73.99311616423779,40.71696420000001,-73.992861,26.32,141.13,2026,2026
1003060032,73 ELDRIDGE STREET,nhJtNskZJsuCSJYBtABfFw,2007-09,2007,40.71657628639965,-73.9931242344864,40.716906599999994,-73.9928935,27.9,118.3,2007,2007
1003060032,73 ELDRIDGE STREET,2hTs2iU5z_3uDRfwU0P6tA,2012-07,2012,40.71657143773,-73.99311132208847,40.716906599999994,-73.9928935,26.22,118.3,2011,2012
1003060032,73 ELDRIDGE STREET,rnsTtCI_9eyz1YI5r8mRig,2014-09,2014,40.71657938187414,-73.99315669481628,40.716906599999994,-73.9928935,31.37,118.3,2014,2014
1003060032,73 ELDRIDGE STREET,4L2rRLHy9jOmer_G75oEXQ,2018-07,2018,40.71657186135202,-73.99310899068318,40.716906599999994,-73.9928935,26.01,118.3,2018,2018
1003060032,73 ELDRIDGE STREET,Rqrnl-kxHJHOkCt1WEdEMw,2022-07,2022,40.71657068342755,-73.99311132208847,40.716906599999994,-73.9928935,26.17,118.3,2022,2022
1003060032,73 ELDRIDGE STREET,ZZ9SRRTvWh_K32EGxYq6_g,2026-04,2026,40.71657318055109,-73.99311616423779,40.716906599999994,-73.9928935,26.85,118.3,2026,2026
1003060033,71 ELDRIDGE STREET,nhJtNskZJsuCSJYBtABfFw,2007-09,2007,40.71657628639965,-73.9931242344864,40.7168407,-73.992926,29.61,92.66,2007,2007
1003060033,71 ELDRIDGE STREET,2hTs2iU5z_3uDRfwU0P6tA,2012-07,2012,40.71657143773,-73.99311132208847,40.7168407,-73.992926,27.55,92.66,2011,2012
1003060033,71 ELDRIDGE STREET,rnsTtCI_9eyz1YI5r8mRig,2014-09,2014,40.71657938187414,-73.99315669481628,40.7168407,-73.992926,33.79,92.66,2014,2014
1003060033,71 ELDRIDGE STREET,4L2rRLHy9jOmer_G75oEXQ,2018-07,2018,40.71657186135202,-73.99310899068318,40.7168407,-73.992926,27.29,92.66,2018,2018
1003060033,71 ELDRIDGE STREET,Rqrnl-kxHJHOkCt1WEdEMw,2022-07,2022,40.71657068342755,-73.99311132208847,40.7168407,-73.992926,27.48,92.66,2022,2022
1003060033,71 ELDRIDGE STREET,ZZ9SRRTvWh_K32EGxYq6_g,2026-04,2026,40.71657318055109,-73.99311616423779,40.7168407,-73.992926,28.31,92.66,2026,2026
1003060034,69 ELDRIDGE STREET,xaYf7-ERLk2hPJ78DUtYtA,2007-09,2007,40.71653746615382,-73.99300210468773,40.7167584,-73.9929007,19.18,67.42,2007,2007
1003060034,69 ELDRIDGE STREET,XfFFUv07bKjgAi4w4jMpcQ,2011-08,2011,40.71654103186793,-73.99304532537428,40.7167584,-73.9929007,26.76,67.42,2011,2011
1003060034,69 ELDRIDGE STREET,IhTydHKBAZeyvS-yrVaUtA,2014-09,2014,40.71654782020621,-73.99305276793964,40.7167584,-73.9929007,28.69,67.42,2014,2014
1003060034,69 ELDRIDGE STREET,Z8nZQYiqnbohJisPqwEndw,2018-07,2018,40.7165559373274,-73.99305787909883,40.7167584,-73.9929007,30.47,67.42,2018,2018
1003060034,69 ELDRIDGE STREET,4PJV89fL1YQ6cHnI4OOMTA,2022-07,2022,40.71653414143544,-73.99299089600187,40.7167584,-73.9929007,16.95,67.42,2022,2022
1003060034,69 ELDRIDGE STREET,z08vR1gIWpvt7qBGbBojwQ,2026-04,2026,40.71654255649074,-73.99301672081312,40.7167584,-73.9929007,22.17,67.42,2026,2026
1003060035,107 HESTER STREET,xaYf7-ERLk2hPJ78DUtYtA,2007-09,2007,40.71653746615382,-73.99300210468773,40.71664860000001,-73.9929116,31.69,29.15,2007,2007
1003060035,107 HESTER STREET,XfFFUv07bKjgAi4w4jMpcQ,2011-08,2011,40.71654103186793,-73.99304532537428,40.71664860000001,-73.9929116,43.3,29.15,2011,2011
1003060035,107 HESTER STREET,IhTydHKBAZeyvS-yrVaUtA,2014-09,2014,40.71654782020621,-73.99305276793964,40.71664860000001,-73.9929116,46.71,29.15,2014,2014
1003060035,107 HESTER STREET,Z8nZQYiqnbohJisPqwEndw,2018-07,2018,40.7165559373274,-73.99305787909883,40.71664860000001,-73.9929116,50.11,29.15,2018,2018
1003060035,107 HESTER STREET,4PJV89fL1YQ6cHnI4OOMTA,2022-07,2022,40.71653414143544,-73.99299089600187,40.71664860000001,-73.9929116,27.7,29.15,2022,2022
1003060035,107 HESTER STREET,z08vR1gIWpvt7qBGbBojwQ,2026-04,2026,40.71654255649074,-73.99301672081312,40.71664860000001,-73.9929116,36.92,29.15,2026,2026
1003060037,111 HESTER STREET,nhJtNskZJsuCSJYBtABfFw,2007-09,2007,40.71657628639965,-73.9931242344864,40.71668430000001,-73.993027,34.31,29.36,2007,2007
1003060037,111 HESTER STREET,2hTs2iU5z_3uDRfwU0P6tA,2012-07,2012,40.71657143773,-73.99311132208847,40.71668430000001,-73.993027,29.52,29.36,2011,2012
1003060037,111 HESTER STREET,rnsTtCI_9eyz1YI5r8mRig,2014-09,2014,40.71657938187414,-73.99315669481628,40.71668430000001,-73.993027,43.14,29.36,2014,2014
1003060037,111 HESTER STREET,4L2rRLHy9jOmer_G75oEXQ,2018-07,2018,40.71657186135202,-73.99310899068318,40.71668430000001,-73.993027,28.93,29.36,2018,2018
1003060037,111 HESTER STREET,Rqrnl-kxHJHOkCt1WEdEMw,2022-07,2022,40.71657068342755,-73.99311132208847,40.71668430000001,-73.993027,29.36,29.36,2022,2022
1003060037,111 HESTER STREET,ZZ9SRRTvWh_K32EGxYq6_g,2026-04,2026,40.71657318055109,-73.99311616423779,40.71668430000001,-73.993027,31.31,29.36,2026,2026
1003060038,113 HESTER STREET,nhJtNskZJsuCSJYBtABfFw,2007-09,2007,40.71657628639965,-73.9931242344864,40.71673920000001,-73.9930919,8.56,41.26,2007,2007
1003060038,113 HESTER STREET,2hTs2iU5z_3uDRfwU0P6tA,2012-07,2012,40.71657143773,-73.99311132208847,40.71673920000001,-73.9930919,5.01,41.26,2011,2012
1003060038,113 HESTER STREET,rnsTtCI_9eyz1YI5r8mRig,2014-09,2014,40.71657938187414,-73.99315669481628,40.71673920000001,-73.9930919,17.08,41.26,2014,2014
1003060038,113 HESTER STREET,4L2rRLHy9jOmer_G75oEXQ,2018-07,2018,40.71657186135202,-73.99310899068318,40.71673920000001,-73.9930919,4.43,41.26,2018,2018
1003060038,113 HESTER STREET,Rqrnl-kxHJHOkCt1WEdEMw,2022-07,2022,40.71657068342755,-73.99311132208847,40.71673920000001,-73.9930919,4.99,41.26,2022,2022
1003060038,113 HESTER STREET,ZZ9SRRTvWh_K32EGxYq6_g,2026-04,2026,40.71657318055109,-73.99311616423779,40.71673920000001,-73.9930919,6.32,41.26,2026,2026
1003060039,115 HESTER STREET,OsjwqTh7E1MBuy8WD65fmA,2007-09,2007,40.7166075305129,-73.99323390016446,40.716761099999985,-73.9931641,19.01,41.24,2007,2007
1003060039,115 HESTER STREET,aV4BZljE-YqTtRQfUlhpdg,2012-07,2012,40.71660691866894,-73.99322107744327,40.716761099999985,-73.9931641,15.65,41.24,2011,2012
1003060039,115 HESTER STREET,oZtCsjJiHJ2kjOnleNLQ1Q,2014-10,2014,40.71660722175201,-73.99322959603437,40.716761099999985,-73.9931641,17.88,41.24,2014,2014
1003060039,115 HESTER STREET,h72vrn53wKH4pmNFyNsI6g,2018-07,2018,40.71662088318225,-73.99327326501641,40.716761099999985,-73.9931641,30.54,41.24,2018,2018
1003060039,115 HESTER STREET,BJHbTFrskxyxnDWlMvWuEw,2022-07,2022,40.71661933290367,-73.99327084394375,40.716761099999985,-73.9931641,29.71,41.24,2022,2022
1003060039,115 HESTER STREET,nw_7z3_hX38-IUB6AQSSiQ,2026-04,2026,40.7166146780685,-73.9932534480874,40.716761099999985,-73.9931641,24.82,41.24,2026,2026
1003060040,117 HESTER STREET,UuycxfvHXbx5gxX1dYWvVA,2007-09,2007,40.716666185338,-73.9934155702339,40.7167831,-73.9932362,49.31,41.27,2007,2007
1003060040,117 HESTER STREET,dYQXJ1woKxEhgkXSufvQEA,2012-07,2012,40.71665526056054,-73.99338481366466,40.7167831,-73.9932362,41.38,41.27,2011,2012
1003060040,117 HESTER STREET,tr_MGhfpnYn-wDmNoe2zMQ,2014-10,2014,40.71664135009116,-73.9933425794172,40.7167831,-73.9932362,29.63,41.27,2014,2014
1003060040,117 HESTER STREET,fWyF62MvnnrEcJZl3QggrA,2018-07,2018,40.7166540536773,-73.99338481366466,40.7167831,-73.9932362,41.12,41.27,2018,2018
1003060040,117 HESTER STREET,Orw1VeNPbphHhbG2dz08Dw,2022-07,2022,40.71665294502307,-73.99338337895577,40.7167831,-73.9932362,40.6,41.27,2022,2022
1003060040,117 HESTER STREET,4pirg3bbgmAZHEcJSIpmLw,2026-04,2026,40.71664957252116,-73.99336598310961,40.7167831,-73.9932362,36.38,41.27,2026,2026
1003067501,84 FORSYTH STREET,DzIwJK27MrekSWi7GSP1FQ,2007-09,2007,40.7176162207485,-73.99327730013746,40.7174473,-73.9929656,125.57,68.67,2007,2007
1003067501,84 FORSYTH STREET,I5YXi_myUsNH3bSg4knF6Q,2012-07,2012,40.71758979580841,-73.99324681255415,40.7174473,-73.9929656,123.76,68.67,2011,2012
1003067501,84 FORSYTH STREET,3sqGMqoTc5fWRXa0L82RDg,2014-10,2014,40.71758490577182,-73.9932623253545,40.7174473,-73.9929656,121.46,68.67,2014,2014
1003067501,84 FORSYTH STREET,BM0NFCrWiTOcOWO7j4qrGg,2018-07,2018,40.71759246604278,-73.99324223941623,40.7174473,-73.9929656,124.7,68.67,2018,2018
1003067501,84 FORSYTH STREET,jYz3gmotaJIJqIds9Wq0LA,2022-07,2022,40.71756949055671,-73.99325308940992,40.7174473,-73.9929656,119.28,68.67,2022,2022
1003067501,84 FORSYTH STREET,JDWgVgxTvRsQ9BGryjuyGg,2023-04,2023,40.71757299491912,-73.99325120635321,40.7174473,-73.9929656,120.14,68.67,2026,2023
1004180001,106 CHRYSTIE STREET,qGha9WOYIB-RkFVvE0v8-w,2021-04,2021,40.71902773285349,-73.99294247447143,40.7189075,-73.9929979,199.26,19.57,2007,2021
1004180001,106 CHRYSTIE STREET,qGha9WOYIB-RkFVvE0v8-w,2021-04,2021,40.71902773285349,-73.99294247447143,40.7189075,-73.9929979,199.26,19.57,2011,2021
1004180001,106 CHRYSTIE STREET,qGha9WOYIB-RkFVvE0v8-w,2021-04,2021,40.71902773285349,-73.99294247447143,40.7189075,-73.9929979,199.26,19.57,2014,2021
1004180001,106 CHRYSTIE STREET,qGha9WOYIB-RkFVvE0v8-w,2021-04,2021,40.71902773285349,-73.99294247447143,40.7189075,-73.9929979,199.26,19.57,2018,2021
1004180001,106 CHRYSTIE STREET,qGha9WOYIB-RkFVvE0v8-w,2021-04,2021,40.71902773285349,-73.99294247447143,40.7189075,-73.9929979,199.26,19.57,2022,2021
1004180001,106 CHRYSTIE STREET,qGha9WOYIB-RkFVvE0v8-w,2021-04,2021,40.71902773285349,-73.99294247447143,40.7189075,-73.9929979,199.26,19.57,2026,2021
1004180031,98 FORSYTH STREET,JMy8LyaU1FaKNBGaQu5-9w,2007-09,2007,40.71825131117225,-73.99299851790833,40.7181829,-73.9926372,104.03,56.42,2007,2007
1004180031,98 FORSYTH STREET,lPnBIziwv0-vCa4ANWzZfA,2011-06,2011,40.71822859799676,-73.99292400255105,40.7181829,-73.9926372,101.87,56.42,2011,2011
1004180031,98 FORSYTH STREET,U2mgMIHG7mlBJpCjHOm0_Q,2014-06,2014,40.71823817049513,-73.9929351215713,40.7181829,-73.9926372,103.75,56.42,2014,2014
1004180031,98 FORSYTH STREET,ivRs07tnu61MJhVe639pJw,2019-06,2019,40.71823239694135,-73.992917815354,40.7181829,-73.9926372,103.1,56.42,2018,2019
1004180031,98 FORSYTH STREET,Uma29vOeVaBOJq1O5OQ6OA,2022-07,2022,40.71822469233042,-73.99291880171877,40.7181829,-73.9926372,101.08,56.42,2022,2022
1004180031,98 FORSYTH STREET,RNTiXsdhNYs0H1NkSBk8Uw,2024-09,2024,40.71825251764959,-73.9929065169937,40.7181829,-73.9926372,108.83,56.42,2026,2024
1004180032,100 FORSYTH STREET,-HhNDd0mFsuuJ6vuZd1-Ig,2007-09,2007,40.71834099972114,-73.99295547655025,40.71824600000002,-73.9926047,109.66,56.52,2007,2007
1004180032,100 FORSYTH STREET,B3ppqGbY0KxyTmaN85hgLQ,2011-06,2011,40.71831549215584,-73.99287880910724,40.71824600000002,-73.9926047,108.49,56.52,2011,2011
1004180032,100 FORSYTH STREET,hCH0wEOw1NS2zPpio0F_AQ,2014-10,2014,40.71831233889406,-73.99289539797178,40.71824600000002,-73.9926047,106.76,56.52,2014,2014
1004180032,100 FORSYTH STREET,vbYbieuw2ydma1ExazWdFQ,2019-06,2019,40.71831826496089,-73.99287549133417,40.71824600000002,-73.9926047,109.4,56.52,2018,2019
1004180032,100 FORSYTH STREET,g-aG4xn0Kx0g1HOz0R7cbw,2022-07,2022,40.71830887639576,-73.9928768363773,40.71824600000002,-73.9926047,106.95,56.52,2022,2022
1004180032,100 FORSYTH STREET,BpxT5rgS-6sMqSTZhmwa0Q,2026-04,2026,40.71833506414605,-73.99286257891947,40.71824600000002,-73.9926047,114.5,56.52,2026,2026
1004180033,102 FORSYTH STREET,LHpN2NQd8B-El0W6LetcXA,2010-06,2010,40.71838564957832,-73.9927012633321,40.71831190000001,-73.9925723,127.03,56.22,2007,2010
1004180033,102 FORSYTH STREET,LHpN2NQd8B-El0W6LetcXA,2010-06,2010,40.71838564957832,-73.9927012633321,40.71831190000001,-73.9925723,127.03,56.22,2011,2010
1004180033,102 FORSYTH STREET,LHpN2NQd8B-El0W6LetcXA,2010-06,2010,40.71838564957832,-73.9927012633321,40.71831190000001,-73.9925723,127.03,56.22,2014,2010
1004180033,102 FORSYTH STREET,LHpN2NQd8B-El0W6LetcXA,2010-06,2010,40.71838564957832,-73.9927012633321,40.71831190000001,-73.9925723,127.03,56.22,2018,2010
1004180033,102 FORSYTH STREET,LHpN2NQd8B-El0W6LetcXA,2010-06,2010,40.71838564957832,-73.9927012633321,40.71831190000001,-73.9925723,127.03,56.22,2022,2010
1004180033,102 FORSYTH STREET,LHpN2NQd8B-El0W6LetcXA,2010-06,2010,40.71838564957832,-73.9927012633321,40.71831190000001,-73.9925723,127.03,56.22,2026,2010
1004180036,108 FORSYTH STREET,tipBxpCL4WizBb_bOA1d0g,2007-09,2007,40.71866930130663,-73.99278133829043,40.7186275,-73.99255780000001,103.86,18.42,2007,2007
1004180036,108 FORSYTH STREET,1tSJ66U07hkkraBdyo4Q1w,2011-06,2011,40.71868842366846,-73.99269068231605,40.7186275,-73.99255780000001,121.17,18.42,2011,2011
1004180036,108 FORSYTH STREET,B9W_b8oO4yhr2PdSN0Muaw,2014-10,2014,40.71868598070034,-73.99269579348488,40.7186275,-73.99255780000001,119.21,18.42,2014,2014
1004180036,108 FORSYTH STREET,OvGt1jgXySGzJoCI6iLLtw,2019-06,2019,40.71868413081931,-73.9926870058612,40.7186275,-73.99255780000001,120.04,18.42,2018,2019
1004180036,108 FORSYTH STREET,yztXW5JmgWQeEtXIKCtOOg,2022-07,2022,40.7186302699595,-73.99271408608801,40.7186275,-73.99255780000001,91.34,18.42,2022,2022
1004180036,108 FORSYTH STREET,3hFk4DHbiMQu64ltC4SWig,2026-04,2026,40.71865849759948,-73.99270198068909,40.7186275,-73.99255780000001,105.84,18.42,2026,2026
1004180055,278 GRAND STREET,TUPxTUXI7PdF6DiqF6uM7w,2007-09,2007,40.71808116951785,-73.99308217952046,40.717999,-73.9925831,102.26,94.62,2007,2007
1004180055,278 GRAND STREET,nxxS8wlSObheULoLWjggaQ,2011-06,2011,40.71808462522288,-73.99301241667816,40.717999,-73.9925831,104.74,94.62,2011,2011
1004180055,278 GRAND STREET,-dvQ8NoU0fYhg0cPkfTe6A,2014-10,2014,40.7180892689213,-73.99301537577095,40.717999,-73.9925831,105.4,94.62,2014,2014
1004180055,278 GRAND STREET,CIHM0ogKEICAgICE79S8Og,2018-03,2018,40.71810763521076,-73.9929768178915,40.717999,-73.9925831,110.0,94.62,2018,2018
1004180055,278 GRAND STREET,wB6qnfjHFcuf8X_t0orW0Q,2022-07,2022,40.71804046098114,-73.99300416708586,40.717999,-73.9925831,97.4,94.62,2022,2022
1004180055,278 GRAND STREET,flHO_Tw0vtGnZnI3ic95fg,2024-09,2024,40.71807166850644,-73.99299977328113,40.717999,-73.9925831,102.96,94.62,2026,2024
1004180056,276 GRAND STREET,TUPxTUXI7PdF6DiqF6uM7w,2007-09,2007,40.71808116951785,-73.99308217952046,40.7180237,-73.9926661,100.33,69.91,2007,2007
1004180056,276 GRAND STREET,nxxS8wlSObheULoLWjggaQ,2011-06,2011,40.71808462522288,-73.99301241667816,40.7180237,-73.9926661,103.07,69.91,2011,2011
1004180056,276 GRAND STREET,-dvQ8NoU0fYhg0cPkfTe6A,2014-10,2014,40.7180892689213,-73.99301537577095,40.7180237,-73.9926661,103.91,69.91,2014,2014
1004180056,276 GRAND STREET,CIHM0ogKEICAgICE79S8Og,2018-03,2018,40.71810763521076,-73.9929768178915,40.7180237,-73.9926661,109.62,69.91,2018,2018
1004180056,276 GRAND STREET,wB6qnfjHFcuf8X_t0orW0Q,2022-07,2022,40.71804046098114,-73.99300416708586,40.7180237,-73.9926661,93.74,69.91,2022,2022
1004180056,276 GRAND STREET,flHO_Tw0vtGnZnI3ic95fg,2024-09,2024,40.71807166850644,-73.99299977328113,40.7180237,-73.9926661,100.74,69.91,2026,2024
1004180057,274 GRAND STREET,TUPxTUXI7PdF6DiqF6uM7w,2007-09,2007,40.71808116951785,-73.99308217952046,40.7180484,-73.9927491,97.4,45.21,2007,2007
1004180057,274 GRAND STREET,nxxS8wlSObheULoLWjggaQ,2011-06,2011,40.71808462522288,-73.99301241667816,40.7180484,-73.9927491,100.29,45.21,2011,2011
1004180057,274 GRAND STREET,-dvQ8NoU0fYhg0cPkfTe6A,2014-10,2014,40.7180892689213,-73.99301537577095,40.7180484,-73.9927491,101.45,45.21,2014,2014
1004180057,274 GRAND STREET,CIHM0ogKEICAgICE79S8Og,2018-03,2018,40.71810763521076,-73.9929768178915,40.7180484,-73.9927491,108.94,45.21,2018,2018
1004180057,274 GRAND STREET,wB6qnfjHFcuf8X_t0orW0Q,2022-07,2022,40.71804046098114,-73.99300416708586,40.7180484,-73.9927491,87.65,45.21,2022,2022
1004180057,274 GRAND STREET,flHO_Tw0vtGnZnI3ic95fg,2024-09,2024,40.71807166850644,-73.99299977328113,40.7180484,-73.9927491,96.98,45.21,2026,2024
1004180058,272 GRAND STREET,TUPxTUXI7PdF6DiqF6uM7w,2007-09,2007,40.71808116951785,-73.99308217952046,40.71807590000002,-73.9928393,91.64,18.27,2007,2007
1004180058,272 GRAND STREET,nxxS8wlSObheULoLWjggaQ,2011-06,2011,40.71808462522288,-73.99301241667816,40.71807590000002,-73.9928393,93.8,18.27,2011,2011
1004180058,272 GRAND STREET,-dvQ8NoU0fYhg0cPkfTe6A,2014-10,2014,40.7180892689213,-73.99301537577095,40.71807590000002,-73.9928393,95.72,18.27,2014,2014
1004180058,272 GRAND STREET,CIHM0ogKEICAgICE79S8Og,2018-03,2018,40.71810763521076,-73.9929768178915,40.71807590000002,-73.9928393,106.93,18.27,2018,2018
1004180058,272 GRAND STREET,wB6qnfjHFcuf8X_t0orW0Q,2022-07,2022,40.71804046098114,-73.99300416708586,40.71807590000002,-73.9928393,74.17,18.27,2022,2022
1004180058,272 GRAND STREET,flHO_Tw0vtGnZnI3ic95fg,2024-09,2024,40.71807166850644,-73.99299977328113,40.71807590000002,-73.9928393,88.01,18.27,2026,2024
1004230001,129 BOWERY,u2j3JDtgM4leA5shksc4IA,2009-04,2009,40.71836238108968,-73.99446765713792,40.71847670000001,-73.9944842,353.74,16.44,2007,2009
1004230001,129 BOWERY,xKlyxeXgw9lupyTjVhYlQA,2011-08,2011,40.71836396067083,-73.99448039010694,40.71847670000001,-73.9944842,358.53,16.44,2011,2011
1004230001,129 BOWERY,BYRVXxyRflc86GKtUSZzyg,2014-09,2014,40.71834590441053,-73.99446263568512,40.71847670000001,-73.9944842,352.88,16.44,2014,2014
1004230001,129 BOWERY,ymbrQQC-9Kn0V6fYfsCkMw,2018-07,2018,40.718376556241,-73.99451069815657,40.71847670000001,-73.9944842,11.34,16.44,2018,2018
1004230001,129 BOWERY,5WCky3rP4Cem_wwLM9_uug,2022-07,2022,40.71835652795422,-73.99446308402912,40.71847670000001,-73.9944842,352.41,16.44,2022,2022
1004230001,129 BOWERY,EK5Gz5KJCVoVMljtqTyFhg,2023-04,2023,40.71836814954928,-73.99448971566117,40.71847670000001,-73.9944842,2.21,16.44,2026,2023
1004230002,131 BOWERY,u2j3JDtgM4leA5shksc4IA,2009-04,2009,40.71836238108968,-73.99446765713792,40.7185453,-73.9944517,3.78,42.99,2007,2009
1004230002,131 BOWERY,xKlyxeXgw9lupyTjVhYlQA,2011-08,2011,40.71836396067083,-73.99448039010694,40.7185453,-73.9944517,6.84,42.99,2011,2011
1004230002,131 BOWERY,BYRVXxyRflc86GKtUSZzyg,2014-09,2014,40.71834590441053,-73.99446263568512,40.7185453,-73.9944517,2.38,42.99,2014,2014
1004230002,131 BOWERY,ymbrQQC-9Kn0V6fYfsCkMw,2018-07,2018,40.718376556241,-73.99451069815657,40.7185453,-73.9944517,14.84,42.99,2018,2018
1004230002,131 BOWERY,5WCky3rP4Cem_wwLM9_uug,2022-07,2022,40.71835652795422,-73.99446308402912,40.7185453,-73.9944517,2.62,42.99,2022,2022
1004230002,131 BOWERY,EK5Gz5KJCVoVMljtqTyFhg,2023-04,2023,40.71836814954928,-73.99448971566117,40.7185453,-73.9944517,9.24,42.99,2026,2023
1004230003,133 BOWERY,ZpbmpFdXZUAQuRlinIbVfw,2009-04,2009,40.71866923721604,-73.99470070620463,40.7186057,-73.9944048,105.82,50.71,2007,2009
1004230003,133 BOWERY,9ZHEusRLL6oJO-vGkkxuYA,2011-06,2011,40.71864052676997,-73.99470994207945,40.7186057,-73.9944048,98.56,50.71,2011,2011
1004230003,133 BOWERY,8VO95S7zoa_WDHiiVyRu6g,2014-10,2014,40.71861501321673,-73.99472150933954,40.7186057,-73.9944048,92.22,50.71,2014,2014
1004230003,133 BOWERY,0ewygNaUW-EhY3jU2t7pfw,2017-11,2017,40.71864979063358,-73.99475558343498,40.7186057,-73.9944048,99.42,50.71,2018,2017
1004230003,133 BOWERY,FOdQsFPl5_k2tR2pi-hG4w,2022-07,2022,40.71865736475807,-73.99470527930774,40.7186057,-73.9944048,102.78,50.71,2022,2022
1004230003,133 BOWERY,r0dXfq4XRMKvuyP7mkXloQ,2026-04,2026,40.71864737740845,-73.99474814093571,40.7186057,-73.9944048,99.1,50.71,2026,2026
1004230005,137 BOWERY,vA6jMTotFtW7XvUZPKcJgA,2009-04,2009,40.71882099337046,-73.99461292053711,40.7187264,-73.9943146,112.7,61.22,2007,2009
1004230005,137 BOWERY,Rb8111HCpOw39011yMLQlQ,2011-06,2011,40.71878661051973,-73.99465129875013,40.7187264,-73.9943146,103.28,61.22,2011,2011
1004230005,137 BOWERY,ga1lO5uAf2MONvQ5AHy0RA,2014-10,2014,40.71879569124314,-73.99464618763342,40.7187264,-73.9943146,105.41,61.22,2014,2014
1004230005,137 BOWERY,gNmT0E_3tFsOQlplakb40g,2017-09,2017,40.71880006955418,-73.99464833968257,40.7187264,-73.9943146,106.24,61.22,2018,2017
1004230005,137 BOWERY,EqWhAmUMdIIv-HLEVPhHXQ,2022-07,2022,40.71883002489994,-73.99463937281092,40.7187264,-73.9943146,112.83,61.22,2022,2022
1004230005,137 BOWERY,rH1-D43Wl49vYDiw2jcO7Q,2024-11,2024,40.71880230082145,-73.9946443942591,40.7187264,-73.9943146,106.89,61.22,2026,2024
1004230007,139 BOWERY,Fn4cWvYVzsN_GSi8mcU1dQ,2009-04,2009,40.71922320660865,-73.99443340365369,40.71882250000001,-73.9942677,162.6,54.77,2007,2009
1004230007,139 BOWERY,IwgjoL7vt7BqO0TCuLExFg,2011-06,2011,40.71926819843291,-73.99443313464724,40.71882250000001,-73.9942677,164.29,54.77,2011,2011
1004230007,139 BOWERY,hW6pdjSKg2vXzAZz0XoZCw,2014-10,2014,40.71927253506793,-73.99444828867638,40.71882250000001,-73.9942677,163.08,54.77,2014,2014
1004230007,139 BOWERY,an44qYJOUDulRbHSWitn0g,2017-09,2017,40.7192743212069,-73.99445662787535,40.71882250000001,-73.9942677,162.42,54.77,2018,2017
1004230007,139 BOWERY,lk0RVYdG20CpDtrb_vCN7w,2022-07,2022,40.71925925203238,-73.99447429262892,40.71882250000001,-73.9942677,160.28,54.77,2022,2022
1004230007,139 BOWERY,djjZS0hr9f2p7TzC_mSbeg,2024-11,2024,40.71925419709501,-73.99446577409314,40.71882250000001,-73.9942677,160.82,54.77,2026,2024
1004230008,143 BOWERY,Fn4cWvYVzsN_GSi8mcU1dQ,2009-04,2009,40.71922320660865,-73.99443340365369,40.71891860000001,-73.9942244,152.52,17.78,2007,2009
1004230008,143 BOWERY,IwgjoL7vt7BqO0TCuLExFg,2011-06,2011,40.71926819843291,-73.99443313464724,40.71891860000001,-73.9942244,155.65,17.78,2011,2011
1004230008,143 BOWERY,hW6pdjSKg2vXzAZz0XoZCw,2014-10,2014,40.71927253506793,-73.99444828867638,40.71891860000001,-73.9942244,154.39,17.78,2014,2014
1004230008,143 BOWERY,an44qYJOUDulRbHSWitn0g,2017-09,2017,40.7192743212069,-73.99445662787535,40.71891860000001,-73.9942244,153.67,17.78,2018,2017
1004230008,143 BOWERY,lk0RVYdG20CpDtrb_vCN7w,2022-07,2022,40.71925925203238,-73.99447429262892,40.71891860000001,-73.9942244,150.93,17.78,2022,2022
1004230008,143 BOWERY,djjZS0hr9f2p7TzC_mSbeg,2024-11,2024,40.71925419709501,-73.99446577409314,40.71891860000001,-73.9942244,151.4,17.78,2026,2024
1004230009,145-147 BOWERY,Fn4cWvYVzsN_GSi8mcU1dQ,2009-04,2009,40.71922320660865,-73.99443340365369,40.7190887,-73.9941451,121.61,47.95,2007,2009
1004230009,145-147 BOWERY,IwgjoL7vt7BqO0TCuLExFg,2011-06,2011,40.71926819843291,-73.99443313464724,40.7190887,-73.9941451,129.43,47.95,2011,2011
1004230009,145-147 BOWERY,hW6pdjSKg2vXzAZz0XoZCw,2014-10,2014,40.71927253506793,-73.99444828867638,40.7190887,-73.9941451,128.66,47.95,2014,2014
1004230009,145-147 BOWERY,an44qYJOUDulRbHSWitn0g,2017-09,2017,40.7192743212069,-73.99445662787535,40.7190887,-73.9941451,128.17,47.95,2018,2017
1004230009,145-147 BOWERY,lk0RVYdG20CpDtrb_vCN7w,2022-07,2022,40.71925925203238,-73.99447429262892,40.7190887,-73.9941451,124.36,47.95,2022,2022
1004230009,145-147 BOWERY,djjZS0hr9f2p7TzC_mSbeg,2024-11,2024,40.71925419709501,-73.99446577409314,40.7190887,-73.9941451,124.25,47.95,2026,2024
1004230016,329 BROOME STREET,Kuend8oxbwCWPRJeju7N0A,2009-04,2009,40.71924203823786,-73.9938641851716,40.7190311,-73.9938997,187.27,52.13,2007,2009
1004230016,329 BROOME STREET,8LFexqWBGXC6uM53CnGhuQ,2012-08,2012,40.71923059464292,-73.99383880881997,40.7190311,-73.9938997,193.03,52.13,2011,2012
1004230016,329 BROOME STREET,XWSMb0EvWGcSf10Nojc2nQ,2014-10,2014,40.71922562603993,-73.99382930389586,40.7190311,-73.9938997,195.34,52.13,2014,2014
1004230016,329 BROOME STREET,PiB8qfe0QatMzjna_Gjpow,2018-07,2018,40.71924626494881,-73.99382751051392,40.7190311,-73.9938997,194.27,52.13,2018,2018
1004230016,329 BROOME STREET,AkthXijIAxCWA1N6sYvisA,2022-07,2022,40.71923747036127,-73.99378464868015,40.7190311,-73.9938997,202.91,52.13,2022,2022
1004230016,329 BROOME STREET,XoJAhUTe3qVamF4IlG2CUQ,2026-04,2026,40.71924474457288,-73.99382795885941,40.7190311,-73.9938997,194.28,52.13,2026,2026
1004230017,327 BROOME STREET,ZwRokR8U7xWVFKSxQd1Sxw,2009-04,2009,40.71920986913191,-73.9937570305897,40.719022900000006,-73.9938023,190.4,45.02,2007,2009
1004230017,327 BROOME STREET,eyt6BCl1W2zR3jJ_wsxdMw,2012-08,2012,40.71918978993449,-73.99372448069231,40.719022900000006,-73.9938023,199.46,45.02,2011,2012
1004230017,327 BROOME STREET,iRsRYYXTHiSDO1Q4oyUPIg,2014-10,2014,40.71919422917234,-73.99372546705291,40.719022900000006,-73.9938023,198.77,45.02,2014,2014
1004230017,327 BROOME STREET,lu5EXOXYwA1bR3vZiQWJAA,2018-07,2018,40.71921222322474,-73.99371300304122,40.719022900000006,-73.9938023,199.67,45.02,2018,2018
1004230017,327 BROOME STREET,y4LKlY4deetkhcVTd0nflg,2022-07,2022,40.71920496924728,-73.99368206718134,40.719022900000006,-73.9938023,206.59,45.02,2022,2022
1004230017,327 BROOME STREET,68vq-YVRnfyokJjJgjHRLQ,2026-04,2026,40.71920409511985,-73.9937163207998,40.719022900000006,-73.9938023,199.78,45.02,2026,2026
1004230018,325 BROOME STREET,9iJtZRNPKBmTM0seExZCRw,2007-09,2007,40.71883234989873,-73.99342355080064,40.71899809999999,-73.993723,306.14,44.69,2007,2007
1004230018,325 BROOME STREET,sJz0dYs0cnm6rI44MqwjTQ,2011-05,2011,40.71887207966074,-73.9935260427685,40.71899809999999,-73.993723,310.17,44.69,2011,2011
1004230018,325 BROOME STREET,WkFE3tmCJCm1Jl4NYA6Znw,2014-10,2014,40.7189142026446,-73.99347044783211,40.71899809999999,-73.993723,293.67,44.69,2014,2014
1004230018,325 BROOME STREET,V22k8ywwLl8PNjXvClUq4A,2018-07,2018,40.7188570554095,-73.99346372263709,40.71899809999999,-73.993723,305.67,44.69,2018,2018
1004230018,325 BROOME STREET,ymA7tpI_errn55yWIfGBTg,2022-07,2022,40.71892375045304,-73.99348192549772,40.71899809999999,-73.993723,292.14,44.69,2022,2022
1004230018,325 BROOME STREET,hvcIn08D68M-6Ar0vK8Fvw,2026-04,2026,40.71888857074986,-73.99349394117816,40.71899809999999,-73.993723,302.25,44.69,2026,2026
1004230019,323 BROOME STREET,9iJtZRNPKBmTM0seExZCRw,2007-09,2007,40.71883234989873,-73.99342355080064,40.71897070000001,-73.9936328,311.1,17.79,2007,2007
1004230019,323 BROOME STREET,sJz0dYs0cnm6rI44MqwjTQ,2011-05,2011,40.71887207966074,-73.9935260427685,40.71897070000001,-73.9936328,320.63,17.79,2011,2011
1004230019,323 BROOME STREET,WkFE3tmCJCm1Jl4NYA6Znw,2014-10,2014,40.7189142026446,-73.99347044783211,40.71897070000001,-73.9936328,294.66,17.79,2014,2014
1004230019,323 BROOME STREET,V22k8ywwLl8PNjXvClUq4A,2018-07,2018,40.7188570554095,-73.99346372263709,40.71897070000001,-73.9936328,311.57,17.79,2018,2018
1004230019,323 BROOME STREET,ymA7tpI_errn55yWIfGBTg,2022-07,2022,40.71892375045304,-73.99348192549772,40.71897070000001,-73.9936328,292.32,17.79,2022,2022
1004230019,323 BROOME STREET,hvcIn08D68M-6Ar0vK8Fvw,2026-04,2026,40.71888857074986,-73.99349394117816,40.71897070000001,-73.9936328,307.97,17.79,2026,2026
1004230020,121 CHRYSTIE STREET,ejnLeRO7OmMleZXt0OE7Gg,2007-09,2007,40.71876024386158,-73.99346345362929,40.71886640000001,-73.99380960000002,292.03,51.05,2007,2007
1004230020,121 CHRYSTIE STREET,csYUu4y7MTzrJ0-WKZGozw,2011-06,2011,40.71879738285104,-73.99352693946089,40.71886640000001,-73.99380960000002,287.86,51.05,2011,2011
1004230020,121 CHRYSTIE STREET,fIDEjLqvqB5QVsG5Qbsi3Q,2014-10,2014,40.71878431338406,-73.99353743076155,40.71886640000001,-73.99380960000002,291.7,51.05,2014,2014
1004230020,121 CHRYSTIE STREET,o0Xd-IAdGYl8d_r4HcDvGA,2018-07,2018,40.71879497152865,-73.9934977072868,40.71886640000001,-73.99380960000002,286.81,51.05,2018,2018
1004230020,121 CHRYSTIE STREET,4bu8uIIGy6yjNKTqiEbjbw,2022-07,2022,40.71883696299228,-73.99353052623042,40.71886640000001,-73.99380960000002,277.92,51.05,2022,2022
1004230020,121 CHRYSTIE STREET,U_xY9ohW_aLCAigDVgVjEQ,2026-04,2026,40.71880449986257,-73.99353563737687,40.71886640000001,-73.99380960000002,286.6,51.05,2026,2026
1004230021,119 CHRYSTIE STREET,Jn8NBfWuDNjUmk5uAl0K3g,2007-09,2007,40.71867713460005,-73.9935167171674,40.71881150000001,-73.9938637,297.06,58.39,2007,2007
1004230021,119 CHRYSTIE STREET,80fwfGt5flpjYhd62tfo2w,2011-06,2011,40.71870382945539,-73.99357410547472,40.71881150000001,-73.9938637,296.13,58.39,2011,2011
1004230021,119 CHRYSTIE STREET,OEZswkhJIlGhd_tmoreNuQ,2014-09,2014,40.71868327209834,-73.99359508807031,40.71881150000001,-73.9938637,302.2,58.39,2014,2014
1004230021,119 CHRYSTIE STREET,XJ7YvY6d4CFgkoTrclGbpg,2018-07,2018,40.71867949730861,-73.99355464725369,40.71881150000001,-73.9938637,299.4,58.39,2018,2018
1004230021,119 CHRYSTIE STREET,DEob27p72__WMVCVPGjvlg,2022-07,2022,40.7186567915594,-73.99352272500663,40.71881150000001,-73.9938637,300.91,58.39,2022,2022
1004230021,119 CHRYSTIE STREET,k9Czn6_1iuWpfaoz0TYx0g,2024-09,2024,40.71871324544241,-73.99360486201361,40.71881150000001,-73.9938637,296.6,58.39,2026,2024
1004230022,117 CHRYSTIE STREET,PzArUZcL5qlI7_Fu9QYU0A,2007-09,2007,40.71858964556775,-73.99357473315924,40.71868250000002,-73.9939286,289.1,59.42,2007,2007
1004230022,117 CHRYSTIE STREET,fhY5DUvGlys0EzLANxBVow,2011-06,2011,40.71861499317467,-73.99362315453003,40.71868250000002,-73.9939286,286.26,59.42,2011,2011
1004230022,117 CHRYSTIE STREET,B8jydYRy_e4b-q85vFMejA,2014-10,2014,40.71862282972604,-73.99361831239351,40.71868250000002,-73.9939286,284.24,59.42,2014,2014
1004230022,117 CHRYSTIE STREET,czNetU0FLD_nXDobwnXS9Q,2018-07,2018,40.71860282539676,-73.99359320501695,40.71868250000002,-73.9939286,287.4,59.42,2018,2018
1004230022,117 CHRYSTIE STREET,nfK5Xax7_JydylBVG6-wlg,2022-07,2022,40.71863294167801,-73.99365184866991,40.71868250000002,-73.9939286,283.29,59.42,2022,2022
1004230022,117 CHRYSTIE STREET,F3wVUqVL7zbFXHlgux2fAw,2024-09,2024,40.71862733183266,-73.9936346321865,40.71868250000002,-73.9939286,283.91,59.42,2026,2024
1004230025,111 CHRYSTIE STREET,0UFNEArgnB2nD5GnJbAfLw,2007-09,2007,40.7184735205513,-73.99364144704471,40.7185563,-73.9939936,287.23,60.81,2007,2007
1004230025,111 CHRYSTIE STREET,v7RqaUq4t6HjjIjE7xN3lw,2011-06,2011,40.7184909623229,-73.99369847663807,40.7185563,-73.9939936,286.28,60.81,2011,2011
1004230025,111 CHRYSTIE STREET,bqVPSNUtgVfgbXHN5i3swg,2014-10,2014,40.71847224563464,-73.99369202045854,40.7185563,-73.9939936,290.19,60.81,2014,2014
1004230025,111 CHRYSTIE STREET,_MLw_NU2xncz1xDogs5FHA,2018-07,2018,40.71843581471854,-73.99367713537713,40.7185563,-73.9939936,296.67,60.81,2018,2018
1004230025,111 CHRYSTIE STREET,78BwfXG5GL9wkxPoGcbD3A,2022-07,2022,40.71845007683899,-73.9936271896437,40.7185563,-73.9939936,290.93,60.81,2022,2022
1004230025,111 CHRYSTIE STREET,7CLlt66U6jhsdD9ocErB4Q,2024-09,2024,40.71846841994285,-73.99370493281738,40.7185563,-73.9939936,291.88,60.81,2026,2024
1004230026,250 GRAND STREET,hgX-6CCT2eGOMSw5YCe6sg,2007-09,2007,40.71833467647878,-73.99371443774764,40.7183559,-73.9939467,276.87,18.69,2007,2007
1004230026,250 GRAND STREET,zesE_efj8S6SRn8ZXprXyw,2011-06,2011,40.71836833614527,-73.99377200533404,40.7183559,-73.9939467,264.63,18.69,2011,2011
1004230026,250 GRAND STREET,O11Y4q3K30T23J060nBbzg,2014-10,2014,40.7183736988064,-73.99373802073295,40.7183559,-73.9939467,263.58,18.69,2014,2014
1004230026,250 GRAND STREET,lrEiqUXZX8nGL8ZdZAbJ9Q,2018-07,2018,40.71834778433346,-73.99371963855833,40.7183559,-73.9939467,272.7,18.69,2018,2018
1004230026,250 GRAND STREET,04m4-ZT5V8wdy3Xcrm_LVA,2022-07,2022,40.71833891237893,-73.9937294124953,40.7183559,-73.9939467,275.89,18.69,2022,2022
1004230026,250 GRAND STREET,gmTuocYL517j2TUDLCKunQ,2024-09,2024,40.71836099850273,-73.99375909297972,40.7183559,-73.9939467,267.95,18.69,2026,2024
1004230027,248 GRAND STREET,hgX-6CCT2eGOMSw5YCe6sg,2007-09,2007,40.71833467647878,-73.99371443774764,40.71841080000001,-73.9940189,288.26,41.43,2007,2007
1004230027,248 GRAND STREET,zesE_efj8S6SRn8ZXprXyw,2011-06,2011,40.71836833614527,-73.99377200533404,40.71841080000001,-73.9940189,282.79,41.43,2011,2011
1004230027,248 GRAND STREET,O11Y4q3K30T23J060nBbzg,2014-10,2014,40.7183736988064,-73.99373802073295,40.71841080000001,-73.9940189,279.89,41.43,2014,2014
1004230027,248 GRAND STREET,lrEiqUXZX8nGL8ZdZAbJ9Q,2018-07,2018,40.71834778433346,-73.99371963855833,40.71841080000001,-73.9940189,285.53,41.43,2018,2018
1004230027,248 GRAND STREET,04m4-ZT5V8wdy3Xcrm_LVA,2022-07,2022,40.71833891237893,-73.9937294124953,40.71841080000001,-73.9940189,288.14,41.43,2022,2022
1004230027,248 GRAND STREET,gmTuocYL517j2TUDLCKunQ,2024-09,2024,40.71836099850273,-73.99375909297972,40.71841080000001,-73.9940189,284.19,41.43,2026,2024
1004230028,246 GRAND STREET,v6dyMXXTiHwNdaYX1FqFzA,2009-04,2009,40.71823791406369,-73.99415274005756,40.71843820000001,-73.9941018,10.91,43.42,2007,2009
1004230028,246 GRAND STREET,fBQFaEnZuLQeM-Qm-b_CmA,2011-07,2011,40.71825161656822,-73.99413713766029,40.71843820000001,-73.9941018,8.17,43.42,2011,2011
1004230028,246 GRAND STREET,KMtd2z_4VgQ0Na7dzlt6LQ,2014-09,2014,40.71824275945989,-73.99415605780854,40.71843820000001,-73.9941018,11.88,43.42,2014,2014
1004230028,246 GRAND STREET,20A3X2TLOcC15SKtYNCwZw,2018-07,2018,40.71826733372376,-73.99413893103934,40.71843820000001,-73.9941018,9.35,43.42,2018,2018
1004230028,246 GRAND STREET,I7w4MNFUp3emXo-4Qev6YQ,2022-07,2022,40.71827347196761,-73.99419497412656,40.71843820000001,-73.9941018,23.2,43.42,2022,2022
1004230028,246 GRAND STREET,DclzGjYyeHwHwynygFVd3g,2023-04,2023,40.71825238974007,-73.99417183954215,40.71843820000001,-73.9941018,15.94,43.42,2026,2023
1004230029,244 GRAND STREET,oHjlQYZI6mTbtZl3TyMbhQ,2009-04,2009,40.71828686664009,-73.99428356700541,40.71846289999999,-73.994192,21.52,42.33,2007,2009
1004230029,244 GRAND STREET,1Af0OZNin75rOQ99ulY7-Q,2011-07,2011,40.71830669068063,-73.99429836237086,40.71846289999999,-73.994192,27.3,42.33,2011,2011
1004230029,244 GRAND STREET,iTcibTjX-MZBfNNjxmZl2g,2014-09,2014,40.71827865767636,-73.99426823362546,40.71846289999999,-73.994192,17.41,42.33,2014,2014
1004230029,244 GRAND STREET,BbteR2g9wMkIysCtIWYQ7Q,2018-07,2018,40.71831384277252,-73.99429773468871,40.71846289999999,-73.994192,28.26,42.33,2018,2018
1004230029,244 GRAND STREET,yU8_hhvwUIViLJmIHTl-7Q,2022-07,2022,40.71831043314477,-73.99431145402662,40.71846289999999,-73.994192,30.7,42.33,2022,2022
1004230029,244 GRAND STREET,2CMA2MSctOrm_oi5Rtb9Og,2023-04,2023,40.71829792522024,-73.99427325508336,40.71846289999999,-73.994192,20.47,42.33,2026,2023
1004230030,242 GRAND STREET,hMS0FFwGWopX-PLhnQCjLQ,2009-04,2009,40.71832210826798,-73.99435548143768,40.7184822,-73.9942786,20.0,39.79,2007,2009
1004230030,242 GRAND STREET,mgzT2qzp1zfdHCpr_MZ13w,2011-07,2011,40.71832465748214,-73.9943537777295,40.7184822,-73.9942786,19.88,39.79,2011,2011
1004230030,242 GRAND STREET,txBzHpPwVlRSFxjERvJsxw,2014-09,2014,40.71832461181459,-73.99440291625419,40.7184822,-73.9942786,30.88,39.79,2014,2014
1004230030,242 GRAND STREET,tSOpdWImdsBebalfYN6vlg,2018-07,2018,40.71833074744166,-73.9943493839557,40.7184822,-73.9942786,19.51,39.79,2018,2018
1004230030,242 GRAND STREET,Znp8ohoi4AXQ9B7tI_EgSA,2022-07,2022,40.71833086669579,-73.99437628461008,40.7184822,-73.9942786,26.07,39.79,2022,2022
1004230030,242 GRAND STREET,sq0knqjO2sj7x7EpDDJM1g,2023-04,2023,40.71833302472749,-73.99438139573398,40.7184822,-73.9942786,27.58,39.79,2026,2023
1004230126,109 CHRYSTIE STREET,hgX-6CCT2eGOMSw5YCe6sg,2007-09,2007,40.71833467647878,-73.99371443774764,40.7184547,-73.9938962,311.06,22.88,2007,2007
1004230126,109 CHRYSTIE STREET,zesE_efj8S6SRn8ZXprXyw,2011-06,2011,40.71836833614527,-73.99377200533404,40.7184547,-73.9938962,312.54,22.88,2011,2011
1004230126,109 CHRYSTIE STREET,O11Y4q3K30T23J060nBbzg,2014-10,2014,40.7183736988064,-73.99373802073295,40.7184547,-73.9938962,304.04,22.88,2014,2014
1004230126,109 CHRYSTIE STREET,lrEiqUXZX8nGL8ZdZAbJ9Q,2018-07,2018,40.71834778433346,-73.99371963855833,40.7184547,-73.9938962,308.62,22.88,2018,2018
1004230126,109 CHRYSTIE STREET,04m4-ZT5V8wdy3Xcrm_LVA,2022-07,2022,40.71833891237893,-73.9937294124953,40.7184547,-73.9938962,312.49,22.88,2022,2022
1004230126,109 CHRYSTIE STREET,gmTuocYL517j2TUDLCKunQ,2024-09,2024,40.71836099850273,-73.99375909297972,40.7184547,-73.9938962,312.04,22.88,2026,2024
1004237501,135 BOWERY,2Z4rRyAVoNu5yFyZdCeTKQ,2009-04,2009,40.71872115542059,-73.99465354046794,40.7186633,-73.9943471,103.99,59.6,2007,2009
1004237501,135 BOWERY,1ksEUejYOsQc3UINVmB87Q,2011-06,2011,40.71873777755707,-73.99467075685985,40.7186633,-73.9943471,106.89,59.6,2011,2011
1004237501,135 BOWERY,bCPJDc4SsF6_qnG8Ku8yHQ,2014-10,2014,40.71870589346821,-73.99468420716497,40.7186633,-73.9943471,99.46,59.6,2014,2014
1004237501,135 BOWERY,pmaNlZCEa2tawQvgejUWZQ,2017-11,2017,40.71875595684929,-73.99471012141683,40.7186633,-73.9943471,108.61,59.6,2018,2017
1004237501,135 BOWERY,KT5IQ-9xfdjCaekShay7JQ,2022-07,2022,40.71874334562219,-73.99467012917893,40.7186633,-73.9943471,108.1,59.6,2022,2022
1004237501,135 BOWERY,g-9G7dGVE-H8ti5YTt7lzQ,2026-04,2026,40.71875731501267,-73.99470267891579,40.7186633,-73.9943471,109.23,59.6,2026,2026
1004240002,155 BOWERY,lD4nRKGlJDLlxiyKztVLOQ,2009-04,2009,40.71934508736652,-73.99421210089075,40.71946199999999,-73.994062,44.22,36.65,2007,2009
1004240002,155 BOWERY,t_4DzJcS2Td2cy_N2FSgaA,2012-08,2012,40.71932674031012,-73.99413166785405,40.71946199999999,-73.994062,21.32,36.65,2011,2012
1004240002,155 BOWERY,BPWhqtljBcJ4E122r6n_CQ,2014-09,2014,40.71933493566574,-73.9941617966209,40.71946199999999,-73.994062,30.76,36.65,2014,2014
1004240002,155 BOWERY,gyVJtK3FWCBPfnuD8oSmYQ,2018-07,2018,40.71933825126961,-73.99413677898448,40.71946199999999,-73.994062,24.61,36.65,2018,2018
1004240002,155 BOWERY,9Ow7B1UkjcOCm88EFr25-A,2022-07,2022,40.71934309218861,-73.99413740666715,40.71946199999999,-73.994062,25.67,36.65,2022,2022
1004240002,155 BOWERY,h4Si3AzCs6rk9bkV2rfInQ,2026-04,2026,40.71933511242733,-73.99416995649446,40.71946199999999,-73.994062,32.82,36.65,2026,2026
1004240003,157 BOWERY,yrXphYPKaH40opxnbbTzOQ,2009-04,2009,40.71960836172251,-73.99430275614584,40.719497700000005,-73.994044,119.43,45.38,2007,2009
1004240003,157 BOWERY,2X8miY8VDsPKgYvWjPrRFg,2011-06,2011,40.7195943200678,-73.99429522396011,40.719497700000005,-73.994044,116.91,45.38,2011,2011
1004240003,157 BOWERY,LQNuZPzAalestYHyUeFYxg,2014-09,2014,40.71957414347341,-73.99430293548359,40.719497700000005,-73.994044,111.28,45.38,2014,2014
1004240003,157 BOWERY,bqkYthebJqzu-4kqjLa8Sw,2018-07,2018,40.71957281216143,-73.99431907588057,40.719497700000005,-73.994044,109.81,45.38,2018,2018
1004240003,157 BOWERY,DUhuK1DMOwovaS-zj1dcvA,2022-07,2022,40.71958379198418,-73.99431459243709,40.719497700000005,-73.994044,112.77,45.38,2022,2022
1004240003,157 BOWERY,Gw3hiOk-w1HUeZysl1hFZw,2026-04,2026,40.71959079599838,-73.99427729018335,40.719497700000005,-73.994044,117.77,45.38,2026,2026
1004240004,157 1/2 BOWERY,yrXphYPKaH40opxnbbTzOQ,2009-04,2009,40.71960836172251,-73.99430275614584,40.7195334,-73.994026,109.67,46.37,2007,2009
1004240004,157 1/2 BOWERY,2X8miY8VDsPKgYvWjPrRFg,2011-06,2011,40.7195943200678,-73.99429522396011,40.7195334,-73.994026,106.62,46.37,2011,2011
1004240004,157 1/2 BOWERY,LQNuZPzAalestYHyUeFYxg,2014-09,2014,40.71957414347341,-73.99430293548359,40.7195334,-73.994026,100.99,46.37,2014,2014
1004240004,157 1/2 BOWERY,bqkYthebJqzu-4kqjLa8Sw,2018-07,2018,40.71957281216143,-73.99431907588057,40.7195334,-73.994026,100.06,46.37,2018,2018
1004240004,157 1/2 BOWERY,DUhuK1DMOwovaS-zj1dcvA,2022-07,2022,40.71958379198418,-73.99431459243709,40.7195334,-73.994026,102.97,46.37,2022,2022
1004240004,157 1/2 BOWERY,Gw3hiOk-w1HUeZysl1hFZw,2026-04,2026,40.71959079599838,-73.99427729018335,40.7195334,-73.994026,106.77,46.37,2026,2026
1004240005,159 BOWERY,kt3zWsBrKKslUxPsUwFCQg,2009-04,2009,40.71967135244337,-73.99427782819667,40.71958009999999,-73.9940043,113.76,47.18,2007,2009
1004240005,159 BOWERY,vPBWpnyZAk6WUvqy2MZOTg,2011-06,2011,40.71969992717816,-73.99426285349185,40.71958009999999,-73.9940043,121.45,47.18,2011,2011
1004240005,159 BOWERY,jHv2Y9-NoWXyU3yRX2TCeA,2014-09,2014,40.71967153921885,-73.99426904064549,40.71958009999999,-73.9940043,114.5,47.18,2014,2014
1004240005,159 BOWERY,j5eMN7N3SmSet_HOUvBzHQ,2018-07,2018,40.71965866942111,-73.99428625707193,40.71958009999999,-73.9940043,110.19,47.18,2018,2018
1004240005,159 BOWERY,oHHhGtPCGop3PnGNEw9wZQ,2022-07,2022,40.71966500214022,-73.99427666250114,40.71958009999999,-73.9940043,112.36,47.18,2022,2022
1004240005,159 BOWERY,sUUXhCKtYtS0Gqmv7Cxw2g,2026-04,2026,40.71967688604456,-73.9942407949425,40.71958009999999,-73.9940043,118.37,47.18,2026,2026
1004240006,161 BOWERY,kt3zWsBrKKslUxPsUwFCQg,2009-04,2009,40.71967135244337,-73.99427782819667,40.7196185,-73.9939069,100.65,68.94,2007,2009
1004240006,161 BOWERY,vPBWpnyZAk6WUvqy2MZOTg,2011-06,2011,40.71969992717816,-73.99426285349185,40.7196185,-73.9939069,106.8,68.94,2011,2011
1004240006,161 BOWERY,jHv2Y9-NoWXyU3yRX2TCeA,2014-09,2014,40.71967153921885,-73.99426904064549,40.7196185,-73.9939069,100.94,68.94,2014,2014
1004240006,161 BOWERY,j5eMN7N3SmSet_HOUvBzHQ,2018-07,2018,40.71965866942111,-73.99428625707193,40.7196185,-73.9939069,97.95,68.94,2018,2018
1004240006,161 BOWERY,oHHhGtPCGop3PnGNEw9wZQ,2022-07,2022,40.71966500214022,-73.99427666250114,40.7196185,-73.9939069,99.42,68.94,2022,2022
1004240006,161 BOWERY,sUUXhCKtYtS0Gqmv7Cxw2g,2026-04,2026,40.71967688604456,-73.9942407949425,40.7196185,-73.9939069,102.99,68.94,2026,2026
1004240007,163 BOWERY,uRfaAczE7nts_v1x-VV5qA,2009-04,2009,40.71977775597673,-73.99420214764054,40.719689800000005,-73.9939105,111.7,60.43,2007,2009
1004240007,163 BOWERY,BdrJcQSBbMu-pXzfTFPIxA,2011-06,2011,40.71975001025945,-73.99424743044135,40.719689800000005,-73.9939105,103.27,60.43,2011,2011
1004240007,163 BOWERY,qLmHdToDAmtJrM1N--rJxA,2014-09,2014,40.71975954286474,-73.99423433878123,40.719689800000005,-73.9939105,105.86,60.43,2014,2014
1004240007,163 BOWERY,Nk2cMglPCHfYwyZwU0UcDg,2018-07,2018,40.71978843292163,-73.99423541480812,40.719689800000005,-73.9939105,111.83,60.43,2018,2018
1004240007,163 BOWERY,grULaN0iG8rrMT731sfwuA,2022-07,2022,40.71974957082201,-73.99424007759124,40.719689800000005,-73.9939105,103.46,60.43,2022,2022
1004240007,163 BOWERY,_3i-hIQ3__yw-qPo_ERngA,2026-04,2026,40.7197602342647,-73.9942035823433,40.719689800000005,-73.9939105,107.59,60.43,2026,2026
1004240008,165 BOWERY,wbgKD8fNVFkRtcaeWKR6xw,2009-04,2009,40.71986811658882,-73.99418672458515,40.7197694,-73.9938275,109.93,74.0,2007,2009
1004240008,165 BOWERY,9bVkaIwaB9uwTbHdz-kV-g,2011-06,2011,40.71988683637311,-73.99419533280226,40.7197694,-73.9938275,112.84,74.0,2011,2011
1004240008,165 BOWERY,OVdO9xWtVUcHd7dqc3Wv6Q,2014-09,2014,40.71987952610309,-73.9941836758415,40.7197694,-73.9938275,112.19,74.0,2014,2014
1004240008,165 BOWERY,QH38Vq8vOp9Dqd8FI5lBSg,2018-07,2018,40.71987684459985,-73.99419667783616,40.7197694,-73.9938275,111.01,74.0,2018,2018
1004240008,165 BOWERY,EGYu3MTwcmuFvNb8RWe9Jg,2022-07,2022,40.71983954284354,-73.99420223730945,40.7197694,-73.9938275,103.87,74.0,2022,2022
1004240008,165 BOWERY,s-ywtHU22wLZA7IMDES1kw,2026-04,2026,40.71984517723984,-73.99416538337854,40.7197694,-73.9938275,106.48,74.0,2026,2026
1004240010,169 BOWERY,CbY1mRuW_WjN9Fd8RFnSFg,2007-09,2007,40.72011023401701,-73.9936421643982,40.71986,-73.9937842,203.28,67.11,2007,2007
1004240010,169 BOWERY,5ozbVHjc2iCQ9ParYVbDkA,2011-06,2011,40.72010352515926,-73.99361400827205,40.71986,-73.9937842,207.91,67.11,2011,2011
1004240010,169 BOWERY,drOBb0bWqnWvY8QbC6UjtA,2014-09,2014,40.72015259481918,-73.99360952481209,40.71986,-73.9937842,204.34,67.11,2014,2014
1004240010,169 BOWERY,hXUkODdS54ZaNgXF9gTQ1w,2018-08,2018,40.72008826989767,-73.99361759503994,40.71986,-73.9937842,208.95,67.11,2018,2018
1004240010,169 BOWERY,1_bnuQTmmBKCz3-HzseYUg,2022-07,2022,40.72012495181331,-73.99354863941547,40.71986,-73.9937842,213.97,67.11,2022,2022
1004240010,169 BOWERY,wayEPcvz2X8cV55OpADXIA,2026-04,2026,40.72014644590026,-73.99357787158179,40.71986,-73.9937842,208.63,67.11,2026,2026
1004240011,171 BOWERY,CbY1mRuW_WjN9Fd8RFnSFg,2007-09,2007,40.72011023401701,-73.9936421643982,40.7199204,-73.993759,205.01,44.1,2007,2007
1004240011,171 BOWERY,5ozbVHjc2iCQ9ParYVbDkA,2011-06,2011,40.72010352515926,-73.99361400827205,40.7199204,-73.993759,210.97,44.1,2011,2011
1004240011,171 BOWERY,drOBb0bWqnWvY8QbC6UjtA,2014-09,2014,40.72015259481918,-73.99360952481209,40.7199204,-73.993759,206.01,44.1,2014,2014
1004240011,171 BOWERY,hXUkODdS54ZaNgXF9gTQ1w,2018-08,2018,40.72008826989767,-73.99361759503994,40.7199204,-73.993759,212.56,44.1,2018,2018
1004240011,171 BOWERY,1_bnuQTmmBKCz3-HzseYUg,2022-07,2022,40.72012495181331,-73.99354863941547,40.7199204,-73.993759,217.93,44.1,2022,2022
1004240011,171 BOWERY,wayEPcvz2X8cV55OpADXIA,2026-04,2026,40.72014644590026,-73.99357787158179,40.7199204,-73.993759,211.27,44.1,2026,2026
1004240012,1 DELANCEY STREET,PA4SrnrWtsRQyyzIAbFHYA,2007-09,2007,40.72014292838133,-73.99374770499983,40.71997530000001,-73.99374450000002,179.17,24.06,2007,2007
1004240012,1 DELANCEY STREET,VGBGAIqXU6UVsXGK6rrlpQ,2011-06,2011,40.7201489359486,-73.99373156455475,40.71997530000001,-73.99374450000002,183.23,24.06,2011,2011
1004240012,1 DELANCEY STREET,0SmNEUSICgxViVrQW6pDCQ,2014-09,2014,40.72016957908931,-73.99367130688108,40.71997530000001,-73.99374450000002,195.94,24.06,2014,2014
1004240012,1 DELANCEY STREET,y2Lj4d4as_Ra2Buv8N4SfQ,2018-08,2018,40.72010992845107,-73.99368574361712,40.71997530000001,-73.99374450000002,198.3,24.06,2018,2018
1004240012,1 DELANCEY STREET,rWF4tcI7bqSCQf_DYYMMeA,2022-07,2022,40.72015676659624,-73.99365435940695,40.71997530000001,-73.99374450000002,200.63,24.06,2022,2022
1004240012,1 DELANCEY STREET,A8BC6Dq13pfPbiMrWaZC5w,2026-04,2026,40.72017915092298,-73.99368986839865,40.71997530000001,-73.99374450000002,191.48,24.06,2026,2026
1004240026,9 DELANCEY STREET,LH-rdZgEebxi3ypTRdhi7g,2007-09,2007,40.72000484328181,-73.99327774848425,40.719860000000025,-73.9933405,198.18,20.76,2007,2007
1004240026,9 DELANCEY STREET,rLqpXKzq11LofFNFgSoj2w,2011-06,2011,40.71999724974129,-73.99330025549112,40.719860000000025,-73.9933405,192.53,20.76,2011,2011
1004240026,9 DELANCEY STREET,dEi-5VAD0iPQPwK34L0yeA,2014-09,2014,40.72000889959313,-73.99322179479833,40.719860000000025,-73.9933405,211.14,20.76,2014,2014
1004240026,9 DELANCEY STREET,-98r3hpi4prs1qg7uhiobQ,2018-08,2018,40.71997563777892,-73.99328348732288,40.719860000000025,-73.9933405,200.49,20.76,2018,2018
1004240026,9 DELANCEY STREET,09VfPpf7oy19AwHksMm6Gg,2022-07,2022,40.72003528753786,-73.99326851254042,40.719860000000025,-73.9933405,197.29,20.76,2022,2022
1004240026,9 DELANCEY STREET,RZnzGK8MWvW2BvFIU_YSJw,2026-04,2026,40.71999766068096,-73.99327496873421,40.719860000000025,-73.9933405,199.84,20.76,2026,2026
1004240027,141 CHRYSTIE STREET,LH-rdZgEebxi3ypTRdhi7g,2007-09,2007,40.72000484328181,-73.99327774848425,40.7198051,-73.9933622,197.77,41.56,2007,2007
1004240027,141 CHRYSTIE STREET,rLqpXKzq11LofFNFgSoj2w,2011-06,2011,40.71999724974129,-73.99330025549112,40.7198051,-73.9933622,193.73,41.56,2011,2011
1004240027,141 CHRYSTIE STREET,dEi-5VAD0iPQPwK34L0yeA,2014-09,2014,40.72000889959313,-73.99322179479833,40.7198051,-73.9933622,207.57,41.56,2014,2014
1004240027,141 CHRYSTIE STREET,-98r3hpi4prs1qg7uhiobQ,2018-08,2018,40.71997563777892,-73.99328348732288,40.7198051,-73.9933622,199.28,41.56,2018,2018
1004240027,141 CHRYSTIE STREET,09VfPpf7oy19AwHksMm6Gg,2022-07,2022,40.72003528753786,-73.99326851254042,40.7198051,-73.9933622,197.14,41.56,2022,2022
1004240027,141 CHRYSTIE STREET,RZnzGK8MWvW2BvFIU_YSJw,2026-04,2026,40.71999766068096,-73.99327496873421,40.7198051,-73.9933622,198.95,41.56,2026,2026
1004240028,139 CHRYSTIE STREET,DxY8QEJd_vuTXcfhsAVXEg,2009-04,2009,40.71971004678653,-73.99308289687603,40.719742,-73.9933874,277.88,53.24,2007,2009
1004240028,139 CHRYSTIE STREET,FlYOxDHXgSgZkCmz6IbGrw,2011-06,2011,40.71968516348979,-73.99310262415324,40.719742,-73.9933874,284.75,53.24,2011,2011
1004240028,139 CHRYSTIE STREET,eAdrAtdafDQRY965LISC5Q,2014-10,2014,40.71965320402965,-73.99311553655178,40.719742,-73.9933874,293.31,53.24,2014,2014
1004240028,139 CHRYSTIE STREET,rQoqX-IZualH2G9OoaOb2w,2019-06,2019,40.71971160612846,-73.99310612126126,40.719742,-73.9933874,278.11,53.24,2018,2019
1004240028,139 CHRYSTIE STREET,IonxINA32_ytzYLjCBzsag,2022-07,2022,40.71965908341653,-73.99312082704814,40.719742,-73.9933874,292.31,53.24,2022,2022
1004240028,139 CHRYSTIE STREET,-XwreruCXaZQdiU9NraJHw,2026-04,2026,40.71968475320244,-73.99311302580767,40.719742,-73.9933874,285.39,53.24,2026,2026
1004240029,135 CHRYSTIE STREET,XMJOIkW7YXsxe2TUOHDWug,2009-04,2009,40.71956914942751,-73.99315095597383,40.71965140000002,-73.9934343,290.96,53.68,2007,2009
1004240029,135 CHRYSTIE STREET,nfSwrFS87yKHaDOhZGEXtg,2011-06,2011,40.7195987349098,-73.99314683118071,40.71965140000002,-73.9934343,283.59,53.68,2011,2011
1004240029,135 CHRYSTIE STREET,ziwt_nUckNreW_LnfGKoxw,2014-10,2014,40.71956330488938,-73.99315920555979,40.71965140000002,-73.9934343,292.91,53.68,2014,2014
1004240029,135 CHRYSTIE STREET,P7Tqg2Kmh7UtmyJC9--QoA,2019-06,2019,40.7196273267955,-73.99315005927967,40.71965140000002,-73.9934343,276.38,53.68,2018,2019
1004240029,135 CHRYSTIE STREET,b9FlmkJHesq_RNPQ6UR8vA,2022-07,2022,40.71961072270162,-73.99313616051984,40.71965140000002,-73.9934343,280.21,53.68,2022,2022
1004240029,135 CHRYSTIE STREET,nHfdrNRPxErVRD5ntl1FAg,2026-04,2026,40.7195901008082,-73.99314817622196,40.71965140000002,-73.9934343,285.78,53.68,2026,2026
1004240031,133 CHRYSTIE STREET,eu6e2FmX-iiFleVOsebSew,2009-04,2009,40.7194611368088,-73.99319561133713,40.7195718,-73.9935209,294.17,65.84,2007,2009
1004240031,133 CHRYSTIE STREET,jZa8YmIbViuzIgIL-8_uRA,2011-06,2011,40.71947180856136,-73.99321022744776,40.7195718,-73.9935209,293.01,65.84,2011,2011
1004240031,133 CHRYSTIE STREET,VwdL_ArdUsKeqyQaSKVDaw,2014-10,2014,40.71947375549045,-73.99320161918642,40.7195718,-73.9935209,292.06,65.84,2014,2014
1004240031,133 CHRYSTIE STREET,fvBDcyoc_07iEvhsx7-ksA,2019-06,2019,40.71950473709129,-73.9932131865375,40.7195718,-73.9935209,286.04,65.84,2018,2019
1004240031,133 CHRYSTIE STREET,Mc5tdgmWX108yfy8QQj5TA,2022-07,2022,40.71948248251012,-73.99319561133713,40.7195718,-73.9935209,289.91,65.84,2022,2022
1004240031,133 CHRYSTIE STREET,5efdKBBpGDacCLrcCAE1Mg,2026-04,2026,40.71949180110612,-73.99319005183465,40.7195718,-73.9935209,287.69,65.84,2026,2026
1004240032,131 CHRYSTIE STREET,1q4Vh4CIhr0-HViQsi1ugw,2009-04,2009,40.71939061783964,-73.99322914768746,40.7195032,-73.9935209,296.98,56.97,2007,2009
1004240032,131 CHRYSTIE STREET,hXX8duzoGIZIabdB9zb82A,2011-06,2011,40.7194028626074,-73.99324475015862,40.7195032,-73.9935209,295.61,56.97,2011,2011
1004240032,131 CHRYSTIE STREET,dv8OVHOFDkgR9TDsZ7-pQQ,2014-10,2014,40.71938550088189,-73.99324412247303,40.7195032,-73.9935209,299.3,56.97,2014,2014
1004240032,131 CHRYSTIE STREET,Va0M2ht5oLJwftunF00xbg,2019-06,2019,40.71942626995521,-73.99325237205498,40.7195032,-73.9935209,290.71,56.97,2018,2019
1004240032,131 CHRYSTIE STREET,v9YZpDHWtaBd3RHDsLwLKA,2022-07,2022,40.71939414773728,-73.99324286710183,40.7195032,-73.9935209,297.36,56.97,2022,2022
1004240032,131 CHRYSTIE STREET,7xt2m2AoWcyeAfQ-tF9gGw,2026-04,2026,40.71940355483062,-73.99322995471186,40.7195032,-73.9935209,294.32,56.97,2026,2026
1004240035,324 BROOME STREET,GRPGp6sOAhcXi1fCQdU8dQ,2009-04,2009,40.7192288469102,-73.99330213854735,40.719322,-73.9934957,302.41,27.01,2007,2009
1004240035,324 BROOME STREET,Xpk9YYyDRnnux8Sn8ooSVg,2011-06,2011,40.71923113868871,-73.99330446995027,40.719322,-73.9934957,302.08,27.01,2011,2011
1004240035,324 BROOME STREET,bKRJEQ-BYpjjJaPWgLTvFQ,2014-10,2014,40.71921526551152,-73.99332231414867,40.719322,-73.9934957,309.08,27.01,2014,2014
1004240035,324 BROOME STREET,RoCGFxeOoEzXkxJamlaO0g,2019-06,2019,40.71923857668024,-73.99334786990731,40.719322,-73.9934957,306.67,27.01,2018,2019
1004240035,324 BROOME STREET,ZSEMZ_D7r2kI9MCDMhZYIA,2022-07,2022,40.71923166442034,-73.99333370215382,40.719322,-73.9934957,306.34,27.01,2022,2022
1004240035,324 BROOME STREET,-kzcdj-zJraqTog34qioLQ,2026-04,2026,40.71923208515999,-73.99331433357773,40.719322,-73.9934957,303.19,27.01,2026,2026
1004240037,328 BROOME STREET,ZwRokR8U7xWVFKSxQd1Sxw,2009-04,2009,40.71920986913191,-73.9937570305897,40.71935770000001,-73.9936147,36.12,46.35,2007,2009
1004240037,328 BROOME STREET,eyt6BCl1W2zR3jJ_wsxdMw,2012-08,2012,40.71918978993449,-73.99372448069231,40.71935770000001,-73.9936147,26.36,46.35,2011,2012
1004240037,328 BROOME STREET,iRsRYYXTHiSDO1Q4oyUPIg,2014-10,2014,40.71919422917234,-73.99372546705291,40.71935770000001,-73.9936147,27.18,46.35,2014,2014
1004240037,328 BROOME STREET,lu5EXOXYwA1bR3vZiQWJAA,2018-07,2018,40.71921222322474,-73.99371300304122,40.71935770000001,-73.9936147,27.12,46.35,2018,2018
1004240037,328 BROOME STREET,y4LKlY4deetkhcVTd0nflg,2022-07,2022,40.71920496924728,-73.99368206718134,40.71935770000001,-73.9936147,18.48,46.35,2022,2022
1004240037,328 BROOME STREET,68vq-YVRnfyokJjJgjHRLQ,2026-04,2026,40.71920409511985,-73.9937163207998,40.71935770000001,-73.9936147,26.63,46.35,2026,2026
1004240038,330 BROOME STREET,Kuend8oxbwCWPRJeju7N0A,2009-04,2009,40.71924203823786,-73.9938641851716,40.71938790000001,-73.9937193,36.97,46.05,2007,2009
1004240038,330 BROOME STREET,8LFexqWBGXC6uM53CnGhuQ,2012-08,2012,40.71923059464292,-73.99383880881997,40.71938790000001,-73.9937193,29.93,46.05,2011,2012
1004240038,330 BROOME STREET,XWSMb0EvWGcSf10Nojc2nQ,2014-10,2014,40.71922562603993,-73.99382930389586,40.71938790000001,-73.9937193,27.19,46.05,2014,2014
1004240038,330 BROOME STREET,PiB8qfe0QatMzjna_Gjpow,2018-07,2018,40.71924626494881,-73.99382751051392,40.71938790000001,-73.9937193,30.07,46.05,2018,2018
1004240038,330 BROOME STREET,AkthXijIAxCWA1N6sYvisA,2022-07,2022,40.71923747036127,-73.99378464868015,40.71938790000001,-73.9937193,18.22,46.05,2022,2022
1004240038,330 BROOME STREET,XoJAhUTe3qVamF4IlG2CUQ,2026-04,2026,40.71924474457288,-73.99382795885941,40.71938790000001,-73.9937193,29.91,46.05,2026,2026
1004240040,334 BROOME STREET,kuxp98dlChvIDvAOw--Wvg,2009-04,2009,40.7192536380685,-73.99390821268538,40.7194291,-73.9938564,12.62,46.21,2007,2009
1004240040,334 BROOME STREET,uUmiJrPg0GhtsCLJKbS-aA,2012-08,2012,40.71927156190615,-73.99395268853425,40.7194291,-73.9938564,24.86,46.21,2011,2012
1004240040,334 BROOME STREET,XyZrd0L66CafnEfAa01jyA,2014-10,2014,40.71924684044632,-73.99391027507376,40.7194291,-73.9938564,12.63,46.21,2014,2014
1004240040,334 BROOME STREET,FZdhELiGg62P1Zw2JRoX0A,2018-07,2018,40.7192768802378,-73.99393009193491,40.7194291,-73.9938564,20.15,46.21,2018,2018
1004240040,334 BROOME STREET,envUou2jFbppcpRssaREdw,2022-07,2022,40.71929245438316,-73.99396757359428,40.7194291,-73.9938564,31.66,46.21,2022,2022
1004240040,334 BROOME STREET,RdNqPMOFEIoAA63mFw1e9g,2026-04,2026,40.71927725218906,-73.99394228692536,40.7194291,-73.9938564,23.2,46.21,2026,2026
1004247501,153 BOWERY,lD4nRKGlJDLlxiyKztVLOQ,2009-04,2009,40.71934508736652,-73.99421210089075,40.719404399999995,-73.9940873,57.91,14.56,2007,2009
1004247501,153 BOWERY,t_4DzJcS2Td2cy_N2FSgaA,2012-08,2012,40.71932674031012,-73.99413166785405,40.719404399999995,-73.9940873,23.41,14.56,2011,2012
1004247501,153 BOWERY,BPWhqtljBcJ4E122r6n_CQ,2014-09,2014,40.71933493566574,-73.9941617966209,40.719404399999995,-73.9940873,39.1,14.56,2014,2014
1004247501,153 BOWERY,gyVJtK3FWCBPfnuD8oSmYQ,2018-07,2018,40.71933825126961,-73.99413677898448,40.719404399999995,-73.9940873,29.55,14.56,2018,2018
1004247501,153 BOWERY,9Ow7B1UkjcOCm88EFr25-A,2022-07,2022,40.71934309218861,-73.99413740666715,40.719404399999995,-73.9940873,31.78,14.56,2022,2022
1004247501,153 BOWERY,h4Si3AzCs6rk9bkV2rfInQ,2026-04,2026,40.71933511242733,-73.99416995649446,40.719404399999995,-73.9940873,42.12,14.56,2026,2026
1004250001,183 BOWERY,nFLaA4E2NkcAGpf5Ntvkgg,2007-09,2007,40.72031137787803,-73.99370107704365,40.72043909999999,-73.9936002,30.9,19.73,2007,2007
1004250001,183 BOWERY,HxXDWLYxD5RMKynjNQkPQQ,2011-07,2011,40.72029029069249,-73.99369757994648,40.72043909999999,-73.9936002,26.38,19.73,2011,2011
1004250001,183 BOWERY,YTl-k3DqpW3yJkW4WDarLw,2014-08,2014,40.72033429639177,-73.9936409090296,40.72043909999999,-73.9936002,16.4,19.73,2014,2014
1004250001,183 BOWERY,qe7T-x4spb5tD5af0RPngA,2019-08,2019,40.72027520200729,-73.9936571391515,40.72043909999999,-73.9936002,14.75,19.73,2018,2019
1004250001,183 BOWERY,jutbjxYQ6lhicoqRdW2Zfg,2022-07,2022,40.72032760753277,-73.99363256979515,40.72043909999999,-73.9936002,12.41,19.73,2022,2022
1004250001,183 BOWERY,PHZJAyMbUrjZ-RvtXIN1mA,2026-04,2026,40.72031638170553,-73.99365552510628,40.72043909999999,-73.9936002,18.86,19.73,2026,2026
1004250036,157 CHRYSTIE STREET,E4iqO0qgxqW0LKaxFYWVfA,2007-09,2007,40.7201559821964,-73.99318512001777,40.72049400000001,-73.9930482,17.07,94.52,2007,2007
1004250036,157 CHRYSTIE STREET,c5nTyZBdxkvN55P4ZfX4pA,2011-07,2011,40.72015343419935,-73.99322565058169,40.72049400000001,-73.9930482,21.55,94.52,2011,2011
1004250036,157 CHRYSTIE STREET,9E6tzXuzh0HC1cxyUnGrWw,2014-08,2014,40.72017734336981,-73.99315651547747,40.72049400000001,-73.9930482,14.53,94.52,2014,2014
1004250036,157 CHRYSTIE STREET,fhnCj_E4xvK2o8RshMQJqA,2019-08,2019,40.72014063696349,-73.99323327247882,40.72049400000001,-73.9930482,21.65,94.52,2018,2019
1004250036,157 CHRYSTIE STREET,yYoxZlyunMm53sibYGlkRQ,2022-07,2022,40.72017929021293,-73.99317077291344,40.72049400000001,-73.9930482,16.45,94.52,2022,2022
1004250036,157 CHRYSTIE STREET,Baas5zW8-RX-yUMmpKZ8KA,2026-04,2026,40.72017909553394,-73.9931975840638,40.72049400000001,-73.9930482,19.78,94.52,2026,2026
1004250037,155 CHRYSTIE STREET,T56m7z3kUceO3ipKzbf_uw,2007-09,2007,40.72012302757234,-73.99307455761732,40.7204007,-73.9929869,13.46,69.32,2007,2007
1004250037,155 CHRYSTIE STREET,ndphk7keYh3reGrdyBM4fw,2011-07,2011,40.72011865818109,-73.9931006514256,40.7204007,-73.9929869,17.0,69.32,2011,2011
1004250037,155 CHRYSTIE STREET,vI6J4jEHHVDN_OrDzSugZA,2014-08,2014,40.72015721784881,-73.99308056547041,40.7204007,-73.9929869,16.25,69.32,2014,2014
1004250037,155 CHRYSTIE STREET,afAgrCvQ9q-1Jdjkk7Ye5g,2019-06,2019,40.72011013208428,-73.99312934564368,40.7204007,-73.9929869,20.38,69.32,2018,2019
1004250037,155 CHRYSTIE STREET,klF9QAyi0nSHwvIB2akGiw,2022-07,2022,40.72014794938861,-73.99306307992734,40.7204007,-73.9929869,12.87,69.32,2022,2022
1004250037,155 CHRYSTIE STREET,v66c17l4lFlywNwyEhk9pA,2026-04,2026,40.72014686176508,-73.99308200018156,40.7204007,-73.9929869,15.85,69.32,2026,2026
1004250038,18 DELANCEY STREET,Vh1dRVRAtaqG7P8wix6qew,2007-09,2007,40.7201680230924,-73.9928180131482,40.720282699999984,-73.9929689,315.08,31.28,2007,2007
1004250038,18 DELANCEY STREET,JBd9VZxq60jt7gItBsuBzQ,2011-07,2011,40.72021648299908,-73.99285549502494,40.720282699999984,-73.9929689,307.61,31.28,2011,2011
1004250038,18 DELANCEY STREET,PwKbe1JKGLzSyGFY3994mA,2014-09,2014,40.72020644842491,-73.99283845780914,40.720282699999984,-73.9929689,307.64,31.28,2014,2014
1004250038,18 DELANCEY STREET,FSc6ljygce18opMfsNMGzg,2018-08,2018,40.72022680594841,-73.99286446198,40.720282699999984,-73.9929689,305.23,31.28,2018,2018
1004250038,18 DELANCEY STREET,SeZCt7a0tb9laxji6Pz9EQ,2022-07,2022,40.72019589987141,-73.99288320291475,40.720282699999984,-73.9929689,323.19,31.28,2022,2022
1004250038,18 DELANCEY STREET,wcjxKAi1m-L5OVG0Qyv43A,2026-04,2026,40.72021891881921,-73.99286894545737,40.720282699999984,-73.9929689,310.1,31.28,2026,2026
1004250039,16 DELANCEY STREET,T56m7z3kUceO3ipKzbf_uw,2007-09,2007,40.72012302757234,-73.99307455761732,40.7203101,-73.9930555,4.42,31.6,2007,2007
1004250039,16 DELANCEY STREET,ndphk7keYh3reGrdyBM4fw,2011-07,2011,40.72011865818109,-73.9931006514256,40.7203101,-73.9930555,10.13,31.6,2011,2011
1004250039,16 DELANCEY STREET,vI6J4jEHHVDN_OrDzSugZA,2014-08,2014,40.72015721784881,-73.99308056547041,40.7203101,-73.9930555,7.08,31.6,2014,2014
1004250039,16 DELANCEY STREET,afAgrCvQ9q-1Jdjkk7Ye5g,2019-06,2019,40.72011013208428,-73.99312934564368,40.7203101,-73.9930555,15.64,31.6,2018,2019
1004250039,16 DELANCEY STREET,klF9QAyi0nSHwvIB2akGiw,2022-07,2022,40.72014794938861,-73.99306307992734,40.7203101,-73.9930555,2.03,31.6,2022,2022
1004250039,16 DELANCEY STREET,v66c17l4lFlywNwyEhk9pA,2026-04,2026,40.72014686176508,-73.99308200018156,40.7203101,-73.9930555,7.01,31.6,2026,2026
1004250040,14 DELANCEY STREET,E4iqO0qgxqW0LKaxFYWVfA,2007-09,2007,40.7201559821964,-73.99318512001777,40.7203321,-73.99312400000001,14.74,31.96,2007,2007
1004250040,14 DELANCEY STREET,c5nTyZBdxkvN55P4ZfX4pA,2011-07,2011,40.72015343419935,-73.99322565058169,40.7203321,-73.99312400000001,23.33,31.96,2011,2011
1004250040,14 DELANCEY STREET,9E6tzXuzh0HC1cxyUnGrWw,2014-08,2014,40.72017734336981,-73.99315651547747,40.7203321,-73.99312400000001,9.05,31.96,2014,2014
1004250040,14 DELANCEY STREET,fhnCj_E4xvK2o8RshMQJqA,2019-08,2019,40.72014063696349,-73.99323327247882,40.7203321,-73.99312400000001,23.39,31.96,2018,2019
1004250040,14 DELANCEY STREET,yYoxZlyunMm53sibYGlkRQ,2022-07,2022,40.72017929021293,-73.99317077291344,40.7203321,-73.99312400000001,13.06,31.96,2022,2022
1004250040,14 DELANCEY STREET,Baas5zW8-RX-yUMmpKZ8KA,2026-04,2026,40.72017909553394,-73.9931975840638,40.7203321,-73.99312400000001,20.03,31.96,2026,2026
1004250041,10 DELANCEY STREET,V_ViKqYVspkvuiW-BoR6BQ,2007-09,2007,40.72019138460956,-73.99330124185391,40.72039250000002,-73.993207,19.55,43.8,2007,2007
1004250041,10 DELANCEY STREET,8beCSC2Vv4wrkWwjSfzqWQ,2011-07,2011,40.72019150358847,-73.9933658934403,40.72039250000002,-73.993207,30.93,43.8,2011,2011
1004250041,10 DELANCEY STREET,GipgWkyKcolgAeTv7bCuBg,2014-08,2014,40.72022625868258,-73.99331792035123,40.72039250000002,-73.993207,26.83,43.8,2014,2014
1004250041,10 DELANCEY STREET,L0nlC2kEEIqUlr3FSuhD1A,2019-08,2019,40.72017417856048,-73.99334159305464,40.72039250000002,-73.993207,25.04,43.8,2018,2019
1004250041,10 DELANCEY STREET,65ILWK8JEFtGvnwpwBbCZQ,2022-07,2022,40.72021320987927,-73.99327963154069,40.72039250000002,-73.993207,17.07,43.8,2022,2022
1004250041,10 DELANCEY STREET,rfNZOIg4oPx5d8D6APpeBA,2026-04,2026,40.7202125605286,-73.99331280919898,40.72039250000002,-73.993207,24.02,43.8,2026,2026
1004250043,6 DELANCEY STREET,tABbHLjiAPoO_2Atl7Eb1g,2007-09,2007,40.72023786096921,-73.99345502471786,40.720433600000014,-73.9933441,23.24,43.6,2007,2007
1004250043,6 DELANCEY STREET,heQHxVD4xj4pI7Ye7wAKSQ,2011-07,2011,40.72022411416059,-73.9934814771514,40.720433600000014,-73.9933441,26.43,43.6,2011,2011
1004250043,6 DELANCEY STREET,lgqnm9SH9wIauIh-bGWIGg,2014-08,2014,40.72026617616957,-73.99342014336769,40.720433600000014,-73.9933441,19.0,43.6,2014,2014
1004250043,6 DELANCEY STREET,YLZ-Kn-9a8oYwYHdE_drGw,2019-08,2019,40.72020785817053,-73.99344982389998,40.720433600000014,-73.9933441,19.54,43.6,2018,2019
1004250043,6 DELANCEY STREET,hoIg4lfMQPpetVkv1unoSg,2022-07,2022,40.72024825903717,-73.99338741407449,40.720433600000014,-73.9933441,10.04,43.6,2022,2022
1004250043,6 DELANCEY STREET,CzxZaJbleVCeRYoQEnNEzw,2026-04,2026,40.7202462218032,-73.9934251648478,40.720433600000014,-73.9933441,18.15,43.6,2026,2026
1004700002,154 MOTT STREET,hQ2zsrutvg2bLe1irKFWZw,2009-06,2009,40.71937076832627,-73.99635679008463,40.71935510000001,-73.9960967,94.54,51.71,2007,2009
1004700002,154 MOTT STREET,E875dITNlGugsQ1s7xshlg,2011-06,2011,40.71937142434234,-73.99635822477127,40.71935510000001,-73.9960967,94.71,51.71,2011,2011
1004700002,154 MOTT STREET,4YIFLJph31ElHM0lEGJkHw,2013-08,2013,40.71942209736526,-73.99634163620637,40.71935510000001,-73.9960967,109.84,51.71,2014,2013
1004700002,154 MOTT STREET,jXgHnLovO5k14Xm1NuQVew,2019-06,2019,40.7193844033425,-73.99634602993451,40.71935510000001,-73.9960967,98.81,51.71,2018,2019
1004700002,154 MOTT STREET,GfyMkQZaR9uAUk56Xb2LQQ,2022-07,2022,40.71939205387504,-73.99635051333047,40.71935510000001,-73.9960967,100.87,51.71,2022,2022
1004700002,154 MOTT STREET,e98HQ6d7dzlzxkgMdMMWLA,2024-11,2024,40.71939001646903,-73.99634997532297,40.71935510000001,-73.9960967,100.31,51.71,2026,2024
1004700003,156 MOTT STREET,E5a6pDV1jt6fOBhzByUNnA,2009-06,2009,40.71945432620043,-73.99632370262107,40.7194209,-73.9960714,99.92,51.26,2007,2009
1004700003,156 MOTT STREET,_0dhv1LUhSoOXNFE-edqtw,2011-06,2011,40.71946788171988,-73.99631823287723,40.7194209,-73.9960714,104.1,51.26,2011,2011
1004700003,156 MOTT STREET,D_uny73eirGoXJ_XSNzOSg,2014-10,2014,40.71944828797491,-73.99632899302891,40.7194209,-73.9960714,97.99,51.26,2014,2014
1004700003,156 MOTT STREET,DmWQ2W4zlaQ7QBjijUxQKg,2019-06,2019,40.71947020117742,-73.99631437715605,40.7194209,-73.9960714,104.99,51.26,2018,2019
1004700003,156 MOTT STREET,spJMvdDiozJ5I3q4wMVB4w,2022-07,2022,40.71947208194955,-73.99631912955655,40.7194209,-73.9960714,105.25,51.26,2022,2022
1004700003,156 MOTT STREET,33WuocR_HbYJGAqpy3umRw,2024-11,2024,40.71947602699612,-73.99631769486963,40.7194209,-73.9960714,106.45,51.26,2026,2024
1004700004,158 MOTT STREET,ci-OfB6Y2vVndfs881oQig,2009-06,2009,40.71954109318513,-73.99628505573907,40.719486799999984,-73.9960426,106.46,51.73,2007,2009
1004700004,158 MOTT STREET,lQUdhx3WLQYrDGCL6Xu_DA,2011-06,2011,40.71955023779251,-73.99628837345313,40.719486799999984,-73.9960426,108.81,51.73,2011,2011
1004700004,158 MOTT STREET,YLrPc5-HH5w2LuY4qiNt-w,2014-10,2014,40.71957807240497,-73.99627402658105,40.719486799999984,-73.9960426,117.49,51.73,2014,2014
1004700004,158 MOTT STREET,NtbiaTfbbusYm-zWyxhnxQ,2019-06,2019,40.71955529371445,-73.99628200702878,40.719486799999984,-73.9960426,110.68,51.73,2018,2019
1004700004,158 MOTT STREET,Q74SkuF_Pxc1zsPT86DgUw,2022-07,2022,40.71955597950042,-73.99628631109034,40.719486799999984,-73.9960426,110.53,51.73,2022,2022
1004700004,158 MOTT STREET,VXBGpja6zHhV5swA48lQzQ,2024-11,2024,40.71956264916165,-73.99628281404033,40.719486799999984,-73.9960426,112.62,51.73,2026,2024
1004700005,160 MOTT STREET,-bXqKx47269fE5EIyxGt2w,2009-06,2009,40.71963123976797,-73.99624524316569,40.719544500000005,-73.9959921,114.33,58.82,2007,2009
1004700005,160 MOTT STREET,w5CBaB7kQl8dr_SvNEdvgw,2011-06,2011,40.71967302341751,-73.99623564869293,40.719544500000005,-73.9959921,124.85,58.82,2011,2011
1004700005,160 MOTT STREET,0mNaAHR4G3fR8CtQhYRWxw,2014-10,2014,40.71962072190657,-73.99625564464961,40.719544500000005,-73.9959921,110.89,58.82,2014,2014
1004700005,160 MOTT STREET,9M61ASIbk6JqZOkW8bA6GQ,2019-06,2019,40.71964198104563,-73.99624865054842,40.719544500000005,-73.9959921,116.63,58.82,2018,2019
1004700005,160 MOTT STREET,D3Ju8MEHOquuRlEZ7Hvaxg,2022-07,2022,40.71964256423842,-73.99625169925922,40.719544500000005,-73.9959921,116.49,58.82,2022,2022
1004700005,160 MOTT STREET,ZOnnaA-0GFfGAzVFZsfOfA,2024-11,2024,40.71964718464162,-73.99624811254063,40.719544500000005,-73.9959921,117.89,58.82,2026,2024
1004700006,162 MOTT STREET,-bXqKx47269fE5EIyxGt2w,2009-06,2009,40.71963123976797,-73.99624524316569,40.71961029999998,-73.9959668,95.67,58.37,2007,2009
1004700006,162 MOTT STREET,w5CBaB7kQl8dr_SvNEdvgw,2011-06,2011,40.71967302341751,-73.99623564869293,40.71961029999998,-73.9959668,107.11,58.37,2011,2011
1004700006,162 MOTT STREET,0mNaAHR4G3fR8CtQhYRWxw,2014-10,2014,40.71962072190657,-73.99625564464961,40.71961029999998,-73.9959668,92.73,58.37,2014,2014
1004700006,162 MOTT STREET,9M61ASIbk6JqZOkW8bA6GQ,2019-06,2019,40.71964198104563,-73.99624865054842,40.71961029999998,-73.9959668,98.44,58.37,2018,2019
1004700006,162 MOTT STREET,D3Ju8MEHOquuRlEZ7Hvaxg,2022-07,2022,40.71964256423842,-73.99625169925922,40.71961029999998,-73.9959668,98.5,58.37,2022,2022
1004700006,162 MOTT STREET,ZOnnaA-0GFfGAzVFZsfOfA,2024-11,2024,40.71964718464162,-73.99624811254063,40.71961029999998,-73.9959668,99.81,58.37,2026,2024
1004700007,164 MOTT STREET,dinPStW1a5VpKFHuzHQ-0Q,2009-06,2009,40.7197245913808,-73.99620516158008,40.7196844,-73.9959632,102.36,51.28,2007,2009
1004700007,164 MOTT STREET,nu8_lSRXUt0IEgsbvorTTQ,2011-06,2011,40.71974479046545,-73.99620345788833,40.7196844,-73.9959632,108.35,51.28,2011,2011
1004700007,164 MOTT STREET,CuXP5PW_DBUOFEKXU43Z_Q,2014-10,2014,40.71974888981683,-73.99620417523222,40.7196844,-73.9959632,109.45,51.28,2014,2014
1004700007,164 MOTT STREET,4NOFsHMJ76flmCcsWc_abQ,2019-06,2019,40.71973594126807,-73.99621179701093,40.7196844,-73.9959632,105.3,51.28,2018,2019
1004700007,164 MOTT STREET,MM0rouq6b9nqsbC85Jieug,2022-07,2022,40.71972885982419,-73.99621717708983,40.7196844,-73.9959632,103.01,51.28,2022,2022
1004700007,164 MOTT STREET,MTzMEHFva-f97K2xBoOiww,2024-11,2024,40.71973129457466,-73.99621466638636,40.7196844,-73.9959632,103.82,51.28,2026,2024
1004700009,365 BROOME STREET,SUMYsOgjYcsRxT5vYeD--w,2009-06,2009,40.71987203617017,-73.99615718920148,40.7198738,-73.9959307,89.41,39.31,2007,2009
1004700009,365 BROOME STREET,2ZK0yxtGR6lsoyKCxjl85A,2011-06,2011,40.71991599537142,-73.99613262016557,40.7198738,-73.9959307,105.41,39.31,2011,2011
1004700009,365 BROOME STREET,ynJcsq5NAvfk5SE86ruBZg,2014-10,2014,40.71992884419921,-73.99613333750973,40.7198738,-73.9959307,109.72,39.31,2014,2014
1004700009,365 BROOME STREET,eqAC91HdWF1Istopr8-DnQ,2019-06,2019,40.71989068993611,-73.99614831206843,40.7198738,-73.9959307,95.85,39.31,2018,2019
1004700009,365 BROOME STREET,CSCmXj_OuzjEVQ8Jban4og,2022-07,2022,40.71990533021012,-73.99614517368796,40.7198738,-73.9959307,100.98,39.31,2022,2022
1004700009,365 BROOME STREET,veaAGl8x6p9OWneNL6UNDQ,2024-11,2024,40.71990118924545,-73.99614203530744,40.7198738,-73.9959307,99.7,39.31,2026,2024
1004700012,363 BROOME STREET,lAErV2FbKJ7YBwyAhZR_fQ,2009-04,2009,40.72004004532063,-73.99568885262052,40.71981340000001,-73.9957684,194.9,60.65,2007,2009
1004700012,363 BROOME STREET,lAErV2FbKJ7YBwyAhZR_fQ,2009-04,2009,40.72004004532063,-73.99568885262052,40.71981340000001,-73.9957684,194.9,60.65,2011,2009
1004700012,363 BROOME STREET,Qiw5AyXabXE9gVrC8gc0_Q,2014-10,2014,40.72004838436672,-73.9956838311997,40.71981340000001,-73.9957684,195.26,60.65,2014,2014
1004700012,363 BROOME STREET,_uW0Zml9HuK-exkWbhp3ZA,2019-10,2019,40.72001907423797,-73.99563298930654,40.71981340000001,-73.9957684,206.52,60.65,2018,2019
1004700012,363 BROOME STREET,hpTkzZTzI6-RKShQ5S9YcQ,2022-07,2022,40.72003731202344,-73.99568553489607,40.71981340000001,-73.9957684,195.67,60.65,2022,2022
1004700012,363 BROOME STREET,hpTkzZTzI6-RKShQ5S9YcQ,2022-07,2022,40.72003731202344,-73.99568553489607,40.71981340000001,-73.9957684,195.67,60.65,2026,2022
1004700013,359 BROOME STREET,WYELqHv_YUTj199R2qlQtg,2009-09,2009,40.71968790922894,-73.99534336062793,40.71970910000001,-73.9956241,275.69,58.85,2007,2009
1004700013,359 BROOME STREET,URUqrG73aiF8jdjPBkDp9A,2012-07,2012,40.71969527163184,-73.99534847172605,40.71970910000001,-73.9956241,273.79,58.85,2011,2012
1004700013,359 BROOME STREET,URUqrG73aiF8jdjPBkDp9A,2012-07,2012,40.71969527163184,-73.99534847172605,40.71970910000001,-73.9956241,273.79,58.85,2014,2012
1004700013,359 BROOME STREET,iTG8S6mQ1zZofEK_Vvdq0w,2019-06,2019,40.71968194876951,-73.99534228460725,40.71970910000001,-73.9956241,277.24,58.85,2018,2019
1004700013,359 BROOME STREET,qRWR-b3rSGQMxQRsdRtJxw,2023-04,2023,40.71968411993544,-73.9953400428975,40.71970910000001,-73.9956241,276.62,58.85,2022,2023
1004700013,359 BROOME STREET,qRWR-b3rSGQMxQRsdRtJxw,2023-04,2023,40.71968411993544,-73.9953400428975,40.71970910000001,-73.9956241,276.62,58.85,2026,2023
1004700016,355 BROOME STREET,WYELqHv_YUTj199R2qlQtg,2009-09,2009,40.71968790922894,-73.99534336062793,40.71974749999999,-73.9954437,308.08,15.02,2007,2009
1004700016,355 BROOME STREET,URUqrG73aiF8jdjPBkDp9A,2012-07,2012,40.71969527163184,-73.99534847172605,40.71974749999999,-73.9954437,305.89,15.02,2011,2012
1004700016,355 BROOME STREET,URUqrG73aiF8jdjPBkDp9A,2012-07,2012,40.71969527163184,-73.99534847172605,40.71974749999999,-73.9954437,305.89,15.02,2014,2012
1004700016,355 BROOME STREET,iTG8S6mQ1zZofEK_Vvdq0w,2019-06,2019,40.71968194876951,-73.99534228460725,40.71974749999999,-73.9954437,310.46,15.02,2018,2019
1004700016,355 BROOME STREET,qRWR-b3rSGQMxQRsdRtJxw,2023-04,2023,40.71968411993544,-73.9953400428975,40.71974749999999,-73.9954437,308.89,15.02,2022,2023
1004700016,355 BROOME STREET,qRWR-b3rSGQMxQRsdRtJxw,2023-04,2023,40.71968411993544,-73.9953400428975,40.71974749999999,-73.9954437,308.89,15.02,2026,2023
1004700017,ELIZABETH STREET,BwPsb8mwgY9G5U8RMHLh0A,2016-11,2016,40.71960131990713,-73.99537474456162,40.7196213,-73.9954942,282.44,15.13,2007,2016
1004700017,ELIZABETH STREET,BwPsb8mwgY9G5U8RMHLh0A,2016-11,2016,40.71960131990713,-73.99537474456162,40.7196213,-73.9954942,282.44,15.13,2011,2016
1004700017,ELIZABETH STREET,BwPsb8mwgY9G5U8RMHLh0A,2016-11,2016,40.71960131990713,-73.99537474456162,40.7196213,-73.9954942,282.44,15.13,2014,2016
1004700017,ELIZABETH STREET,4is8Lj4e-Mk0qy4GdY5IGA,2019-06,2019,40.71960517677473,-73.99537322019923,40.7196213,-73.9954942,279.97,15.13,2018,2019
1004700017,ELIZABETH STREET,uSrEwkT33ypLXnKW3BTz8A,2023-04,2023,40.71959700873217,-73.9953751929035,40.7196213,-73.9954942,285.07,15.13,2022,2023
1004700017,ELIZABETH STREET,uSrEwkT33ypLXnKW3BTz8A,2023-04,2023,40.71959700873217,-73.9953751929035,40.7196213,-73.9954942,285.07,15.13,2026,2023
1004700019,125 ELIZABETH STREET,tSsHr700HE3O6atPC8wN1A,2014-09,2014,40.71951561273725,-73.9954075631839,40.71950050000002,-73.9956457,265.21,42.61,2007,2014
1004700019,125 ELIZABETH STREET,tSsHr700HE3O6atPC8wN1A,2014-09,2014,40.71951561273725,-73.9954075631839,40.71950050000002,-73.9956457,265.21,42.61,2011,2014
1004700019,125 ELIZABETH STREET,tSsHr700HE3O6atPC8wN1A,2014-09,2014,40.71951561273725,-73.9954075631839,40.71950050000002,-73.9956457,265.21,42.61,2014,2014
1004700019,125 ELIZABETH STREET,s-GsGlFI8zAye5VQ2nomDQ,2021-07,2021,40.71947406504194,-73.99542307580943,40.71950050000002,-73.9956457,278.9,42.61,2018,2021
1004700019,125 ELIZABETH STREET,giODNzDmZncHxp_XA05D3g,2023-04,2023,40.71950871596736,-73.99541052223975,40.71950050000002,-73.9956457,267.36,42.61,2022,2023
1004700019,125 ELIZABETH STREET,giODNzDmZncHxp_XA05D3g,2023-04,2023,40.71950871596736,-73.99541052223975,40.71950050000002,-73.9956457,267.36,42.61,2026,2023
1004700020,123 ELIZABETH STREET,v7Wk8KG_bZXiZuEZo5uvBw,2009-09,2009,40.71936666775319,-73.99547633880312,40.71943189999999,-73.9956746,293.47,43.06,2007,2009
1004700020,123 ELIZABETH STREET,retC-_xXia_IKGErWZAGaQ,2012-07,2012,40.7193846413667,-73.99547436609991,40.71943189999999,-73.9956746,287.3,43.06,2011,2012
1004700020,123 ELIZABETH STREET,OYFcSs-qr1w7nR1z6Hdi7w,2016-11,2016,40.71937016160143,-73.99546799964853,40.71943189999999,-73.9956746,291.52,43.06,2014,2016
1004700020,123 ELIZABETH STREET,OYFcSs-qr1w7nR1z6Hdi7w,2016-11,2016,40.71937016160143,-73.99546799964853,40.71943189999999,-73.9956746,291.52,43.06,2018,2016
1004700020,123 ELIZABETH STREET,OYFcSs-qr1w7nR1z6Hdi7w,2016-11,2016,40.71937016160143,-73.99546799964853,40.71943189999999,-73.9956746,291.52,43.06,2022,2016
1004700020,123 ELIZABETH STREET,OYFcSs-qr1w7nR1z6Hdi7w,2016-11,2016,40.71937016160143,-73.99546799964853,40.71943189999999,-73.9956746,291.52,43.06,2026,2016
1004700021,119 ELIZABETH STREET,J_e0Ow2V1bUAztvmv-IlBA,2012-07,2012,40.71929565314232,-73.99550745371009,40.7193413,-73.9957359,284.77,49.78,2007,2012
1004700021,119 ELIZABETH STREET,J_e0Ow2V1bUAztvmv-IlBA,2012-07,2012,40.71929565314232,-73.99550745371009,40.7193413,-73.9957359,284.77,49.78,2011,2012
1004700021,119 ELIZABETH STREET,gJAjjS5bJzUBnQgQb76cig,2014-09,2014,40.71930581890282,-73.99548925104179,40.7193413,-73.9957359,280.75,49.78,2014,2014
1004700021,119 ELIZABETH STREET,v6dZHqC1j_aN-GquOvcr4A,2021-07,2021,40.71930309777865,-73.99549346545284,40.7193413,-73.9957359,281.75,49.78,2018,2021
1004700021,119 ELIZABETH STREET,Rg2Ap4JKnDhZey8ehrxJQQ,2022-07,2022,40.71930400552125,-73.99549507948257,40.7193413,-73.9957359,281.55,49.78,2022,2022
1004700021,119 ELIZABETH STREET,Rg2Ap4JKnDhZey8ehrxJQQ,2022-07,2022,40.71930400552125,-73.99549507948257,40.7193413,-73.9957359,281.55,49.78,2026,2022
1004700023,117 ELIZABETH STREET,-JYV5iKx2St1CCPgdzyatQ,2016-11,2016,40.71920208127008,-73.99553587856306,40.71924530000002,-73.9957756,283.38,50.21,2007,2016
1004700023,117 ELIZABETH STREET,-JYV5iKx2St1CCPgdzyatQ,2016-11,2016,40.71920208127008,-73.99553587856306,40.71924530000002,-73.9957756,283.38,50.21,2011,2016
1004700023,117 ELIZABETH STREET,-JYV5iKx2St1CCPgdzyatQ,2016-11,2016,40.71920208127008,-73.99553587856306,40.71924530000002,-73.9957756,283.38,50.21,2014,2016
1004700023,117 ELIZABETH STREET,-JYV5iKx2St1CCPgdzyatQ,2016-11,2016,40.71920208127008,-73.99553587856306,40.71924530000002,-73.9957756,283.38,50.21,2018,2016
1004700023,117 ELIZABETH STREET,-JYV5iKx2St1CCPgdzyatQ,2016-11,2016,40.71920208127008,-73.99553587856306,40.71924530000002,-73.9957756,283.38,50.21,2022,2016
1004700023,117 ELIZABETH STREET,-JYV5iKx2St1CCPgdzyatQ,2016-11,2016,40.71920208127008,-73.99553587856306,40.71924530000002,-73.9957756,283.38,50.21,2026,2016
1004700025,113 ELIZABETH STREET,H0Nany4tb5qHEgfs2Vq3Fg,2021-07,2021,40.7190760382607,-73.99558797583785,40.7191135,-73.99582610000002,281.73,49.73,2007,2021
1004700025,113 ELIZABETH STREET,H0Nany4tb5qHEgfs2Vq3Fg,2021-07,2021,40.7190760382607,-73.99558797583785,40.7191135,-73.99582610000002,281.73,49.73,2011,2021
1004700025,113 ELIZABETH STREET,H0Nany4tb5qHEgfs2Vq3Fg,2021-07,2021,40.7190760382607,-73.99558797583785,40.7191135,-73.99582610000002,281.73,49.73,2014,2021
1004700025,113 ELIZABETH STREET,H0Nany4tb5qHEgfs2Vq3Fg,2021-07,2021,40.7190760382607,-73.99558797583785,40.7191135,-73.99582610000002,281.73,49.73,2018,2021
1004700025,113 ELIZABETH STREET,H0Nany4tb5qHEgfs2Vq3Fg,2021-07,2021,40.7190760382607,-73.99558797583785,40.7191135,-73.99582610000002,281.73,49.73,2022,2021
1004700025,113 ELIZABETH STREET,H0Nany4tb5qHEgfs2Vq3Fg,2021-07,2021,40.7190760382607,-73.99558797583785,40.7191135,-73.99582610000002,281.73,49.73,2026,2021
1004700027,218 GRAND STREET,UPnshAGysU9m4wB4coF6wA,2009-04,2009,40.71887951105636,-73.99592225887505,40.718990000000005,-73.9958153,36.27,30.02,2007,2009
1004700027,218 GRAND STREET,UPnshAGysU9m4wB4coF6wA,2009-04,2009,40.71887951105636,-73.99592225887505,40.718990000000005,-73.9958153,36.27,30.02,2011,2009
1004700027,218 GRAND STREET,oV4RiGtf25PuPIaKR3MbOQ,2014-08,2014,40.71887935735138,-73.9959360677648,40.718990000000005,-73.9958153,39.6,30.02,2014,2014
1004700027,218 GRAND STREET,K5KX1Ay5lDlm5F6ljcwTxg,2018-07,2018,40.71887048569179,-73.99591499575732,40.718990000000005,-73.9958153,32.3,30.02,2018,2018
1004700027,218 GRAND STREET,hExdbNl7QhZXb5H8JnKUrQ,2022-07,2022,40.71887670781962,-73.9959301496693,40.718990000000005,-73.9958153,37.54,30.02,2022,2022
1004700027,218 GRAND STREET,yaEhDdHEqOKnRH_Xz0clWw,2024-09,2024,40.71886504903939,-73.99589580677826,40.718990000000005,-73.9958153,26.03,30.02,2026,2024
1004700028,214 GRAND STREET,HFLzJivbALXQmd8iL6tOaw,2009-04,2009,40.71890515127613,-73.99600466385822,40.719047700000026,-73.995974,9.26,30.24,2007,2009
1004700028,214 GRAND STREET,TSFTacXaoBA0zC3Sr0jApA,2011-06,2011,40.71891191292648,-73.99601138896409,40.719047700000026,-73.995974,11.79,30.24,2011,2011
1004700028,214 GRAND STREET,8uwkEkSfqDv_1KGtzCWRfQ,2014-09,2014,40.71890195960794,-73.996005560539,40.719047700000026,-73.995974,9.32,30.24,2014,2014
1004700028,214 GRAND STREET,WkgCC8OvQfgT__Q0KpzQEA,2018-07,2018,40.71890420656334,-73.99601129929601,40.719047700000026,-73.995974,11.15,30.24,2018,2018
1004700028,214 GRAND STREET,wpS9jF8OJnTLo5mV20c6Tw,2022-07,2022,40.71891416483239,-73.99603577867943,40.719047700000026,-73.995974,19.32,30.24,2022,2022
1004700028,214 GRAND STREET,VycETDsjWOVm9pnpWnJUWQ,2024-09,2024,40.71890029554549,-73.99599489003725,40.719047700000026,-73.995974,6.13,30.24,2026,2024
1004700029,212 GRAND STREET,klKOU5LnrXUthIXbwzAWeQ,2013-08,2013,40.71894813214186,-73.9961992434929,40.7191437,-73.9960426,31.26,53.74,2007,2013
1004700029,212 GRAND STREET,klKOU5LnrXUthIXbwzAWeQ,2013-08,2013,40.71894813214186,-73.9961992434929,40.7191437,-73.9960426,31.26,53.74,2011,2013
1004700029,212 GRAND STREET,Dpg3G59e3aggPIg9pimqCg,2014-09,2014,40.71895716439694,-73.99616400397002,40.7191437,-73.9960426,26.26,53.74,2014,2014
1004700029,212 GRAND STREET,MeMsjlKzDTs9EISDd6I7ag,2018-07,2018,40.71895988587239,-73.9961677700262,40.7191437,-73.9960426,27.3,53.74,2018,2018
1004700029,212 GRAND STREET,8N91_gsvDiL7Fv5GR747XA,2021-05,2021,40.71896508836622,-73.99615871355762,40.7191437,-73.9960426,26.23,53.74,2022,2021
1004700029,212 GRAND STREET,8N91_gsvDiL7Fv5GR747XA,2021-05,2021,40.71896508836622,-73.99615871355762,40.7191437,-73.9960426,26.23,53.74,2026,2021
1004700030,210 GRAND STREET,XMnjZmBobMMNJmmeld15Cg,2009-04,2009,40.7190055292851,-73.99629070481974,40.719171199999984,-73.9961219,37.68,53.4,2007,2009
1004700030,210 GRAND STREET,n4qi-AzYezt8ClPaPIqHFA,2013-08,2013,40.71898288155995,-73.99629429153757,40.719171199999984,-73.9961219,34.75,53.4,2011,2013
1004700030,210 GRAND STREET,g5_naU0az0JLjwJvLYzIPg,2014-09,2014,40.71899773709889,-73.99628415905957,40.719171199999984,-73.9961219,35.34,53.4,2014,2014
1004700030,210 GRAND STREET,BYYY3RYJ0go7WmhRw1C1qg,2018-07,2018,40.71899570864221,-73.99627357824127,40.719171199999984,-73.9961219,33.23,53.4,2018,2018
1004700030,210 GRAND STREET,dTm4tocDY6XeANRKzZAw4w,2022-07,2022,40.71900008171507,-73.99629590556056,40.719171199999984,-73.9961219,37.62,53.4,2022,2022
1004700030,210 GRAND STREET,QgbAanLv5cexRdZc4G4_Mg,2024-09,2024,40.71898824995737,-73.99625555498166,40.719171199999984,-73.9961219,28.97,53.4,2026,2024
1004700031,208 GRAND STREET,SsPeq2bcBX-nNG8-SSeKzw,2012-07,2012,40.71919448114469,-73.99644233325662,40.719195900000024,-73.9961977,89.56,42.28,2007,2012
1004700031,208 GRAND STREET,SsPeq2bcBX-nNG8-SSeKzw,2012-07,2012,40.71919448114469,-73.99644233325662,40.719195900000024,-73.9961977,89.56,42.28,2011,2012
1004700031,208 GRAND STREET,CIHM0ogKEICAgICE7_jLdw,2016-05,2016,40.71921160695993,-73.99645246572626,40.719195900000024,-73.9961977,94.65,42.28,2014,2016
1004700031,208 GRAND STREET,oAV43epQ_znQq3IFlGCGtA,2017-11,2017,40.71918780941813,-73.9964367738483,40.719195900000024,-73.9961977,87.44,42.28,2018,2017
1004700031,208 GRAND STREET,MLORYUKpiTccpMlQmrcfpg,2022-07,2022,40.71921966041972,-73.99641830226459,40.719195900000024,-73.9961977,98.09,42.28,2022,2022
1004700031,208 GRAND STREET,ur_yp8PpE6-QHZvI1xV7MA,2024-11,2024,40.71919484355694,-73.99643318713315,40.719195900000024,-73.9961977,89.66,42.28,2026,2024
1004700032,206 GRAND STREET,SsPeq2bcBX-nNG8-SSeKzw,2012-07,2012,40.71919448114469,-73.99644233325662,40.71922610000001,-73.9962807,75.53,17.04,2007,2012
1004700032,206 GRAND STREET,SsPeq2bcBX-nNG8-SSeKzw,2012-07,2012,40.71919448114469,-73.99644233325662,40.71922610000001,-73.9962807,75.53,17.04,2011,2012
1004700032,206 GRAND STREET,CIHM0ogKEICAgICE7_jLdw,2016-05,2016,40.71921160695993,-73.99645246572626,40.71922610000001,-73.9962807,83.65,17.04,2014,2016
1004700032,206 GRAND STREET,oAV43epQ_znQq3IFlGCGtA,2017-11,2017,40.71918780941813,-73.9964367738483,40.71922610000001,-73.9962807,72.06,17.04,2018,2017
1004700032,206 GRAND STREET,MLORYUKpiTccpMlQmrcfpg,2022-07,2022,40.71921966041972,-73.99641830226459,40.71922610000001,-73.9962807,86.47,17.04,2022,2022
1004700032,206 GRAND STREET,ur_yp8PpE6-QHZvI1xV7MA,2024-11,2024,40.71919484355694,-73.99643318713315,40.71922610000001,-73.9962807,74.87,17.04,2026,2024
1004700037,116 ELIZABETH STREET,-JYV5iKx2St1CCPgdzyatQ,2016-11,2016,40.71920208127008,-73.99553587856306,40.71908059999999,-73.9953031,124.55,54.51,2007,2016
1004700037,116 ELIZABETH STREET,-JYV5iKx2St1CCPgdzyatQ,2016-11,2016,40.71920208127008,-73.99553587856306,40.71908059999999,-73.9953031,124.55,54.51,2011,2016
1004700037,116 ELIZABETH STREET,-JYV5iKx2St1CCPgdzyatQ,2016-11,2016,40.71920208127008,-73.99553587856306,40.71908059999999,-73.9953031,124.55,54.51,2014,2016
1004700037,116 ELIZABETH STREET,-JYV5iKx2St1CCPgdzyatQ,2016-11,2016,40.71920208127008,-73.99553587856306,40.71908059999999,-73.9953031,124.55,54.51,2018,2016
1004700037,116 ELIZABETH STREET,-JYV5iKx2St1CCPgdzyatQ,2016-11,2016,40.71920208127008,-73.99553587856306,40.71908059999999,-73.9953031,124.55,54.51,2022,2016
1004700037,116 ELIZABETH STREET,-JYV5iKx2St1CCPgdzyatQ,2016-11,2016,40.71920208127008,-73.99553587856306,40.71908059999999,-73.9953031,124.55,54.51,2026,2016
1004700038,118 ELIZABETH STREET,-JYV5iKx2St1CCPgdzyatQ,2016-11,2016,40.71920208127008,-73.99553587856306,40.71914639999999,-73.9952778,105.89,53.95,2007,2016
1004700038,118 ELIZABETH STREET,-JYV5iKx2St1CCPgdzyatQ,2016-11,2016,40.71920208127008,-73.99553587856306,40.71914639999999,-73.9952778,105.89,53.95,2011,2016
1004700038,118 ELIZABETH STREET,-JYV5iKx2St1CCPgdzyatQ,2016-11,2016,40.71920208127008,-73.99553587856306,40.71914639999999,-73.9952778,105.89,53.95,2014,2016
1004700038,118 ELIZABETH STREET,-JYV5iKx2St1CCPgdzyatQ,2016-11,2016,40.71920208127008,-73.99553587856306,40.71914639999999,-73.9952778,105.89,53.95,2018,2016
1004700038,118 ELIZABETH STREET,-JYV5iKx2St1CCPgdzyatQ,2016-11,2016,40.71920208127008,-73.99553587856306,40.71914639999999,-73.9952778,105.89,53.95,2022,2016
1004700038,118 ELIZABETH STREET,-JYV5iKx2St1CCPgdzyatQ,2016-11,2016,40.71920208127008,-73.99553587856306,40.71914639999999,-73.9952778,105.89,53.95,2026,2016
1004700039,120 ELIZABETH STREET,J_e0Ow2V1bUAztvmv-IlBA,2012-07,2012,40.71929565314232,-73.99550745371009,40.7192123,-73.9952489,113.04,54.34,2007,2012
1004700039,120 ELIZABETH STREET,J_e0Ow2V1bUAztvmv-IlBA,2012-07,2012,40.71929565314232,-73.99550745371009,40.7192123,-73.9952489,113.04,54.34,2011,2012
1004700039,120 ELIZABETH STREET,gJAjjS5bJzUBnQgQb76cig,2014-09,2014,40.71930581890282,-73.99548925104179,40.7192123,-73.9952489,117.17,54.34,2014,2014
1004700039,120 ELIZABETH STREET,v6dZHqC1j_aN-GquOvcr4A,2021-07,2021,40.71930309777865,-73.99549346545284,40.7192123,-73.9952489,116.1,54.34,2018,2021
1004700039,120 ELIZABETH STREET,Rg2Ap4JKnDhZey8ehrxJQQ,2022-07,2022,40.71930400552125,-73.99549507948257,40.7192123,-73.9952489,116.17,54.34,2022,2022
1004700039,120 ELIZABETH STREET,Rg2Ap4JKnDhZey8ehrxJQQ,2022-07,2022,40.71930400552125,-73.99549507948257,40.7192123,-73.9952489,116.17,54.34,2026,2022
1004700042,126 ELIZABETH STREET,tSsHr700HE3O6atPC8wN1A,2014-09,2014,40.71951561273725,-73.9954075631839,40.719415400000024,-73.9951696,119.06,52.96,2007,2014
1004700042,126 ELIZABETH STREET,tSsHr700HE3O6atPC8wN1A,2014-09,2014,40.71951561273725,-73.9954075631839,40.719415400000024,-73.9951696,119.06,52.96,2011,2014
1004700042,126 ELIZABETH STREET,tSsHr700HE3O6atPC8wN1A,2014-09,2014,40.71951561273725,-73.9954075631839,40.719415400000024,-73.9951696,119.06,52.96,2014,2014
1004700042,126 ELIZABETH STREET,s-GsGlFI8zAye5VQ2nomDQ,2021-07,2021,40.71947406504194,-73.99542307580943,40.719415400000024,-73.9951696,106.98,52.96,2018,2021
1004700042,126 ELIZABETH STREET,giODNzDmZncHxp_XA05D3g,2023-04,2023,40.71950871596736,-73.99541052223975,40.719415400000024,-73.9951696,117.07,52.96,2022,2023
1004700042,126 ELIZABETH STREET,giODNzDmZncHxp_XA05D3g,2023-04,2023,40.71950871596736,-73.99541052223975,40.719415400000024,-73.9951696,117.07,52.96,2026,2023
1004700044,353 BROOME STREET,WYELqHv_YUTj199R2qlQtg,2009-09,2009,40.71968790922894,-73.99534336062793,40.7196762,-73.9952092,96.57,13.8,2007,2009
1004700044,353 BROOME STREET,URUqrG73aiF8jdjPBkDp9A,2012-07,2012,40.71969527163184,-73.99534847172605,40.7196762,-73.9952092,100.24,13.8,2011,2012
1004700044,353 BROOME STREET,URUqrG73aiF8jdjPBkDp9A,2012-07,2012,40.71969527163184,-73.99534847172605,40.7196762,-73.9952092,100.24,13.8,2014,2012
1004700044,353 BROOME STREET,iTG8S6mQ1zZofEK_Vvdq0w,2019-06,2019,40.71968194876951,-73.99534228460725,40.7196762,-73.9952092,93.26,13.8,2018,2019
1004700044,353 BROOME STREET,qRWR-b3rSGQMxQRsdRtJxw,2023-04,2023,40.71968411993544,-73.9953400428975,40.7196762,-73.9952092,94.57,13.8,2022,2023
1004700044,353 BROOME STREET,qRWR-b3rSGQMxQRsdRtJxw,2023-04,2023,40.71968411993544,-73.9953400428975,40.7196762,-73.9952092,94.57,13.8,2026,2023
1004700050,146 BOWERY,CfoQM_amXtz5s__YMQFatg,2009-04,2009,40.71968575878862,-73.9947862501157,40.71952519999999,-73.9949567,218.82,46.76,2007,2009
1004700050,146 BOWERY,hCQXHWTfMxBtpzOBluXd5w,2012-08,2012,40.71969192094593,-73.99480310782114,40.71952519999999,-73.9949567,214.92,46.76,2011,2012
1004700050,146 BOWERY,SwdwmTmppEMYFgaDI4fSwQ,2014-09,2014,40.71970243155403,-73.99480382517027,40.71952519999999,-73.9949567,213.17,46.76,2014,2014
1004700050,146 BOWERY,gvao103M7usGXpRst7TKZw,2019-10,2019,40.71968816716272,-73.99479844505169,40.71952519999999,-73.9949567,216.35,46.76,2018,2019
1004700050,146 BOWERY,aV3LB0dEYqzXp_RM0KpGuw,2022-07,2022,40.71968921477816,-73.99481646844833,40.71952519999999,-73.9949567,212.94,46.76,2022,2022
1004700050,146 BOWERY,U3YZmLFouzxSj-Cele2G3A,2026-04,2026,40.71967217060367,-73.99477925596088,40.71952519999999,-73.9949567,222.46,46.76,2026,2026
1004700052,144 BOWERY,FRnDN2HCqKNwKuiKndXQVw,2009-04,2009,40.71930293398003,-73.99452647986098,40.71936869999999,-73.9947836,288.65,52.95,2007,2009
1004700052,144 BOWERY,uJWr8vvDzSoDWVUIxBoJHQ,2012-08,2012,40.71933062621934,-73.99451751298363,40.71936869999999,-73.9947836,280.69,52.95,2011,2012
1004700052,144 BOWERY,XSiL9knTlel7TgWHN0pXXA,2014-06,2014,40.71928621548565,-73.99452719721114,40.71936869999999,-73.9947836,293.0,52.95,2014,2014
1004700052,144 BOWERY,Z697OOaQ_4MIEiJxvrqdQQ,2019-06,2019,40.71931035168177,-73.99448837062936,40.71936869999999,-73.9947836,284.62,52.95,2018,2019
1004700052,144 BOWERY,8KslpNE9B82nbfjDECJUXw,2022-07,2022,40.71931008507695,-73.99452531416695,40.71936869999999,-73.9947836,286.67,52.95,2022,2022
1004700052,144 BOWERY,AwFzYci4eP6tZgLYGfU7WA,2026-04,2026,40.71931565088596,-73.99451562993933,40.71936869999999,-73.9947836,284.64,52.95,2026,2026
1004700053,138 BOWERY,gTmKq2p9gRkNUVEhtoeFzA,2009-04,2009,40.71913110868712,-73.99459453844638,40.7192315,-73.9948557,296.89,56.74,2007,2009
1004700053,138 BOWERY,FmooUERoTNTk-bLuqYGJ_Q,2012-08,2012,40.71911842636823,-73.99460350532013,40.7192315,-73.9948557,300.61,56.74,2011,2012
1004700053,138 BOWERY,Z6rMrT3QQeeDE_ES0WyRHw,2014-06,2014,40.71911985029099,-73.9945901446781,40.7192315,-73.9948557,299.02,56.74,2014,2014
1004700053,138 BOWERY,dkqRzkQnqbLFIy308n_vSw,2017-11,2017,40.71912832623502,-73.99456109200361,40.7192315,-73.9948557,294.8,56.74,2018,2017
1004700053,138 BOWERY,MQhOthoF573Hf-zuPoy7Lw,2022-07,2022,40.71913667232906,-73.99459122070299,40.7192315,-73.9948557,295.32,56.74,2022,2022
1004700053,138 BOWERY,BjjYuh_nHT1uvX9hY1ZuLw,2026-04,2026,40.71912721543374,-73.99456602378508,40.7192315,-73.9948557,295.41,56.74,2026,2026
1004700058,136 BOWERY,oNwHJ_ydHtfKhRcWDERbVQ,2009-04,2009,40.71904470223424,-73.99463040593885,40.7190943,-73.9949098,283.18,55.77,2007,2009
1004700058,136 BOWERY,lBgilwYGu1SihtcOTIdT_g,2012-08,2012,40.71907701849751,-73.99462000436672,40.7190943,-73.9949098,274.5,55.77,2011,2012
1004700058,136 BOWERY,Iy3N77ys0uaLHWUO_PFazg,2014-06,2014,40.71900897156348,-73.99462843322694,40.7190943,-73.9949098,291.81,55.77,2014,2014
1004700058,136 BOWERY,sYU_jx3KoRmAXZGxTXKmoA,2019-06,2019,40.7190252731472,-73.99459552480252,40.7190943,-73.9949098,286.16,55.77,2018,2019
1004700058,136 BOWERY,rZvUPYJjRrAguctFirMHqA,2022-07,2022,40.71904580077425,-73.99461794198598,40.7190943,-73.9949098,282.37,55.77,2022,2022
1004700058,136 BOWERY,MbGhebVOlqglUMF2JE8SFA,2026-04,2026,40.71903823131569,-73.99459382109646,40.7190943,-73.9949098,283.18,55.77,2026,2026
1004700059,134 BOWERY,UdEUCOh9msoFxalMHY_eyg,2009-04,2009,40.71895671339345,-73.99466734944907,40.7190284,-73.9949387,289.22,56.08,2007,2009
1004700059,134 BOWERY,jqNqODJ3qBy9KR1VU4L0Nw,2012-08,2012,40.71891883425602,-73.99468160677273,40.7190284,-73.9949387,299.35,56.08,2011,2012
1004700059,134 BOWERY,jaD6mBZSixwn9R1ocyHC7Q,2014-06,2014,40.71897227212643,-73.99464143519144,40.7190284,-73.9949387,283.99,56.08,2014,2014
1004700059,134 BOWERY,5PgOS0rYI--Dee4TRS0jfg,2019-06,2019,40.71894042594433,-73.99463175096969,40.7190284,-73.9949387,290.71,56.08,2018,2019
1004700059,134 BOWERY,EMZMavcI8sS5u_Mp-s6UiQ,2022-07,2022,40.71895307889026,-73.9946433182345,40.7190284,-73.9949387,288.6,56.08,2022,2022
1004700059,134 BOWERY,CNoxpNLDVGK2cvbmA-Kmpg,2026-04,2026,40.71894387588541,-73.99462735720225,40.7190284,-73.9949387,289.71,56.08,2026,2026
1004700060,132 BOWERY,8wUSQJd51JCELeSVJ-Gfgw,2009-04,2009,40.71886238024771,-73.99466062429605,40.7189625,-73.994964,293.53,55.44,2007,2009
1004700060,132 BOWERY,K7_KCvupN_gg216Vh3JXVA,2012-08,2012,40.71885271528983,-73.99470841771179,40.7189625,-73.994964,299.54,55.44,2011,2012
1004700060,132 BOWERY,eOWtb2-g5ji0vYqUU8mlcg,2014-06,2014,40.71885937890433,-73.99467030851633,40.7189625,-73.994964,294.86,55.44,2014,2014
1004700060,132 BOWERY,gFIkO-SvZMrGZOhV53oKKA,2019-06,2019,40.71884598171735,-73.99467263990263,40.7189625,-73.994964,297.82,55.44,2018,2019
1004700060,132 BOWERY,fuSk_MH7o2bL4bs4-a8KGg,2022-07,2022,40.71886376509169,-73.99467730267513,40.7189625,-73.994964,294.44,55.44,2022,2022
1004700060,132 BOWERY,1A2qJxRUE3DHTxYjoQfrKg,2026-04,2026,40.71884438722839,-73.9946661837559,40.7189625,-73.994964,297.62,55.44,2026,2026
1004700061,130 BOWERY,0l7YiNsEzz6YEDkrOEaa5Q,2009-04,2009,40.71872352145729,-73.99548396061077,40.7188939,-73.995249,46.27,58.88,2007,2009
1004700061,130 BOWERY,wgut5-ElHPoxuDV1gmIc4g,2011-06,2011,40.71873646407108,-73.99547257273335,40.7188939,-73.995249,47.1,58.88,2011,2011
1004700061,130 BOWERY,x5A47L8ma21lJ33B_LuTGg,2014-09,2014,40.7187118351559,-73.99550261162116,40.7188939,-73.995249,46.55,58.88,2014,2014
1004700061,130 BOWERY,X1MEsKPNzPCDFGzL436JcQ,2018-07,2018,40.71870969269916,-73.99544495488608,40.7188939,-73.995249,38.88,58.88,2018,2018
1004700061,130 BOWERY,RB1lhDY1uBBp9QDTB_ZuXg,2022-07,2022,40.71870444252463,-73.99544782427299,40.7188939,-73.995249,38.5,58.88,2022,2022
1004700061,130 BOWERY,UZ7Fqa5lEqsV0QWip2zOYg,2026-04,2026,40.71871563479081,-73.99545015564982,40.7188939,-73.995249,40.54,58.88,2026,2026
1004700064,124 BOWERY,-wt_XCchjk-4xxW2Cr1F1g,2009-04,2009,40.71861191276141,-73.99515012515161,40.7187265,-73.9950542,32.39,29.74,2007,2009
1004700064,124 BOWERY,bazRg0mjZxyN7gcZI8kIyQ,2011-06,2011,40.71857984796786,-73.99509103361439,40.7187265,-73.9950542,10.78,29.74,2011,2011
1004700064,124 BOWERY,4CPXLw97h2DgVQ3_c0nzlQ,2014-09,2014,40.71859549909897,-73.99516841752059,40.7187265,-73.9950542,33.46,29.74,2014,2014
1004700064,124 BOWERY,XqUIVwaoBP7CV9SWUd-zKg,2018-07,2018,40.71860890798298,-73.99514223432521,40.7187265,-73.9950542,29.57,29.74,2018,2018
1004700064,124 BOWERY,q8rUaABIUJ1AgZYGl-TMdw,2022-07,2022,40.71858061010426,-73.99509587571372,40.7187265,-73.9950542,12.22,29.74,2022,2022
1004700064,124 BOWERY,Lm8Ikeece9fy8qXA_8VqHg,2026-04,2026,40.7186000843957,-73.99511990687157,40.7187265,-73.9950542,21.5,29.74,2026,2026
1004707501,122 ELIZABETH STREET,v7Wk8KG_bZXiZuEZo5uvBw,2009-09,2009,40.71936666775319,-73.99547633880312,40.7193111,-73.9952056,105.15,54.92,2007,2009
1004707501,122 ELIZABETH STREET,retC-_xXia_IKGErWZAGaQ,2012-07,2012,40.7193846413667,-73.99547436609991,40.7193111,-73.9952056,109.85,54.92,2011,2012
1004707501,122 ELIZABETH STREET,OYFcSs-qr1w7nR1z6Hdi7w,2016-11,2016,40.71937016160143,-73.99546799964853,40.7193111,-73.9952056,106.54,54.92,2014,2016
1004707501,122 ELIZABETH STREET,OYFcSs-qr1w7nR1z6Hdi7w,2016-11,2016,40.71937016160143,-73.99546799964853,40.7193111,-73.9952056,106.54,54.92,2018,2016
1004707501,122 ELIZABETH STREET,OYFcSs-qr1w7nR1z6Hdi7w,2016-11,2016,40.71937016160143,-73.99546799964853,40.7193111,-73.9952056,106.54,54.92,2022,2016
1004707501,122 ELIZABETH STREET,OYFcSs-qr1w7nR1z6Hdi7w,2016-11,2016,40.71937016160143,-73.99546799964853,40.7193111,-73.9952056,106.54,54.92,2026,2016
1004710001,1 CENTRE MARKET PLACE,YqOsE_b2c0NMxQpkL5TrJg,2009-04,2009,40.71951582594169,-73.99781326049627,40.719808,-73.99772,13.6,88.98,2007,2009
1004710001,1 CENTRE MARKET PLACE,J5Bjz45bKZClOqnez3IZ4w,2011-08,2011,40.71952366129884,-73.99782330322618,40.719808,-73.99772,15.4,88.98,2011,2011
1004710001,1 CENTRE MARKET PLACE,hPp36mztOsZzriId5l2uog,2014-09,2014,40.71950254364742,-73.99780097608487,40.719808,-73.99772,11.36,88.98,2014,2014
1004710001,1 CENTRE MARKET PLACE,PZyEJYgAP1PYFxWWbsgvkw,2018-07,2018,40.71951913168935,-73.99783657397562,40.719808,-73.99772,17.01,88.98,2018,2018
1004710001,1 CENTRE MARKET PLACE,2pFUTv-C6uxrxZ3htfknMw,2022-07,2022,40.71951821727966,-73.99783863632172,40.719808,-73.99772,17.24,88.98,2022,2022
1004710001,1 CENTRE MARKET PLACE,lPBSip1JNHWnL3Mp8XniYA,2026-04,2026,40.71951929611775,-73.99783720164618,40.719808,-73.99772,17.1,88.98,2026,2026
1004710002,2 CENTRE MARKET PLACE,YqOsE_b2c0NMxQpkL5TrJg,2009-04,2009,40.71951582594169,-73.99781326049627,40.719851899999995,-73.9976912,15.39,106.82,2007,2009
1004710002,2 CENTRE MARKET PLACE,J5Bjz45bKZClOqnez3IZ4w,2011-08,2011,40.71952366129884,-73.99782330322618,40.719851899999995,-73.9976912,16.96,106.82,2011,2011
1004710002,2 CENTRE MARKET PLACE,hPp36mztOsZzriId5l2uog,2014-09,2014,40.71950254364742,-73.99780097608487,40.719851899999995,-73.9976912,13.4,106.82,2014,2014
1004710002,2 CENTRE MARKET PLACE,PZyEJYgAP1PYFxWWbsgvkw,2018-07,2018,40.71951913168935,-73.99783657397562,40.719851899999995,-73.9976912,18.32,106.82,2018,2018
1004710002,2 CENTRE MARKET PLACE,2pFUTv-C6uxrxZ3htfknMw,2022-07,2022,40.71951821727966,-73.99783863632172,40.719851899999995,-73.9976912,18.51,106.82,2022,2022
1004710002,2 CENTRE MARKET PLACE,lPBSip1JNHWnL3Mp8XniYA,2026-04,2026,40.71951929611775,-73.99783720164618,40.719851899999995,-73.9976912,18.4,106.82,2026,2026
1004710003,3 CENTRE MARKET PLACE,YqOsE_b2c0NMxQpkL5TrJg,2009-04,2009,40.71951582594169,-73.99781326049627,40.7198931,-73.9976659,16.49,123.38,2007,2009
1004710003,3 CENTRE MARKET PLACE,J5Bjz45bKZClOqnez3IZ4w,2011-08,2011,40.71952366129884,-73.99782330322618,40.7198931,-73.9976659,17.9,123.38,2011,2011
1004710003,3 CENTRE MARKET PLACE,hPp36mztOsZzriId5l2uog,2014-09,2014,40.71950254364742,-73.99780097608487,40.7198931,-73.9976659,14.69,123.38,2014,2014
1004710003,3 CENTRE MARKET PLACE,PZyEJYgAP1PYFxWWbsgvkw,2018-07,2018,40.71951913168935,-73.99783657397562,40.7198931,-73.9976659,19.08,123.38,2018,2018
1004710003,3 CENTRE MARKET PLACE,2pFUTv-C6uxrxZ3htfknMw,2022-07,2022,40.71951821727966,-73.99783863632172,40.7198931,-73.9976659,19.25,123.38,2022,2022
1004710003,3 CENTRE MARKET PLACE,lPBSip1JNHWnL3Mp8XniYA,2026-04,2026,40.71951929611775,-73.99783720164618,40.7198931,-73.9976659,19.15,123.38,2026,2026
1004710004,4 CENTRE MARKET PLACE,PqHSCY_P_GbX1RyPEQxjCw,2021-08,2021,40.71981994781934,-73.99711376512965,40.71994799999999,-73.9976407,287.78,133.85,2007,2021
1004710004,4 CENTRE MARKET PLACE,PqHSCY_P_GbX1RyPEQxjCw,2021-08,2021,40.71981994781934,-73.99711376512965,40.71994799999999,-73.9976407,287.78,133.85,2011,2021
1004710004,4 CENTRE MARKET PLACE,PqHSCY_P_GbX1RyPEQxjCw,2021-08,2021,40.71981994781934,-73.99711376512965,40.71994799999999,-73.9976407,287.78,133.85,2014,2021
1004710004,4 CENTRE MARKET PLACE,PqHSCY_P_GbX1RyPEQxjCw,2021-08,2021,40.71981994781934,-73.99711376512965,40.71994799999999,-73.9976407,287.78,133.85,2018,2021
1004710004,4 CENTRE MARKET PLACE,PqHSCY_P_GbX1RyPEQxjCw,2021-08,2021,40.71981994781934,-73.99711376512965,40.71994799999999,-73.9976407,287.78,133.85,2022,2021
1004710004,4 CENTRE MARKET PLACE,PqHSCY_P_GbX1RyPEQxjCw,2021-08,2021,40.71981994781934,-73.99711376512965,40.71994799999999,-73.9976407,287.78,133.85,2026,2021
1004710005,5 CENTRE MARKET PLACE,goGRmw_pXU9uz8aZOtCIjA,2021-08,2021,40.71990703781439,-73.99708058812921,40.72001390000001,-73.9976082,284.96,132.21,2007,2021
1004710005,5 CENTRE MARKET PLACE,goGRmw_pXU9uz8aZOtCIjA,2021-08,2021,40.71990703781439,-73.99708058812921,40.72001390000001,-73.9976082,284.96,132.21,2011,2021
1004710005,5 CENTRE MARKET PLACE,goGRmw_pXU9uz8aZOtCIjA,2021-08,2021,40.71990703781439,-73.99708058812921,40.72001390000001,-73.9976082,284.96,132.21,2014,2021
1004710005,5 CENTRE MARKET PLACE,goGRmw_pXU9uz8aZOtCIjA,2021-08,2021,40.71990703781439,-73.99708058812921,40.72001390000001,-73.9976082,284.96,132.21,2018,2021
1004710005,5 CENTRE MARKET PLACE,goGRmw_pXU9uz8aZOtCIjA,2021-08,2021,40.71990703781439,-73.99708058812921,40.72001390000001,-73.9976082,284.96,132.21,2022,2021
1004710005,5 CENTRE MARKET PLACE,goGRmw_pXU9uz8aZOtCIjA,2021-08,2021,40.71990703781439,-73.99708058812921,40.72001390000001,-73.9976082,284.96,132.21,2026,2021
1004710006,6 CENTRE MARKET PLACE,apXeJin1EpmBzl_HVYG2qA,2010-05,2010,40.72001553387422,-73.99722602888315,40.720077,-73.9975685,283.32,128.36,2007,2010
1004710006,6 CENTRE MARKET PLACE,apXeJin1EpmBzl_HVYG2qA,2010-05,2010,40.72001553387422,-73.99722602888315,40.720077,-73.9975685,283.32,128.36,2011,2010
1004710006,6 CENTRE MARKET PLACE,apXeJin1EpmBzl_HVYG2qA,2010-05,2010,40.72001553387422,-73.99722602888315,40.720077,-73.9975685,283.32,128.36,2014,2010
1004710006,6 CENTRE MARKET PLACE,apXeJin1EpmBzl_HVYG2qA,2010-05,2010,40.72001553387422,-73.99722602888315,40.720077,-73.9975685,283.32,128.36,2018,2010
1004710006,6 CENTRE MARKET PLACE,apXeJin1EpmBzl_HVYG2qA,2010-05,2010,40.72001553387422,-73.99722602888315,40.720077,-73.9975685,283.32,128.36,2022,2010
1004710006,6 CENTRE MARKET PLACE,apXeJin1EpmBzl_HVYG2qA,2010-05,2010,40.72001553387422,-73.99722602888315,40.720077,-73.9975685,283.32,128.36,2026,2010
1004710007,7 CENTRE MARKET PLACE,flO7sdMeVt3-pe4t2zr1QA,2010-04,2010,40.72006354138448,-73.99718585783515,40.7201374,-73.997536,285.55,126.13,2007,2010
1004710007,7 CENTRE MARKET PLACE,flO7sdMeVt3-pe4t2zr1QA,2010-04,2010,40.72006354138448,-73.99718585783515,40.7201374,-73.997536,285.55,126.13,2011,2010
1004710007,7 CENTRE MARKET PLACE,flO7sdMeVt3-pe4t2zr1QA,2010-04,2010,40.72006354138448,-73.99718585783515,40.7201374,-73.997536,285.55,126.13,2014,2010
1004710007,7 CENTRE MARKET PLACE,flO7sdMeVt3-pe4t2zr1QA,2010-04,2010,40.72006354138448,-73.99718585783515,40.7201374,-73.997536,285.55,126.13,2018,2010
1004710007,7 CENTRE MARKET PLACE,flO7sdMeVt3-pe4t2zr1QA,2010-04,2010,40.72006354138448,-73.99718585783515,40.7201374,-73.997536,285.55,126.13,2022,2010
1004710007,7 CENTRE MARKET PLACE,flO7sdMeVt3-pe4t2zr1QA,2010-04,2010,40.72006354138448,-73.99718585783515,40.7201374,-73.997536,285.55,126.13,2026,2010
1004710008,8 CENTRE MARKET PLACE,IqVVCaXJ84UUSwrCrloZng,2009-04,2009,40.7200521936217,-73.99702391821248,40.72018680000001,-73.9974531,292.48,109.38,2007,2009
1004710008,8 CENTRE MARKET PLACE,I9BmEqF9QHkstLzaefZizA,2011-07,2011,40.72002431463358,-73.99702624957014,40.72018680000001,-73.9974531,296.67,109.38,2011,2011
1004710008,8 CENTRE MARKET PLACE,ux0LWOPGrXCMvakapFP2RA,2014-09,2014,40.72005282653677,-73.99701880715904,40.72018680000001,-73.9974531,292.15,109.38,2014,2014
1004710008,8 CENTRE MARKET PLACE,Ci3HxbLB9aZM2REINg-GTQ,2019-06,2019,40.72001739648469,-73.99702373887726,40.72018680000001,-73.9974531,297.5,109.38,2018,2019
1004710008,8 CENTRE MARKET PLACE,lLfPtG_GdG7Xhd-xzMxsyQ,2022-07,2022,40.72001965200581,-73.99703485765973,40.72018680000001,-73.9974531,297.8,109.38,2022,2022
1004710008,8 CENTRE MARKET PLACE,4Scr-sZEzJ8jEFAO8plf3w,2023-04,2023,40.72004947826142,-73.99702391821248,40.72018680000001,-73.9974531,292.89,109.38,2026,2023
1004710011,391 BROOME STREET,YvF6wQIfiCuTPr2iSGkh3A,2013-08,2013,40.72029584590059,-73.9969219661207,40.72038990000001,-73.9973196,287.33,95.48,2007,2013
1004710011,391 BROOME STREET,YvF6wQIfiCuTPr2iSGkh3A,2013-08,2013,40.72029584590059,-73.9969219661207,40.72038990000001,-73.9973196,287.33,95.48,2011,2013
1004710011,391 BROOME STREET,mCu_pRMXVcfHnBt9QFtAPQ,2014-09,2014,40.72033263230283,-73.9969085159726,40.72038990000001,-73.9973196,280.42,95.48,2014,2014
1004710011,391 BROOME STREET,bYrszCdgLOtrnJ2wtQeuDg,2019-06,2019,40.72031767333199,-73.99690887464324,40.72038990000001,-73.9973196,283.06,95.48,2018,2019
1004710011,391 BROOME STREET,swqMsRoYir3nCwHsdkhDYg,2022-07,2022,40.72031800419589,-73.9969191864235,40.72038990000001,-73.9973196,283.33,95.48,2022,2022
1004710011,391 BROOME STREET,TMY9U653QMrv1IerUGkIow,2023-04,2023,40.72031247870267,-73.99692277312954,40.72038990000001,-73.9973196,284.44,95.48,2026,2023
1004710013,389 BROOME STREET,YvF6wQIfiCuTPr2iSGkh3A,2013-08,2013,40.72029584590059,-73.9969219661207,40.720356900000006,-73.997132,290.98,42.23,2007,2013
1004710013,389 BROOME STREET,YvF6wQIfiCuTPr2iSGkh3A,2013-08,2013,40.72029584590059,-73.9969219661207,40.720356900000006,-73.997132,290.98,42.23,2011,2013
1004710013,389 BROOME STREET,mCu_pRMXVcfHnBt9QFtAPQ,2014-09,2014,40.72033263230283,-73.9969085159726,40.720356900000006,-73.997132,278.15,42.23,2014,2014
1004710013,389 BROOME STREET,bYrszCdgLOtrnJ2wtQeuDg,2019-06,2019,40.72031767333199,-73.99690887464324,40.720356900000006,-73.997132,283.06,42.23,2018,2019
1004710013,389 BROOME STREET,swqMsRoYir3nCwHsdkhDYg,2022-07,2022,40.72031800419589,-73.9969191864235,40.720356900000006,-73.997132,283.56,42.23,2022,2022
1004710013,389 BROOME STREET,TMY9U653QMrv1IerUGkIow,2023-04,2023,40.72031247870267,-73.99692277312954,40.720356900000006,-73.997132,285.65,42.23,2026,2023
1004710014,387 BROOME STREET,YvF6wQIfiCuTPr2iSGkh3A,2013-08,2013,40.72029584590059,-73.9969219661207,40.720324000000005,-73.997049,286.3,16.73,2007,2013
1004710014,387 BROOME STREET,YvF6wQIfiCuTPr2iSGkh3A,2013-08,2013,40.72029584590059,-73.9969219661207,40.720324000000005,-73.997049,286.3,16.73,2011,2013
1004710014,387 BROOME STREET,mCu_pRMXVcfHnBt9QFtAPQ,2014-09,2014,40.72033263230283,-73.9969085159726,40.720324000000005,-73.997049,265.36,16.73,2014,2014
1004710014,387 BROOME STREET,bYrszCdgLOtrnJ2wtQeuDg,2019-06,2019,40.72031767333199,-73.99690887464324,40.720324000000005,-73.997049,273.41,16.73,2018,2019
1004710014,387 BROOME STREET,swqMsRoYir3nCwHsdkhDYg,2022-07,2022,40.72031800419589,-73.9969191864235,40.720324000000005,-73.997049,273.49,16.73,2022,2022
1004710014,387 BROOME STREET,TMY9U653QMrv1IerUGkIow,2023-04,2023,40.72031247870267,-73.99692277312954,40.720324000000005,-73.997049,276.87,16.73,2026,2023
1004710015,175 MULBERRY STREET,4XURL-tAYoyYL35gR-05Yw,2009-04,2009,40.72012137499981,-73.99699423823357,40.72017849999999,-73.9972005,290.07,41.5,2007,2009
1004710015,175 MULBERRY STREET,nhS4BiNQ8XgTzjGRuYdByQ,2011-07,2011,40.72013156399363,-73.99698258144302,40.72017849999999,-73.9972005,285.86,41.5,2011,2011
1004710015,175 MULBERRY STREET,tWK7aIwZc4S0JfFq0hDnrA,2013-08,2013,40.72013606242714,-73.99698132609629,40.72017849999999,-73.9972005,284.33,41.5,2014,2013
1004710015,175 MULBERRY STREET,wPUlAEl3ObZQM4VvkMDHvg,2019-06,2019,40.72010292671423,-73.99699020319076,40.72017849999999,-73.9972005,295.37,41.5,2018,2019
1004710015,175 MULBERRY STREET,5fpaPIbB7uyL2s7GrbUMLQ,2023-04,2023,40.72013592800378,-73.99699154820503,40.72017849999999,-73.9972005,285.05,41.5,2022,2023
1004710015,175 MULBERRY STREET,2073tooOXLHPIA76Qh0KzA,2024-05,2024,40.72008707287439,-73.99694223100869,40.72017849999999,-73.9972005,295.04,41.5,2026,2024
1004710016,173 MULBERRY STREET,IqVVCaXJ84UUSwrCrloZng,2009-04,2009,40.7200521936217,-73.99702391821248,40.7201072,-73.9972186,290.45,38.75,2007,2009
1004710016,173 MULBERRY STREET,I9BmEqF9QHkstLzaefZizA,2011-07,2011,40.72002431463358,-73.99702624957014,40.7201072,-73.9972186,299.62,38.75,2011,2011
1004710016,173 MULBERRY STREET,ux0LWOPGrXCMvakapFP2RA,2014-09,2014,40.72005282653677,-73.99701880715904,40.7201072,-73.9972186,289.75,38.75,2014,2014
1004710016,173 MULBERRY STREET,Ci3HxbLB9aZM2REINg-GTQ,2019-06,2019,40.72001739648469,-73.99702373887726,40.7201072,-73.9972186,301.3,38.75,2018,2019
1004710016,173 MULBERRY STREET,lLfPtG_GdG7Xhd-xzMxsyQ,2022-07,2022,40.72001965200581,-73.99703485765973,40.7201072,-73.9972186,302.16,38.75,2022,2022
1004710016,173 MULBERRY STREET,4Scr-sZEzJ8jEFAO8plf3w,2023-04,2023,40.72004947826142,-73.99702391821248,40.7201072,-73.9972186,291.37,38.75,2026,2023
1004710017,171 MULBERRY STREET,flO7sdMeVt3-pe4t2zr1QA,2010-04,2010,40.72006354138448,-73.99718585783515,40.72005779999999,-73.9972943,266.0,53.6,2007,2010
1004710017,171 MULBERRY STREET,flO7sdMeVt3-pe4t2zr1QA,2010-04,2010,40.72006354138448,-73.99718585783515,40.72005779999999,-73.9972943,266.0,53.6,2011,2010
1004710017,171 MULBERRY STREET,flO7sdMeVt3-pe4t2zr1QA,2010-04,2010,40.72006354138448,-73.99718585783515,40.72005779999999,-73.9972943,266.0,53.6,2014,2010
1004710017,171 MULBERRY STREET,flO7sdMeVt3-pe4t2zr1QA,2010-04,2010,40.72006354138448,-73.99718585783515,40.72005779999999,-73.9972943,266.0,53.6,2018,2010
1004710017,171 MULBERRY STREET,flO7sdMeVt3-pe4t2zr1QA,2010-04,2010,40.72006354138448,-73.99718585783515,40.72005779999999,-73.9972943,266.0,53.6,2022,2010
1004710017,171 MULBERRY STREET,flO7sdMeVt3-pe4t2zr1QA,2010-04,2010,40.72006354138448,-73.99718585783515,40.72005779999999,-73.9972943,266.0,53.6,2026,2010
1004710018,169 MULBERRY STREET,goGRmw_pXU9uz8aZOtCIjA,2021-08,2021,40.71990703781439,-73.99708058812921,40.7199919,-73.9973196,295.1,53.33,2007,2021
1004710018,169 MULBERRY STREET,goGRmw_pXU9uz8aZOtCIjA,2021-08,2021,40.71990703781439,-73.99708058812921,40.7199919,-73.9973196,295.1,53.33,2011,2021
1004710018,169 MULBERRY STREET,goGRmw_pXU9uz8aZOtCIjA,2021-08,2021,40.71990703781439,-73.99708058812921,40.7199919,-73.9973196,295.1,53.33,2014,2021
1004710018,169 MULBERRY STREET,goGRmw_pXU9uz8aZOtCIjA,2021-08,2021,40.71990703781439,-73.99708058812921,40.7199919,-73.9973196,295.1,53.33,2018,2021
1004710018,169 MULBERRY STREET,goGRmw_pXU9uz8aZOtCIjA,2021-08,2021,40.71990703781439,-73.99708058812921,40.7199919,-73.9973196,295.1,53.33,2022,2021
1004710018,169 MULBERRY STREET,goGRmw_pXU9uz8aZOtCIjA,2021-08,2021,40.71990703781439,-73.99708058812921,40.7199919,-73.9973196,295.1,53.33,2026,2021
1004710019,167 MULBERRY STREET,goGRmw_pXU9uz8aZOtCIjA,2021-08,2021,40.71990703781439,-73.99708058812921,40.71992600000001,-73.9973521,275.26,54.97,2007,2021
1004710019,167 MULBERRY STREET,goGRmw_pXU9uz8aZOtCIjA,2021-08,2021,40.71990703781439,-73.99708058812921,40.71992600000001,-73.9973521,275.26,54.97,2011,2021
1004710019,167 MULBERRY STREET,goGRmw_pXU9uz8aZOtCIjA,2021-08,2021,40.71990703781439,-73.99708058812921,40.71992600000001,-73.9973521,275.26,54.97,2014,2021
1004710019,167 MULBERRY STREET,goGRmw_pXU9uz8aZOtCIjA,2021-08,2021,40.71990703781439,-73.99708058812921,40.71992600000001,-73.9973521,275.26,54.97,2018,2021
1004710019,167 MULBERRY STREET,goGRmw_pXU9uz8aZOtCIjA,2021-08,2021,40.71990703781439,-73.99708058812921,40.71992600000001,-73.9973521,275.26,54.97,2022,2021
1004710019,167 MULBERRY STREET,goGRmw_pXU9uz8aZOtCIjA,2021-08,2021,40.71990703781439,-73.99708058812921,40.71992600000001,-73.9973521,275.26,54.97,2026,2021
1004710020,165 MULBERRY STREET,PqHSCY_P_GbX1RyPEQxjCw,2021-08,2021,40.71981994781934,-73.99711376512965,40.7198601,-73.9973773,281.37,54.68,2007,2021
1004710020,165 MULBERRY STREET,PqHSCY_P_GbX1RyPEQxjCw,2021-08,2021,40.71981994781934,-73.99711376512965,40.7198601,-73.9973773,281.37,54.68,2011,2021
1004710020,165 MULBERRY STREET,PqHSCY_P_GbX1RyPEQxjCw,2021-08,2021,40.71981994781934,-73.99711376512965,40.7198601,-73.9973773,281.37,54.68,2014,2021
1004710020,165 MULBERRY STREET,PqHSCY_P_GbX1RyPEQxjCw,2021-08,2021,40.71981994781934,-73.99711376512965,40.7198601,-73.9973773,281.37,54.68,2018,2021
1004710020,165 MULBERRY STREET,PqHSCY_P_GbX1RyPEQxjCw,2021-08,2021,40.71981994781934,-73.99711376512965,40.7198601,-73.9973773,281.37,54.68,2022,2021
1004710020,165 MULBERRY STREET,PqHSCY_P_GbX1RyPEQxjCw,2021-08,2021,40.71981994781934,-73.99711376512965,40.7198601,-73.9973773,281.37,54.68,2026,2021
1004710021,163 MULBERRY STREET,2ymaRTAVyhp2itVFQUUENQ,2021-08,2021,40.71973542132275,-73.99714640411908,40.7197943,-73.9974026,286.87,54.42,2007,2021
1004710021,163 MULBERRY STREET,2ymaRTAVyhp2itVFQUUENQ,2021-08,2021,40.71973542132275,-73.99714640411908,40.7197943,-73.9974026,286.87,54.42,2011,2021
1004710021,163 MULBERRY STREET,2ymaRTAVyhp2itVFQUUENQ,2021-08,2021,40.71973542132275,-73.99714640411908,40.7197943,-73.9974026,286.87,54.42,2014,2021
1004710021,163 MULBERRY STREET,2ymaRTAVyhp2itVFQUUENQ,2021-08,2021,40.71973542132275,-73.99714640411908,40.7197943,-73.9974026,286.87,54.42,2018,2021
1004710021,163 MULBERRY STREET,2ymaRTAVyhp2itVFQUUENQ,2021-08,2021,40.71973542132275,-73.99714640411908,40.7197943,-73.9974026,286.87,54.42,2022,2021
1004710021,163 MULBERRY STREET,2ymaRTAVyhp2itVFQUUENQ,2021-08,2021,40.71973542132275,-73.99714640411908,40.7197943,-73.9974026,286.87,54.42,2026,2021
1004710022,186 GRAND STREET,T-vIyz1REkl7amgNR11KqA,2021-08,2021,40.719472816998,-73.99725355680627,40.719582900000006,-73.9973413,328.86,15.77,2007,2021
1004710022,186 GRAND STREET,T-vIyz1REkl7amgNR11KqA,2021-08,2021,40.719472816998,-73.99725355680627,40.719582900000006,-73.9973413,328.86,15.77,2011,2021
1004710022,186 GRAND STREET,T-vIyz1REkl7amgNR11KqA,2021-08,2021,40.719472816998,-73.99725355680627,40.719582900000006,-73.9973413,328.86,15.77,2014,2021
1004710022,186 GRAND STREET,T-vIyz1REkl7amgNR11KqA,2021-08,2021,40.719472816998,-73.99725355680627,40.719582900000006,-73.9973413,328.86,15.77,2018,2021
1004710022,186 GRAND STREET,T-vIyz1REkl7amgNR11KqA,2021-08,2021,40.719472816998,-73.99725355680627,40.719582900000006,-73.9973413,328.86,15.77,2022,2021
1004710022,186 GRAND STREET,T-vIyz1REkl7amgNR11KqA,2021-08,2021,40.719472816998,-73.99725355680627,40.719582900000006,-73.9973413,328.86,15.77,2026,2021
1004710023,182 GRAND STREET,2rosUMGnBn-dmn-QDrkpGg,2021-08,2021,40.71965043198463,-73.99718056745097,40.7196241,-73.9974675,263.1,53.61,2007,2021
1004710023,182 GRAND STREET,2rosUMGnBn-dmn-QDrkpGg,2021-08,2021,40.71965043198463,-73.99718056745097,40.7196241,-73.9974675,263.1,53.61,2011,2021
1004710023,182 GRAND STREET,2rosUMGnBn-dmn-QDrkpGg,2021-08,2021,40.71965043198463,-73.99718056745097,40.7196241,-73.9974675,263.1,53.61,2014,2021
1004710023,182 GRAND STREET,2rosUMGnBn-dmn-QDrkpGg,2021-08,2021,40.71965043198463,-73.99718056745097,40.7196241,-73.9974675,263.1,53.61,2018,2021
1004710023,182 GRAND STREET,2rosUMGnBn-dmn-QDrkpGg,2021-08,2021,40.71965043198463,-73.99718056745097,40.7196241,-73.9974675,263.1,53.61,2022,2021
1004710023,182 GRAND STREET,2rosUMGnBn-dmn-QDrkpGg,2021-08,2021,40.71965043198463,-73.99718056745097,40.7196241,-73.9974675,263.1,53.61,2026,2021
1004710025,176 GRAND STREET,OQyalJ3PLLomPZb4S_W8YQ,2009-04,2009,40.71949423440536,-73.9977460997265,40.71967349999999,-73.9976695,17.94,49.32,2007,2009
1004710025,176 GRAND STREET,4-vaGWDM2vneaPVSpyqIhA,2012-08,2012,40.71948706191116,-73.99774179569772,40.71967349999999,-73.9976695,16.38,49.32,2011,2012
1004710025,176 GRAND STREET,QhihTuB-nxsIfqgtTTIDVQ,2014-09,2014,40.71948470682049,-73.99774699639914,40.71967349999999,-73.9976695,17.28,49.32,2014,2014
1004710025,176 GRAND STREET,2tM-T8cjr6izNcNzLo07mQ,2018-07,2018,40.7194853174474,-73.9977278972708,40.71967349999999,-73.9976695,13.24,49.32,2018,2018
1004710025,176 GRAND STREET,Q2wQXemzHCn2Ab2rvSse0w,2022-07,2022,40.71948325736899,-73.9977367743307,40.71967349999999,-73.9976695,15.0,49.32,2022,2022
1004710025,176 GRAND STREET,HXRMK4qsw-szPGrOshsXwA,2026-04,2026,40.71948520663095,-73.99773722266704,40.71967349999999,-73.9976695,15.25,49.32,2026,2026
1004710028,174 GRAND STREET,cXvr56CgaRBYyNuLy4WuFg,2010-04,2010,40.71966981924762,-73.99789709934142,40.7197092,-73.9978499,42.25,41.79,2007,2010
1004710028,174 GRAND STREET,cXvr56CgaRBYyNuLy4WuFg,2010-04,2010,40.71966981924762,-73.99789709934142,40.7197092,-73.9978499,42.25,41.79,2011,2010
1004710028,174 GRAND STREET,cXvr56CgaRBYyNuLy4WuFg,2010-04,2010,40.71966981924762,-73.99789709934142,40.7197092,-73.9978499,42.25,41.79,2014,2010
1004710028,174 GRAND STREET,cXvr56CgaRBYyNuLy4WuFg,2010-04,2010,40.71966981924762,-73.99789709934142,40.7197092,-73.9978499,42.25,41.79,2018,2010
1004710028,174 GRAND STREET,cXvr56CgaRBYyNuLy4WuFg,2010-04,2010,40.71966981924762,-73.99789709934142,40.7197092,-73.9978499,42.25,41.79,2022,2010
1004710028,174 GRAND STREET,cXvr56CgaRBYyNuLy4WuFg,2010-04,2010,40.71966981924762,-73.99789709934142,40.7197092,-73.9978499,42.25,41.79,2026,2010
1004710029,164 MULBERRY STREET,2rosUMGnBn-dmn-QDrkpGg,2021-08,2021,40.71965043198463,-73.99718056745097,40.719629600000005,-73.9969084,95.77,53.48,2007,2021
1004710029,164 MULBERRY STREET,2rosUMGnBn-dmn-QDrkpGg,2021-08,2021,40.71965043198463,-73.99718056745097,40.719629600000005,-73.9969084,95.77,53.48,2011,2021
1004710029,164 MULBERRY STREET,2rosUMGnBn-dmn-QDrkpGg,2021-08,2021,40.71965043198463,-73.99718056745097,40.719629600000005,-73.9969084,95.77,53.48,2014,2021
1004710029,164 MULBERRY STREET,2rosUMGnBn-dmn-QDrkpGg,2021-08,2021,40.71965043198463,-73.99718056745097,40.719629600000005,-73.9969084,95.77,53.48,2018,2021
1004710029,164 MULBERRY STREET,2rosUMGnBn-dmn-QDrkpGg,2021-08,2021,40.71965043198463,-73.99718056745097,40.719629600000005,-73.9969084,95.77,53.48,2022,2021
1004710029,164 MULBERRY STREET,2rosUMGnBn-dmn-QDrkpGg,2021-08,2021,40.71965043198463,-73.99718056745097,40.719629600000005,-73.9969084,95.77,53.48,2026,2021
1004710030,166 MULBERRY STREET,2ymaRTAVyhp2itVFQUUENQ,2021-08,2021,40.71973542132275,-73.99714640411908,40.7196954,-73.9968831,101.34,53.15,2007,2021
1004710030,166 MULBERRY STREET,2ymaRTAVyhp2itVFQUUENQ,2021-08,2021,40.71973542132275,-73.99714640411908,40.7196954,-73.9968831,101.34,53.15,2011,2021
1004710030,166 MULBERRY STREET,2ymaRTAVyhp2itVFQUUENQ,2021-08,2021,40.71973542132275,-73.99714640411908,40.7196954,-73.9968831,101.34,53.15,2014,2021
1004710030,166 MULBERRY STREET,2ymaRTAVyhp2itVFQUUENQ,2021-08,2021,40.71973542132275,-73.99714640411908,40.7196954,-73.9968831,101.34,53.15,2018,2021
1004710030,166 MULBERRY STREET,2ymaRTAVyhp2itVFQUUENQ,2021-08,2021,40.71973542132275,-73.99714640411908,40.7196954,-73.9968831,101.34,53.15,2022,2021
1004710030,166 MULBERRY STREET,2ymaRTAVyhp2itVFQUUENQ,2021-08,2021,40.71973542132275,-73.99714640411908,40.7196954,-73.9968831,101.34,53.15,2026,2021
1004710031,168 MULBERRY STREET,PqHSCY_P_GbX1RyPEQxjCw,2021-08,2021,40.71981994781934,-73.99711376512965,40.7197943,-73.9968434,97.13,53.11,2007,2021
1004710031,168 MULBERRY STREET,PqHSCY_P_GbX1RyPEQxjCw,2021-08,2021,40.71981994781934,-73.99711376512965,40.7197943,-73.9968434,97.13,53.11,2011,2021
1004710031,168 MULBERRY STREET,PqHSCY_P_GbX1RyPEQxjCw,2021-08,2021,40.71981994781934,-73.99711376512965,40.7197943,-73.9968434,97.13,53.11,2014,2021
1004710031,168 MULBERRY STREET,PqHSCY_P_GbX1RyPEQxjCw,2021-08,2021,40.71981994781934,-73.99711376512965,40.7197943,-73.9968434,97.13,53.11,2018,2021
1004710031,168 MULBERRY STREET,PqHSCY_P_GbX1RyPEQxjCw,2021-08,2021,40.71981994781934,-73.99711376512965,40.7197943,-73.9968434,97.13,53.11,2022,2021
1004710031,168 MULBERRY STREET,PqHSCY_P_GbX1RyPEQxjCw,2021-08,2021,40.71981994781934,-73.99711376512965,40.7197943,-73.9968434,97.13,53.11,2026,2021
1004710033,172 MULBERRY STREET,goGRmw_pXU9uz8aZOtCIjA,2021-08,2021,40.71990703781439,-73.99708058812921,40.7198931,-73.9968109,93.9,51.18,2007,2021
1004710033,172 MULBERRY STREET,goGRmw_pXU9uz8aZOtCIjA,2021-08,2021,40.71990703781439,-73.99708058812921,40.7198931,-73.9968109,93.9,51.18,2011,2021
1004710033,172 MULBERRY STREET,goGRmw_pXU9uz8aZOtCIjA,2021-08,2021,40.71990703781439,-73.99708058812921,40.7198931,-73.9968109,93.9,51.18,2014,2021
1004710033,172 MULBERRY STREET,goGRmw_pXU9uz8aZOtCIjA,2021-08,2021,40.71990703781439,-73.99708058812921,40.7198931,-73.9968109,93.9,51.18,2018,2021
1004710033,172 MULBERRY STREET,goGRmw_pXU9uz8aZOtCIjA,2021-08,2021,40.71990703781439,-73.99708058812921,40.7198931,-73.9968109,93.9,51.18,2022,2021
1004710033,172 MULBERRY STREET,goGRmw_pXU9uz8aZOtCIjA,2021-08,2021,40.71990703781439,-73.99708058812921,40.7198931,-73.9968109,93.9,51.18,2026,2021
1004710034,174 MULBERRY STREET,AG8Gh96Fk6K3VMEaOtjN6g,2010-05,2010,40.72001431634762,-73.99690627428117,40.7199589,-73.99677850000002,119.78,52.74,2007,2010
1004710034,174 MULBERRY STREET,AG8Gh96Fk6K3VMEaOtjN6g,2010-05,2010,40.72001431634762,-73.99690627428117,40.7199589,-73.99677850000002,119.78,52.74,2011,2010
1004710034,174 MULBERRY STREET,AG8Gh96Fk6K3VMEaOtjN6g,2010-05,2010,40.72001431634762,-73.99690627428117,40.7199589,-73.99677850000002,119.78,52.74,2014,2010
1004710034,174 MULBERRY STREET,AG8Gh96Fk6K3VMEaOtjN6g,2010-05,2010,40.72001431634762,-73.99690627428117,40.7199589,-73.99677850000002,119.78,52.74,2018,2010
1004710034,174 MULBERRY STREET,AG8Gh96Fk6K3VMEaOtjN6g,2010-05,2010,40.72001431634762,-73.99690627428117,40.7199589,-73.99677850000002,119.78,52.74,2022,2010
1004710034,174 MULBERRY STREET,AG8Gh96Fk6K3VMEaOtjN6g,2010-05,2010,40.72001431634762,-73.99690627428117,40.7199589,-73.99677850000002,119.78,52.74,2026,2010
1004710036,385 BROOME STREET,O0JmDlTn7cWEmdIQZKvboQ,2011-06,2011,40.72028876102659,-73.9968001974123,40.72024440000001,-73.9968073,186.92,14.62,2007,2011
1004710036,385 BROOME STREET,O0JmDlTn7cWEmdIQZKvboQ,2011-06,2011,40.72028876102659,-73.9968001974123,40.72024440000001,-73.9968073,186.92,14.62,2011,2011
1004710036,385 BROOME STREET,O0JmDlTn7cWEmdIQZKvboQ,2011-06,2011,40.72028876102659,-73.9968001974123,40.72024440000001,-73.9968073,186.92,14.62,2014,2011
1004710036,385 BROOME STREET,O0JmDlTn7cWEmdIQZKvboQ,2011-06,2011,40.72028876102659,-73.9968001974123,40.72024440000001,-73.9968073,186.92,14.62,2018,2011
1004710036,385 BROOME STREET,O0JmDlTn7cWEmdIQZKvboQ,2011-06,2011,40.72028876102659,-73.9968001974123,40.72024440000001,-73.9968073,186.92,14.62,2022,2011
1004710036,385 BROOME STREET,O0JmDlTn7cWEmdIQZKvboQ,2011-06,2011,40.72028876102659,-73.9968001974123,40.72024440000001,-73.9968073,186.92,14.62,2026,2011
1004710037,383 BROOME STREET,O0JmDlTn7cWEmdIQZKvboQ,2011-06,2011,40.72028876102659,-73.9968001974123,40.720211500000005,-73.9967207,142.05,41.08,2007,2011
1004710037,383 BROOME STREET,O0JmDlTn7cWEmdIQZKvboQ,2011-06,2011,40.72028876102659,-73.9968001974123,40.720211500000005,-73.9967207,142.05,41.08,2011,2011
1004710037,383 BROOME STREET,O0JmDlTn7cWEmdIQZKvboQ,2011-06,2011,40.72028876102659,-73.9968001974123,40.720211500000005,-73.9967207,142.05,41.08,2014,2011
1004710037,383 BROOME STREET,O0JmDlTn7cWEmdIQZKvboQ,2011-06,2011,40.72028876102659,-73.9968001974123,40.720211500000005,-73.9967207,142.05,41.08,2018,2011
1004710037,383 BROOME STREET,O0JmDlTn7cWEmdIQZKvboQ,2011-06,2011,40.72028876102659,-73.9968001974123,40.720211500000005,-73.9967207,142.05,41.08,2022,2011
1004710037,383 BROOME STREET,O0JmDlTn7cWEmdIQZKvboQ,2011-06,2011,40.72028876102659,-73.9968001974123,40.720211500000005,-73.9967207,142.05,41.08,2026,2011
1004710039,379 BROOME STREET,lmNUDUUnGPQse9Oa61euMg,2010-04,2010,40.72019688538852,-73.99643740152344,40.7201126,-73.9965728,230.6,68.42,2007,2010
1004710039,379 BROOME STREET,lmNUDUUnGPQse9Oa61euMg,2010-04,2010,40.72019688538852,-73.99643740152344,40.7201126,-73.9965728,230.6,68.42,2011,2010
1004710039,379 BROOME STREET,lmNUDUUnGPQse9Oa61euMg,2010-04,2010,40.72019688538852,-73.99643740152344,40.7201126,-73.9965728,230.6,68.42,2014,2010
1004710039,379 BROOME STREET,lmNUDUUnGPQse9Oa61euMg,2010-04,2010,40.72019688538852,-73.99643740152344,40.7201126,-73.9965728,230.6,68.42,2018,2010
1004710039,379 BROOME STREET,lmNUDUUnGPQse9Oa61euMg,2010-04,2010,40.72019688538852,-73.99643740152344,40.7201126,-73.9965728,230.6,68.42,2022,2010
1004710039,379 BROOME STREET,lmNUDUUnGPQse9Oa61euMg,2010-04,2010,40.72019688538852,-73.99643740152344,40.7201126,-73.9965728,230.6,68.42,2026,2010
1004710040,377 BROOME STREET,lmNUDUUnGPQse9Oa61euMg,2010-04,2010,40.72019688538852,-73.99643740152344,40.72008239999999,-73.9964899,199.16,67.66,2007,2010
1004710040,377 BROOME STREET,lmNUDUUnGPQse9Oa61euMg,2010-04,2010,40.72019688538852,-73.99643740152344,40.72008239999999,-73.9964899,199.16,67.66,2011,2010
1004710040,377 BROOME STREET,lmNUDUUnGPQse9Oa61euMg,2010-04,2010,40.72019688538852,-73.99643740152344,40.72008239999999,-73.9964899,199.16,67.66,2014,2010
1004710040,377 BROOME STREET,lmNUDUUnGPQse9Oa61euMg,2010-04,2010,40.72019688538852,-73.99643740152344,40.72008239999999,-73.9964899,199.16,67.66,2018,2010
1004710040,377 BROOME STREET,lmNUDUUnGPQse9Oa61euMg,2010-04,2010,40.72019688538852,-73.99643740152344,40.72008239999999,-73.9964899,199.16,67.66,2022,2010
1004710040,377 BROOME STREET,lmNUDUUnGPQse9Oa61euMg,2010-04,2010,40.72019688538852,-73.99643740152344,40.72008239999999,-73.9964899,199.16,67.66,2026,2010
1004710041,375 BROOME STREET,g7JPGMGE52qp_nki1RitsA,2010-05,2010,40.72018045414207,-73.99636674322296,40.720052300000006,-73.9964069,193.36,66.85,2007,2010
1004710041,375 BROOME STREET,g7JPGMGE52qp_nki1RitsA,2010-05,2010,40.72018045414207,-73.99636674322296,40.720052300000006,-73.9964069,193.36,66.85,2011,2010
1004710041,375 BROOME STREET,g7JPGMGE52qp_nki1RitsA,2010-05,2010,40.72018045414207,-73.99636674322296,40.720052300000006,-73.9964069,193.36,66.85,2014,2010
1004710041,375 BROOME STREET,g7JPGMGE52qp_nki1RitsA,2010-05,2010,40.72018045414207,-73.99636674322296,40.720052300000006,-73.9964069,193.36,66.85,2018,2010
1004710041,375 BROOME STREET,g7JPGMGE52qp_nki1RitsA,2010-05,2010,40.72018045414207,-73.99636674322296,40.720052300000006,-73.9964069,193.36,66.85,2022,2010
1004710041,375 BROOME STREET,g7JPGMGE52qp_nki1RitsA,2010-05,2010,40.72018045414207,-73.99636674322296,40.720052300000006,-73.9964069,193.36,66.85,2026,2010
1004710043,373 BROOME STREET,INmwnOI9yWLnEKFZh4StVw,2009-06,2009,40.71997773671804,-73.9961121758559,40.72006600000002,-73.996259,308.42,29.18,2007,2009
1004710043,373 BROOME STREET,4vcxbRnYIAcHtllpRqX9bg,2011-06,2011,40.72001104741956,-73.99609495959344,40.72006600000002,-73.996259,293.85,29.18,2011,2011
1004710043,373 BROOME STREET,KrH4XkkBHNKPPn_9Skr_0w,2014-10,2014,40.7199813207832,-73.99611298286815,40.72006600000002,-73.996259,307.42,29.18,2014,2014
1004710043,373 BROOME STREET,Bvrd1D1d1IC8TBWVCLKMbw,2019-06,2019,40.71997329611457,-73.99611809394577,40.72006600000002,-73.996259,310.96,29.18,2018,2019
1004710043,373 BROOME STREET,O_A79SS_YHrBA46dYMfmtg,2022-07,2022,40.71999517524721,-73.99610589909372,40.72006600000002,-73.996259,301.4,29.18,2022,2022
1004710043,373 BROOME STREET,swz8N4jF8bHai1bElGucXA,2024-11,2024,40.71998781061803,-73.99610715444618,40.72006600000002,-73.996259,304.19,29.18,2026,2024
1004710044,171 MOTT STREET,SUMYsOgjYcsRxT5vYeD--w,2009-06,2009,40.71987203617017,-73.99615718920148,40.71991230000002,-73.9963203,288.04,29.15,2007,2009
1004710044,171 MOTT STREET,2ZK0yxtGR6lsoyKCxjl85A,2011-06,2011,40.71991599537142,-73.99613262016557,40.71991230000002,-73.9963203,268.51,29.15,2011,2011
1004710044,171 MOTT STREET,ynJcsq5NAvfk5SE86ruBZg,2014-10,2014,40.71992884419921,-73.99613333750973,40.71991230000002,-73.9963203,263.34,29.15,2014,2014
1004710044,171 MOTT STREET,eqAC91HdWF1Istopr8-DnQ,2019-06,2019,40.71989068993611,-73.99614831206843,40.71991230000002,-73.9963203,279.41,29.15,2018,2019
1004710044,171 MOTT STREET,CSCmXj_OuzjEVQ8Jban4og,2022-07,2022,40.71990533021012,-73.99614517368796,40.71991230000002,-73.9963203,273.01,29.15,2022,2022
1004710044,171 MOTT STREET,veaAGl8x6p9OWneNL6UNDQ,2024-11,2024,40.71990118924545,-73.99614203530744,40.71991230000002,-73.9963203,274.7,29.15,2026,2024
1004710046,167 MOTT STREET,c5npvmDdLMcYXTJPfiZdtQ,2009-06,2009,40.71984468636599,-73.99616803903022,40.7198464,-73.9964394,270.48,53.76,2007,2009
1004710046,167 MOTT STREET,Gk56gCVZR6PZtwsz0cxGKg,2011-06,2011,40.71982844765881,-73.99617001172628,40.7198464,-73.9964394,275.03,53.76,2011,2011
1004710046,167 MOTT STREET,lwnfxZqK3cbW4Xg8BhCS6w,2014-10,2014,40.71983522421955,-73.9961704600663,40.7198464,-73.9964394,273.14,53.76,2014,2014
1004710046,167 MOTT STREET,PQd9q9gsnOwSBcmAdynz0g,2019-06,2019,40.71981628981184,-73.99617682649436,40.7198464,-73.9964394,278.6,53.76,2018,2019
1004710046,167 MOTT STREET,oCSGb5_N1SRt41Q2KQkAyg,2022-07,2022,40.71981830959044,-73.99618202723825,40.7198464,-73.9964394,278.19,53.76,2022,2022
1004710046,167 MOTT STREET,uizGH4pcMJWaHqCVNRN5sg,2024-11,2024,40.71981479659851,-73.99617853018634,40.7198464,-73.9964394,279.08,53.76,2026,2024
1004710047,165 MOTT STREET,dinPStW1a5VpKFHuzHQ-0Q,2009-06,2009,40.7197245913808,-73.99620516158008,40.71977780000001,-73.9964646,285.14,53.18,2007,2009
1004710047,165 MOTT STREET,nu8_lSRXUt0IEgsbvorTTQ,2011-06,2011,40.71974479046545,-73.99620345788833,40.71977780000001,-73.9964646,279.47,53.18,2011,2011
1004710047,165 MOTT STREET,CuXP5PW_DBUOFEKXU43Z_Q,2014-10,2014,40.71974888981683,-73.99620417523222,40.71977780000001,-73.9964646,278.33,53.18,2014,2014
1004710047,165 MOTT STREET,4NOFsHMJ76flmCcsWc_abQ,2019-06,2019,40.71973594126807,-73.99621179701093,40.71977780000001,-73.9964646,282.32,53.18,2018,2019
1004710047,165 MOTT STREET,MM0rouq6b9nqsbC85Jieug,2022-07,2022,40.71972885982419,-73.99621717708983,40.71977780000001,-73.9964646,284.63,53.18,2022,2022
1004710047,165 MOTT STREET,MTzMEHFva-f97K2xBoOiww,2024-11,2024,40.71973129457466,-73.99621466638636,40.71977780000001,-73.9964646,283.79,53.18,2026,2024
1004710048,163 MOTT STREET,-bXqKx47269fE5EIyxGt2w,2009-06,2009,40.71963123976797,-73.99624524316569,40.71971459999999,-73.9964899,294.21,53.19,2007,2009
1004710048,163 MOTT STREET,w5CBaB7kQl8dr_SvNEdvgw,2011-06,2011,40.71967302341751,-73.99623564869293,40.71971459999999,-73.9964899,282.18,53.19,2011,2011
1004710048,163 MOTT STREET,0mNaAHR4G3fR8CtQhYRWxw,2014-10,2014,40.71962072190657,-73.99625564464961,40.71971459999999,-73.9964899,297.87,53.19,2014,2014
1004710048,163 MOTT STREET,9M61ASIbk6JqZOkW8bA6GQ,2019-06,2019,40.71964198104563,-73.99624865054842,40.71971459999999,-73.9964899,291.66,53.19,2018,2019
1004710048,163 MOTT STREET,D3Ju8MEHOquuRlEZ7Hvaxg,2022-07,2022,40.71964256423842,-73.99625169925922,40.71971459999999,-73.9964899,291.75,53.19,2022,2022
1004710048,163 MOTT STREET,ZOnnaA-0GFfGAzVFZsfOfA,2024-11,2024,40.71964718464162,-73.99624811254063,40.71971459999999,-73.9964899,290.2,53.19,2026,2024
1004710049,161 MOTT STREET,ci-OfB6Y2vVndfs881oQig,2009-06,2009,40.71954109318513,-73.99628505573907,40.71964879999999,-73.9965187,301.31,53.86,2007,2009
1004710049,161 MOTT STREET,lQUdhx3WLQYrDGCL6Xu_DA,2011-06,2011,40.71955023779251,-73.99628837345313,40.71964879999999,-73.9965187,299.45,53.86,2011,2011
1004710049,161 MOTT STREET,YLrPc5-HH5w2LuY4qiNt-w,2014-10,2014,40.71957807240497,-73.99627402658105,40.71964879999999,-73.9965187,290.88,53.86,2014,2014
1004710049,161 MOTT STREET,NtbiaTfbbusYm-zWyxhnxQ,2019-06,2019,40.71955529371445,-73.99628200702878,40.71964879999999,-73.9965187,297.53,53.86,2018,2019
1004710049,161 MOTT STREET,Q74SkuF_Pxc1zsPT86DgUw,2022-07,2022,40.71955597950042,-73.99628631109034,40.71964879999999,-73.9965187,297.79,53.86,2022,2022
1004710049,161 MOTT STREET,VXBGpja6zHhV5swA48lQzQ,2024-11,2024,40.71956264916165,-73.99628281404033,40.71964879999999,-73.9965187,295.73,53.86,2026,2024
1004710050,159 MOTT STREET,ci-OfB6Y2vVndfs881oQig,2009-06,2009,40.71954109318513,-73.99628505573907,40.71958289999999,-73.996544,282.03,53.49,2007,2009
1004710050,159 MOTT STREET,lQUdhx3WLQYrDGCL6Xu_DA,2011-06,2011,40.71955023779251,-73.99628837345313,40.71958289999999,-73.996544,279.57,53.49,2011,2011
1004710050,159 MOTT STREET,YLrPc5-HH5w2LuY4qiNt-w,2014-10,2014,40.71957807240497,-73.99627402658105,40.71958289999999,-73.996544,271.35,53.49,2014,2014
1004710050,159 MOTT STREET,NtbiaTfbbusYm-zWyxhnxQ,2019-06,2019,40.71955529371445,-73.99628200702878,40.71958289999999,-73.996544,277.92,53.49,2018,2019
1004710050,159 MOTT STREET,Q74SkuF_Pxc1zsPT86DgUw,2022-07,2022,40.71955597950042,-73.99628631109034,40.71958289999999,-73.996544,277.85,53.49,2022,2022
1004710050,159 MOTT STREET,VXBGpja6zHhV5swA48lQzQ,2024-11,2024,40.71956264916165,-73.99628281404033,40.71958289999999,-73.996544,275.84,53.49,2026,2024
1004710051,157 MOTT STREET,E5a6pDV1jt6fOBhzByUNnA,2009-06,2009,40.71945432620043,-73.99632370262107,40.71951700000002,-73.9965693,288.61,53.09,2007,2009
1004710051,157 MOTT STREET,_0dhv1LUhSoOXNFE-edqtw,2011-06,2011,40.71946788171988,-73.99631823287723,40.71951700000002,-73.9965693,284.47,53.09,2011,2011
1004710051,157 MOTT STREET,D_uny73eirGoXJ_XSNzOSg,2014-10,2014,40.71944828797491,-73.99632899302891,40.71951700000002,-73.9965693,290.67,53.09,2014,2014
1004710051,157 MOTT STREET,DmWQ2W4zlaQ7QBjijUxQKg,2019-06,2019,40.71947020117742,-73.99631437715605,40.71951700000002,-73.9965693,283.62,53.09,2018,2019
1004710051,157 MOTT STREET,spJMvdDiozJ5I3q4wMVB4w,2022-07,2022,40.71947208194955,-73.99631912955655,40.71951700000002,-73.9965693,283.33,53.09,2022,2022
1004710051,157 MOTT STREET,33WuocR_HbYJGAqpy3umRw,2024-11,2024,40.71947602699612,-73.99631769486963,40.71951700000002,-73.9965693,282.13,53.09,2026,2024
1004710052,200 GRAND STREET,paq2TXw91yYhsi_JuyA0Dw,2012-07,2012,40.71933573503245,-73.99637409599148,40.719316700000014,-73.9965512,261.93,26.72,2007,2012
1004710052,200 GRAND STREET,paq2TXw91yYhsi_JuyA0Dw,2012-07,2012,40.71933573503245,-73.99637409599148,40.719316700000014,-73.9965512,261.93,26.72,2011,2012
1004710052,200 GRAND STREET,dVvgSnJ46vkwT2lPMh3BNA,2013-08,2013,40.71934216283447,-73.99638431813263,40.719316700000014,-73.9965512,258.62,26.72,2014,2013
1004710052,200 GRAND STREET,f2VFCSm41_HbkKT2kf7lKA,2019-06,2019,40.71929859263752,-73.99637759303982,40.719316700000014,-73.9965512,277.84,26.72,2018,2019
1004710052,200 GRAND STREET,yFlKJYdE9RZ_uk-I-XR1Rg,2022-07,2022,40.71931560630232,-73.99638055208068,40.719316700000014,-73.9965512,270.48,26.72,2022,2022
1004710052,200 GRAND STREET,TtZ4BsFQ4l925IOmHAUEhA,2024-11,2024,40.71930887389259,-73.99638413879681,40.719316700000014,-73.9965512,273.54,26.72,2026,2024
1004710054,198 GRAND STREET,BL8mpoKrrQaSNHt0kqJntA,2011-06,2011,40.71912731865542,-73.99678997529334,40.7193606,-73.9966775,20.07,53.4,2007,2011
1004710054,198 GRAND STREET,BL8mpoKrrQaSNHt0kqJntA,2011-06,2011,40.71912731865542,-73.99678997529334,40.7193606,-73.9966775,20.07,53.4,2011,2011
1004710054,198 GRAND STREET,VzeYKJVPMi6tD-t4QTEj_g,2014-09,2014,40.71916808138846,-73.99680190109873,40.7193606,-73.9966775,26.09,53.4,2014,2014
1004710054,198 GRAND STREET,3D3ENLNLounj7VBVY9ahJQ,2018-07,2018,40.71916958994375,-73.99680190109873,40.7193606,-73.9966775,26.27,53.4,2018,2018
1004710054,198 GRAND STREET,yG674Me_awKOZ-Lh-WaDAA,2022-07,2022,40.71916549264776,-73.99678683692338,40.7193606,-73.9966775,23.01,53.4,2022,2022
1004710054,198 GRAND STREET,qJ4BbasYZIMM7GXZ8ZbP3w,2024-09,2024,40.71917932444515,-73.99680459112993,40.7193606,-73.9966775,27.98,53.4,2026,2024
1004710055,196 GRAND STREET,1SA3uCiv-XXXG6vwhAukCQ,2009-04,2009,40.71920391718982,-73.99688493337736,40.71939900000001,-73.9968001,18.24,52.74,2007,2009
1004710055,196 GRAND STREET,fZp-aCGVqvN4xeaSEnU90A,2011-06,2011,40.71920032664707,-73.99689578316489,40.71939900000001,-73.9968001,20.05,52.74,2011,2011
1004710055,196 GRAND STREET,YoIAroRIU0wP36wjHwgxIQ,2013-08,2013,40.71916668523722,-73.99690322558077,40.71939900000001,-73.9968001,18.6,52.74,2014,2013
1004710055,196 GRAND STREET,bw9TuW84nRM4dt0X5Mz7Jw,2018-07,2018,40.71920965300743,-73.99691048866106,40.71939900000001,-73.9968001,23.84,52.74,2018,2018
1004710055,196 GRAND STREET,Op3sZczz5vqY5BCM0q2_Dg,2022-07,2022,40.7192026371251,-73.99690197023354,40.71939900000001,-73.9968001,21.46,52.74,2022,2022
1004710055,196 GRAND STREET,eSMnBfDvdBij5yYK_lARYQ,2024-09,2024,40.71921217273462,-73.99691389603196,40.71939900000001,-73.9968001,24.78,52.74,2026,2024
1004710058,190 GRAND STREET,T-vIyz1REkl7amgNR11KqA,2021-08,2021,40.719472816998,-73.99725355680627,40.719470400000006,-73.9970022,90.73,45.62,2007,2021
1004710058,190 GRAND STREET,T-vIyz1REkl7amgNR11KqA,2021-08,2021,40.719472816998,-73.99725355680627,40.719470400000006,-73.9970022,90.73,45.62,2011,2021
1004710058,190 GRAND STREET,T-vIyz1REkl7amgNR11KqA,2021-08,2021,40.719472816998,-73.99725355680627,40.719470400000006,-73.9970022,90.73,45.62,2014,2021
1004710058,190 GRAND STREET,T-vIyz1REkl7amgNR11KqA,2021-08,2021,40.719472816998,-73.99725355680627,40.719470400000006,-73.9970022,90.73,45.62,2018,2021
1004710058,190 GRAND STREET,T-vIyz1REkl7amgNR11KqA,2021-08,2021,40.719472816998,-73.99725355680627,40.719470400000006,-73.9970022,90.73,45.62,2022,2021
1004710058,190 GRAND STREET,T-vIyz1REkl7amgNR11KqA,2021-08,2021,40.719472816998,-73.99725355680627,40.719470400000006,-73.9970022,90.73,45.62,2026,2021
1004710059,188 GRAND STREET,T-vIyz1REkl7amgNR11KqA,2021-08,2021,40.719472816998,-73.99725355680627,40.7195006,-73.997096,76.9,17.53,2007,2021
1004710059,188 GRAND STREET,T-vIyz1REkl7amgNR11KqA,2021-08,2021,40.719472816998,-73.99725355680627,40.7195006,-73.997096,76.9,17.53,2011,2021
1004710059,188 GRAND STREET,T-vIyz1REkl7amgNR11KqA,2021-08,2021,40.719472816998,-73.99725355680627,40.7195006,-73.997096,76.9,17.53,2014,2021
1004710059,188 GRAND STREET,T-vIyz1REkl7amgNR11KqA,2021-08,2021,40.719472816998,-73.99725355680627,40.7195006,-73.997096,76.9,17.53,2018,2021
1004710059,188 GRAND STREET,T-vIyz1REkl7amgNR11KqA,2021-08,2021,40.719472816998,-73.99725355680627,40.7195006,-73.997096,76.9,17.53,2022,2021
1004710059,188 GRAND STREET,T-vIyz1REkl7amgNR11KqA,2021-08,2021,40.719472816998,-73.99725355680627,40.7195006,-73.997096,76.9,17.53,2026,2021
1004717501,381 BROOME STREET,b947d6a3Oih1c0MfzirAUw,2009-04,2009,40.72037871034437,-73.99646699192071,40.720181300000014,-73.9966378,213.26,54.45,2007,2009
1004717501,381 BROOME STREET,o2DRIoRONDGjuuhf-RjzoQ,2012-07,2012,40.72036436584127,-73.99648976755672,40.720181300000014,-73.9966378,211.5,54.45,2011,2012
1004717501,381 BROOME STREET,k7bMoxuL8Zp05S4e77ddbA,2014-10,2014,40.7203797923925,-73.9965065354445,40.720181300000014,-73.9966378,206.62,54.45,2014,2014
1004717501,381 BROOME STREET,G4ViBaiod5BCH6lAwndnPw,2019-10,2019,40.72036699217252,-73.99648913988175,40.720181300000014,-73.9966378,211.25,54.45,2018,2019
1004717501,381 BROOME STREET,MIbnENXoYLKx1EvnEqioMQ,2022-07,2022,40.72036343763689,-73.99650662511235,40.720181300000014,-73.9966378,208.63,54.45,2022,2022
1004717501,381 BROOME STREET,J91xSbQJFIvwRZCV3rGqkg,2024-09,2024,40.72036156956273,-73.99647855907477,40.720181300000014,-73.9966378,213.8,54.45,2026,2024
1004717502,176 MULBERRY STREET,AG8Gh96Fk6K3VMEaOtjN6g,2010-05,2010,40.72001431634762,-73.99690627428117,40.720044000000016,-73.9967929,70.94,39.83,2007,2010
1004717502,176 MULBERRY STREET,AG8Gh96Fk6K3VMEaOtjN6g,2010-05,2010,40.72001431634762,-73.99690627428117,40.720044000000016,-73.9967929,70.94,39.83,2011,2010
1004717502,176 MULBERRY STREET,AG8Gh96Fk6K3VMEaOtjN6g,2010-05,2010,40.72001431634762,-73.99690627428117,40.720044000000016,-73.9967929,70.94,39.83,2014,2010
1004717502,176 MULBERRY STREET,AG8Gh96Fk6K3VMEaOtjN6g,2010-05,2010,40.72001431634762,-73.99690627428117,40.720044000000016,-73.9967929,70.94,39.83,2018,2010
1004717502,176 MULBERRY STREET,AG8Gh96Fk6K3VMEaOtjN6g,2010-05,2010,40.72001431634762,-73.99690627428117,40.720044000000016,-73.9967929,70.94,39.83,2022,2010
1004717502,176 MULBERRY STREET,AG8Gh96Fk6K3VMEaOtjN6g,2010-05,2010,40.72001431634762,-73.99690627428117,40.720044000000016,-73.9967929,70.94,39.83,2026,2010
1004720019,241 CENTRE STREET,PFh_WVgfWJwZlCbMEpvXuQ,2009-04,2009,40.72031076039994,-73.99884425157491,40.7203817,-73.9983117,80.03,186.47,2007,2009
1004720019,241 CENTRE STREET,6a4f3vlBjeL23LyEONqZkQ,2011-07,2011,40.72028955703112,-73.99884685191068,40.7203817,-73.9983117,77.2,186.47,2011,2011
1004720019,241 CENTRE STREET,10EOfiGVRpoh_c7K8r1AQA,2014-08,2014,40.7203187726236,-73.9988470312442,40.7203817,-73.9983117,81.18,186.47,2014,2014
1004720019,241 CENTRE STREET,yrGuciqSCEgF1LCpYdCOJQ,2018-07,2018,40.72033285552171,-73.99885698425315,40.7203817,-73.9983117,83.26,186.47,2018,2018
1004720019,241 CENTRE STREET,28NHPQ_ihJkQvDD1Ih4wpA,2022-07,2022,40.72031625629991,-73.99883779556873,40.7203817,-73.9983117,80.68,186.47,2022,2022
1004720019,241 CENTRE STREET,G6sv7qFTfLhLqcv_sFYncQ,2026-04,2026,40.7203106599566,-73.99887599360218,40.7203817,-73.9983117,80.57,186.47,2026,2026
1004720022,239 CENTRE STREET,-fhyuWh6ukV-puxmz3zT-g,2010-09,2010,40.71994153864867,-73.99866599399074,40.72028010000001,-73.9983982,30.94,143.15,2007,2010
1004720022,239 CENTRE STREET,-fhyuWh6ukV-puxmz3zT-g,2010-09,2010,40.71994153864867,-73.99866599399074,40.72028010000001,-73.9983982,30.94,143.15,2011,2010
1004720022,239 CENTRE STREET,-fhyuWh6ukV-puxmz3zT-g,2010-09,2010,40.71994153864867,-73.99866599399074,40.72028010000001,-73.9983982,30.94,143.15,2014,2010
1004720022,239 CENTRE STREET,CIHM0ogKEICAgICB_fLikQE,2023-01,2023,40.71990387577698,-73.99865837230965,40.72028010000001,-73.9983982,27.66,143.15,2018,2023
1004720022,239 CENTRE STREET,CIHM0ogKEICAgICB_fLikQE,2023-01,2023,40.71990387577698,-73.99865837230965,40.72028010000001,-73.9983982,27.66,143.15,2022,2023
1004720022,239 CENTRE STREET,CIHM0ogKEICAgICB_fLikQE,2023-01,2023,40.71990387577698,-73.99865837230965,40.72028010000001,-73.9983982,27.66,143.15,2026,2023
1004720023,237 CENTRE STREET,-fhyuWh6ukV-puxmz3zT-g,2010-09,2010,40.71994153864867,-73.99866599399074,40.720222500000006,-73.9984488,30.37,117.92,2007,2010
1004720023,237 CENTRE STREET,-fhyuWh6ukV-puxmz3zT-g,2010-09,2010,40.71994153864867,-73.99866599399074,40.720222500000006,-73.9984488,30.37,117.92,2011,2010
1004720023,237 CENTRE STREET,-fhyuWh6ukV-puxmz3zT-g,2010-09,2010,40.71994153864867,-73.99866599399074,40.720222500000006,-73.9984488,30.37,117.92,2014,2010
1004720023,237 CENTRE STREET,CIHM0ogKEICAgICB_fLikQE,2023-01,2023,40.71990387577698,-73.99865837230965,40.720222500000006,-73.9984488,26.5,117.92,2018,2023
1004720023,237 CENTRE STREET,CIHM0ogKEICAgICB_fLikQE,2023-01,2023,40.71990387577698,-73.99865837230965,40.720222500000006,-73.9984488,26.5,117.92,2022,2023
1004720023,237 CENTRE STREET,CIHM0ogKEICAgICB_fLikQE,2023-01,2023,40.71990387577698,-73.99865837230965,40.720222500000006,-73.9984488,26.5,117.92,2026,2023
1004720025,158 GRAND STREET,-fhyuWh6ukV-puxmz3zT-g,2010-09,2010,40.71994153864867,-73.99866599399074,40.7200743,-73.998575,27.45,53.58,2007,2010
1004720025,158 GRAND STREET,-fhyuWh6ukV-puxmz3zT-g,2010-09,2010,40.71994153864867,-73.99866599399074,40.7200743,-73.998575,27.45,53.58,2011,2010
1004720025,158 GRAND STREET,-fhyuWh6ukV-puxmz3zT-g,2010-09,2010,40.71994153864867,-73.99866599399074,40.7200743,-73.998575,27.45,53.58,2014,2010
1004720025,158 GRAND STREET,CIHM0ogKEICAgICB_fLikQE,2023-01,2023,40.71990387577698,-73.99865837230965,40.7200743,-73.998575,20.34,53.58,2018,2023
1004720025,158 GRAND STREET,CIHM0ogKEICAgICB_fLikQE,2023-01,2023,40.71990387577698,-73.99865837230965,40.7200743,-73.998575,20.34,53.58,2022,2023
1004720025,158 GRAND STREET,CIHM0ogKEICAgICB_fLikQE,2023-01,2023,40.71990387577698,-73.99865837230965,40.7200743,-73.998575,20.34,53.58,2026,2023
1004720028,154 GRAND STREET,19l-t6qU5CuHr5tkq5lENA,2009-04,2009,40.71996244619666,-73.99884909357942,40.720238900000005,-73.9986544,28.09,92.18,2007,2009
1004720028,154 GRAND STREET,yFG5wATgQURYYiceGOCr-Q,2011-07,2011,40.71997810981971,-73.99886487492658,40.720238900000005,-73.9986544,31.45,92.18,2011,2011
1004720028,154 GRAND STREET,61arett11vYOfN87hoEcAA,2014-08,2014,40.71996775503922,-73.99885940525526,40.720238900000005,-73.9986544,29.81,92.18,2014,2014
1004720028,154 GRAND STREET,INXYMayRWoVG1b0ocBVTuA,2018-07,2018,40.71996362599199,-73.99885581858547,40.720238900000005,-73.9986544,29.01,92.18,2018,2018
1004720028,154 GRAND STREET,_TE82TsXmIHWlbt2prg1gA,2022-07,2022,40.71998017120612,-73.99888845727813,40.720238900000005,-73.9986544,34.44,92.18,2022,2022
1004720028,154 GRAND STREET,kmPUvsfI4AMPZaDMBlQPpw,2026-04,2026,40.71997184357067,-73.99887706960303,40.720238900000005,-73.9986544,32.29,92.18,2026,2026
1004727501,240 CENTRE STREET,sTWeIt26RuccfCf0EXSXBw,2009-04,2009,40.71971434807666,-73.99832391471148,40.7201593,-73.9979148,34.87,177.29,2007,2009
1004727501,240 CENTRE STREET,r35-X60yqKLTsca87t8oWA,2012-08,2012,40.71971982687051,-73.99830669864772,40.7201593,-73.9979148,34.05,177.29,2011,2012
1004727501,240 CENTRE STREET,BlpAN9AyFnJ68OwSS1LbFg,2014-08,2014,40.7197154383156,-73.99834543478899,40.7201593,-73.9979148,36.33,177.29,2014,2014
1004727501,240 CENTRE STREET,HANx9xxZT3MIDV3O3VpUMQ,2018-07,2018,40.71971052071085,-73.99832032803167,40.7201593,-73.9979148,34.41,177.29,2018,2018
1004727501,240 CENTRE STREET,s__0li5tQtjf8hF2LjMZWg,2022-07,2022,40.71970785690284,-73.9983132443388,40.7201593,-73.9979148,33.78,177.29,2022,2022
1004727501,240 CENTRE STREET,KfsnvKCU-xf0paSi_EJfRg,2024-09,2024,40.71970623906723,-73.99831566534779,40.7201593,-73.9979148,33.85,177.29,2026,2024
1004730047,142 GRAND STREET,PFh_WVgfWJwZlCbMEpvXuQ,2009-04,2009,40.72031076039994,-73.99884425157491,40.7203899,-73.99914500000001,289.15,49.49,2007,2009
1004730047,142 GRAND STREET,6a4f3vlBjeL23LyEONqZkQ,2011-07,2011,40.72028955703112,-73.99884685191068,40.7203899,-73.99914500000001,293.94,49.49,2011,2011
1004730047,142 GRAND STREET,10EOfiGVRpoh_c7K8r1AQA,2014-08,2014,40.7203187726236,-73.9988470312442,40.7203899,-73.99914500000001,287.48,49.49,2014,2014
1004730047,142 GRAND STREET,yrGuciqSCEgF1LCpYdCOJQ,2018-07,2018,40.72033285552171,-73.99885698425315,40.7203899,-73.99914500000001,284.65,49.49,2018,2018
1004730047,142 GRAND STREET,28NHPQ_ihJkQvDD1Ih4wpA,2022-07,2022,40.72031625629991,-73.99883779556873,40.7203899,-73.99914500000001,287.55,49.49,2022,2022
1004730047,142 GRAND STREET,G6sv7qFTfLhLqcv_sFYncQ,2026-04,2026,40.7203106599566,-73.99887599360218,40.7203899,-73.99914500000001,291.24,49.49,2026,2026
1004780035,162 BOWERY,6exyCkNAvn5zjVkuRMKm3w,2009-04,2009,40.72001010198118,-73.99427630382559,40.720090600000006,-73.9945165,293.85,54.47,2007,2009
1004780035,162 BOWERY,8I9q9BH0Acp8J88tQhbyBw,2012-07,2012,40.72004666799619,-73.99422833096429,40.720090600000006,-73.9945165,281.37,54.47,2011,2012
1004780035,162 BOWERY,TTiXg8n1NSI0EqMHJa-sJg,2014-08,2014,40.72004543622945,-73.99423613215937,40.720090600000006,-73.9945165,282.0,54.47,2014,2014
1004780035,162 BOWERY,Irhgs7HOCcOyXX8RDOu1VQ,2019-10,2019,40.71999822550994,-73.99420905214748,40.720090600000006,-73.9945165,291.62,54.47,2018,2019
1004780035,162 BOWERY,CmZ7oi6HZDW5Fk3yXt9GgQ,2022-07,2022,40.71999879230489,-73.99424814779256,40.720090600000006,-73.9945165,294.29,54.47,2022,2022
1004780035,162 BOWERY,qVu15SyVSUiQ4QryOx79gw,2026-04,2026,40.72001624859868,-73.99424518871879,40.720090600000006,-73.9945165,289.88,54.47,2026,2026
1004780036,160 BOWERY,NkkBTviCkbOpcwsHZFz4zg,2009-04,2009,40.71991858527539,-73.99431495111259,40.7200357,-73.9945418,304.26,55.7,2007,2009
1004780036,160 BOWERY,fJegy-pLuxoBCLMuWAywrg,2012-08,2012,40.71990625203059,-73.99427585548115,40.7200357,-73.9945418,302.71,55.7,2011,2012
1004780036,160 BOWERY,pdVWUWNxsQyA7LtESpzebQ,2014-09,2014,40.71990905159674,-73.99428123561438,40.7200357,-73.9945418,302.67,55.7,2014,2014
1004780036,160 BOWERY,FtahBl4oikPX2jogn8DAaQ,2019-10,2019,40.71995598962457,-73.99422608924151,40.7200357,-73.9945418,288.42,55.7,2018,2019
1004780036,160 BOWERY,qjsGGEjXdoEqVq6XYxeYWQ,2022-07,2022,40.71991509928977,-73.99428186329658,40.7200357,-73.9945418,301.47,55.7,2022,2022
1004780036,160 BOWERY,8d5PDKYbrdn8_-hTQvJagA,2026-04,2026,40.71993078177781,-73.99427809720335,40.7200357,-73.9945418,297.7,55.7,2026,2026
1004780037,158H BOWERY,NkkBTviCkbOpcwsHZFz4zg,2009-04,2009,40.71991858527539,-73.99431495111259,40.719989000000005,-73.9945598,290.78,55.81,2007,2009
1004780037,158H BOWERY,fJegy-pLuxoBCLMuWAywrg,2012-08,2012,40.71990625203059,-73.99427585548115,40.719989000000005,-73.9945598,291.03,55.81,2011,2012
1004780037,158H BOWERY,pdVWUWNxsQyA7LtESpzebQ,2014-09,2014,40.71990905159674,-73.99428123561438,40.719989000000005,-73.9945598,290.74,55.81,2014,2014
1004780037,158H BOWERY,FtahBl4oikPX2jogn8DAaQ,2019-10,2019,40.71995598962457,-73.99422608924151,40.719989000000005,-73.9945598,277.44,55.81,2018,2019
1004780037,158H BOWERY,qjsGGEjXdoEqVq6XYxeYWQ,2022-07,2022,40.71991509928977,-73.99428186329658,40.719989000000005,-73.9945598,289.33,55.81,2022,2022
1004780037,158H BOWERY,8d5PDKYbrdn8_-hTQvJagA,2026-04,2026,40.71993078177781,-73.99427809720335,40.719989000000005,-73.9945598,285.25,55.81,2026,2026
1004780038,158 BOWERY,Xh88n3eoc5LrH4Q_vH9PPw,2009-04,2009,40.71982871241161,-73.9943518946836,40.71994510000002,-73.9945779,304.2,56.23,2007,2009
1004780038,158 BOWERY,hHliO43_E9nBKq4qIvKXJQ,2012-08,2012,40.71985651861468,-73.99429746568208,40.71994510000002,-73.9945779,292.62,56.23,2011,2012
1004780038,158 BOWERY,SOWluGEUWP0OeCM793lu8Q,2014-09,2014,40.71982311626419,-73.9943198829004,40.71994510000002,-73.9945779,301.96,56.23,2014,2014
1004780038,158 BOWERY,54b5kaHCx7LQKRtnN5OrCg,2019-10,2019,40.71982539772378,-73.99427746952112,40.71994510000002,-73.9945779,297.73,56.23,2018,2019
1004780038,158 BOWERY,DYrXZrpscHI08FBlycf3gw,2022-07,2022,40.71983252392204,-73.99431495111259,40.71994510000002,-73.9945779,299.46,56.23,2022,2022
1004780038,158 BOWERY,epSYaCdaPa50sSNqFI-GOw,2026-04,2026,40.71985809472012,-73.99430804660945,40.71994510000002,-73.9945779,293.05,56.23,2026,2026
1004780039,156 BOWERY,Xh88n3eoc5LrH4Q_vH9PPw,2009-04,2009,40.71982871241161,-73.9943518946836,40.71989300000001,-73.9945995,288.91,56.76,2007,2009
1004780039,156 BOWERY,hHliO43_E9nBKq4qIvKXJQ,2012-08,2012,40.71985651861468,-73.99429746568208,40.71989300000001,-73.9945995,279.06,56.76,2011,2012
1004780039,156 BOWERY,SOWluGEUWP0OeCM793lu8Q,2014-09,2014,40.71982311626419,-73.9943198829004,40.71989300000001,-73.9945995,288.25,56.76,2014,2014
1004780039,156 BOWERY,54b5kaHCx7LQKRtnN5OrCg,2019-10,2019,40.71982539772378,-73.99427746952112,40.71989300000001,-73.9945995,285.48,56.76,2018,2019
1004780039,156 BOWERY,DYrXZrpscHI08FBlycf3gw,2022-07,2022,40.71983252392204,-73.99431495111259,40.71989300000001,-73.9945995,285.66,56.76,2022,2022
1004780039,156 BOWERY,epSYaCdaPa50sSNqFI-GOw,2026-04,2026,40.71985809472012,-73.99430804660945,40.71989300000001,-73.9945995,278.98,56.76,2026,2026
1004780042,150 BOWERY,APncazefMko6S69k3fWNwQ,2009-04,2009,40.71967400543074,-73.99474805126704,40.7197914,-73.9946248,38.51,31.71,2007,2009
1004780042,150 BOWERY,Eqf4llswndPTk0NqrLxSfw,2012-08,2012,40.71966199068159,-73.9947346009664,40.7197914,-73.9946248,32.74,31.71,2011,2012
1004780042,150 BOWERY,_xQs_6TahVRv3CZ4E8vuZw,2014-08,2014,40.71965276759147,-73.99472168867692,40.7197914,-73.9946248,27.91,31.71,2014,2014
1004780042,150 BOWERY,w9IaBBPHc8Cv7GPP8XmlSg,2019-10,2019,40.71965413930766,-73.99471487385709,40.7197914,-73.9946248,26.44,31.71,2018,2019
1004780042,150 BOWERY,Dmm6niMwtNfIooAe1B1_kQ,2022-07,2022,40.71964741318506,-73.99470680367543,40.7197914,-73.9946248,23.35,31.71,2022,2022
1004780042,150 BOWERY,cZYmd8JZYBQ8EiyZ90c0Ig,2026-04,2026,40.71965468964525,-73.9947363046712,40.7197914,-73.9946248,31.72,31.71,2026,2026
1004787501,354 BROOME STREET,5MracWcyF3ABcB4jRATySw,2009-04,2009,40.71984018076763,-73.99517944674221,40.72009609999999,-73.9948917,40.44,94.67,2007,2009
1004787501,354 BROOME STREET,bRtZA8ozWvkScQVXwSNfQQ,2012-08,2012,40.71984394684595,-73.99517621867741,40.72009609999999,-73.9948917,40.54,94.67,2011,2012
1004787501,354 BROOME STREET,pqDNz_AANZSvAOdKEKjRSw,2014-10,2014,40.71982239304133,-73.99513326747667,40.72009609999999,-73.9948917,33.78,94.67,2014,2014
1004787501,354 BROOME STREET,w9UnWXgEMSGC_GKYYTUOYw,2019-10,2019,40.71983182034089,-73.99516357542309,40.72009609999999,-73.9948917,37.94,94.67,2018,2019
1004787501,354 BROOME STREET,3-fDGlTLf72LNtv3W-yVvw,2022-07,2022,40.71981616466788,-73.99512977040564,40.72009609999999,-73.9948917,32.8,94.67,2022,2022
1004787501,354 BROOME STREET,UULG8gfUfml7QTgfqL10EA,2024-11,2024,40.71982209341702,-73.99515774697223,40.72009609999999,-73.9948917,36.35,94.67,2026,2024
1004787503,152 ELIZABETH STREET,ZxdFILzXI4qJuZpaF11UeA,2009-04,2009,40.72031793689829,-73.9941514846923,40.72038700000002,-73.9947907,278.11,157.28,2007,2009
1004787503,152 ELIZABETH STREET,AYLAA0WXgjfXYNauAhlbSQ,2012-08,2012,40.7202639026583,-73.99414117276315,40.72038700000002,-73.9947907,284.04,157.28,2011,2012
1004787503,152 ELIZABETH STREET,KSAqaIl9oyHllCvIB0N58Q,2014-09,2014,40.72026282176046,-73.99414897396177,40.72038700000002,-73.9947907,284.32,157.28,2014,2014
1004787503,152 ELIZABETH STREET,XpvS9oUJArHeME_wz3sBmg,2019-10,2019,40.72024131638737,-73.99411274770338,40.72038700000002,-73.9947907,285.83,157.28,2018,2019
1004787503,152 ELIZABETH STREET,ZorT_OpGLP8H-o7VVrUUsw,2022-07,2022,40.7203077130225,-73.99412619804765,40.72038700000002,-73.9947907,278.95,157.28,2022,2022
1004787503,152 ELIZABETH STREET,ncobZDiBhw4QnchU9VWZ3Q,2026-04,2026,40.72028369238333,-73.99415838920109,40.72038700000002,-73.9947907,282.17,157.28,2026,2026
1004790031,149 ELIZABETH STREET,lAErV2FbKJ7YBwyAhZR_fQ,2009-04,2009,40.72004004532063,-73.99568885262052,40.720428199999986,-73.9953138,36.22,146.13,2007,2009
1004790031,149 ELIZABETH STREET,lAErV2FbKJ7YBwyAhZR_fQ,2009-04,2009,40.72004004532063,-73.99568885262052,40.720428199999986,-73.9953138,36.22,146.13,2011,2009
1004790031,149 ELIZABETH STREET,Qiw5AyXabXE9gVrC8gc0_Q,2014-10,2014,40.72004838436672,-73.9956838311997,40.720428199999986,-73.9953138,36.44,146.13,2014,2014
1004790031,149 ELIZABETH STREET,_uW0Zml9HuK-exkWbhp3ZA,2019-10,2019,40.72001907423797,-73.99563298930654,40.720428199999986,-73.9953138,30.6,146.13,2018,2019
1004790031,149 ELIZABETH STREET,hpTkzZTzI6-RKShQ5S9YcQ,2022-07,2022,40.72003731202344,-73.99568553489607,40.720428199999986,-73.9953138,35.78,146.13,2022,2022
1004790031,149 ELIZABETH STREET,hpTkzZTzI6-RKShQ5S9YcQ,2022-07,2022,40.72003731202344,-73.99568553489607,40.720428199999986,-73.9953138,35.78,146.13,2026,2022
1004790033,147 ELIZABETH STREET,oEniADhPywl6aMiVKqbJjA,2009-04,2009,40.71997392766036,-73.99552206964448,40.7203212,-73.9953246,23.31,110.34,2007,2009
1004790033,147 ELIZABETH STREET,irNKpmXI7aLl78b0cXVKJw,2013-08,2013,40.71995318101186,-73.9954651302619,40.7203212,-73.9953246,16.14,110.34,2011,2013
1004790033,147 ELIZABETH STREET,irNKpmXI7aLl78b0cXVKJw,2013-08,2013,40.71995318101186,-73.9954651302619,40.7203212,-73.9953246,16.14,110.34,2014,2013
1004790033,147 ELIZABETH STREET,ZMLyhTePGyY1das7YPJMZw,2019-10,2019,40.71995542360963,-73.99546817898519,40.7203212,-73.9953246,16.57,110.34,2018,2019
1004790033,147 ELIZABETH STREET,tRvWf9KkXQIDKe_OWYPtUQ,2022-07,2022,40.71997483090723,-73.99553641657286,40.7203212,-73.9953246,24.87,110.34,2022,2022
1004790033,147 ELIZABETH STREET,tRvWf9KkXQIDKe_OWYPtUQ,2022-07,2022,40.71997483090723,-73.99553641657286,40.7203212,-73.9953246,24.87,110.34,2026,2022
1004790034,356 BROOME STREET,XJzKIkponxS9uLGqEKKEDw,2009-04,2009,40.71993032500891,-73.99540980489287,40.72013730000001,-73.9952958,22.66,55.04,2007,2009
1004790034,356 BROOME STREET,EsrBadJhUVpeAqkE2Mv8sQ,2012-07,2012,40.71992046444364,-73.9953913332102,40.72013730000001,-73.9952958,18.47,55.04,2011,2012
1004790034,356 BROOME STREET,10eXBRbUVtnk-7PXI5WQOg,2014-10,2014,40.7199265034154,-73.99538658078669,40.72013730000001,-73.9952958,18.08,55.04,2014,2014
1004790034,356 BROOME STREET,c3JhgGGj1n_LtR_tl8o91A,2019-10,2019,40.71991285492599,-73.99535788690645,40.72013730000001,-73.9952958,11.84,55.04,2018,2019
1004790034,356 BROOME STREET,pfYmQCaNO6Mt4EeiDlRFNw,2021-08,2021,40.71992472560132,-73.9953910642051,40.72013730000001,-73.9952958,18.76,55.04,2022,2021
1004790034,356 BROOME STREET,pfYmQCaNO6Mt4EeiDlRFNw,2021-08,2021,40.71992472560132,-73.9953910642051,40.72013730000001,-73.9952958,18.76,55.04,2026,2021
1004790035,358 BROOME STREET,oEniADhPywl6aMiVKqbJjA,2009-04,2009,40.71997392766036,-73.99552206964448,40.720175700000006,-73.9954292,19.23,49.93,2007,2009
1004790035,358 BROOME STREET,irNKpmXI7aLl78b0cXVKJw,2013-08,2013,40.71995318101186,-73.9954651302619,40.720175700000006,-73.9954292,6.98,49.93,2011,2013
1004790035,358 BROOME STREET,irNKpmXI7aLl78b0cXVKJw,2013-08,2013,40.71995318101186,-73.9954651302619,40.720175700000006,-73.9954292,6.98,49.93,2014,2013
1004790035,358 BROOME STREET,ZMLyhTePGyY1das7YPJMZw,2019-10,2019,40.71995542360963,-73.99546817898519,40.720175700000006,-73.9954292,7.64,49.93,2018,2019
1004790035,358 BROOME STREET,tRvWf9KkXQIDKe_OWYPtUQ,2022-07,2022,40.71997483090723,-73.99553641657286,40.720175700000006,-73.9954292,22.03,49.93,2022,2022
1004790035,358 BROOME STREET,tRvWf9KkXQIDKe_OWYPtUQ,2022-07,2022,40.71997483090723,-73.99553641657286,40.720175700000006,-73.9954292,22.03,49.93,2026,2022
1004790037,362 BROOME STREET,lAErV2FbKJ7YBwyAhZR_fQ,2009-04,2009,40.72004004532063,-73.99568885262052,40.720266300000006,-73.9955483,25.21,63.45,2007,2009
1004790037,362 BROOME STREET,lAErV2FbKJ7YBwyAhZR_fQ,2009-04,2009,40.72004004532063,-73.99568885262052,40.720266300000006,-73.9955483,25.21,63.45,2011,2009
1004790037,362 BROOME STREET,Qiw5AyXabXE9gVrC8gc0_Q,2014-10,2014,40.72004838436672,-73.9956838311997,40.720266300000006,-73.9955483,25.24,63.45,2014,2014
1004790037,362 BROOME STREET,_uW0Zml9HuK-exkWbhp3ZA,2019-10,2019,40.72001907423797,-73.99563298930654,40.720266300000006,-73.9955483,14.55,63.45,2018,2019
1004790037,362 BROOME STREET,hpTkzZTzI6-RKShQ5S9YcQ,2022-07,2022,40.72003731202344,-73.99568553489607,40.720266300000006,-73.9955483,24.43,63.45,2022,2022
1004790037,362 BROOME STREET,hpTkzZTzI6-RKShQ5S9YcQ,2022-07,2022,40.72003731202344,-73.99568553489607,40.720266300000006,-73.9955483,24.43,63.45,2026,2022
1004790039,366 BROOME STREET,Vv999Y2IvpFsyEUeXd4yCw,2012-07,2012,40.72013624592309,-73.99593373639387,40.720313,-73.9956457,51.0,65.71,2007,2012
1004790039,366 BROOME STREET,Vv999Y2IvpFsyEUeXd4yCw,2012-07,2012,40.72013624592309,-73.99593373639387,40.720313,-73.9956457,51.0,65.71,2011,2012
1004790039,366 BROOME STREET,Vv999Y2IvpFsyEUeXd4yCw,2012-07,2012,40.72013624592309,-73.99593373639387,40.720313,-73.9956457,51.0,65.71,2014,2012
1004790039,366 BROOME STREET,OkdiZNnlwKdiWA0i_i8kkA,2019-10,2019,40.72015802267308,-73.99596709292904,40.720313,-73.9956457,57.53,65.71,2018,2019
1004790039,366 BROOME STREET,n52fUtT3Z3_PbvNpz48ung,2021-08,2021,40.72015940751947,-73.9959683482824,40.720313,-73.9956457,57.87,65.71,2022,2021
1004790039,366 BROOME STREET,n52fUtT3Z3_PbvNpz48ung,2021-08,2021,40.72015940751947,-73.9959683482824,40.720313,-73.9956457,57.87,65.71,2026,2021
1004790040,368 BROOME STREET,Vv999Y2IvpFsyEUeXd4yCw,2012-07,2012,40.72013624592309,-73.99593373639387,40.72035419999998,-73.9957828,27.69,61.01,2007,2012
1004790040,368 BROOME STREET,Vv999Y2IvpFsyEUeXd4yCw,2012-07,2012,40.72013624592309,-73.99593373639387,40.72035419999998,-73.9957828,27.69,61.01,2011,2012
1004790040,368 BROOME STREET,Vv999Y2IvpFsyEUeXd4yCw,2012-07,2012,40.72013624592309,-73.99593373639387,40.72035419999998,-73.9957828,27.69,61.01,2014,2012
1004790040,368 BROOME STREET,OkdiZNnlwKdiWA0i_i8kkA,2019-10,2019,40.72015802267308,-73.99596709292904,40.72035419999998,-73.9957828,35.45,61.01,2018,2019
1004790040,368 BROOME STREET,n52fUtT3Z3_PbvNpz48ung,2021-08,2021,40.72015940751947,-73.9959683482824,40.72035419999998,-73.9957828,35.83,61.01,2022,2021
1004790040,368 BROOME STREET,n52fUtT3Z3_PbvNpz48ung,2021-08,2021,40.72015940751947,-73.9959683482824,40.72035419999998,-73.9957828,35.83,61.01,2026,2021
1004790050,BROOME STREET,oEniADhPywl6aMiVKqbJjA,2009-04,2009,40.71997392766036,-73.99552206964448,40.72015100000001,-73.9953427,37.51,53.31,2007,2009
1004790050,BROOME STREET,irNKpmXI7aLl78b0cXVKJw,2013-08,2013,40.71995318101186,-73.9954651302619,40.72015100000001,-73.9953427,25.13,53.31,2011,2013
1004790050,BROOME STREET,irNKpmXI7aLl78b0cXVKJw,2013-08,2013,40.71995318101186,-73.9954651302619,40.72015100000001,-73.9953427,25.13,53.31,2014,2013
1004790050,BROOME STREET,ZMLyhTePGyY1das7YPJMZw,2019-10,2019,40.71995542360963,-73.99546817898519,40.72015100000001,-73.9953427,25.93,53.31,2018,2019
1004790050,BROOME STREET,tRvWf9KkXQIDKe_OWYPtUQ,2022-07,2022,40.71997483090723,-73.99553641657286,40.72015100000001,-73.9953427,39.81,53.31,2022,2022
1004790050,BROOME STREET,tRvWf9KkXQIDKe_OWYPtUQ,2022-07,2022,40.71997483090723,-73.99553641657286,40.72015100000001,-73.9953427,39.81,53.31,2026,2022
1004807502,372 BROOME STREET,5NsZg4Px9ETp--oTPsp0eg,2019-06,2019,40.72033624755975,-73.99597821177281,40.720453000000006,-73.9961038,320.81,61.5,2007,2019
1004807502,372 BROOME STREET,5NsZg4Px9ETp--oTPsp0eg,2019-06,2019,40.72033624755975,-73.99597821177281,40.720453000000006,-73.9961038,320.81,61.5,2011,2019
1004807502,372 BROOME STREET,5NsZg4Px9ETp--oTPsp0eg,2019-06,2019,40.72033624755975,-73.99597821177281,40.720453000000006,-73.9961038,320.81,61.5,2014,2019
1004807502,372 BROOME STREET,5NsZg4Px9ETp--oTPsp0eg,2019-06,2019,40.72033624755975,-73.99597821177281,40.720453000000006,-73.9961038,320.81,61.5,2018,2019
1004807502,372 BROOME STREET,5NsZg4Px9ETp--oTPsp0eg,2019-06,2019,40.72033624755975,-73.99597821177281,40.720453000000006,-73.9961038,320.81,61.5,2022,2019
1004807502,372 BROOME STREET,5NsZg4Px9ETp--oTPsp0eg,2019-06,2019,40.72033624755975,-73.99597821177281,40.720453000000006,-73.9961038,320.81,61.5,2026,2019
