bbl,address,bldgclass,landuse,yearbuilt,numbldgs,unitstotal,unitsres,lot_lat,lot_lon,cam_lat,cam_lon,cam_to_lot_ft,heading_deg
1003060007,74 FORSYTH STREET,C7,4.0,1900,1,20,18,40.71713720000001,-73.9931712,40.71718863502111,-73.99334462097943,56.6,111.37
1003060011,82 FORSYTH STREET,S4,4.0,1900,1,5,4,40.71739519999999,-73.9930413,40.71744604902461,-73.99321274511509,56.01,111.37
1003060032,73 ELDRIDGE STREET,C7,4.0,1920,1,24,22,40.716906599999994,-73.9928935,40.71661781163441,-73.99304512980258,118.3,21.7
1003060037,111 HESTER STREET,D7,4.0,1900,1,8,6,40.71668430000001,-73.993027,40.71662221029685,-73.99305960038129,29.36,21.7
1003060038,113 HESTER STREET,O2,5.0,1900,1,2,0,40.71673920000001,-73.9930919,40.71664677899234,-73.99314042583393,41.26,21.7
1002930008,22 ELDRIDGE STREET,K4,4.0,1900,1,4,1,40.71496610000003,-73.993341,40.71501133889894,-73.99349290832734,50.22,111.45
1003030039,133 CANAL STREET,M9,8.0,1900,1,3,0,40.71628369999999,-73.9953141,40.71623634000855,-73.99546916959883,51.32,68.05
1003040001,95 BOWERY,K4,4.0,1910,2,46,32,40.71726630000001,-73.9950615,40.71724808499808,-73.995071181958,12.16,21.94
1003060014,271 GRAND STREET,O5,5.0,1900,1,4,0,40.717710800000006,-73.9930341,40.7177218735292,-73.9930714361386,16.11,111.37
1003030020,122 HESTER STREET,C7,4.0,1910,1,24,20,40.71691220000001,-73.994726,40.716971052412276,-73.99469471643364,28.13,201.94
1003060004,68 FORSYTH STREET,C7,4.0,1900,1,18,16,40.716945,-73.9932686,40.716996709294875,-73.99344294580376,56.87,111.37
1002920012,104 CANAL STREET,K4,4.0,1910,1,3,1,40.71541630000001,-73.9941959,40.71542946998407,-73.99424002337872,18.14,111.49
1003060040,117 HESTER STREET,S5,4.0,1900,1,7,6,40.7167831,-73.9932362,40.71669064704171,-73.9932847424098,41.27,21.7
1003040030,85 CHRYSTIE STREET,C7,4.0,1910,1,21,20,40.717543500000005,-73.9945023,40.717493979293394,-73.99433011803394,56.03,290.78
1003060035,107 HESTER STREET,C7,4.0,1913,1,20,17,40.71664860000001,-73.9929116,40.71658704625952,-73.9929439190789,29.15,21.7
1002930011,80 CANAL STREET,O9,5.0,1900,1,6,0,40.7151747,-73.9932797,40.71521884033297,-73.99325582656674,22.39,202.29
1002920029,5 ELDRIDGE STREET,C7,4.0,1900,1,13,9,40.714584600000016,-73.9940336,40.714547983810114,-73.99391088646463,41.54,291.49
1003030022,67 CHRYSTIE STREET,K1,5.0,1940,1,1,0,40.7168298,-73.9948343,40.71678646888397,-73.99468987014008,48.04,291.6
1003060001,119 HESTER STREET,C7,4.0,1910,1,29,25,40.716796800000004,-73.9934094,40.716737934020486,-73.99344030741831,28.09,21.7
1003060008,76 FORSYTH STREET,C7,4.0,1900,1,18,16,40.717203,-73.9931388,40.71725409776296,-73.99331108384203,56.26,111.37
1002930020,3 ALLEN STREET,C7,4.0,1910,1,11,10,40.7146834,-73.9931354,40.71463809438907,-73.99298565184708,49.67,291.76
1002920024,15 ELDRIDGE STREET,C7,4.0,1900,1,24,22,40.71491670000002,-73.9939073,40.71486848314092,-73.99374570859682,53.12,291.49
1003030010,83 BOWERY,C7,4.0,1910,1,15,12,40.71675580000001,-73.9953285,40.716822806583245,-73.99551931277098,63.26,114.86
1002930007,20 ELDRIDGE STREET,M1,8.0,1900,1,1,0,40.7149002,-73.9933771,40.71494486997165,-73.99352709794559,49.65,111.45
1003030030,47 CHRYSTIE STREET,K4,4.0,1917,1,5,0,40.71627539999999,-73.9951012,40.7162373653683,-73.99497442409799,42.78,291.59
1002920008,27 FORSYTH STREET,M1,8.0,1900,1,1,0,40.71511160000001,-73.9942103,40.71516167961648,-73.99437808136967,54.96,111.49
1003030027,55 CHRYSTIE STREET,O5,5.0,1900,1,39,0,40.716514200000006,-73.9950255,40.71646368954713,-73.9948571400131,55.17,291.59
1003040003,99 BOWERY,K4,4.0,1920,1,4,2,40.71738700000004,-73.9949569,40.71723738922575,-73.99503642399677,63.8,21.94
1002930009,24 ELDRIDGE STREET,C7,4.0,1900,1,10,8,40.71504290000001,-73.9933518,40.71507514817872,-73.99346008668249,37.24,111.45
1002930017,9 ALLEN STREET,C7,4.0,1900,1,17,16,40.714872699999994,-73.993038,40.71482699719159,-73.99288693905454,50.07,291.76
1003060033,71 ELDRIDGE STREET,K2,5.0,1910,1,3,0,40.7168407,-73.992926,40.71661726082252,-73.9930433177598,92.66,21.7
1002920010,28 FORSYTH STREET,C7,4.0,1900,1,24,22,40.7152077,-73.9941634,40.71525709575125,-73.99432889019396,54.28,111.49
1002920021,21 ELDRIDGE STREET,C7,4.0,1900,1,22,18,40.715108799999975,-73.9938063,40.71506109914606,-73.99364643798116,52.6,291.49
1003000004,42 ELDRIDGE STREET,C7,4.0,1930,1,22,20,40.71573459999999,-73.9929477,40.71577860669833,-73.9930946979973,48.79,111.55
1002920007,26 FORSYTH STREET,G6,10.0,1952,2,2,0,40.7149002,-73.9942392,40.714921140881465,-73.99424652640549,12.9,165.15
1002920014,100 CANAL STREET,K2,5.0,1940,1,2,0,40.7153339,-73.994048,40.715437520067304,-73.99399644988279,45.37,200.66
1003040035,75 CHRYSTIE STREET,C7,4.0,1910,1,45,35,40.7171894,-73.9946863,40.71713804746851,-73.99471359609005,25.18,21.94
1003040012,115 BOWERY,O9,5.0,1988,1,5,0,40.71790299999999,-73.9947296,40.71795476214145,-73.994900623509,56.02,111.77
1002920028,7 ELDRIDGE STREET,C7,4.0,1900,1,11,8,40.71465049999999,-73.9940012,40.71461347954135,-73.99387713163448,41.94,291.49
1003030024,65 CHRYSTIE STREET,M1,8.0,1910,1,1,0,40.71675299999999,-73.9948307,40.71672093734487,-73.9947238298666,36.85,291.6
1003060010,80 FORSYTH STREET,B9,1.0,1901,1,2,2,40.71732929999999,-73.99307380000002,40.717380473780075,-73.99324634009758,56.33,111.37
1002930001,8 ELDRIDGE STREET,G2,7.0,1940,3,1,0,40.7145077,-73.9935034,40.71448345127879,-73.99341722120099,30.47,290.37
1003040031,83 CHRYSTIE STREET,C7,4.0,1910,1,30,28,40.71744740000001,-73.9945528,40.717397185313835,-73.99437820504629,56.74,290.78
1002930002,10 ELDRIDGE STREET,K1,5.0,1945,1,1,0,40.7146422,-73.9935539,40.71467548303527,-73.99366566173352,38.27,111.45
1002930014,74 CANAL STREET,C7,4.0,1900,1,9,8,40.715056600000004,-73.9930055,40.71512830938024,-73.9929667154706,33.25,202.29
1003030035,125 CANAL STREET,H3,5.0,1940,1,40,0,40.716077799999994,-73.9951987,40.71602167003734,-73.99522997706704,27.21,22.9
1002930010,26 ELDRIDGE STREET,C7,4.0,1900,1,10,8,40.7151061,-73.9933157,40.715139275719565,-73.99342710126493,38.16,111.45
1003040029,87 CHRYSTIE STREET,CB,,1900,1,11,10,40.7176011,-73.9944735,40.71755162568991,-73.9943014793737,55.98,290.78
1003040015,123 BOWERY,O5,5.0,1900,1,2,0,40.7181007,-73.9946249,40.71815281256083,-73.99479708122391,56.37,111.77
1003040006,105 BOWERY,S4,4.0,1900,1,5,4,40.71759009999999,-73.9948919,40.71764219794306,-73.99506403312344,56.35,111.77
1003040020,247 GRAND STREET,K4,4.0,1900,1,4,2,40.71804299999998,-73.99430750000002,40.71818319114557,-73.99423662588467,59.72,200.97
1003060013,86 FORSYTH STREET,K2,5.0,1900,1,6,0,40.71753509999999,-73.9929764,40.717584205277504,-73.99314196577969,54.26,111.37
1003060016,273 GRAND STREET,K4,4.0,1900,1,7,0,40.7176696,-73.9929367,40.717711185510716,-73.99307691179222,46.72,111.37
1003060019,281 GRAND STREET,C7,4.0,1900,1,9,8,40.7175598,-73.9927094,40.71767439183923,-73.99309576180124,119.95,111.37
1003040013,119 BOWERY,K4,4.0,1900,1,6,0,40.717971700000014,-73.9946935,40.718023510017346,-73.99486468166538,56.07,111.77
1003040019,245 GRAND STREET,K4,4.0,1910,1,5,3,40.7180375,-73.9944049,40.71820731426356,-73.99431905006644,71.29,200.97
1003060017,277 GRAND STREET,K4,4.0,1900,1,4,0,40.71763120000001,-73.9927996,40.71771314983101,-73.99307590543766,87.21,111.37
1003040005,103 BOWERY,S4,4.0,1915,1,5,4,40.717524299999994,-73.9949244,40.71757689449772,-73.99509817377462,56.84,111.77
1003040026,89 CHRYSTIE STREET,G1,10.0,1925,1,1,0,40.71769720000002,-73.9944229,40.71764844477447,-73.99425337964942,55.24,290.78
1003040014,121 BOWERY,O5,5.0,1900,1,3,0,40.71803480000002,-73.994661,40.718086482197684,-73.99483175932306,55.94,111.77
1003040021,249 GRAND STREET,D7,4.0,1910,1,26,24,40.71803479999999,-73.994156,40.71801100314576,-73.99407325930328,29.52,290.78
1003040025,95 CHRYSTIE STREET,C7,4.0,1910,1,10,8,40.7178015,-73.9943724,40.71775241349126,-73.99420172782017,55.58,290.78
1003040016,237 GRAND STREET,HH,5.0,1900,1,5,0,40.71821590000001,-73.9946177,40.71828456075436,-73.99458298863588,31.8,200.97
1003040018,243 GRAND STREET,K4,4.0,1910,1,4,2,40.718160999999995,-73.99444090000001,40.718232410200834,-73.99440479846737,32.88,200.97
1003000007,48 ELDRIDGE STREET,C7,4.0,1910,1,12,11,40.7159295,-73.9928467,40.7159735636292,-73.99299388810314,48.85,111.55
1003000008,50 ELDRIDGE STREET,K4,4.0,1912,1,8,0,40.71602,-73.9927998,40.71606409042061,-73.99294707756654,48.87,111.55
1003060027,83 ELDRIDGE STREET,C7,4.0,1900,1,12,10,40.717227700000024,-73.9927275,40.717381437678185,-73.99324584628157,159.22,111.37
1003000010,54 ELDRIDGE STREET,C7,4.0,1900,1,26,24,40.7161326,-73.9927601,40.71617188812852,-73.99289133622504,44.1,111.55
1003060029,79 ELDRIDGE STREET,H3,5.0,2018,1,1,0,40.7170987,-73.9927925,40.71725271778138,-73.99331179081946,159.5,111.37
1003060034,69 ELDRIDGE STREET,C7,4.0,1910,1,10,8,40.716758399999996,-73.9929007,40.716599301396414,-73.99298423550127,67.42,21.7
1003000006,46 ELDRIDGE STREET,C7,4.0,1930,1,22,20,40.715863600000006,-73.9928792,40.71590807223018,-73.99302775299242,49.25,111.55
1003000025,25 ALLEN STREET,K2,5.0,1900,1,3,0,40.71570440000001,-73.9926122,40.7158394304122,-73.99306324685175,139.37,111.55
1003000026,23 ALLEN STREET,K2,5.0,1900,1,2,0,40.7156412,-73.9926447,40.715329989007245,-73.99290413895818,139.27,32.29
1003000027,21 ALLEN STREET,C7,4.0,1920,1,18,14,40.7155644,-73.9926375,40.71528004196558,-73.99278768133084,116.65,21.82
1003060022,283 GRAND STREET,K2,5.0,2012,1,2,0,40.717518700000014,-73.9925832,40.71767120618453,-73.993097393864,157.99,111.37
1003060025,87 ELDRIDGE STREET,P7,8.0,1900,1,1,0,40.717343000000014,-73.99262290000001,40.717508460551265,-73.99318077087678,170.98,111.37
1003060026,85 ELDRIDGE STREET,C7,4.0,1910,1,11,8,40.7172908,-73.992695,40.7174445822687,-73.99321349655249,159.27,111.37
1003060030,77 ELDRIDGE STREET,M1,8.0,1930,1,1,0,40.7170301,-73.9928285,40.717183897462405,-73.99334704806958,159.28,111.37
1003000029,73 CANAL STREET,O9,5.0,1900,1,7,0,40.7153448,-73.9926664,40.71525711740964,-73.99271270878103,39.43,21.82
1003000024,27 ALLEN STREET,K2,5.0,1900,1,1,0,40.71577020000001,-73.9925762,40.71590574259151,-73.99302895762187,139.88,111.55
1003000015,92 HESTER STREET,O5,5.0,1910,1,4,0,40.7162067,-73.9925689,40.716285621612315,-73.99283252532933,83.53,111.55
1003000023,29 ALLEN STREET,C7,4.0,1900,1,8,7,40.7158361,-73.9925437,40.71597123399838,-73.99299509273109,139.47,111.55
1003060028,81 ELDRIDGE STREET,C7,4.0,1910,1,21,20,40.717164600000004,-73.99276,40.71731829307061,-73.99327819595318,159.18,111.37
1003000028,19 ALLEN STREET,C7,4.0,1900,1,16,15,40.71550130000001,-73.99267,40.71527982455166,-73.9927869702986,91.96,21.82
1002930015,70 CANAL STREET,C7,4.0,1910,1,16,13,40.7150182,-73.99288650000001,40.71499221247513,-73.99280060388284,30.63,291.76
1003000013,94 HESTER STREET,C7,4.0,1920,1,16,12,40.7163055,-73.9926915,40.71633939450545,-73.99280471961636,38.73,111.55
1003000022,31 ALLEN STREET,C7,4.0,1910,1,10,8,40.715902000000014,-73.9925076,40.716037658658884,-73.99296074519154,139.99,111.55
1003030005,149 CANAL STREET,K4,4.0,1910,1,4,2,40.7164291,-73.9954656,40.71640141391847,-73.9955562516788,32.08,68.05
1003000012,58 ELDRIDGE STREET,M9,8.0,1910,1,6,0,40.71622310000001,-73.9927348,40.71625681527174,-73.99284742093414,38.55,111.55
1003060031,75 ELDRIDGE STREET,C7,4.0,1910,1,11,10,40.71696420000001,-73.992861,40.71661722008808,-73.99304318375303,141.13,21.7
1002920020,27 ELDRIDGE STREET,S4,4.0,1910,1,5,4,40.715152700000004,-73.993727,40.715119656129104,-73.99361625870586,37.98,291.49
1002930023,98 DIVISION STREET,E9,6.0,1900,2,2,0,40.714521399999995,-73.9931823,40.714485957379345,-73.99306515191603,39.95,291.76
1002930028,88 DIVISION STREET,C7,4.0,1900,1,17,15,40.71446380000002,-73.9937487,40.71447047400888,-73.9937711108287,11.67,111.45
1002920013,102 CANAL STREET,F9,6.0,1910,1,2,0,40.71534760000001,-73.9941598,40.71537926999486,-73.99426590382463,36.6,111.49
1003060009,78 FORSYTH STREET,C7,4.0,1900,1,19,17,40.7172662,-73.9931063,40.71731732918484,-73.99327868976188,56.29,111.37
1003030009,81 BOWERY,K4,4.0,1910,1,8,5,40.716676200000016,-73.9953718,40.71674464906898,-73.99556672052972,64.51,114.86
1003040023,99 CHRYSTIE STREET,K4,4.0,1910,1,4,1,40.71790299999999,-73.9942209,40.71787934885012,-73.9941386658904,29.37,290.78
1002920026,11 ELDRIDGE STREET,C7,4.0,1900,1,20,18,40.714790399999984,-73.9939759,40.71474127599818,-73.99381126839205,54.02,291.49
1003040034,77 CHRYSTIE STREET,S5,4.0,1910,1,7,6,40.7172772,-73.9945997,40.71723646109899,-73.99445805211128,46.98,290.78
1003030025,61 CHRYSTIE STREET,H3,5.0,2006,1,1,0,40.71667339999999,-73.9949425,40.7166230193566,-73.99477457275049,55.04,291.6
1002930018,7 ALLEN STREET,C7,4.0,1900,1,19,18,40.7148069,-73.9930705,40.71476168949046,-73.99292106622691,49.58,291.76
1003030015,91 BOWERY,H2,5.0,2009,1,1,0,40.71704939999999,-73.9951697,40.71710768683707,-73.99513871745803,27.91,201.94
1002920022,19 ELDRIDGE STREET,C7,4.0,1900,1,26,24,40.71504569999999,-73.9938424,40.714997073463124,-73.99367943566594,53.53,291.49
1002920025,13 ELDRIDGE STREET,C7,4.0,1900,1,14,12,40.714856299999994,-73.99393980000002,40.714807728552834,-73.99377702022416,53.47,291.49
1002930012,78 CANAL STREET,C7,4.0,1900,1,10,8,40.71506490000001,-73.9931642,40.71517200887478,-73.9931062696591,47.2,202.29
1002930013,76 CANAL STREET,S4,4.0,1900,1,5,4,40.715075799999994,-73.993074,40.71514943341616,-73.99303417491771,34.01,202.29
1002930016,11 ALLEN STREET,C7,4.0,1900,1,10,8,40.7149414,-73.9930019,40.71489574945253,-73.99285101181574,50.01,291.76
1003000001,34 ELDRIDGE STREET,O5,5.0,1925,4,27,0,40.71552320000001,-73.9930596,40.71556653568661,-73.99320435665322,48.12,111.55
1003000003,38 ELDRIDGE STREET,C7,4.0,1930,1,17,16,40.71565769999997,-73.9929441,40.715712948349804,-73.99312864899937,59.98,111.55
1003000005,44 ELDRIDGE STREET,C7,4.0,1930,1,22,20,40.71579770000002,-73.9929116,40.7158426067364,-73.99306160441441,49.69,111.55
1003000033,81 CANAL STREET,C7,4.0,1900,1,8,7,40.71540799999999,-73.99298740000002,40.71535111205812,-73.99301804559228,27.4,22.21
1003010001,99 CANAL STREET,O9,5.0,1900,1,12,0,40.715699,-73.9939469,40.71563784560859,-73.99397841230865,28.93,21.33
1003010010,95 CANAL STREET,O9,5.0,1900,2,7,0,40.715633100000005,-73.9937305,40.71557310806875,-73.99376141349782,28.48,21.33
1003010011,93 CANAL STREET,K7,5.0,1900,1,1,0,40.715594599999996,-73.9936043,40.71553534513535,-73.99363483380365,28.19,21.33
1003010012,91 CANAL STREET,O9,5.0,1900,1,2,0,40.7155699,-73.9935213,40.7155105916239,-73.99355186145166,28.21,21.33
1003010013,89 CANAL STREET,O9,5.0,1900,1,4,0,40.715545200000015,-73.9934347,40.71553654892856,-73.99340592086305,13.58,291.63
1003010030,39 ELDRIDGE STREET,K4,4.0,1900,1,5,0,40.71571270000001,-73.993496,40.71566549637308,-73.9933389694437,51.81,291.63
1003030003,141 CANAL STREET,O9,5.0,1900,1,5,2,40.7162727,-73.9954475,40.71626195490823,-73.99548268229553,15.51,68.05
1003030004,145 CANAL STREET,K2,5.0,1900,1,2,0,40.7163495,-73.9954548,40.71633001837649,-73.9955185880542,24.05,68.05
1003030006,151 CANAL STREET,S9,4.0,1910,1,5,3,40.7165032,-73.9954728,40.71646712570153,-73.99559091700084,40.28,68.05
1003030011,85 BOWERY,C7,4.0,1910,1,18,16,40.7168216,-73.995296,40.716886460763156,-73.99548070216309,61.39,114.86
1003030019,126 HESTER STREET,D7,4.0,2024,1,9,8,40.7169671,-73.9948992,40.71702457728377,-73.99486864754554,27.59,201.94
1003040007,107 BOWERY,O2,5.0,1900,1,1,0,40.717672499999985,-73.9948486,40.71772465574449,-73.99502092406873,56.41,111.77
1003040009,111 BOWERY,K4,4.0,1900,1,5,2,40.717752100000006,-73.9948053,40.7178046960393,-73.99497907877931,56.84,111.77
1003040010,113 BOWERY,K2,5.0,1900,1,1,0,40.717826200000005,-73.9947692,40.71787810623567,-73.99494069962812,56.16,111.77
1003040024,97 CHRYSTIE STREET,C7,4.0,1910,1,12,8,40.7178509,-73.9942967,40.7178146873631,-73.99417078997534,42.31,290.78
1003040033,79 CHRYSTIE STREET,C7,4.0,1910,1,18,16,40.717343100000015,-73.9945745,40.71730046396254,-73.99442625582701,48.93,290.78
1003060003,66 FORSYTH STREET,M1,8.0,1910,1,1,0,40.716898400000005,-73.9933588,40.71693303218934,-73.9934755678727,39.74,111.37
1003060006,72 FORSYTH STREET,C7,4.0,1900,1,20,18,40.71707400000002,-73.9932037,40.717125403564395,-73.99337701494225,56.57,111.37
1002810031,66 EAST BROADWAY,C7,4.0,1900,1,14,13,40.7138545,-73.9949643,40.713769584321874,-73.9949516010881,36.14,353.53
1002810006,16 EAST BROADWAY,K4,4.0,1987,1,15,0,40.71367339999998,-73.99719000000002,40.71365670944325,-73.99727418952169,29.12,75.34
1002800044,33 EAST BROADWAY,P8,8.0,1903,1,1,0,40.71331940000001,-73.9964902,40.713436275621596,-73.9965074145133,47.85,173.63
1002800051,15 CATHERINE STREET,O6,5.0,2015,2,7,0,40.71321230000001,-73.9969592,40.71318046004421,-73.99714810711247,58.64,77.46
1002810011,26 EAST BROADWAY,C7,4.0,1900,1,12,8,40.71372010000001,-73.9967643,40.713615275775275,-73.9967490514317,43.42,353.71
1002800001,23 HENRY STREET,C4,2.0,1900,1,16,16,40.7130394,-73.996685,40.71292480672999,-73.9966686685535,46.99,353.83
1002810009,22 EAST BROADWAY,K4,4.0,1900,1,4,2,40.713695400000006,-73.9969483,40.71359966696011,-73.9969343736438,40.09,353.71
1002810013,30 EAST BROADWAY,O5,5.0,1900,1,2,0,40.71372279999999,-73.996584,40.71363031016123,-73.99657054594012,38.9,353.71
1002800002,25 HENRY STREET,C7,4.0,1900,1,19,16,40.7130476,-73.99659120000001,40.71293255215221,-73.99657480393049,47.16,353.83
1002810063,5 DIVISION STREET,K4,4.0,1900,1,3,1,40.713879300000016,-73.9971611,40.71399108288835,-73.99717513624213,45.91,174.56
1002800046,29 EAST BROADWAY,D5,3.0,1900,1,16,12,40.71329470000001,-73.9966237,40.71342472551121,-73.99664285161,52.67,173.63
1002810023,50 EAST BROADWAY,K4,4.0,1910,1,4,0,40.713796900000006,-73.9956858,40.71370717261832,-73.99567238053959,37.9,353.53
1002810026,56 EAST BROADWAY,C7,4.0,1910,1,9,8,40.7138326,-73.9954152,40.71373076100643,-73.99539996956278,42.34,353.53
1002810027,58 EAST BROADWAY,K4,4.0,1900,1,3,0,40.7138244,-73.9953251,40.713738358146934,-73.99531223220596,36.55,353.53
1002810029,62 EAST BROADWAY,O9,5.0,1900,1,4,0,40.713840799999986,-73.9951483,40.71375368090516,-73.99513527133256,36.94,353.53
1002820054,94 EAST BROADWAY,C7,4.0,1900,1,12,10,40.71396700000002,-73.9935828,40.71388514796107,-73.9935711610557,35.0,353.85
1002810052,25 DIVISION STREET,O9,5.0,1910,1,4,0,40.713950600000004,-73.99625930000002,40.71405669345607,-73.99627262040191,43.83,174.56
1002820079,81 DIVISION STREET,K2,5.0,1970,1,1,0,40.714172899999994,-73.9937018,40.71423376125293,-73.99371026527713,27.3,173.98
1002810041,47 DIVISION STREET,K4,4.0,1920,1,4,0,40.714024699999996,-73.9952637,40.7141290784079,-73.99527680351268,43.2,174.56
1002810022,48 EAST BROADWAY,M9,8.0,1900,1,4,3,40.7137914,-73.995776,40.71369939150096,-73.99576223925541,38.74,353.53
1002810045,39 DIVISION STREET,K4,4.0,1900,1,6,2,40.7140138,-73.9956281,40.71410273245822,-73.99563926493693,37.55,174.56
1002810038,53 DIVISION STREET,S2,4.0,1920,1,3,2,40.71404940000002,-73.9949932,40.71407798809495,-73.99489673568229,33.7,248.65
1002810018,40 EAST BROADWAY,K4,4.0,1900,1,5,2,40.7137613,-73.99613670000001,40.713668171307184,-73.99612277121587,39.15,353.53
1002810019,42 EAST BROADWAY,K4,4.0,1900,1,3,0,40.713772199999994,-73.9959996,40.71368003114322,-73.99598581496323,38.8,353.53
1002810030,64 EAST BROADWAY,C7,4.0,1900,2,28,24,40.713945100000004,-73.9950689,40.71400690547035,-73.99486035127825,67.04,248.65
1002810032,68 EAST BROADWAY,O5,5.0,1900,1,4,0,40.71386279999999,-73.9948742,40.71388534430292,-73.9947981290848,27.63,248.65
1002810036,MARKET STREET,V1,11.0,0,0,0,0,40.713969799999994,-73.9948417,40.713969887881746,-73.99484140346158,5.09,248.65
1002810042,45 DIVISION STREET,O5,5.0,1900,1,5,0,40.71401920000001,-73.99535390000001,40.714122531760054,-73.99536687225788,42.82,174.56
1002810050,27 DIVISION STREET,K4,4.0,1958,1,3,0,40.7139616,-73.9961259,40.71406640247763,-73.99613905810533,43.36,174.56
1002810060,11 DIVISION STREET,K4,4.0,1910,1,3,0,40.71390130000001,-73.9968834,40.71401128814443,-73.99689721042331,45.25,174.56
1002820055,96 EAST BROADWAY,C7,4.0,1900,1,12,9,40.71399170000002,-73.9934926,40.71389277384668,-73.99347853333714,41.25,353.85
1002810046,37 DIVISION STREET,N9,8.0,1974,1,1,0,40.71398910000002,-73.9957615,40.714092900131796,-73.99577453169191,42.99,174.56
1002810017,38 EAST BROADWAY,C7,4.0,1900,1,18,16,40.71375299999999,-73.9962269,40.7136603870458,-73.99621342852721,38.95,353.71
1002810025,54 EAST BROADWAY,C7,4.0,1910,1,10,8,40.7138106,-73.99550540000001,40.71372276915982,-73.9954922644205,37.21,353.53
1002820080,79 DIVISION STREET,H3,5.0,2004,1,4,0,40.714142700000004,-73.993792,40.71413933430128,-73.99384521721983,19.8,85.23
1002810021,46 EAST BROADWAY,I5,8.0,1900,2,1,0,40.713879299999995,-73.9958806,40.71369157347031,-73.99585252342013,73.84,353.53
1002810044,41 DIVISION STREET,O6,5.0,1900,2,8,0,40.71401370000001,-73.9954946,40.714112347563756,-73.9955069844126,41.1,174.56
1002810037,57 DIVISION STREET,K4,4.0,1920,1,4,0,40.714035699999975,-73.9949138,40.714045661006296,-73.99488018870476,15.0,248.65
1002810033,70 EAST BROADWAY,O5,5.0,2016,1,6,0,40.713840799999986,-73.9947984,40.713846736796214,-73.99477836753128,10.96,248.65
1002820052,90 EAST BROADWAY,K2,5.0,2002,1,1,0,40.713955999999996,-73.9937595,40.71395187392154,-73.9938247401258,23.15,85.23
1002820053,92 EAST BROADWAY,C7,4.0,1920,1,9,8,40.713986200000015,-73.9936766,40.7138777370284,-73.9936611769635,44.75,353.85
1002810012,28 EAST BROADWAY,O5,5.0,1920,1,5,0,40.71371460000002,-73.9966742,40.71362270593377,-73.99666083247999,38.68,353.71
1002810053,23 DIVISION STREET,O9,5.0,1910,1,4,0,40.713950600000004,-73.9963495,40.71405019576808,-73.99636200472938,41.45,174.56
1002810056,17 DIVISION STREET,K4,4.0,1910,1,2,0,40.71392049999999,-73.9966164,40.71403069657757,-73.99663023615338,45.33,174.56
1002820078,83 DIVISION STREET,M9,8.0,1900,1,1,0,40.714156400000014,-73.993608,40.714241048603874,-73.99361977377401,36.01,173.98
1002810024,52 EAST BROADWAY,O5,5.0,1900,1,1,0,40.71381890000001,-73.9955992,40.71371485687037,-73.99558363963806,43.15,353.53
1002810028,60 EAST BROADWAY,C7,4.0,1900,1,8,7,40.7138326,-73.9952349,40.71374617342696,-73.99522197478699,36.69,353.53
1002820077,85 DIVISION STREET,S2,4.0,1900,1,3,2,40.71417830000001,-73.9935214,40.71424818784153,-73.99353112060888,30.6,173.98
1002810016,36 EAST BROADWAY,S9,4.0,1900,1,10,6,40.713753000000004,-73.9963134,40.71365319018697,-73.9962988815432,41.59,353.71
1002800047,27 EAST BROADWAY,O6,5.0,1900,1,7,0,40.713286399999994,-73.9967175,40.71341672238267,-73.99673669551991,52.78,173.63
1002810062,7 DIVISION STREET,O5,5.0,1900,1,6,0,40.71388479999998,-73.9970637,40.713998149672506,-73.9970779328129,46.48,174.56
1002800054,21 CATHERINE STREET,C7,4.0,1900,1,16,15,40.7129955,-73.9969159,40.71290546445064,-73.99690306812523,38.0,353.83
1002810015,34 EAST BROADWAY,C7,4.0,1900,1,12,8,40.71373660000002,-73.9964036,40.713645486933494,-73.99639034645924,38.4,353.71
1002810008,20 EAST BROADWAY,O5,5.0,1910,1,7,0,40.713684400000005,-73.9970385,40.71359202855175,-73.99702506253203,38.86,353.71
1002800003,27 HENRY STREET,C4,2.0,1900,1,16,16,40.71306959999999,-73.9965011,40.712940156134614,-73.99648265245375,52.44,353.83
1002800052,17 CATHERINE STREET,C7,4.0,1900,1,35,32,40.7131025,-73.9969375,40.713072308984145,-73.99711662387983,55.86,77.46
1002810010,24 EAST BROADWAY,C7,4.0,1900,1,23,20,40.713700900000006,-73.9968545,40.71360753826453,-73.99684091873057,39.22,353.71
1002810055,19 DIVISION STREET,C7,4.0,1900,1,17,16,40.7139287,-73.9965263,40.7140372614396,-73.99653993070064,44.73,174.56
1002810059,13 DIVISION STREET,C7,4.0,1910,1,9,8,40.71392049999999,-73.9967968,40.71401770057662,-73.99680900465378,40.57,174.56
1002800055,23 CATHERINE STREET,C7,4.0,1900,1,17,15,40.712929599999995,-73.9969015,40.71290587289778,-73.99689811841638,13.7,353.83
1002800048,25 EAST BROADWAY,K4,4.0,1910,1,4,0,40.713333100000014,-73.9968077,40.71340970470191,-73.9968189834079,33.08,173.63
1002800004,29 HENRY STREET,C7,4.0,1910,1,10,8,40.71307779999999,-73.9964145,40.71294731420053,-73.99639590413321,52.82,353.83
1002810057,15 DIVISION STREET,O6,5.0,1912,1,6,0,40.713915000000014,-73.9967066,40.714024148862165,-73.99672030475115,44.95,174.56
1002800028,65 EAST BROADWAY,O5,5.0,1900,1,5,0,40.71344279999999,-73.9950041,40.71355916794884,-73.99502052246018,47.64,173.89
1002800042,35 EAST BROADWAY,O5,5.0,1910,1,7,0,40.713308399999995,-73.9963135,40.71345102105309,-73.99633450615842,57.29,173.63
1002800025,13 MARKET STREET,C7,4.0,1900,1,19,17,40.7133907,-73.9947804,40.7134037017439,-73.99462186932308,49.2,263.82
1002800033,55 EAST BROADWAY,K4,4.0,1900,1,3,0,40.713407199999985,-73.9954513,40.71352263680225,-73.99546759182627,47.3,173.89
1002800038,45 EAST BROADWAY,K4,4.0,1910,1,6,1,40.713368700000004,-73.9959022,40.713485771923054,-73.99591872338601,47.9,173.89
1002820027,101 EAST BROADWAY,C7,4.0,1920,1,21,20,40.713558000000006,-73.99325100000001,40.71369812143611,-73.99327023162465,56.33,174.06
1002800026,11 MARKET STREET,K1,5.0,2005,1,1,0,40.71346199999999,-73.9947912,40.713576584506455,-73.9948073704054,46.99,173.89
1002800029,63 EAST BROADWAY,K4,4.0,1900,1,5,3,40.71343730000001,-73.9950942,40.71355182701347,-73.99511036281245,46.97,173.89
1002800030,61 EAST BROADWAY,S9,4.0,1910,1,9,6,40.71342910000001,-73.9951808,40.71354473795888,-73.99519711974665,47.37,173.89
1002800035,51 EAST BROADWAY,S9,4.0,1900,1,6,3,40.71339070000001,-73.9956317,40.713507875292365,-73.99564823749995,47.94,173.89
1002800036,49 EAST BROADWAY,K4,4.0,1920,1,13,2,40.71338520000001,-73.9957219,40.71350052578428,-73.99573817662623,47.26,173.89
1002800037,47 EAST BROADWAY,K4,4.0,1915,1,8,0,40.713376999999994,-73.9958121,40.71349314542036,-73.99582849246359,47.56,173.89
1002820026,103 EAST BROADWAY,K4,4.0,1915,1,5,0,40.71359919999999,-73.9931716,40.713704807469036,-73.9931860944674,43.69,174.06
1002800027,67 EAST BROADWAY,K4,4.0,1900,1,11,0,40.713530600000006,-73.994802,40.71357649411422,-73.99480847668099,21.82,173.89
1002820032,89 EAST BROADWAY,K4,4.0,1910,1,5,0,40.7135333,-73.99370190000002,40.71350527577517,-73.99378815865045,31.0,66.8
1002800032,57 EAST BROADWAY,K4,4.0,1910,1,4,2,40.71341259999999,-73.9953612,40.71352997687881,-73.9953777654745,48.01,173.89
1002800034,53 EAST BROADWAY,K4,4.0,1915,1,3,0,40.7133742,-73.9955379,40.71351526472363,-73.99555780892915,56.69,173.89
1002800031,59 EAST BROADWAY,O5,5.0,1900,1,7,0,40.71342359999999,-73.995271,40.71353738880644,-73.99528705893357,46.7,173.89
1002820030,95 EAST BROADWAY,C7,4.0,1920,1,18,16,40.71355249999999,-73.9935215,40.713676798037284,-73.99353856037237,50.53,174.06
1002820028,99 EAST BROADWAY,C7,4.0,1920,1,23,20,40.71354979999999,-73.9933447,40.71369066725925,-73.99336403418664,56.6,174.06
1002800039,43 EAST BROADWAY,O9,5.0,1910,1,2,0,40.71336329999999,-73.995996,40.71347813250658,-73.99601220747915,47.08,173.89
1002820012,93 HENRY STREET,C7,4.0,1920,1,14,13,40.71335760000001,-73.9930382,40.71322611031451,-73.99302074138129,53.15,354.25
1002820025,105 EAST BROADWAY,S9,4.0,1910,1,5,3,40.7136047,-73.9930886,40.71371139126539,-73.993103243084,44.08,174.06
1002820031,91 EAST BROADWAY,N2,8.0,1910,1,121,120,40.7134016,-73.9936081,40.71336810740328,-73.99371119038453,36.08,66.8
1002820009,85 HENRY STREET,G7,10.0,0,1,0,0,40.7133027,-73.9933051,40.71320526624288,-73.99329239536861,40.67,354.36
1002820011,91 HENRY STREET,C7,4.0,1920,1,24,22,40.7133494,-73.9931283,40.71321917084729,-73.99311100857324,52.69,354.25
1002820033,87 EAST BROADWAY,O5,5.0,1900,1,7,2,40.713558000000006,-73.993792,40.71355092590872,-73.99381377404653,11.56,66.8
1002820023,95 HENRY STREET,H3,5.0,2011,1,1,0,40.713456400000005,-73.9929047,40.71346367209885,-73.99281754392979,29.31,263.72
1002820029,97 EAST BROADWAY,S9,4.0,1910,1,5,3,40.7135443,-73.9934313,40.71368380027203,-73.99345044674739,56.1,174.06
1002820007,83 HENRY STREET,C7,4.0,1920,1,24,22,40.7133028,-73.9934854,40.71319178771159,-73.99347092452965,45.64,354.36
1002810064,1 DIVISION STREET,C7,4.0,1900,1,15,9,40.7138711,-73.9972838,40.713859255933485,-73.99734354309453,22.12,75.34
1002800015,59 HENRY STREET,D6,4.0,2021,1,81,80,40.713165599999996,-73.9953251,40.71303717628058,-73.99530680010429,52.06,353.84
1002800007,35 HENRY STREET,C4,2.0,1900,1,18,18,40.713099799999995,-73.9961439,40.71296963855997,-73.99612535088689,52.7,353.83
1002800009,39 HENRY STREET,C7,4.0,1900,1,22,20,40.713116200000016,-73.9959636,40.71298453309797,-73.99594483670184,53.25,353.83
1002800008,37 HENRY STREET,C7,4.0,1900,1,23,22,40.7131053,-73.9960502,40.712977343997636,-73.99603196536037,51.89,353.83
1002800013,45 HENRY STREET,C7,4.0,1900,1,18,17,40.71313820000002,-73.9956858,40.713007443541095,-73.99566716699019,52.92,353.84
1002750019,24 MARKET STREET,S3,4.0,1900,1,4,3,40.71292680000001,-73.9942213,40.71296994368339,-73.99422756012277,20.81,173.72
1002750020,26 MARKET STREET,C7,4.0,1920,1,38,36,40.71283619999999,-73.9941925,40.712971242985624,-73.99421209459813,54.5,173.72
1002800005,31 HENRY STREET,C7,4.0,1910,1,10,9,40.71305039999999,-73.9963207,40.7129546456343,-73.99630705393395,40.09,353.83
1002800010,41 HENRY STREET,C7,4.0,1900,1,21,20,40.713124499999985,-73.9958698,40.712992279082854,-73.99585095793752,53.45,353.84
1002800006,33 HENRY STREET,C7,4.0,1900,1,21,18,40.71307230000001,-73.9962341,40.712961962795205,-73.99621837585988,45.43,353.83
1002370007,142 MULBERRY STREET,K2,5.0,1920,1,2,0,40.71875949999998,-73.9972836,40.718808726488795,-73.99746169278473,57.52,110.04
1001960015,264 CANAL STREET,O5,5.0,1915,1,10,0,40.718581100000016,-74.0012554,40.718683377152544,-74.00112581051016,56.76,223.84
1001620053,18 BOWERY,O8,4.0,1789,1,7,5,40.71463409999999,-73.9975038,40.714663378791755,-73.99749330551259,16.06,195.2
1001720004,370 BROADWAY,O5,5.0,1880,1,35,0,40.71753809999999,-74.0029653,40.71743182219519,-74.00274640676629,76.98,302.64
1001720013,83 WHITE STREET,K4,4.0,1882,1,5,0,40.7173844,-74.0022366,40.71750529796967,-74.00213473006217,57.32,212.56
1001720023,40 FRANKLIN STREET,O6,5.0,1895,1,7,0,40.7169507,-74.0021067,40.71693441346568,-74.00207602675337,15.37,305.01
1001720030,54 FRANKLIN STREET,D5,3.0,1892,1,12,9,40.71725810000001,-74.0026695,40.7172918410082,-74.00273769964542,27.55,123.13
1001727503,77 WHITE STREET,R1,2.0,1888,1,6,6,40.71751609999999,-74.0025071,40.71752964443054,-74.00253447691189,14.05,123.13
1001727505,372 BROADWAY,RM,4.0,1854,1,6,5,40.71759849999999,-74.00291480000001,40.71774834134406,-74.00279008764953,69.62,212.24
1001930045,393 BROADWAY,O5,5.0,1869,1,5,0,40.71854540000001,-74.0029762,40.718621247352374,-74.00269271590135,88.3,250.56
1001937501,395 BROADWAY,RM,4.0,1901,1,64,63,40.718647000000004,-74.0029798,40.71862705222789,-74.0026936620565,84.65,275.26
1001940031,58 LISPENARD STREET,K4,4.0,1822,1,3,2,40.719366099999995,-74.0029437,40.719304985135494,-74.0027054919015,74.68,288.7
1001940032,60 LISPENARD STREET,D6,4.0,1895,1,9,7,40.71931119999998,-74.0028319,40.71930192616008,-74.0027063530697,39.97,275.57
1001940038,407 BROADWAY,K7,5.0,1927,1,1,0,40.71905319999998,-74.0025505,40.718982663501414,-74.00240458694932,52.92,302.53
1001947505,405 BROADWAY,RM,4.0,1854,1,5,3,40.71896260000001,-74.0026262,40.71889204861394,-74.00248025607438,52.93,302.53
1001950001,380 BROADWAY,K4,4.0,1860,1,7,0,40.7179278,-74.0025829,40.71789021956721,-74.00261509662126,21.34,33.0
1001950002,384 BROADWAY,O5,5.0,1882,1,7,0,40.718012899999984,-74.0025036,40.717887994909695,-74.00261061123734,59.32,33.0
1001950003,388 BROADWAY,C7,4.0,1859,1,9,8,40.71809800000002,-74.0024386,40.71789074777626,-74.0026161616034,95.13,33.0
1001950004,390 BROADWAY,O5,5.0,1860,1,5,0,40.718163900000015,-74.0023845,40.71830229453558,-74.00267471573298,99.94,122.18
1001950005,392 BROADWAY,S9,4.0,1860,1,8,6,40.718227,-74.0023304,40.718404027449,-74.00219520892027,79.59,210.06
1001950006,394 BROADWAY,O5,5.0,1865,1,6,0,40.7182929,-74.0022763,40.71840278008391,-74.00219238744492,51.3,210.06
1001950007,396 BROADWAY,H2,5.0,1899,1,4,0,40.7183588,-74.002215,40.71839915308368,-74.00218418335949,22.0,210.06
1001950009,79 WALKER STREET,O2,5.0,1869,1,6,0,40.71809800000002,-74.0018867,40.71813248507807,-74.00195776754529,28.37,122.63
1001950013,85 WALKER STREET,C6,2.0,1869,1,4,3,40.717969000000004,-74.0016017,40.71809119111219,-74.00150416920235,57.08,211.17
1001950014,87 WALKER STREET,O5,5.0,1869,1,15,0,40.71794160000001,-74.0015187,40.71805578962056,-74.00142755570849,53.67,211.17
1001950017,91 WALKER STREET,O6,5.0,1908,1,12,0,40.717796100000015,-74.0014249,40.717746840537934,-74.00133275201961,36.22,305.2
1001950030,80 WHITE STREET,K4,4.0,1868,1,7,1,40.71782899999999,-74.0020923,40.71787034065643,-74.00217749577335,33.01,122.63
1001957501,81 WALKER STREET,RB,5.0,1869,1,6,0,40.71804590000001,-74.0017676,40.71816791486746,-74.00167021018046,57.01,211.17
1001960001,400 BROADWAY,O2,5.0,1865,1,2,0,40.718583800000005,-74.0021789,40.71855472299651,-74.00220127378248,17.28,30.25
1001960002,402 BROADWAY,O5,5.0,1854,1,2,0,40.7186552,-74.0021248,40.71855500166193,-74.00220189936846,47.3,30.25
1001960005,408 BROADWAY,O5,5.0,1868,1,3,0,40.718787000000006,-74.0018146,40.71866425721362,-74.00155827578722,88.95,302.28
1001960007,412 BROADWAY,O6,5.0,1868,1,5,0,40.718904999999985,-74.0017496,40.71902705694657,-74.00159927134061,65.94,223.03
1001960008,414 BROADWAY,O3,5.0,1871,1,7,0,40.71903400000001,-74.0018434,40.71910821702564,-74.00175057533222,42.33,223.47
1001960009,416 BROADWAY,H3,5.0,1899,1,4,0,40.719064200000005,-74.0017532,40.719090831468904,-74.0017262134506,17.25,217.53
1001960013,268 CANAL STREET,O2,5.0,1887,1,1,0,40.7186744,-74.00137810000001,40.718718701897394,-74.00147061516073,35.3,122.28
1001960021,254 CANAL STREET,O5,5.0,1857,1,15,0,40.7183945,-74.0009704,40.71848447120552,-74.00085515399107,50.77,224.15
1001960029,78 WALKER STREET,K4,4.0,1907,1,8,0,40.71842740000002,-74.0015873,40.71847002616777,-74.00167631588677,34.16,122.28
1001960031,72 WALKER STREET,F1,6.0,1862,1,6,0,40.71851800000001,-74.0018506,40.7184290158992,-74.00191907073985,42.57,30.25
1002020018,54 BOWERY,K7,5.0,1924,1,3,0,40.716141,-73.996573,40.716221708156894,-73.9965220996259,37.61,205.55
1002090001,277 CANAL STREET,K4,4.0,1928,1,3,0,40.719390800000006,-74.001425,40.719310088247916,-74.00152247040208,44.93,42.47
1002090005,428 BROADWAY,O5,5.0,1889,1,5,0,40.719646100000006,-74.0012157,40.71972476009985,-74.0011523858766,38.61,211.39
1002090007,35 HOWARD STREET,S5,4.0,1868,1,6,5,40.71950880000001,-74.0010354,40.7196262144602,-74.00094089188606,55.16,211.39
1002090008,33 HOWARD STREET,S2,4.0,1825,1,3,2,40.7194732,-74.000956,40.71958959873301,-74.00086230931689,54.73,211.39
1002090012,25 HOWARD STREET,O5,5.0,1810,1,4,0,40.719327699999994,-74.0006493,40.719445983228134,-74.00055409192305,55.53,211.39
1002090015,19 HOWARD STREET,F5,6.0,1814,1,1,0,40.71925630000001,-74.000386,40.71933728498973,-74.00032081355036,39.6,211.39
1002090025,255 CANAL STREET,O5,5.0,1868,1,6,0,40.7187678,-74.0005664,40.71869969651148,-74.00064978534076,38.91,42.86
1002090026,257 CANAL STREET,K4,4.0,1857,1,6,0,40.718847399999994,-74.0006638,40.71877278716275,-74.00075390597625,41.92,42.47
1002090028,261 CANAL STREET,O5,5.0,1857,1,32,2,40.71910260000001,-74.0007143,40.718908755614464,-74.00094839564541,100.91,42.47
1002090032,269 CANAL STREET,K4,4.0,1871,1,3,0,40.719135600000016,-74.0009848,40.71902639963282,-74.00111667501412,59.03,42.47
1002090033,271 CANAL STREET,K4,4.0,1867,1,5,0,40.719176700000006,-74.001057,40.71907258281415,-74.00118273623178,56.51,42.47
1002090034,273 CANAL STREET,O5,5.0,1858,1,5,0,40.719327699999994,-74.0010029,40.71956580570853,-74.00081124620347,106.72,211.39
1002090035,275 CANAL STREET,O5,5.0,1878,1,4,0,40.719261799999984,-74.00119770000002,40.71916487402958,-74.0013147516132,52.96,42.47
1002097501,424 BROADWAY,RI,5.0,1868,1,6,0,40.719569199999995,-74.0013672,40.71964965516305,-74.00153068076516,58.97,123.0
1002097502,29 HOWARD STREET,RM,4.0,1868,1,5,4,40.71939909999999,-74.0008009,40.719516829880824,-74.00070613758794,55.3,211.39
1002100017,308 CANAL STREET,K4,4.0,1865,1,2,0,40.71968170000001,-74.0027381,40.71976412514571,-74.00263813208586,45.86,222.59
1002100019,302 CANAL STREET,K4,4.0,1852,1,4,2,40.71958569999999,-74.002583,40.719661160898575,-74.00249147837424,42.41,222.59
1002100020,300 CANAL STREET,C7,4.0,1852,1,9,8,40.7195472,-74.0025216,40.71962017182307,-74.00243309714422,41.18,222.59
1002300001,1 MERCER STREET,S2,4.0,1821,1,3,2,40.7201182,-74.0025433,40.720055537076796,-74.00256583884266,28.67,15.25
1002300002,315 CANAL STREET,S2,4.0,1821,1,3,2,40.72016210000002,-74.002601,40.72005577495299,-74.00257401934809,44.45,349.11
1002300003,317 CANAL STREET,S9,4.0,1821,1,5,3,40.72022789999999,-74.0026263,40.72005567945012,-74.0025746152661,69.36,347.19
1002300004,319 CANAL STREET,K4,4.0,1821,3,3,1,40.720296600000005,-74.0026407,40.720055731565594,-74.00257430251378,94.67,348.2
1002300005,321 CANAL STREET,S3,4.0,1821,1,4,3,40.720332200000016,-74.0026948,40.72005534810829,-74.0025761900929,111.09,342.01
1002300006,323 CANAL STREET,S3,4.0,1821,1,4,3,40.7203734,-74.0027562,40.720054923647346,-74.00257767622072,131.14,336.98
1002300007,325 CANAL STREET,S9,4.0,1819,1,6,4,40.72040359999998,-74.0028319,40.72005432372413,-74.00257929576553,150.24,331.27
1002300008,327 CANAL STREET,S2,4.0,1819,1,3,2,40.72044750000001,-74.0028824,40.72005414334874,-74.00257971335267,171.07,329.75
1002300042,5 MERCER STREET,C7,4.0,1861,1,10,8,40.72044479999999,-74.0024495,40.720314131807115,-74.00218961409567,91.35,303.56
1002300044,3 MERCER STREET,K4,4.0,1821,1,3,0,40.7203075,-74.0024531,40.72021725391113,-74.00227393059409,64.56,303.61
1002300045,1A MERCER STREET,K4,4.0,1821,1,2,1,40.720222500000006,-74.0024964,40.720142991374125,-74.002338548116,57.48,303.61
1002310002,303 CANAL STREET,K4,4.0,1808,1,2,0,40.719794300000004,-74.002096,40.719754584928275,-74.00214591192979,25.02,43.61
1002310003,305 CANAL STREET,D0,3.0,1863,1,6,6,40.71995900000001,-74.0020635,40.719820896938835,-74.0022370612559,74.62,43.61
1002310005,309 CANAL STREET,D5,3.0,1857,1,19,18,40.720068800000014,-74.0022475,40.720108141919496,-74.00232560683453,30.97,123.61
1002310008,427 BROADWAY,O5,5.0,1871,1,6,0,40.71996169999999,-74.0017821,40.7200219907615,-74.00173002427945,31.28,213.21
1002310015,48 HOWARD STREET,O5,5.0,1860,1,2,0,40.72030480000003,-74.0017569,40.72022131271912,-74.0018278885096,41.23,32.8
1002310016,50 HOWARD STREET,S5,4.0,1860,1,7,6,40.7203817,-74.0018723,40.72028404375088,-74.00195533609555,47.38,32.8
1002310040,441 BROADWAY,O5,5.0,1876,1,5,0,40.720335,-74.0014719,40.720131331335885,-74.00164507863119,93.38,32.8
1002317501,443 BROADWAY,RM,4.0,1860,1,17,16,40.720494200000005,-74.0015549,40.720207102211006,-74.00179901778473,129.58,32.8
1002317502,54 HOWARD STREET,RC,5.0,1860,1,5,0,40.7203981,-74.0020022,40.72033395602985,-74.00205674082189,32.83,32.8
1002320001,434 BROADWAY,O6,5.0,1896,1,6,0,40.7199233,-74.0010678,40.71985563207527,-74.00112184298125,33.85,31.19
1002320003,440 BROADWAY,K2,5.0,1875,1,1,0,40.7200358,-74.0009704,40.719853082281624,-74.00111632780194,82.9,31.19
1002320004,442 BROADWAY,K4,4.0,1876,1,5,0,40.720129200000024,-74.0009307,40.71986486434677,-74.00114181230458,117.69,31.19
1002320005,444 BROADWAY,O5,5.0,1877,1,5,0,40.72008520000001,-74.0006349,40.7199575162011,-74.00037644954581,90.42,303.1
1002320006,446 BROADWAY,O5,5.0,1877,1,6,0,40.72023350000001,-74.0007395,40.72002548348157,-74.00031844358215,144.16,303.1
1002320008,450 BROADWAY,K4,4.0,1877,1,6,2,40.72032130000003,-74.000671,40.720111048141426,-74.00024541911493,145.66,303.1
1002320009,452 BROADWAY,D4,3.0,1877,1,15,12,40.7204366,-74.0007035,40.72018085817444,-74.0001858401378,176.09,303.1
1002320010,454 BROADWAY,K1,5.0,1863,1,3,0,40.72045580000001,-74.0006097,40.72022696024264,-74.00014649450577,158.09,303.1
1002320021,32 HOWARD STREET,O5,5.0,1868,1,5,0,40.71980800000002,-74.0006097,40.719771285766114,-74.00053538522334,29.56,303.1
1002320023,34 HOWARD STREET,O5,5.0,1868,1,7,0,40.7198657,-74.0007323,40.71972681739311,-74.00084321929958,64.21,31.19
1002327501,129 GRAND STREET,RM,4.0,1861,1,5,4,40.720335,-74.0001623,40.72029746438915,-74.0000863228863,30.11,303.1
1002330004,13 CROSBY STREET,O5,5.0,1901,1,8,0,40.71997820000001,-73.99994590000001,40.720051673183626,-74.00009224166816,53.6,123.52
1002330008,133 GRAND STREET,S9,4.0,1822,1,7,3,40.720217000000005,-73.9999062,40.72023191809698,-73.99993591343694,14.87,123.52
1002330009,135 GRAND STREET,O6,5.0,1894,1,6,0,40.72017580000003,-73.9998268,40.72023098743747,-73.99993672060998,41.51,123.52
1002330010,137 GRAND STREET,O6,5.0,1911,1,10,0,40.72012920000002,-73.9997294,40.72022709770011,-73.99964774510092,47.24,212.3
1002330012,141 GRAND STREET,K4,4.0,1822,1,4,0,40.7200907,-73.9996465,40.720187509248035,-73.99956575284106,46.77,212.3
1002330013,143 GRAND STREET,O5,5.0,1822,1,4,0,40.7200633,-73.9995923,40.72016098642167,-73.99951082112457,47.15,212.3
1002330014,145 GRAND STREET,K4,4.0,1822,1,5,3,40.7200386,-73.9995382,40.7201352731577,-73.9994575661954,46.71,212.3
1002330030,22 HOWARD STREET,O5,5.0,1866,1,50,0,40.719632399999995,-74.0002056,40.719765256296604,-74.00009493990773,62.3,212.26
1002330033,28 HOWARD STREET,O5,5.0,1872,1,5,0,40.7196571,-74.0003896,40.7196728092696,-74.00042087991976,15.39,123.53
1002350013,165 GRAND STREET,O5,5.0,1848,1,10,3,40.719475900000006,-73.9984307,40.71944465460915,-73.99830004491116,42.96,287.51
1002930003,12 ELDRIDGE STREET,M1,8.0,1887,1,1,0,40.71473,-73.9934673,40.71477398442403,-73.99361499599635,48.97,111.45
1003040002,97 BOWERY,K4,4.0,1869,1,2,0,40.7173321,-73.9950254,40.7172477875347,-73.99507021529308,38.13,21.94
1004700061,130 BOWERY,K2,5.0,1894,1,1,0,40.7188939,-73.995249,40.71880541128111,-73.9954047475024,58.88,53.14
1004700064,124 BOWERY,O5,5.0,1902,1,37,0,40.7187265,-73.9950542,40.718664592393765,-73.99509085408758,29.74,24.17
1004720019,241 CENTRE STREET,O6,5.0,1891,1,14,0,40.7203817,-73.9983117,40.72030608350529,-73.99895877132862,186.47,81.23
1004720022,239 CENTRE STREET,O5,5.0,1882,1,5,0,40.72028010000001,-73.9983982,40.71996089828029,-73.9986672377213,143.15,32.57
1004720023,237 CENTRE STREET,O5,5.0,1827,1,3,0,40.720222500000006,-73.9984488,40.71996160767018,-73.99866869167812,117.92,32.57
1004720025,158 GRAND STREET,K4,4.0,1924,1,10,0,40.7200743,-73.998575,40.719962053724146,-73.9986696059049,53.58,32.57
1004720028,154 GRAND STREET,O5,5.0,1891,1,14,0,40.720238900000005,-73.9986544,40.720037468254084,-73.9988241749976,92.18,32.57
1004727501,240 CENTRE STREET,RM,4.0,1909,1,55,54,40.7201593,-73.9979148,40.71975635738124,-73.99824011054127,177.29,31.46
1002820034,85 EAST BROADWAY,V9,11.0,0,0,0,0,40.7136321,-73.993875,40.7136321,-73.993875,3.24,0.0
1002820044,88 EAST BROADWAY,K2,5.0,1988,1,83,0,40.7140055,-73.9943944,40.71394585166901,-73.9945816553626,61.28,67.21
1002820003,75 EAST BROADWAY,K2,5.0,2000,1,1,0,40.713387899999994,-73.9940085,40.713387899999994,-73.9940085,1.23,0.0
1003000030,75 CANAL STREET,Y1,8.0,1966,1,1,0,40.7153915,-73.9928179,40.715328112848276,-73.99290105771793,37.63,44.84
1003020001,263 GRAND STREET,Q2,9.0,1960,1,2,0,40.7168765,-73.994019,40.7168765,-73.994019,1.88,0.0
1003010003,36 FORSYTH STREET,W1,8.0,1983,1,2,0,40.71618200000001,-73.993615,40.71621113992841,-73.99406642790811,130.59,94.87
1001590051,122 PARK ROW,U7,7.0,0,1,0,0,40.713086100000005,-74.0019912,40.712969174648826,-74.00183975995014,64.81,315.53
1002890050,FORSYTH STREET,V9,11.0,1915,1,0,0,40.71516650000002,-73.994921,40.715228568272295,-73.9946878246793,73.48,250.65
1001170100,CHATHAM SQUARE,Q1,9.0,0,0,0,0,40.713514300000014,-73.9981279,40.713514300000014,-73.9981279,3.93,0.0
1001670001,145-125 WHITE STREET,Z1,8.0,1939,1,2,0,40.71635790000001,-74.0006024,40.716238061430666,-74.00024907099616,112.24,294.11
1001980126,125 WALKER STREET,D7,4.0,1991,1,104,88,40.7173213,-73.9999315,40.71739704173625,-73.99988339978813,35.65,205.7
1001600021,474 PEARL STREET,Z1,8.0,1921,1,1,0,40.714302,-74.0015691,40.714591872542655,-74.00181521270106,130.73,147.24
1002000001,70 MULBERRY STREET,P9,8.0,1900,1,7,0,40.71605039999998,-73.9989467,40.71610871314018,-73.99911272777652,55.69,114.86
1001650001,55 MULBERRY STREET,Q1,9.0,1935,2,2,0,40.71513919999999,-74.0000072,40.715148858416356,-73.99982873261295,54.6,265.92
1004230022,117 CHRYSTIE STREET,O5,5.0,1930,1,1,0,40.71868250000002,-73.9939286,40.7186319615447,-73.99374387559827,59.42,289.85
1004180001,106 CHRYSTIE STREET,Q2,9.0,1900,1,0,0,40.7189075,-73.9929979,40.71894462639362,-73.99297835720458,19.57,201.75
1002360038,137 BAXTER STREET,W1,8.0,1921,1,2,0,40.71865800000001,-73.9983261,40.71855764988243,-73.99827357366763,44.35,338.36
1002360006,145 BAXTER STREET,W1,8.0,1996,1,1,0,40.7190752,-73.9980916,40.71911891976688,-73.99826226583198,54.92,108.67
1004700012,363 BROOME STREET,Y1,8.0,1900,2,2,1,40.71981340000001,-73.9957684,40.719948767071834,-73.99567542682996,60.65,207.5
1002317503,307 CANAL STREET,RM,4.0,1862,1,8,6,40.72000290000001,-74.0021357,40.72010147638977,-74.0023314066537,70.06,123.61
1002310010,425 BROADWAY,O5,5.0,1869,1,4,0,40.71986840000001,-74.0018615,40.71979188734394,-74.00170629771479,56.26,303.04
1004780038,158 BOWERY,V1,11.0,0,0,0,0,40.71994510000002,-73.9945779,40.71990636847717,-73.99440024002297,56.23,286.05
1002810040,49 DIVISION STREET,K4,4.0,1920,1,4,0,40.7140329,-73.9951772,40.71413538289934,-73.99519006542032,42.51,174.56
1002820004,HENRY STREET,V9,11.0,0,0,0,0,40.7133879,-73.9937307,40.7133879,-73.9937307,2.86,0.0
1001620016,30 MOTT STREET,S5,4.0,1910,1,7,6,40.71470279999998,-73.9985751,40.71468676593712,-73.99874105505073,51.38,82.74
1002820001,10 MARKET STREET,Q2,9.0,0,0,0,0,40.71328909999998,-73.9943043,40.713293717540274,-73.99428904421877,9.55,248.23
1004790050,BROOME STREET,V1,11.0,0,0,0,0,40.72015100000001,-73.9953427,40.72003410223012,-73.99542493499193,53.31,28.07
1004780035,162 BOWERY,V1,11.0,0,0,0,0,40.720090600000006,-73.9945165,40.72005319888177,-73.99434494258864,54.47,286.05
1001620018,34 MOTT STREET,C7,4.0,1920,2,26,20,40.714853700000006,-73.9986761,40.71491296537154,-73.9986533307151,27.5,196.24
1001630017,48 MOTT STREET,K4,4.0,1915,1,4,0,40.71536150000001,-73.9984777,40.71539207335612,-73.99856199769202,30.89,115.57
1001630025,59 BAYARD STREET,C4,2.0,1910,2,9,8,40.71521330000002,-73.99795470000001,40.715345745046896,-73.99787292369378,58.31,205.08
1004710003,3 CENTRE MARKET PLACE,S2,4.0,1910,1,3,2,40.7198931,-73.9976659,40.71959391963597,-73.99783249092238,123.38,22.88
1004710005,5 CENTRE MARKET PLACE,A4,1.0,1910,1,1,1,40.72001390000001,-73.9976082,40.71991241142358,-73.99716911737404,132.21,286.96
1002350006,210 CENTRE STREET,K4,4.0,1915,2,7,5,40.719014800000004,-73.9987374,40.71893606938344,-73.99853429139667,68.19,297.09
1001640025,51 MOTT STREET,S4,4.0,1915,1,5,4,40.7154658,-73.9987843,40.71544298518859,-73.99870698819954,27.99,291.27
1002310014,433 BROADWAY,O3,5.0,2012,1,1,0,40.72021150000001,-74.0015657,40.72012744099598,-74.00163717488118,41.48,32.8
1002310001,301 CANAL STREET,K4,4.0,1910,3,13,0,40.7197449,-74.00193,40.71967525112364,-74.00200790937154,38.32,40.29
1001960003,404 BROADWAY,K4,4.0,1915,1,4,0,40.71874300000001,-74.0020454,40.7188309828644,-74.00222200580212,63.52,123.32
1001960011,274 CANAL STREET,K4,4.0,1915,2,4,0,40.71889680000001,-74.0015332,40.71894107202769,-74.00147867319369,27.1,223.03
1001960026,86 WALKER STREET,O5,5.0,1915,1,7,0,40.71829569999999,-74.0013275,40.718199525624705,-74.00140075411753,45.5,30.0
1001970001,87 LAFAYETTE STREET,P5,8.0,1895,1,1,0,40.717310299999994,-74.0011508,40.71722137631465,-74.00122479637342,43.35,32.24
1001970017,133 CENTRE STREET,O3,5.0,1915,1,1,0,40.71719230000001,-74.000891,40.71715087481315,-74.000800057074,34.38,301.01
1001960027,84 WALKER STREET,M1,8.0,1915,1,3,2,40.71833409999999,-74.0013997,40.71823301196368,-74.00147669664766,47.57,30.0
1001960028,82 WALKER STREET,M2,8.0,1915,1,1,0,40.7183725,-74.0014754,40.71826765352057,-74.00155525925742,49.15,30.0
1001950024,90 WHITE STREET,E2,6.0,1915,1,8,0,40.717620399999994,-74.0017496,40.71751436569133,-74.00183665121948,50.55,31.89
1001710031,109 LEONARD STREET,Z1,8.0,1972,1,1,0,40.7166543,-74.002738,40.71651603398186,-74.00246994534477,94.77,304.24
1001690001,93 CENTRE STREET,Q2,9.0,1915,1,1,0,40.71632770000002,-74.0018217,40.716299654884686,-74.00186894794757,21.61,51.93
1001950027,84 WHITE STREET,D1,3.0,2012,1,33,33,40.7177577,-74.0019408,40.71761826927292,-74.00205526836356,64.9,31.89
1001960024,88 WALKER STREET,HR,5.0,2017,1,2,0,40.718240800000004,-74.0012157,40.718148819531706,-74.00128575985465,43.73,30.0
1001720020,76 LAFAYETTE STREET,H8,8.0,1920,1,4,0,40.71717579999998,-74.0020959,40.71708965058132,-74.00193365031583,59.85,305.01
1001970021,246 CANAL STREET,K1,5.0,2022,1,2,1,40.71810079999999,-74.0005159,40.718175608884025,-74.00042402142877,42.3,222.95
1001950015,89 WALKER STREET,O5,5.0,1910,1,7,0,40.717919599999995,-74.0014358,40.71802187684143,-74.00135416416475,48.6,211.17
1001970024,244 CANAL STREET,O5,5.0,1915,1,7,0,40.71802120000001,-74.000386,40.71808774947966,-74.00030230698152,38.56,223.63
1001970025,242 CANAL STREET,K1,5.0,1978,1,1,0,40.71797999999999,-74.0003211,40.71804339109684,-74.00024137891933,36.97,223.63
1001970026,240 CANAL STREET,O5,5.0,1915,1,21,0,40.71786199999998,-74.0003211,40.71783171923668,-74.00025484406278,26.43,301.09
1001680032,75 CENTRE STREET,O3,5.0,1934,1,10,0,40.715668900000004,-74.002352,40.715488962287374,-74.00249869246659,82.15,31.71
1001680001,PEARL STREET,Q1,9.0,0,0,0,0,40.7147741,-74.0027956,40.71476929761111,-74.00277353332899,11.36,286.02
1002080021,245 CANAL STREET,M9,8.0,1907,1,1,0,40.7184878,-74.00009740000002,40.71838533169682,-74.00021608178554,54.76,41.28
1002340001,2 HOWARD STREET,G1,10.0,1964,1,1,0,40.719234400000005,-73.9993759,40.719104205074885,-73.99948103904217,60.67,31.47
1002080004,123 LAFAYETTE STREET,O5,5.0,1920,1,8,0,40.718718400000014,-73.999982,40.71876617052301,-74.00007154673388,35.32,125.14
1002330015,147 GRAND STREET,S9,4.0,1920,1,8,6,40.71999739999998,-73.9994517,40.72009367019031,-73.99937140218059,46.54,212.3
1002340011,159 GRAND STREET,H3,5.0,2002,1,1,0,40.719761400000024,-73.9990115,40.71981623019898,-73.99911656784113,40.32,124.55
1002080001,247 CANAL STREET,Z9,,0,1,0,0,40.71855369999999,-74.0001804,40.71858479481832,-74.00023868792138,24.73,125.14
1002330002,9 CROSBY STREET,H1,5.0,1914,1,0,0,40.7197751,-73.9998377,40.71971798479709,-73.99993132722626,38.27,51.17
1002340015,217 CENTRE STREET,O6,5.0,1910,1,16,0,40.71959120000001,-73.9990657,40.719510003094506,-73.99889250065063,61.39,301.74
1004730047,142 GRAND STREET,Q1,9.0,0,1,0,0,40.7203899,-73.99914500000001,40.720321309061525,-73.99901222301366,49.49,304.28
1002330026,148 LAFAYETTE STREET,O6,5.0,1930,1,12,0,40.71949509999999,-73.9999351,40.71942156588805,-73.99979959276571,51.14,305.6
1002080019,239 CANAL STREET,O5,5.0,1915,1,1,0,40.718603099999996,-73.9997439,40.71856388549281,-73.99966125673538,32.0,302.05
1002080020,243 CANAL STREET,O5,5.0,1915,1,5,0,40.71843020000001,-74.0,40.71832496151683,-74.00012845470962,57.33,42.77
1002330017,151 GRAND STREET,O5,5.0,1915,1,7,0,40.719975500000004,-73.9996861,40.72016806600293,-73.99952548371336,88.09,212.3
1002320013,125 GRAND STREET,S9,4.0,1910,1,8,6,40.720409100000005,-74.0003175,40.7202956534667,-74.0000878684163,80.89,303.1
1002080013,3 HOWARD STREET,K2,5.0,1915,1,2,0,40.7188666,-73.9996393,40.718983499409546,-73.99954617616959,54.8,211.12
1002090019,138 LAFAYETTE STREET,HB,5.0,1961,1,2,0,40.7191438,-74.00024530000002,40.71907691302804,-74.00011755592246,47.99,304.64
1002090024,251 CANAL STREET,H3,5.0,1915,1,10,0,40.71871560000001,-74.0005014,40.71869533098867,-74.00046268918331,18.03,304.64
1002090021,126 LAFAYETTE STREET,V1,11.0,0,0,0,0,40.71894619999999,-74.0004221,40.71887999738257,-74.00029566276596,47.55,304.64
1002090011,27 HOWARD STREET,S5,4.0,1889,1,7,6,40.7193634,-74.0007251,40.7194814065866,-74.00063011472996,55.42,211.39
1002100012,312 CANAL STREET,K4,4.0,1915,1,6,0,40.719851900000016,-74.0028896,40.719860250429775,-74.00276956270888,38.41,264.76
1001940042,60 WALKER STREET,O4,5.0,1930,1,171,0,40.71894340000001,-74.0027994,40.71881872202172,-74.00254148820483,89.7,302.53
1002100016,310 CANAL STREET,K4,4.0,1910,1,4,0,40.71970640000001,-74.002803,40.71980044632145,-74.0026903366636,51.36,222.24
1002100021,296 CANAL STREET,K4,4.0,1927,1,2,0,40.7194237,-74.0023196,40.71946998241733,-74.00226102903844,28.41,223.81
1001980027,234 CANAL STREET,K2,5.0,1976,1,37,0,40.71768630000001,-73.9999531,40.71773118627066,-74.0000513666922,36.77,121.08
1001980030,224 CANAL STREET,O6,5.0,1920,1,8,0,40.7175326,-73.9996501,40.71748975772074,-73.99967639693274,22.23,24.95
1001980029,232 CANAL STREET,O6,5.0,1920,1,8,0,40.71762319999999,-73.9998232,40.717556476804816,-73.99986415505816,31.83,24.95
1001580061,39 PEARL STREET,Z1,8.0,1933,3,31,0,40.71365700000001,-74.0023122,40.713898763723826,-74.0020642403173,116.73,217.86
1001590060,100 PARK ROW,O3,5.0,1974,1,1,0,40.71298179999998,-74.0023807,40.71296012878331,-74.00184511031782,153.69,273.06
1001580009,20 CARDINAL HAYES PLACE,M3,8.0,1937,1,1,0,40.71333859999999,-74.0024168,40.71296825826744,-74.00184087550325,214.04,310.31
1001590040,128 PARK ROW,Y3,8.0,1974,1,1,0,40.7132041,-74.0015006,40.713056811124,-74.00144521988929,60.81,344.09
1001660027,80 CENTRE STREET,O3,5.0,1929,1,9,0,40.71509530000001,-74.0011868,40.714896193396044,-74.00134843403602,90.26,31.6
1002797502,11 EAST BROADWAY,RC,5.0,1991,1,34,0,40.71319309999999,-73.9973992,40.7132072581036,-73.99731465077974,29.0,257.54
1002817501,8 CATHERINE STREET,RC,5.0,2009,1,11,0,40.7137476,-73.9975471,40.713786624722765,-73.99759442924734,24.35,137.41
1002790055,22 CATHERINE STREET,K4,4.0,1900,1,7,0,40.71302290000002,-73.997374,40.71304089518264,-73.99726653660933,35.5,257.54
1002790054,22 1/2 CATHERINE STREET,C7,4.0,1900,1,17,16,40.7129516,-73.9973523,40.712869977735636,-73.99733889203998,34.97,352.9
1002810001,2 EAST BROADWAY,O6,5.0,1900,1,14,0,40.713610299999985,-73.9975327,40.71355519442567,-73.99752357058355,25.24,352.84
1002790015,59 ST JAMES PLACE,HR,5.0,1830,4,10,8,40.71291590000001,-73.9982433,40.71291037286547,-73.99834550962139,33.41,85.92
1002790066,22 CHATHAM SQUARE,O5,5.0,1900,1,4,0,40.71322059999999,-73.9979331,40.713206733299984,-73.99802475123384,30.91,78.71
1002790053,24 CATHERINE STREET,C7,4.0,1900,1,17,15,40.71288570000001,-73.997392,40.71286524609653,-73.99738864005755,12.51,352.9
1002790062,7 EAST BROADWAY,M9,8.0,1900,1,6,0,40.713209599999985,-73.9976301,40.713335776141314,-73.99764619641304,51.19,174.48
1002790067,23 CHATHAM SQUARE,O2,5.0,1900,1,5,0,40.71320139999999,-73.9979908,40.71319666142116,-73.99802211933252,13.85,78.71
1002790063,5 EAST BROADWAY,K4,4.0,1910,1,4,0,40.713215100000006,-73.9977239,40.713329125185666,-73.99773770441767,46.72,174.76
1002790065,1 EAST BROADWAY,K4,4.0,1910,1,3,0,40.71322609999997,-73.9978718,40.71331893767821,-73.99788303956579,38.97,174.76
1002790069,12 OLIVER STREET,M1,8.0,1900,1,2,0,40.71296530000001,-73.9977239,40.7128353881047,-73.99770255885447,52.7,352.9
1002790072,OLIVER STREET,V1,11.0,0,0,0,0,40.713088799999994,-73.9977816,40.71305789610833,-73.99798585839442,62.73,78.71
1002790068,2 OLIVER STREET,M2,8.0,1900,1,1,0,40.713110799999995,-73.9978682,40.71309166345149,-73.99799468216702,40.75,78.71
1002790061,9 EAST BROADWAY,O9,5.0,1910,1,5,2,40.71323430000001,-73.9975435,40.71334234352592,-73.99755728307734,44.55,174.48
1002790064,3 EAST BROADWAY,S1,4.0,1910,1,2,1,40.713231600000015,-73.9978068,40.71332350193113,-73.99781792618823,38.62,174.76
1001640054,1 MOTT STREET,K4,4.0,1915,2,8,3,40.7137586,-73.99886010000002,40.713719555519354,-73.99889270726548,21.85,32.33
1001640058,197 WORTH STREET,K4,4.0,1900,1,4,2,40.7138876,-73.99919200000001,40.7138709824588,-73.99920587774434,12.17,32.33
1001640053,5 MOTT STREET,K4,4.0,1910,1,6,2,40.713849100000004,-73.9989503,40.713776656720796,-73.99901079955416,36.27,32.33
1001630021,67 BAYARD STREET,C7,4.0,1945,1,28,26,40.71533680000002,-73.9982901,40.71546629224941,-73.99821014750643,57.12,205.08
1001640016,60 MULBERRY STREET,C7,4.0,1915,2,33,30,40.715479500000015,-73.9992497,40.7155193043388,-73.99940920068696,51.53,108.22
1001640024,77 BAYARD STREET,K4,4.0,1915,1,6,0,40.7155646,-73.9987266,40.71554366812897,-73.9986556688815,26.09,291.27
1001630032,45 BAYARD STREET,K4,4.0,1910,1,5,2,40.71508149999999,-73.9973523,40.71514853107453,-73.99731154493358,31.91,204.74
1002010029,60 BAYARD STREET,C7,4.0,1910,1,21,20,40.71554540000001,-73.9977418,40.71553461260647,-73.99771171453561,14.22,295.32
1001630011,30 PELL STREET,C7,4.0,1915,1,28,26,40.71508700000001,-73.9984525,40.7149693859399,-73.99849512193968,49.45,15.36
1001640009,46 MULBERRY STREET,H3,5.0,1915,3,31,24,40.715125500000006,-73.9994156,40.71516230489809,-73.99956308168917,48.03,108.22
1001640019,66 MULBERRY STREET,C7,4.0,1909,4,38,32,40.7157128,-73.9991415,40.71577619276307,-73.99910355734376,30.38,204.4
1001640029,43 MOTT STREET,C7,4.0,1915,1,31,16,40.71523519999999,-73.9989972,40.715187923539204,-73.99883699547212,52.63,291.27
1001640031,39 MOTT STREET,C7,4.0,1915,2,10,8,40.71511449999999,-73.9990729,40.71506358654424,-73.9989003707945,56.3,291.27
1002010030,62 BAYARD STREET,C7,4.0,1910,1,21,15,40.71559209999999,-73.9978573,40.715507086752865,-73.99790759667988,38.97,24.15
1002020030,40 BOWERY,K4,4.0,1910,1,3,0,40.7155618,-73.9969266,40.71549457019404,-73.99673175129578,64.31,294.48
1001630018,69 BAYARD STREET,C7,4.0,1945,1,42,34,40.7154219,-73.9983984,40.71546472726539,-73.99851648440753,41.26,115.57
1002010001,72 BAYARD STREET,C7,4.0,1910,1,33,30,40.715729300000014,-73.9982469,40.7157598403788,-73.99833222429409,31.14,115.28
1002000032,76 BAYARD STREET,K4,4.0,1900,1,5,2,40.71578690000001,-73.9985246,40.71578208383971,-73.99851125058578,9.1,295.45
1002010028,5 ELIZABETH STREET,M9,8.0,1890,1,2,0,40.7157018,-73.9977382,40.71566364928993,-73.997631799609,37.61,295.32
1001630026,57 BAYARD STREET,C7,4.0,1911,1,17,16,40.715188600000005,-73.9978753,40.71531891769564,-73.9977972786461,57.17,204.41
1001640015,58 MULBERRY STREET,S4,4.0,1915,2,5,4,40.71541090000001,-73.9992822,40.71545004403075,-73.9994390547794,50.76,108.22
1002000011,88 MULBERRY STREET,C7,4.0,1910,1,9,8,40.7166131,-73.9985967,40.716673911592686,-73.99876984098911,57.86,114.86
1002000020,79 MOTT STREET,C7,4.0,1910,1,19,16,40.716555499999984,-73.998218,40.71649991373529,-73.99806392618832,52.27,295.45
1001990005,87 BAXTER STREET,C7,4.0,1915,1,16,15,40.71671189999999,-73.9995383,40.71676727740394,-73.99969508018472,52.92,114.99
1001990007,91 BAXTER STREET,C7,4.0,1880,2,25,24,40.71686840000001,-73.9994409,40.7169869824738,-73.99936859445658,52.63,204.8
1001990011,218 CANAL STREET,C7,4.0,1915,2,17,13,40.717164800000006,-73.9993651,40.717190166569075,-73.9994359702571,26.71,115.28
1001990013,214 CANAL STREET,C7,4.0,1915,1,25,24,40.7170139,-73.9991919,40.71699587939035,-73.99932643630042,42.87,79.98
1001990017,91 MULBERRY STREET,C7,4.0,1920,1,11,10,40.7168437,-73.999044,40.716787301219235,-73.99888795060902,52.89,295.49
1001990018,89 MULBERRY STREET,C7,4.0,1920,2,9,8,40.71677780000001,-73.9990801,40.71672288742875,-73.99892816277081,51.63,295.49
1001990019,87 MULBERRY STREET,C7,4.0,1920,2,25,24,40.7167147,-73.9991198,40.716659696586376,-73.9989676113877,51.71,295.49
1001990021,83 MULBERRY STREET,D9,3.0,1920,1,21,18,40.716561,-73.9992172,40.716505569350815,-73.99906382919218,52.07,295.49
1002000017,83 MOTT STREET,O5,5.0,1951,1,0,0,40.716703700000004,-73.9980809,40.71676148905899,-73.99804610860411,28.16,204.53
1001990009,95 BAXTER STREET,G6,10.0,0,0,0,0,40.71703309999998,-73.9994445,40.71703309999998,-73.9994445,1.39,0.0
1002000016,196 CANAL STREET,O5,5.0,1915,1,3,0,40.716731100000004,-73.9982685,40.71682028719524,-73.99821480588504,40.74,204.53
1001990003,83 BAXTER STREET,C7,4.0,1915,1,44,38,40.7166186,-73.9995924,40.71667479786598,-73.99975150305194,53.63,114.99
1002000010,86 MULBERRY STREET,C7,4.0,1910,1,10,8,40.71654719999999,-73.9986364,40.716608092546004,-73.99880977151128,57.93,114.86
1001990020,85 MULBERRY STREET,C7,4.0,1920,1,10,9,40.7166543,-73.9991595,40.71659870868113,-73.99900568468139,52.21,295.49
1001990012,216 CANAL STREET,C7,4.0,1915,1,10,8,40.71704679999997,-73.9992821,40.71700376948227,-73.99933223500426,25.95,41.45
1001990006,89 BAXTER STREET,K2,5.0,1915,1,1,0,40.71677230000001,-73.9994986,40.71682850535751,-73.99965772418544,53.63,114.99
1002000005,76 MULBERRY STREET,C7,4.0,1915,1,13,12,40.7162371,-73.9988276,40.716297102926326,-73.99899843878202,57.16,114.86
1002020015,156 CANAL STREET,K4,4.0,1920,2,3,0,40.716195899999995,-73.9968147,40.71630371633968,-73.9967467036478,48.57,205.55
1002020023,50 BOWERY,H9,5.0,2014,2,17,7,40.715992800000016,-73.9968292,40.71587876502784,-73.99650174452573,104.83,294.68
1002000021,77 MOTT STREET,K4,4.0,1915,1,6,0,40.71648690000003,-73.9982901,40.7164226684331,-73.9981120630511,59.62,295.45
1002000031,57 MOTT STREET,C7,4.0,1910,2,19,16,40.7159324,-73.9986076,40.71587642882509,-73.99845245897919,52.6,295.45
1001990026,73 MULBERRY STREET,S2,4.0,1925,1,3,2,40.71628100000001,-73.9993904,40.71622603995845,-73.99923833117954,51.67,295.49
1001990030,98 BAYARD STREET,G6,10.0,0,0,0,0,40.71615470000001,-73.9995779,40.71610009512097,-73.99960843875725,26.62,22.97
1001990002,81 BAXTER STREET,C7,4.0,1910,1,21,18,40.71652530000001,-73.9996537,40.71658022599841,-73.99980920229429,52.53,114.99
1001990023,79 MULBERRY STREET,C7,4.0,1880,2,17,16,40.7164676,-73.9992749,40.71641234837559,-73.99912202449002,51.92,295.49
1001990028,71 MULBERRY STREET,K2,5.0,1940,1,2,0,40.716141,-73.9993868,40.71611287358546,-73.99930897715645,28.88,295.49
1001990031,102 BAYARD STREET,C7,4.0,1890,2,19,18,40.71625899999999,-73.9996573,40.71614122268558,-73.99972762321272,52.13,24.35
1002000022,73 MOTT STREET,C7,4.0,1915,1,18,16,40.716393499999995,-73.9982901,40.71634641256616,-73.99815958320642,45.04,295.45
1002000027,65 MOTT STREET,C7,4.0,1910,2,22,20,40.716182200000006,-73.9984525,40.716126062315844,-73.99829689757317,52.74,295.45
1002000028,63 MOTT STREET,C7,4.0,1910,1,23,19,40.71611910000002,-73.9984885,40.71606394067538,-73.99833560936649,51.91,295.45
1002010014,174 CANAL STREET,C7,4.0,1910,1,27,25,40.71645939999999,-73.99760830000001,40.716588535860765,-73.99753125501823,56.67,204.33
1002020014,158 CANAL STREET,K4,4.0,1910,1,4,2,40.7162755,-73.9968688,40.716334671010756,-73.99683148276138,28.91,205.55
1002000008,82 MULBERRY STREET,C7,4.0,1910,1,10,8,40.7164237,-73.9987158,40.716483296476696,-73.99888548145584,56.81,114.86
1002000009,84 MULBERRY STREET,K4,4.0,1910,1,5,1,40.71648410000001,-73.9986761,40.71654458165137,-73.9988483016609,57.58,114.86
1002010009,72 MOTT STREET,C7,4.0,1900,1,16,15,40.71626450000001,-73.9978248,40.716321773399265,-73.99798481102172,54.02,115.28
1001990024,77 MULBERRY STREET,C7,4.0,1915,1,20,19,40.7164045,-73.99931100000002,40.71635021899124,-73.9991608100595,51.09,295.49
1001990032,104 BAYARD STREET,C7,4.0,1890,2,15,14,40.71628919999999,-73.9997403,40.71617017215704,-73.99981136973828,52.63,24.35
1002000026,67 MOTT STREET,C7,4.0,1910,1,17,16,40.716239799999975,-73.99842,40.71618266254762,-73.99826162643713,53.59,295.45
1002000024,69 MOTT STREET,C7,4.0,1905,2,29,27,40.7163139,-73.9983659,40.71625909644878,-73.99821399559796,51.6,295.45
1001990001,79 BAXTER STREET,S5,4.0,1890,2,7,6,40.71646220000001,-73.9996898,40.71651782278818,-73.99984727501727,53.13,114.99
1001990025,75 MULBERRY STREET,K4,4.0,1993,1,4,1,40.716344099999986,-73.9993507,40.71628923096985,-73.99919888303066,51.59,295.49
1002010020,19 ELIZABETH STREET,Y2,8.0,1915,1,3,0,40.7161877,-73.9974893,40.71613428337025,-73.99734032384833,50.65,295.32
1002000006,78 MULBERRY STREET,C7,4.0,1915,1,35,33,40.71633039999999,-73.9987699,40.71639072088743,-73.9989416440207,57.44,114.86
1001990127,71 1/2 MULBERRY STREET,C7,4.0,1902,1,12,11,40.71621789999999,-73.99943,40.716162878410756,-73.99927776085164,51.72,295.49
1002010007,68 MOTT STREET,C7,4.0,1915,1,15,12,40.71614370000001,-73.9979005,40.71620067583619,-73.99805967975058,53.77,115.28
1002020012,160 CANAL STREET,S9,4.0,1910,1,6,4,40.71630840000001,-73.9969626,40.7163338489036,-73.99703285779844,26.57,115.54
1002020011,28 ELIZABETH STREET,O5,5.0,1910,1,4,0,40.716201399999996,-73.9969915,40.71623808370516,-73.99709277413804,36.09,115.54
1002010017,170 CANAL STREET,K4,4.0,1915,2,10,0,40.71646210000003,-73.9973919,40.716527022442094,-73.99735316578601,30.98,204.33
1002010002,58 MOTT STREET,S5,4.0,1910,1,7,6,40.715855600000005,-73.9981675,40.7158865260807,-73.99825390183895,31.47,115.28
1002010026,9 ELIZABETH STREET,K4,4.0,1915,1,3,1,40.7158446,-73.9977021,40.715791092781984,-73.99755287103795,50.73,295.32
1001990034,106 BAYARD STREET,D7,4.0,1915,1,52,48,40.7163359,-73.9998701,40.716361520805016,-73.99994263582275,27.17,114.99
1002020028,44 BOWERY,K4,4.0,1915,1,4,3,40.7156414,-73.9968761,40.71557504628667,-73.99668379048458,63.54,294.48
1001630035,26 BOWERY,K4,4.0,1920,1,6,4,40.714952499999995,-73.9972765,40.71488752212203,-73.99711472928395,55.71,297.92
1001630001,10 PELL STREET,C7,4.0,1910,1,12,10,40.7148729,-73.9975759,40.71478333023345,-73.99760836019712,38.85,15.36
1001630024,61 BAYARD STREET,C7,4.0,1915,1,19,16,40.715257199999996,-73.9980268,40.71537479613605,-73.99795419206717,52.34,205.08
1001620061,2 BOWERY,D7,4.0,1915,1,7,6,40.7142389,-73.9977166,40.714224876163726,-73.9977462259241,14.67,58.01
1001620050,13 PELL STREET,C7,4.0,1915,1,10,8,40.71468900000001,-73.9979222,40.71474799521384,-73.99790105453448,27.28,195.2
1002010034,70 BAYARD STREET,C7,4.0,1910,1,20,18,40.71571830000001,-73.9981098,40.71560026660265,-73.99817963206232,52.16,24.15
1001620037,10 CHATHAM SQUARE,O5,5.0,1920,1,2,0,40.714057699999984,-73.9980124,40.713959799224796,-73.99793248547043,46.99,328.25
1001620047,10 DOYERS STREET,K4,4.0,1920,1,4,1,40.714499599999996,-73.9980449,40.71450015189457,-73.99807560496536,13.51,91.36
1001620133,1 DOYERS STREET,S3,4.0,1915,1,4,3,40.714195000000004,-73.9978753,40.714206079774364,-73.99785496667118,11.93,234.29
1001630002,12 PELL STREET,C7,4.0,1915,1,28,24,40.71490310000002,-73.9977094,40.71481149567392,-73.99774259734077,39.62,15.36
1001630005,18 PELL STREET,C4,2.0,1920,1,10,7,40.71495800000001,-73.9979222,40.71485686900048,-73.99795884947781,43.22,15.36
1001630028,53 BAYARD STREET,C7,4.0,1915,1,18,16,40.7151529,-73.9977058,40.71526361696316,-73.99763848439153,49.44,204.74
1001630029,51 BAYARD STREET,S9,4.0,1983,1,7,5,40.71512270000001,-73.9976228,40.71523422688758,-73.99755499182119,49.77,204.74
1002010011,76 MOTT STREET,K4,4.0,1920,1,3,0,40.71641820000001,-73.9978212,40.71644867856454,-73.99790635140957,31.09,115.28
1002010016,172 1/2 CANAL STREET,O2,5.0,1920,1,3,0,40.716489599999996,-73.9974676,40.716553400994805,-73.99742953493937,30.53,204.33
1001620054,16 BOWERY,O5,5.0,1920,1,5,0,40.714573699999995,-73.9975471,40.71466756074017,-73.99751345726844,40.45,195.2
1002010006,66 MOTT STREET,S9,4.0,1910,1,5,3,40.7160806,-73.9979402,40.71613737405334,-73.99809881604097,53.59,115.28
1002010008,70 MOTT STREET,C7,4.0,1910,1,17,16,40.71620410000001,-73.9978645,40.71626068243343,-73.99802258063022,53.43,115.28
1002010010,74 MOTT STREET,C7,4.0,1915,1,19,16,40.71632760000001,-73.9977851,40.7163850751115,-73.99794567453351,54.19,115.28
1001620049,17 PELL STREET,S9,4.0,1915,1,8,3,40.7147028,-73.9979944,40.71470915823593,-73.99802392518248,13.51,105.86
1002000019,81 MOTT STREET,C7,4.0,1915,1,12,8,40.71660489999999,-73.9981422,40.716562573155294,-73.99802487870083,40.99,295.45
1001620006,10 MOTT STREET,K4,4.0,1910,1,4,1,40.71405769999999,-73.9985824,40.7140525033556,-73.99863794583891,20.51,82.96
1002010027,7 ELIZABETH STREET,C7,4.0,1915,1,21,16,40.715781400000004,-73.9977418,40.71572772883684,-73.99759211377156,50.87,295.32
1001630004,16 PELL STREET,K4,4.0,1915,1,4,0,40.71493879999999,-73.9978356,40.714838626170945,-73.99787190273302,42.86,15.36
1001620033,3 DOYERS STREET,C7,4.0,1920,1,9,8,40.714241600000015,-73.9979944,40.714286100405054,-73.99793705055606,27.71,224.33
1002010004,60 MOTT STREET,P5,8.0,1959,1,10,0,40.71594340000001,-73.99792580000002,40.716029254386434,-73.99816566077041,78.48,115.28
1001620038,9 CHATHAM SQUARE,O8,4.0,1920,2,9,6,40.714178499999996,-73.9981098,40.71430829145107,-73.99796979632018,66.18,219.27
1001630031,47 BAYARD STREET,K4,4.0,1910,1,7,4,40.71507330000001,-73.9974569,40.71517741473145,-73.99739359814144,46.79,204.74
1001620057,10 BOWERY,K4,4.0,1920,1,4,2,40.714422800000015,-73.99762640000002,40.71436935400865,-73.99750022034198,45.03,299.2
1001620051,11 PELL STREET,C7,4.0,1900,2,9,7,40.71462589999999,-73.9978717,40.71473387252672,-73.99783299967257,45.77,195.2
1002000033,78 BAYARD STREET,C7,4.0,1910,1,34,30,40.7158473,-73.9986942,40.7157957287057,-73.99872609560197,25.77,25.12
1001640003,34 MULBERRY STREET,C7,4.0,1915,2,28,27,40.714719200000005,-73.9994012,40.71471223790448,-73.99954540899284,45.06,86.36
1001620012,22 MOTT STREET,S5,4.0,1915,1,7,6,40.71443930000002,-73.9985355,40.71442409806461,-73.99869799111582,50.39,82.96
1001640030,41 MOTT STREET,O5,5.0,1920,1,5,0,40.7151721,-73.9990333,40.715123813509116,-73.99886967277617,53.65,291.27
1001630036,24 BOWERY,K4,4.0,1915,1,5,0,40.71488939999998,-73.9973162,40.71482570268124,-73.99715761736832,54.71,297.92
1001620021,29 PELL STREET,S9,4.0,1910,1,4,2,40.71484550000002,-73.9984994,40.71487610978395,-73.99848763988287,16.62,196.24
1001640028,45 MOTT STREET,C7,4.0,1915,2,14,11,40.715301100000005,-73.9989611,40.71525446745672,-73.99880307752787,51.99,291.27
1001620041,6 CHATHAM SQUARE,V1,11.0,0,0,0,0,40.71400280000001,-73.9983335,40.71383396571688,-73.99821453713496,74.79,331.89
1001620007,12 MOTT STREET,K4,4.0,1910,1,3,0,40.714109900000004,-73.9986004,40.71410558490304,-73.99864652314294,17.88,82.96
1001620042,5 CHATHAM SQUARE,K4,4.0,1913,1,2,0,40.71397540000001,-73.9984453,40.713958793580474,-73.99862280356291,54.58,82.96
1001620009,16 MOTT STREET,O5,5.0,1915,1,5,0,40.714252599999995,-73.9984922,40.714236187853956,-73.9986676269803,54.0,82.96
1001620010,18 MOTT STREET,S9,4.0,1920,1,9,6,40.714313,-73.998503,40.7142966837083,-73.99867740239783,53.71,82.96
1001620011,20 MOTT STREET,H2,5.0,1910,1,2,0,40.71437340000002,-73.9985246,40.71435817490487,-73.99868733866933,50.45,82.96
1001620014,26 MOTT STREET,C7,4.0,1910,1,21,20,40.71457100000001,-73.9985535,40.71455549565369,-73.99871922356256,51.29,82.96
1001620015,28 MOTT STREET,C7,4.0,1920,1,18,17,40.714636899999995,-73.9985643,40.71462088469223,-73.99873006093229,51.32,82.74
1001620023,23 PELL STREET,S9,4.0,1915,1,6,4,40.71474940000001,-73.9983082,40.71482936201237,-73.99827747878956,35.35,196.24
1001620026,15 DOYERS STREET,K4,4.0,1915,1,7,2,40.714593,-73.9982685,40.71458405281218,-73.99817763271362,30.4,277.4
1001620034,13 CHATHAM SQUARE,K4,4.0,1915,1,3,1,40.71410440000002,-73.9977996,40.71411892605168,-73.99777294213315,14.09,234.29
1001620035,11 CHATHAM SQUARE,C7,4.0,1915,1,22,20,40.714098899999996,-73.9979222,40.71415944968684,-73.99781108083128,42.89,234.29
1001620043,2 DOYERS STREET,V1,11.0,0,0,0,0,40.714367899999985,-73.9978176,40.714344155184776,-73.99784736066687,16.95,43.53
1001620044,4 DOYERS STREET,O1,5.0,1977,1,1,0,40.71443650000001,-73.9979006,40.71438777070772,-73.99793705724615,25.43,29.56
1001620048,16 DOYERS STREET,K4,4.0,1920,1,4,2,40.7145902,-73.9980232,40.714599166458356,-73.9980648367492,17.0,105.86
1001620058,8 BOWERY,O5,5.0,1920,2,0,0,40.7143569,-73.9976589,40.71430853456381,-73.99754471492268,41.23,299.2
1001630008,24 PELL STREET,K4,4.0,1915,1,4,0,40.715021100000016,-73.9981675,40.7149091583927,-73.99820806678828,47.31,15.36
1001630013,34 PELL STREET,K4,4.0,1915,1,2,0,40.71511999999998,-73.9985715,40.71516756216454,-73.99870263968775,45.27,115.57
1001640001,30 MULBERRY STREET,C7,4.0,1915,1,18,15,40.714538100000006,-73.9993796,40.71451401533715,-73.99937779370494,13.79,356.75
1001640006,40 MULBERRY STREET,C7,4.0,1920,1,9,8,40.71484,-73.999412,40.714833072855605,-73.99955548502648,44.86,86.36
1001640013,54 MULBERRY STREET,C7,4.0,1915,1,35,30,40.71531479999999,-73.9993254,40.715353543636574,-73.99948065037994,50.29,108.22
1001640017,62 MULBERRY STREET,G1,10.0,1999,1,1,0,40.715578300000004,-73.9992028,40.71561907613473,-73.99936619475041,52.67,108.22
1001640021,83 BAYARD STREET,C7,4.0,1915,1,11,8,40.715605800000006,-73.9989503,40.71570293827379,-73.99889215926946,43.89,204.4
1001640022,81 BAYARD STREET,C7,4.0,1915,1,13,10,40.715578300000026,-73.9988745,40.71567645972975,-73.99881574778023,44.3,204.4
1001640037,23 MOTT STREET,M1,8.0,1915,2,0,0,40.71470549999999,-73.9990838,40.71471544560214,-73.99891384382231,52.25,265.59
1001640045,21 MOTT STREET,C7,4.0,1915,1,15,13,40.714411799999986,-73.999026,40.714460630840215,-73.99903118073841,22.85,175.4
1001640049,13 MOTT STREET,C7,4.0,1915,2,20,19,40.714109900000004,-73.9989936,40.71412646643064,-73.99881783589989,54.1,262.91
1001640051,9 MOTT STREET,O6,5.0,1920,1,17,0,40.713937,-73.9989611,40.713952166235195,-73.99879101228368,52.47,263.29
1001640061,191 WORTH STREET,W2,8.0,1948,1,1,0,40.713997400000004,-73.9993002,40.71393983472493,-73.99934827418352,29.85,32.33
1001640062,20 MULBERRY STREET,C7,4.0,1900,5,32,26,40.714173,-73.99933990000001,40.71416403869673,-73.99949497373196,48.11,85.64
1001990027,94 BAYARD STREET,O5,5.0,1950,1,8,1,40.716075100000005,-73.9994192,40.71604438418846,-73.99943637844052,17.16,22.97
1002000030,59 MOTT STREET,C7,4.0,1915,2,23,18,40.71599550000002,-73.9985679,40.71593964038602,-73.9984130682366,52.5,295.45
1002010032,66 BAYARD STREET,C7,4.0,1890,2,16,15,40.715666200000015,-73.99795830000001,40.715548338845196,-73.9980280304259,52.09,24.15
1002010033,68 BAYARD STREET,C7,4.0,1915,1,23,16,40.71569360000001,-73.9980376,40.71557554130845,-73.99810744715477,52.17,24.15
1002020002,10 ELIZABETH STREET,C7,4.0,1915,1,28,24,40.715704599999995,-73.9972476,40.71575524281374,-73.99739164274442,48.99,114.88
1002020025,46 BOWERY,K4,4.0,1960,2,14,0,40.7158034,-73.996959,40.715696788296675,-73.99663078815678,103.93,293.2
1002020029,42 BOWERY,K4,4.0,1920,1,5,0,40.71560299999999,-73.9969013,40.71553598377443,-73.99670707033083,64.12,294.48
1001640043,103 MOSCO STREET,S3,4.0,1899,1,4,3,40.7143569,-73.9992822,40.71444463939361,-73.9992915091028,37.07,175.4
1001640066,28 MULBERRY STREET,C7,4.0,1910,1,11,10,40.7143789,-73.9994265,40.714435974933735,-73.99943255574357,25.86,175.4
1001630009,26 PELL STREET,C7,4.0,1920,1,29,27,40.7150459,-73.9982938,40.71493553760206,-73.99833379428577,46.71,15.36
1001640047,17 MOTT STREET,C7,4.0,1900,2,17,15,40.7142636,-73.999008,40.71428190623665,-73.99884819502805,49.8,261.41
1001630015,42 MOTT STREET,O5,5.0,1910,1,8,0,40.71522150000002,-73.9986076,40.715239602011934,-73.99865751141631,20.33,115.57
1001620022,25 PELL STREET,C7,4.0,1915,1,15,14,40.7147824,-73.9983767,40.7148459975737,-73.99835226603206,29.14,196.24
1001640007,42 MULBERRY STREET,C7,4.0,1915,2,17,15,40.7149278,-73.9994192,40.71492086701928,-73.99956280591935,44.89,86.36
1001620056,12 BOWERY,K4,4.0,1915,1,5,1,40.714463899999984,-73.9976012,40.71440887979576,-73.9974713038269,46.21,299.2
1001620060,4 BOWERY,O5,5.0,1970,1,5,0,40.71429650000002,-73.9977022,40.71426148976295,-73.99777616058688,29.15,58.01
1001640026,47 MOTT STREET,C7,4.0,1915,1,26,21,40.715397200000005,-73.9989106,40.71535095657419,-73.99875389615603,51.59,291.27
1001640048,15 MOTT STREET,C7,4.0,1915,2,14,13,40.7141895,-73.9990044,40.714209045230795,-73.99883377925329,52.83,261.41
1001610001,196 PARK ROW,D4,3.0,1965,3,253,250,40.71365149999999,-73.9998774,40.713684384254066,-73.99987888190815,16.99,178.04
1001620024,21 PELL STREET,M1,8.0,1920,1,1,0,40.714735699999984,-73.9982324,40.71471427923809,-73.99813128883348,34.1,285.62
1001620025,19 PELL STREET,C7,4.0,1900,2,10,8,40.71472199999999,-73.9981531,40.714717156194816,-73.99813023611283,11.58,285.62
1001620028,11 DOYERS STREET,K4,4.0,1920,1,3,0,40.71445570000001,-73.9982613,40.714454307284626,-73.9981833354573,26.62,271.35
1001640050,11 MOTT STREET,S9,4.0,1900,1,10,6,40.7140303,-73.9989936,40.71404706106928,-73.99880562655864,57.47,263.29
1001630033,28 BOWERY,C7,4.0,1915,1,16,11,40.7150266,-73.9971791,40.71508863225842,-73.99714138406546,29.9,204.74
1001620055,14 BOWERY,K4,4.0,1915,1,4,0,40.7145161,-73.9975904,40.714452223173566,-73.99743959436996,52.85,299.2
1001640065,26 MULBERRY STREET,K4,4.0,1910,1,6,4,40.714304800000015,-73.9994156,40.714299432257036,-73.99950848738236,30.82,85.64
1001620052,9 PELL STREET,C7,4.0,1920,1,9,8,40.7146012,-73.9977888,40.71471615009829,-73.99774759857603,48.41,195.2
1001640032,33 MOTT STREET,C7,4.0,1915,1,41,38,40.71499369999999,-73.9991126,40.71497658145977,-73.99893055089709,55.85,277.07
1001620008,14 MOTT STREET,C7,4.0,1900,1,9,8,40.71419500000002,-73.9984814,40.71417845029992,-73.99865829728837,54.41,82.96
1001620013,24 MOTT STREET,C7,4.0,1915,1,22,20,40.71450509999999,-73.9985391,40.714489249932754,-73.99870851895113,52.32,82.96
1001640002,32 MULBERRY STREET,C4,2.0,1915,1,9,8,40.714604,-73.9993868,40.71451391762458,-73.99938004401649,37.87,356.75
1001620017,32 MOTT STREET,C7,4.0,1910,1,21,20,40.71476860000001,-73.998586,40.71488780183633,-73.99854020344249,50.25,196.24
1001640044,105 MOSCO STREET,M1,8.0,1924,1,3,0,40.714362400000006,-73.9992136,40.714448861743776,-73.99922277345587,36.6,175.4
1001630006,20 PELL STREET,K4,4.0,1910,1,20,11,40.714974500000004,-73.9980521,40.714883363961434,-73.99808512716544,39.44,15.36
1001620030,9 DOYERS STREET,K4,4.0,1920,1,5,2,40.7143404,-73.9982252,40.714393281726466,-73.99815446541822,32.49,225.39
1001600001,464 PEARL STREET,Z1,8.0,1992,1,1,0,40.7138876,-74.000891,40.713938015825825,-74.0009947972628,39.14,122.65
1002007501,198 CANAL STREET,RC,5.0,1915,1,20,0,40.71674490000001,-73.9984128,40.71686425204292,-73.99834094575043,52.83,204.53
1002027501,2 ELIZABETH STREET,R4,3.0,1985,1,175,167,40.71543009999999,-73.99717190000001,40.71528058260227,-73.99726217369003,64.95,24.59
1002007502,202 CANAL STREET,RC,5.0,1991,1,21,0,40.71680250000001,-73.9985823,40.716834212408166,-73.99867259072931,32.57,114.86
1001997501,210 CANAL STREET,RC,5.0,1920,1,54,0,40.71697270000001,-73.9989611,40.71706918488272,-73.99890032068622,43.98,205.52
1002017501,13 ELIZABETH STREET,RB,5.0,1950,1,80,0,40.71603120000001,-73.9975867,40.71597764401841,-73.9974373351275,50.77,295.32
1001627501,7 CHATHAM SQUARE,RC,5.0,1920,1,60,0,40.7140468,-73.998218,40.71388664627668,-73.9980872690632,73.69,328.25
1004250001,183 BOWERY,K2,5.0,1950,1,2,0,40.72043909999999,-73.9936002,40.720401423577364,-73.99361946673505,19.73,21.18
1004240012,1 DELANCEY STREET,C7,4.0,1905,1,35,32,40.71997530000001,-73.99374450000002,40.7200237483812,-73.99371859242997,24.06,202.06
1004180057,274 GRAND STREET,S9,4.0,1920,1,4,2,40.7180484,-73.9927491,40.71808827331721,-73.99288434259844,45.21,111.26
1004180055,278 GRAND STREET,K4,4.0,1880,1,2,0,40.717999,-73.9925831,40.71808787488757,-73.99288454550995,94.62,111.26
1004180056,276 GRAND STREET,C4,2.0,1900,1,8,6,40.718023699999996,-73.9926661,40.71808807406847,-73.99288444407148,69.91,111.26
1004250037,155 CHRYSTIE STREET,C7,4.0,1905,1,9,8,40.7204007,-73.9929869,40.72023689737789,-73.99307340385522,69.32,21.81
1004250039,16 DELANCEY STREET,S9,4.0,1900,1,6,4,40.7203101,-73.9930555,40.720242360080604,-73.99309127324933,31.6,21.81
1004250041,10 DELANCEY STREET,C7,4.0,1900,2,22,20,40.72039250000002,-73.993207,40.72029368964345,-73.99325918123232,43.8,21.81
1004240026,9 DELANCEY STREET,C7,4.0,1900,1,17,15,40.719860000000025,-73.9933405,40.719900074179094,-73.99331907025686,20.76,202.06
1004250040,14 DELANCEY STREET,S3,4.0,1920,1,4,3,40.7203321,-73.99312400000001,40.72026344785529,-73.99316025492239,31.96,21.81
1004230018,325 BROOME STREET,S9,4.0,1900,2,7,4,40.71899809999999,-73.993723,40.71896123648126,-73.99358825942376,44.69,289.85
1004230025,111 CHRYSTIE STREET,C7,4.0,1900,1,24,23,40.7185563,-73.9939936,40.71850446350908,-73.99380413105348,60.81,289.85
1004230028,246 GRAND STREET,K4,4.0,1920,1,9,0,40.71843820000001,-73.9941018,40.71834052251741,-73.99415406482542,43.42,22.07
1004240004,157 1/2 BOWERY,K4,4.0,1920,1,3,0,40.719533399999996,-73.994026,40.719566433577135,-73.99416879185257,46.37,106.97
1004240005,159 BOWERY,K4,4.0,1900,1,3,1,40.71958009999999,-73.9940043,40.719613776766444,-73.99414987210288,47.18,106.97
1004230005,137 BOWERY,K4,4.0,1930,1,4,0,40.7187264,-73.9943146,40.71877314136066,-73.9945078863727,61.22,107.7
1004240006,161 BOWERY,O6,5.0,1920,1,7,0,40.7196185,-73.9939069,40.71966955289937,-73.99412758226136,68.94,106.97
1004180036,108 FORSYTH STREET,H3,5.0,2000,1,1,0,40.718627500000004,-73.99255780000001,40.7186408100608,-73.99260294518317,18.42,111.26
1004180035,106 FORSYTH STREET,S2,4.0,1920,1,3,2,40.718449100000015,-73.9925398,40.71849031423606,-73.99267959060515,46.56,111.26
1004240029,135 CHRYSTIE STREET,C7,4.0,1910,2,48,44,40.71965140000002,-73.9934343,40.71960398688233,-73.99327010445239,53.68,290.86
1004240008,165 BOWERY,O5,5.0,1920,1,7,0,40.719769400000004,-73.9938275,40.71982449667024,-73.99406566180555,74.0,106.97
1004230019,323 BROOME STREET,CB,,1910,2,11,8,40.71897070000001,-73.9936328,40.718958825864924,-73.99358939869315,17.79,289.85
1004230009,145-147 BOWERY,H2,5.0,2021,1,2,0,40.7190887,-73.9941451,40.71897876571559,-73.99420101929881,47.95,21.08
1004230026,250 GRAND STREET,K4,4.0,1900,2,4,0,40.7183559,-73.9939467,40.71836410389461,-73.99389850214298,18.69,257.34
1004230001,129 BOWERY,K4,4.0,1900,1,6,0,40.71847670000001,-73.9944842,40.71844760619813,-73.99449976721176,16.44,22.07
1004230007,139 BOWERY,O6,5.0,2021,1,21,18,40.71882250000001,-73.9942677,40.71894988879815,-73.99420290254979,54.77,201.08
1004230021,119 CHRYSTIE STREET,E9,6.0,1920,1,3,2,40.71881150000001,-73.9938637,40.71876191471122,-73.99368245959683,58.39,289.85
1004230030,242 GRAND STREET,S1,4.0,1920,1,2,1,40.7184822,-73.9942786,40.71839375706381,-73.99432592341127,39.79,22.07
1004230126,109 CHRYSTIE STREET,K4,4.0,1900,1,1,0,40.7184547,-73.9938962,40.71843809254926,-73.99383549781093,22.88,289.85
1004240011,171 BOWERY,K4,4.0,1910,1,4,3,40.7199204,-73.993759,40.720019802380406,-73.99370584501632,44.1,202.06
1004240035,324 BROOME STREET,V1,11.0,0,1,0,0,40.719322,-73.9934957,40.71930056206539,-73.99342145874341,27.01,290.86
1004240037,328 BROOME STREET,D6,4.0,1900,1,9,8,40.71935770000001,-73.9936147,40.719251980060626,-73.99366894658246,46.35,21.25
1004240038,330 BROOME STREET,C8,2.0,1900,1,5,5,40.71938790000001,-73.9937193,40.71928293505915,-73.99377315901617,46.05,21.25
1004240002,155 BOWERY,K4,4.0,1900,1,1,0,40.71946199999999,-73.994062,40.719381066180794,-73.99410352788627,36.65,21.25
1004230016,329 BROOME STREET,K4,4.0,1940,1,6,4,40.7190311,-73.9938997,40.7191514649389,-73.99383743157306,52.13,201.41
1004230003,133 BOWERY,K4,4.0,1880,1,3,0,40.7186057,-73.9944048,40.7186437041079,-73.99456195595585,50.71,107.7
1004240040,334 BROOME STREET,C7,4.0,1900,1,23,21,40.7194291,-73.9938564,40.71932372165385,-73.99391047092391,46.21,21.25
1004180032,100 FORSYTH STREET,C7,4.0,1900,1,21,18,40.71824600000002,-73.9926047,40.71829709236945,-73.99277799525575,56.52,111.26
1004230027,248 GRAND STREET,M9,8.0,1900,1,1,0,40.71841080000001,-73.9940189,40.71837370719874,-73.99389685423877,41.43,291.85
1004240003,157 BOWERY,K4,4.0,1900,1,3,0,40.719497700000005,-73.994044,40.71952994301198,-73.99418337455084,45.38,106.97
1004180033,102 FORSYTH STREET,C7,4.0,1900,1,22,19,40.71831190000001,-73.9925723,40.718362694587455,-73.99274458521728,56.22,111.26
1004240027,141 CHRYSTIE STREET,K2,5.0,1930,1,1,0,40.7198051,-73.9933622,40.719898040313645,-73.99331250002503,41.56,202.06
1004230029,244 GRAND STREET,O5,5.0,1920,1,7,0,40.71846289999999,-73.994192,40.71836800199699,-73.99424277746563,42.33,22.07
1004180031,98 FORSYTH STREET,K4,4.0,1900,1,9,4,40.7181829,-73.9926372,40.718233898962644,-73.99281017846255,56.42,111.26
1004230017,327 BROOME STREET,C2,2.0,2024,1,6,6,40.719022900000006,-73.9938023,40.71912510849926,-73.99374942429863,45.02,201.41
1004230002,131 BOWERY,K4,4.0,1920,1,5,2,40.7185453,-73.9944517,40.71844872375141,-73.99450337507578,42.99,22.07
1004240007,163 BOWERY,K4,4.0,1900,1,5,3,40.719689800000005,-73.9939105,40.7197340566031,-73.99410180456782,60.43,106.97
1004240031,133 CHRYSTIE STREET,O5,5.0,1900,1,4,1,40.719571800000004,-73.9935209,40.71951255075275,-73.99331571475577,65.84,290.86
1004180034,104 FORSYTH STREET,C7,4.0,1900,1,22,20,40.71837500000001,-73.9925398,40.71842588795982,-73.99271240189374,56.31,111.26
1004230020,121 CHRYSTIE STREET,C7,4.0,1900,1,18,16,40.71886640000001,-73.99380960000002,40.718823635421025,-73.99365329023559,51.05,289.85
1004240028,139 CHRYSTIE STREET,D7,4.0,1900,1,11,10,40.719742000000004,-73.9933874,40.71969501763667,-73.99322469622506,53.24,290.86
1004807502,372 BROOME STREET,RM,4.0,1900,1,10,9,40.720453000000006,-73.9961038,40.720299853896485,-73.99607182948108,61.5,351.01
1002037501,86 BOWERY,RC,5.0,1920,1,8,0,40.71717569999999,-73.99589120000002,40.71711877739096,-73.99572991603297,54.29,294.97
1002047501,158 HESTER STREET,RM,4.0,2004,1,63,61,40.717562799999996,-73.9969554,40.71770935135496,-73.99686664893655,63.79,204.66
1004717501,381 BROOME STREET,RM,4.0,2003,1,7,6,40.720181300000014,-73.9966378,40.7203019032969,-73.99655597616523,54.45,207.21
1004717502,176 MULBERRY STREET,RM,4.0,1967,1,6,5,40.720044000000016,-73.9967929,40.72007202381826,-73.99691304275453,39.83,107.11
1002387501,128 MOTT STREET,RC,5.0,1912,1,52,0,40.718476800000005,-73.99647550000002,40.718518569614005,-73.99663763915281,52.45,108.77
1002377501,132 MULBERRY STREET,RC,5.0,1915,1,11,0,40.7184933,-73.9974495,40.718546726397825,-73.9976050111887,52.3,114.38
1002357501,136 BAXTER STREET,RM,4.0,1915,1,14,12,40.7186744,-73.9987879,40.718650273682194,-73.9987256592044,24.36,297.09
1002367501,173 GRAND STREET,RM,4.0,1990,1,40,39,40.719338699999994,-73.9979798,40.719438151502374,-73.99792309092774,44.5,203.37
1002367502,145 MULBERRY STREET,RM,4.0,1915,1,26,25,40.71899280000001,-73.9977417,40.7189483307832,-73.99757258387288,54.6,289.13
1002367503,133 MULBERRY STREET,RM,4.0,1920,1,19,18,40.7186442,-73.9979257,40.71858704557907,-73.99776694480363,53.69,295.41
1002367504,185 GRAND STREET,RM,4.0,2021,1,22,20,40.7191959,-73.9975722,40.71916957538942,-73.99747208786432,34.36,289.13
1002057501,103 MOTT STREET,RC,5.0,1920,1,7,0,40.71739540000001,-73.9977021,40.717339074003284,-73.99754561991483,52.99,295.4
1002377502,181 HESTER STREET,RM,4.0,2004,1,10,9,40.71816110000001,-73.9973197,40.71804625144445,-73.99738829193691,50.96,24.35
1002057502,180 HESTER STREET,RM,4.0,2006,1,5,4,40.71799650000001,-73.9978897,40.718010808675565,-73.99792889022656,17.05,115.72
1002047502,53 ELIZABETH STREET,RC,5.0,1915,1,18,0,40.717304800000015,-73.9967966,40.717252242643035,-73.99664924522412,50.11,295.2
1002067501,123 BAXTER STREET,RM,4.0,2003,1,28,23,40.7181502,-73.9986833,40.718196299519185,-73.9988080925573,43.45,115.98
1004707501,122 ELIZABETH STREET,R4,3.0,1988,1,28,28,40.7193111,-73.9952056,40.719352468044406,-73.99537726873515,54.92,107.64
1002387503,87 ELIZABETH STREET,RM,4.0,1880,1,20,18,40.71830110000001,-73.9961833,40.7182601601052,-73.99602214191233,52.1,288.53
1002387502,217 GRAND STREET,RC,5.0,1910,1,9,0,40.718679900000005,-73.9960607,40.71879451861432,-73.99598944119451,51.2,205.23
1002397501,80 ELIZABETH STREET,RM,4.0,1929,1,81,80,40.71778780000001,-73.9959164,40.71784588920086,-73.99608452651768,56.19,114.51
1004787503,152 ELIZABETH STREET,RM,4.0,1918,1,8,7,40.72038700000002,-73.9947907,40.720271867946934,-73.99426258970244,157.28,286.05
1004787501,354 BROOME STREET,RM,4.0,1900,2,46,37,40.72009609999999,-73.9948917,40.71987909881558,-73.99504434263442,94.67,28.06
1003037501,87 BOWERY,RM,4.0,1910,1,14,8,40.71686549999999,-73.995195,40.71695189136919,-73.99544101394604,80.11,114.86
1003067501,84 FORSYTH STREET,RM,4.0,1900,1,9,8,40.7174473,-73.9929656,40.717510767242885,-73.99317958912737,68.67,111.37
1003037503,89 BOWERY,RB,5.0,2014,1,8,0,40.71694239999999,-73.995195,40.71709933587487,-73.99511158033825,66.68,201.94
1002927501,1 ELDRIDGE STREET,RM,4.0,1988,1,15,8,40.714472099999995,-73.9940372,40.71444954726259,-73.99396161801685,27.51,291.49
1002937501,18 ELDRIDGE STREET,RM,4.0,2007,1,12,10,40.71483709999999,-73.9934095,40.714881784602504,-73.99355954709505,49.67,111.45
1002927502,86 CANAL STREET,RM,4.0,2012,1,42,32,40.715273500000016,-73.9937919,40.71536543073624,-73.99374616487388,40.81,200.66
1003037502,77 BOWERY,RC,5.0,0,1,11,0,40.71658280000001,-73.9954259,40.71652334427278,-73.99562057437207,63.15,68.05
1002807501,17 EAST BROADWAY,RC,5.0,1900,1,49,0,40.71331660000001,-73.9970169,40.71339188004305,-73.99702798852994,32.6,173.63
1002827503,100 EAST BROADWAY,RC,5.0,2017,1,33,0,40.71408769999999,-73.9932365,40.71409754110501,-73.99308997370191,45.78,264.94
1002827501,98 EAST BROADWAY,RC,5.0,2008,1,9,0,40.71407400000001,-73.9934132,40.71390018729006,-73.99338848515713,68.69,353.85
1002827502,107 EAST BROADWAY,RM,4.0,2014,1,7,1,40.713612900000015,-73.9930057,40.71371799626987,-73.99302012404452,43.5,174.06
1001727504,50 FRANKLIN STREET,RD,3.0,2007,1,155,72,40.717164800000006,-74.0024783,40.71706039159456,-74.00256639953993,50.2,32.6
1001977501,109 LAFAYETTE STREET,RB,5.0,1920,1,39,0,40.71792510000001,-74.0005952,40.71786463207699,-74.00064075719287,30.39,29.73
1001727502,81 WHITE STREET,R4,3.0,1915,1,11,11,40.717458500000006,-74.0023881,40.717530539919466,-74.00253371163905,53.15,123.13
1001977502,139 CENTRE STREET,RI,5.0,1911,1,167,0,40.717510699999984,-74.0008117,40.71741185953937,-74.00059471010432,75.11,301.01
1001727501,374 BROADWAY,RM,4.0,1990,1,164,163,40.71771369999999,-74.0028138,40.717746580656566,-74.00278643350158,19.18,212.24
1001957502,83 WALKER STREET,R1,2.0,2014,1,9,9,40.718002,-74.0016738,40.71812442188033,-74.00157608513933,57.18,211.17
1002347501,161 GRAND STREET,RM,4.0,1911,1,20,18,40.7197037,-73.9988528,40.719663887902826,-73.99876787787838,32.65,301.74
1002087501,129 LAFAYETTE STREET,RM,4.0,1900,1,28,27,40.718918699999996,-73.9997908,40.718968837626555,-73.9998847837688,36.82,125.14
1002107503,304 CANAL STREET,RM,4.0,1910,1,5,4,40.719635100000005,-74.0026623,40.71971395051487,-74.00256666742389,44.09,222.59
1004237501,135 BOWERY,RC,5.0,1900,1,9,0,40.718663299999996,-73.9943471,40.718708692487475,-73.99453480850846,59.6,107.7
1004247501,153 BOWERY,RM,4.0,1977,1,6,4,40.719404399999995,-73.9940873,40.71937996943127,-73.99409983553915,14.56,21.25
1002930030,6 1/2 ELDRIDGE STREET,V1,11.0,0,0,0,0,40.7145708,-73.9936476,40.71458936963052,-73.99370995538384,23.56,111.45
1002000029,61 MOTT STREET,C7,4.0,1910,1,18,17,40.716059699999995,-73.9985264,40.716004280209525,-73.99837278737553,52.13,295.45
1001610003,PARK ROW,Z1,8.0,1992,1,1,0,40.713700900000006,-74.0003824,40.713802397180025,-73.99991644409266,139.36,253.97
1004710011,391 BROOME STREET,G6,10.0,1960,1,1,0,40.72038990000001,-73.9973196,40.7203177118887,-73.99700728465338,95.48,286.96
1002030031,64 BOWERY,O5,5.0,1920,1,19,0,40.716552699999994,-73.9962772,40.716466015492244,-73.99633205821354,40.05,25.63
1002030017,140 HESTER STREET,HR,5.0,1910,1,8,0,40.717268999999995,-73.9958299,40.717332264010395,-73.99579073922295,30.48,205.13
1004710044,171 MOTT STREET,C7,4.0,1900,1,13,10,40.71991230000002,-73.9963203,40.71989302463657,-73.99623692711806,29.15,286.96
1002350016,150 BAXTER STREET,C7,4.0,1900,1,21,20,40.71925360000002,-73.9985029,40.71922662782416,-73.99839011371053,37.77,287.51
1002360025,141 MULBERRY STREET,D7,4.0,1900,1,13,12,40.7188309,-73.9978175,40.71878589980103,-73.9976463644981,55.19,289.13
1004710052,200 GRAND STREET,C7,4.0,1910,1,38,35,40.719316700000014,-73.9965512,40.719299075812664,-73.99647636471876,26.72,287.26
1002050018,174 HESTER STREET,C7,4.0,1910,1,20,19,40.71784550000002,-73.9976768,40.71796978778843,-73.9976007884843,54.94,204.87
1002380031,77 ELIZABETH STREET,S0,4.0,1901,1,3,1,40.7179333,-73.996306,40.71790722043563,-73.99623533999888,26.77,295.96
1002050013,124 MULBERRY STREET,S2,4.0,1910,1,3,2,40.717853699999985,-73.9979257,40.717884052362585,-73.99800883247124,30.56,115.72
1002380003,122 MOTT STREET,O5,5.0,1943,1,2,0,40.71807330000001,-73.9964431,40.717979589901994,-73.99618920101115,83.23,295.96
1002380014,209 GRAND STREET,C7,4.0,1900,1,22,20,40.718754000000004,-73.9962482,40.71886321068709,-73.99618030362831,49.02,205.23
1002390015,223 GRAND STREET,D7,4.0,1920,1,25,23,40.71853990000002,-73.995534,40.718615337844945,-73.99548626431677,35.5,205.62
1002390027,108 BOWERY,S9,4.0,1920,1,7,4,40.7180348,-73.9953825,40.71798761043891,-73.99519918653672,58.65,288.76
1002390008,84 ELIZABETH STREET,C7,4.0,1910,1,26,24,40.718045800000006,-73.9957829,40.71809802295681,-73.99593404788706,51.02,114.51
1004700059,134 BOWERY,K4,4.0,1798,1,3,0,40.7190284,-73.9949387,40.718985636538186,-73.99476320558176,56.08,287.82
1004700060,132 BOWERY,K4,4.0,1900,1,5,4,40.7189625,-73.994964,40.71892027563583,-73.99479071794474,55.44,287.82
1004780034,164 BOWERY,V1,11.0,0,0,0,0,40.72015650000001,-73.9944913,40.72011917573532,-73.9943200951266,54.37,286.05
1003060039,115 HESTER STREET,S3,4.0,1900,1,4,3,40.716761099999985,-73.9931641,40.7166687192678,-73.99321260458731,41.24,21.7
1002920027,9 ELDRIDGE STREET,C7,4.0,1910,1,22,18,40.7147136,-73.99396870000001,40.71467657431311,-73.99384461412977,41.95,291.49
1002930019,5 ALLEN STREET,H3,5.0,2008,1,43,0,40.7147437,-73.9931029,40.71469865295659,-73.99295400651012,49.42,291.76
1003060005,70 FORSYTH STREET,C7,4.0,1900,1,21,18,40.71700820000003,-73.9932362,40.71705991503939,-73.9934105651486,56.88,111.37
1002920023,17 ELDRIDGE STREET,C7,4.0,1900,1,22,18,40.71497980000002,-73.9938749,40.71493155198018,-73.99371320418817,53.15,291.49
1003040004,101 BOWERY,HR,5.0,1900,1,2,0,40.717452899999984,-73.9949316,40.717513367315036,-73.99513138572586,64.6,111.77
1002890001,1 BOWERY,W1,8.0,1978,2,0,0,40.714853700000006,-73.99593820000001,40.71500827589349,-73.99595691649724,61.56,174.76
1002810061,9 DIVISION STREET,K4,4.0,1910,1,5,1,40.713895800000024,-73.9969736,40.71400474021855,-73.99698727899019,44.87,174.56
1002810014,32 EAST BROADWAY,O6,5.0,1900,1,24,0,40.7137311,-73.9964938,40.71363791552717,-73.99648024502106,39.16,353.71
1002810054,21 DIVISION STREET,K4,4.0,1910,1,6,2,40.7139369,-73.9964361,40.71404383343358,-73.9964495261476,44.14,174.56
1002810049,31 DIVISION STREET,K4,4.0,1900,1,4,2,40.713972599999984,-73.9959888,40.7140763778673,-73.99600182925057,42.98,174.56
1002800040,39 EAST BROADWAY,O5,5.0,1920,1,33,0,40.713349500000014,-73.9961331,40.713466724094694,-73.99615036521165,47.98,173.63
1002800022,15 MARKET STREET,M1,8.0,1900,2,0,0,40.71321220000001,-73.9948057,40.71308007177641,-73.99478687325589,53.42,353.84
1002800011,43 HENRY STREET,C4,2.0,1900,1,18,18,40.713129900000006,-73.995776,40.71299999128875,-73.99575748761984,52.61,353.84
1004710001,1 CENTRE MARKET PLACE,A4,1.0,1900,1,1,1,40.719808,-73.99772,40.719595754491024,-73.99783818328835,88.98,22.88
1001970007,101 LAFAYETTE STREET,O6,5.0,1928,1,17,0,40.717711,-74.0008874,40.71778485701223,-74.00083154674394,36.04,209.82
1001950021,92 LAFAYETTE STREET,M2,8.0,1944,1,2,0,40.7175381,-74.0016161,40.71750567441611,-74.00155544250072,25.55,305.2
1001960017,262 CANAL STREET,K4,4.0,1915,1,1,0,40.71851519999999,-74.0011508,40.71861186714233,-74.00102831847565,53.92,223.84
1001690010,111 CENTRE STREET,Z3,8.0,1958,1,2,0,40.716816200000004,-74.0014321,40.71669521871816,-74.00114597272834,95.74,299.16
1002340009,155 GRAND STREET,O5,5.0,1920,1,3,0,40.719838199999984,-73.9990332,40.71986075800285,-73.99907642658587,19.53,124.55
1002340017,211 CENTRE STREET,O5,5.0,1915,1,12,0,40.719448499999984,-73.9991919,40.71953941380672,-73.99936611284618,63.56,124.55
1001940036,413 BROADWAY,G6,10.0,0,1,0,0,40.719204100000006,-74.0025397,40.71920830183691,-74.00253608340999,6.83,213.12
1001950026,88 WHITE STREET,O9,5.0,1915,1,5,4,40.717702800000005,-74.0018253,40.71756337342773,-74.00193976519337,64.89,31.89
1001960022,92 WALKER STREET,O6,5.0,1908,1,15,0,40.718163900000015,-74.0010606,40.718123579981125,-74.00098494817149,30.6,305.11
1004250043,6 DELANCEY STREET,K2,5.0,1920,1,1,0,40.720433600000014,-73.9933441,40.72033485686077,-73.99339459503608,43.6,21.19
1001580001,27 DUANE STREET,M1,8.0,1937,1,95,94,40.71329740000001,-74.0026946,40.713887276639866,-74.00270085448926,219.92,179.54
1002790070,OLIVER STREET,V9,11.0,0,1,0,0,40.7130724,-73.9979042,40.71305996346457,-73.99798639861675,28.23,78.71
1001620001,1 CHATHAM SQUARE,O6,5.0,1977,1,62,0,40.7138299,-73.9985102,40.713821441678995,-73.99860060936702,30.25,82.96
1001630016,46 MOTT STREET,K4,4.0,1915,1,2,0,40.715301100000005,-73.9985102,40.71533325059739,-73.9985988465151,32.22,115.57
1001630030,49 BAYARD STREET,C7,4.0,1915,1,20,18,40.715098,-73.9975398,40.71520580634378,-73.99747425377178,48.28,204.74
1001630023,63 BAYARD STREET,C7,4.0,1915,1,30,26,40.7152792,-73.9981134,40.71540413361067,-73.99803626181885,55.29,205.08
1001630027,55 BAYARD STREET,C7,4.0,1915,1,22,20,40.715180299999986,-73.9977887,40.71529263228744,-73.99772144638295,49.97,204.41
1001630022,65 BAYARD STREET,C7,4.0,1915,1,26,24,40.71530659999999,-73.9982036,40.71543550158671,-73.99812401203266,56.89,205.08
1001630014,36 PELL STREET,S9,4.0,1920,1,5,3,40.71507600000001,-73.9986978,40.71509438163077,-73.99874848241323,20.56,115.57
1002010018,164 CANAL STREET,O5,5.0,1915,1,7,0,40.716346899999984,-73.9973594,40.71630266752927,-73.99723603810328,42.8,295.32
1001630038,20 BOWERY,C7,4.0,1910,1,26,21,40.71479329999999,-73.9973847,40.7147404225836,-73.99740386299396,24.98,15.36
1002010013,178 CANAL STREET,O5,5.0,1958,1,1,0,40.716547199999994,-73.9977418,40.716577574504875,-73.99782666065194,31.0,115.28
1001640046,19 MOTT STREET,C7,4.0,1915,1,19,16,40.71433500000002,-73.99901160000002,40.71435212707913,-73.99886208846864,46.91,261.41
1004180058,272 GRAND STREET,K4,4.0,1900,2,5,2,40.71807590000002,-73.9928393,40.718089061461086,-73.99288394121396,18.27,111.26
1004250038,18 DELANCEY STREET,K4,4.0,1900,1,2,0,40.720282699999984,-73.9929689,40.72021575756614,-73.9930042521864,31.28,21.81
1004250036,157 CHRYSTIE STREET,S9,4.0,1905,1,8,6,40.72049400000001,-73.9930482,40.72026600072087,-73.99316860578912,94.52,21.81
1004240010,169 BOWERY,D7,4.0,1920,1,13,12,40.719860000000004,-73.9937842,40.72001791707527,-73.993699754608,67.11,202.06
1004240032,131 CHRYSTIE STREET,S9,4.0,1910,1,6,4,40.7195032,-73.9935209,40.71945258775349,-73.99334562551329,56.97,290.86
1004230008,143 BOWERY,HH,5.0,1900,1,2,0,40.71891860000001,-73.9942244,40.71895131838831,-73.99420775747636,17.78,201.08
1002070008,208 HESTER STREET,G6,10.0,0,1,0,0,40.718485,-73.99931460000002,40.71847630369835,-73.99929107722133,12.25,296.0
1004780037,158H BOWERY,V1,11.0,0,0,0,0,40.719989000000005,-73.9945598,40.71995058416585,-73.99438358808898,55.81,286.05
1002390038,90 BOWERY,K4,4.0,1915,1,34,12,40.7175106,-73.9956747,40.717458724689244,-73.995706254028,25.83,24.75
1002040016,59 ELIZABETH STREET,M9,8.0,1920,1,3,1,40.71747220000001,-73.9966163,40.7174422070236,-73.99653220899907,30.74,295.2
1002040032,177 CANAL STREET,O5,5.0,1915,1,5,2,40.71691779999999,-73.9973125,40.716830092577005,-73.99736584891036,40.21,24.75
1002030023,78 BOWERY,O6,5.0,1915,1,6,0,40.71692600000001,-73.99604270000002,40.71686928801344,-73.99588201268618,54.1,294.97
1002030020,84 BOWERY,O5,5.0,1915,1,14,0,40.71711810000001,-73.9959453,40.717055663337845,-73.99576839248513,59.06,294.97
1002030015,58 ELIZABETH STREET,C7,4.0,1900,2,55,45,40.71737339999999,-73.9962267,40.71741833554865,-73.99634920832607,42.7,115.82
1002040031,175 CANAL STREET,O5,5.0,1912,1,6,0,40.7168931,-73.997244,40.71680586884116,-73.99729705930739,40.02,24.75
1002030016,144 HESTER STREET,C7,4.0,1900,1,10,8,40.7173157,-73.9960607,40.71740843544761,-73.99600329656163,42.35,205.13
1002030024,76 BOWERY,O6,5.0,2018,1,7,0,40.71686560000002,-73.9960824,40.71680805200526,-73.99591934390926,54.83,294.97
1002390033,100 BOWERY,O5,5.0,1916,1,4,0,40.7177933,-73.9954979,40.717737133615024,-73.99534447303624,52.2,295.78
1002390034,98 BOWERY,S9,4.0,1920,1,6,4,40.717732900000016,-73.9955376,40.717676285944066,-73.99538295012069,52.57,295.78
1002030005,44 ELIZABETH STREET,G1,10.0,1958,1,1,0,40.71694519999999,-73.9964756,40.71699680161367,-73.99661628225361,48.29,115.82
1002030021,80 BOWERY,O5,5.0,1920,1,14,0,40.71702480000001,-73.996003,40.71696212480528,-73.99582541657547,59.27,294.97
1002030026,70 BOWERY,O5,5.0,1920,1,85,0,40.716728299999986,-73.9962375,40.7166474197422,-73.99601876594345,72.42,296.01
1002030025,74 BOWERY,O5,5.0,1915,1,16,0,40.716816200000004,-73.9961618,40.716744337764574,-73.99595818585286,67.22,294.97
1002370022,137 MOTT STREET,C7,4.0,1920,1,10,8,40.718608499999995,-73.99695890000001,40.718563466243175,-73.99679107859097,54.33,289.5
1004700032,206 GRAND STREET,C7,4.0,1909,1,27,20,40.71922610000001,-73.9962807,40.7192359460305,-73.99632214389551,17.04,107.4
1004710015,175 MULBERRY STREET,S5,4.0,2006,1,6,5,40.72017849999999,-73.9972005,40.72014937636515,-73.99707449971939,41.5,286.96
1004710057,192 GRAND STREET,S3,4.0,1833,1,4,3,40.71944290000001,-73.9969228,40.71931969978819,-73.99699288070276,53.91,23.32
1004710051,157 MOTT STREET,S1,4.0,1935,1,2,1,40.71951700000002,-73.9965693,40.71947797307861,-73.99640358479625,53.09,287.26
1002370027,127 MOTT STREET,C7,4.0,1880,2,19,18,40.71829290000001,-73.9971429,40.718235542929776,-73.99698660035408,53.1,295.84
1002370024,133 MOTT STREET,C7,4.0,1900,1,9,8,40.718485,-73.9970311,40.7184246740427,-73.99686671013374,55.59,295.84
1002360016,181 GRAND STREET,S2,4.0,1910,1,3,2,40.71926450000001,-73.9977706,40.719368280719785,-73.9977114220037,46.22,203.37
1002360026,139 MULBERRY STREET,C7,4.0,1900,1,20,18,40.71876500000001,-73.9978499,40.71870804410131,-73.99769169629302,53.52,295.41
1002070006,204 CENTRE STREET,G6,10.0,0,0,0,0,40.71832309999998,-73.9993903,40.71832309999998,-73.9993903,4.4,0.0
1004710008,8 CENTRE MARKET PLACE,C7,4.0,1900,1,9,8,40.72018680000001,-73.9974531,40.72010352288441,-73.997092808596,109.38,286.96
1004710039,379 BROOME STREET,S2,4.0,1878,1,3,2,40.7201126,-73.9965728,40.72026729195657,-73.99646784842183,68.42,207.21
1004710031,168 MULBERRY STREET,C6,2.0,1900,1,20,18,40.719794300000004,-73.9968434,40.719833008913035,-73.99700935140949,53.11,107.11
1004710028,174 GRAND STREET,S5,4.0,1910,1,7,6,40.7197092,-73.9978499,40.71961621963975,-73.99790167346033,41.79,22.88
1002360021,149 MULBERRY STREET,S1,4.0,1816,1,2,1,40.719086100000006,-73.9976948,40.71904269259225,-73.99752972196488,53.42,289.13
1004710058,190 GRAND STREET,S1,4.0,1833,1,2,1,40.719470400000006,-73.9970022,40.719503077258054,-73.99714229286212,45.62,107.11
1002350007,212 CENTRE STREET,Z9,,0,0,0,0,40.719124599999994,-73.9988204,40.719160172317004,-73.99889655315849,29.77,121.65
1004710020,165 MULBERRY STREET,C7,4.0,1920,1,16,15,40.7198601,-73.9973773,40.71982046653616,-73.99720582982796,54.68,286.96
1002070010,204 HESTER STREET,G6,10.0,0,0,0,0,40.718413700000006,-73.99916310000002,40.71845193789561,-73.99926653001432,36.88,116.0
1002070012,202 HESTER STREET,C7,4.0,1910,1,9,8,40.7183972,-73.9990368,40.71845829563354,-73.9989996771171,29.52,204.73
1002070013,200 HESTER STREET,C7,4.0,1900,1,9,8,40.71836429999998,-73.9989466,40.71835397347043,-73.99891744491383,13.91,295.05
1002360030,131 MULBERRY STREET,S9,4.0,1910,1,8,6,40.7184576,-73.9978896,40.71844520014055,-73.997855157542,15.56,295.41
1002360033,197 HESTER STREET,C7,4.0,1910,1,42,40,40.7184521,-73.9981494,40.71850143525076,-73.99827591076618,44.41,117.23
1002370019,143 MOTT STREET,C7,4.0,1915,1,10,8,40.718773199999994,-73.996793,40.718749539148185,-73.99670482636995,30.92,289.5
1002370021,139 MOTT STREET,K4,4.0,1910,1,1,0,40.71867170000001,-73.9969228,40.718628290138106,-73.99676103018567,52.55,289.5
1002370023,135 MOTT STREET,C7,4.0,1900,2,18,16,40.71854540000001,-73.9969914,40.71849959043521,-73.99682068745997,55.18,289.5
1002370025,131 MOTT STREET,C7,4.0,1900,2,23,21,40.71842190000001,-73.9970671,40.7183627646613,-73.99690595457716,54.59,295.84
1004700030,210 GRAND STREET,S4,4.0,1900,1,5,4,40.719171199999984,-73.9961219,40.719051077386396,-73.99619649634609,53.4,25.2
1004710002,2 CENTRE MARKET PLACE,A4,1.0,1800,1,1,1,40.719851899999995,-73.9976912,40.7195945642426,-73.99783449071884,106.82,22.88
1004710004,4 CENTRE MARKET PLACE,A4,1.0,1900,1,1,1,40.71994799999999,-73.9976407,40.719845202236044,-73.99719595318004,133.85,286.96
1004710017,171 MULBERRY STREET,C7,4.0,1900,1,11,10,40.72005779999999,-73.9972943,40.72001902580848,-73.99712654743834,53.6,286.96
1004710018,169 MULBERRY STREET,C7,4.0,1914,1,12,11,40.719991900000004,-73.9973196,40.71995334020333,-73.99715277498535,53.33,286.96
1004710022,186 GRAND STREET,D7,4.0,1900,1,6,5,40.719582900000006,-73.9973413,40.71957430581526,-73.99730411822885,15.77,286.96
1004710030,166 MULBERRY STREET,C6,2.0,1900,1,10,9,40.7196954,-73.9968831,40.719734141008,-73.99704918902624,53.15,107.11
1004710043,373 BROOME STREET,C7,4.0,1900,1,32,30,40.72006600000002,-73.996259,40.72004670657469,-73.9961755490099,29.18,286.96
1004710046,167 MOTT STREET,C7,4.0,1900,1,28,26,40.7198464,-73.9964394,40.719807487511105,-73.99627108914906,53.76,286.96
1004710047,165 MOTT STREET,C1,2.0,1920,1,20,20,40.71977780000001,-73.9964646,40.71973935263197,-73.99629830096153,53.18,286.96
1004710048,163 MOTT STREET,C7,4.0,1920,1,18,16,40.71971459999999,-73.9964899,40.71967614011785,-73.99632354682001,53.19,286.96
1004710050,159 MOTT STREET,S1,4.0,1992,1,2,1,40.71958289999999,-73.996544,40.71954354857942,-73.99637690692464,53.49,287.26
1004710059,188 GRAND STREET,V1,11.0,0,0,0,0,40.719500599999996,-73.997096,40.719510683138765,-73.99713922819198,17.53,107.11
1002370017,203 GRAND STREET,C7,4.0,1910,1,35,30,40.71891320000001,-73.9967244,40.71889459762788,-73.99664449321132,28.16,287.07
1004710049,161 MOTT STREET,C7,4.0,1911,1,17,16,40.71964879999999,-73.9965187,40.719609806590974,-73.99635003909668,53.86,286.96
1002350009,216 CENTRE STREET,S4,4.0,1912,1,5,4,40.719242600000015,-73.9987338,40.71927524952599,-73.99880369601489,27.74,121.65
1002350011,220 CENTRE STREET,S9,4.0,1910,1,6,4,40.71938810000001,-73.9986291,40.71941643901444,-73.99868976804552,24.73,121.65
1002350018,148 BAXTER STREET,S9,4.0,1920,1,7,5,40.71916569999998,-73.9985498,40.719136423452,-73.99842737775539,40.57,287.51
1004710007,7 CENTRE MARKET PLACE,O9,5.0,1900,1,4,2,40.7201374,-73.997536,40.72004075461796,-73.99711787134933,126.13,286.96
1002370011,146 MULBERRY STREET,C7,4.0,1900,1,16,15,40.718874800000016,-73.9972511,40.71891851952943,-73.99740926960405,51.65,110.04
1002370012,191 GRAND STREET,C7,4.0,1900,1,38,35,40.719072399999995,-73.9972439,40.71909483924662,-73.99732508136393,28.94,110.04
1002370013,195 GRAND STREET,K4,4.0,1900,1,3,0,40.7189846,-73.9971068,40.7191402379637,-73.99701849526302,66.76,203.27
1002370014,201 GRAND STREET,O6,5.0,1900,1,20,0,40.7189599,-73.9969409,40.71909042740325,-73.99686684198323,56.8,203.27
1002380013,207 GRAND STREET,C7,4.0,1900,1,9,8,40.71879510000001,-73.9963673,40.718829139677275,-73.99649943349665,43.67,108.77
1004710016,173 MULBERRY STREET,C7,4.0,1900,1,9,8,40.7201072,-73.9972186,40.720080270632884,-73.99710209299782,38.75,286.96
1004710054,198 GRAND STREET,S4,4.0,2006,1,5,4,40.7193606,-73.9966775,40.71923868352091,-73.99674685091735,53.4,23.32
1004710055,196 GRAND STREET,H3,5.0,2012,1,1,0,40.71939900000001,-73.9968001,40.719278744013806,-73.99686850614229,52.74,23.32
1002350010,218 CENTRE STREET,K4,4.0,1900,1,6,4,40.71930019999999,-73.99869410000001,40.71933055003365,-73.99875907325347,26.13,121.65
1004710036,385 BROOME STREET,K4,4.0,1900,1,7,5,40.72024440000001,-73.9968073,40.720252136492476,-73.99684046768193,14.62,107.11
1002380012,205 GRAND STREET,C7,4.0,1900,1,19,16,40.718822600000024,-73.9964502,40.71883465143134,-73.99649698071865,18.69,108.77
1004710034,174 MULBERRY STREET,C7,4.0,1900,1,17,16,40.7199589,-73.99677850000002,40.71999730533574,-73.99694314989449,52.74,107.11
1004710019,167 MULBERRY STREET,C4,2.0,1905,1,8,6,40.71992600000001,-73.9973521,40.71988613100369,-73.99717961083083,54.97,286.96
1002360024,143 MULBERRY STREET,D6,4.0,2003,1,10,9,40.718894000000006,-73.997785,40.71884990138861,-73.99761729326019,54.19,289.13
1002370020,141 MOTT STREET,C7,4.0,1890,2,20,19,40.7187348,-73.996894,40.71869128288814,-73.99673183052778,52.67,289.5
1002070007,204 CENTRE STREET,G6,10.0,0,0,0,0,40.7183807,-73.9993615,40.71837789787222,-73.99935392047504,7.34,296.0
1002350001,202 CENTRE STREET,O5,5.0,1912,1,10,0,40.718765000000005,-73.9989683,40.718630091713656,-73.9990495490685,59.07,24.53
1004710013,389 BROOME STREET,K4,4.0,1900,1,5,2,40.720356900000006,-73.997132,40.72032719787434,-73.99700349696242,42.23,286.96
1002370026,129 MOTT STREET,C7,4.0,1900,2,21,19,40.71835880000001,-73.9971068,40.71829975371574,-73.99694589721969,54.52,295.84
1004710033,172 MULBERRY STREET,C7,4.0,1900,1,28,26,40.7198931,-73.9968109,40.71993025022995,-73.99697016908534,51.18,107.11
1004710021,163 MULBERRY STREET,C7,4.0,1900,1,18,17,40.719794300000004,-73.9974026,40.71975487244698,-73.9972320206697,54.42,286.96
1004710025,176 GRAND STREET,O6,5.0,1901,1,7,1,40.71967349999999,-73.9976695,40.71956148641952,-73.9977318718703,49.32,22.88
1002360031,193 HESTER STREET,C7,4.0,1900,1,13,12,40.71832859999999,-73.997969,40.71831644249551,-73.99793523070541,15.36,295.41
1004710006,6 CENTRE MARKET PLACE,S3,4.0,1900,1,4,3,40.720077,-73.9975685,40.71997858074435,-73.99714269671856,128.36,286.96
1004710040,377 BROOME STREET,C7,4.0,1900,1,19,17,40.72008239999999,-73.9964899,40.72023522978469,-73.99638621163216,67.66,207.21
1004710041,375 BROOME STREET,C7,4.0,1900,1,24,22,40.720052300000006,-73.9964069,40.72020315757263,-73.9963045495045,66.85,207.21
1004710014,387 BROOME STREET,C7,4.0,1930,1,22,20,40.720324000000005,-73.997049,40.720314641309415,-73.997008510715,16.73,286.96
1002350008,214 CENTRE STREET,M1,8.0,1900,1,1,0,40.71913550000002,-73.9986544,40.71908617337686,-73.99844813636001,64.93,287.51
1004710029,164 MULBERRY STREET,K4,4.0,1900,1,4,3,40.719629600000005,-73.9969084,40.719668599686685,-73.99707559803397,53.48,107.11
1002350029,217 HESTER STREET,K4,4.0,1915,1,5,0,40.718756799999994,-73.9991378,40.71878537548756,-73.99919896358722,24.9,121.65
1004710037,383 BROOME STREET,S3,4.0,1900,2,4,3,40.720211500000005,-73.9967207,40.720240527454436,-73.99684514547057,41.08,107.11
1002370006,140 MULBERRY STREET,C7,4.0,1900,2,10,8,40.71866619999999,-73.9973341,40.71871397311604,-73.99750693478579,55.97,110.04
1002360017,183 GRAND STREET,S2,4.0,1910,1,3,2,40.7192426,-73.9977092,40.71934775423988,-73.99764923869645,46.76,203.37
1002350005,208 CENTRE STREET,S5,4.0,1915,2,7,6,40.7189544,-73.9987807,40.718874790400186,-73.99857532374753,68.89,297.09
1002350004,206 CENTRE STREET,O5,5.0,1915,1,7,0,40.718888499999984,-73.9988167,40.71881139133447,-73.99861777561362,66.89,297.09
1002360032,195 HESTER STREET,C4,2.0,1910,1,20,20,40.718408200000006,-73.9980231,40.718365567116955,-73.99790468060803,41.32,295.41
1002350020,144 BAXTER STREET,F5,6.0,1969,1,1,0,40.7190422,-73.9986147,40.71899558392693,-73.99849444043112,42.41,297.09
1002050028,101 MOTT STREET,O6,5.0,1910,1,12,0,40.717302,-73.99775980000001,40.7172457837424,-73.99760362473661,52.89,295.4
1002050010,118 MULBERRY STREET,C7,4.0,1900,2,20,19,40.7176698,-73.9979438,40.71772920074291,-73.9981064933074,55.02,115.72
1002050011,120 MULBERRY STREET,C4,2.0,1910,1,9,8,40.7177302,-73.9979041,40.7177900777778,-73.99806809982624,55.43,115.72
1002050008,114 MULBERRY STREET,D7,4.0,2017,1,24,23,40.71757650000001,-73.9980015,40.71763623952648,-73.99816512125302,55.31,115.72
1002050032,191 CANAL STREET,O5,5.0,1920,1,6,0,40.717145599999995,-73.9979618,40.71705391379839,-73.99801629084119,41.66,24.25
1002050012,122 MULBERRY STREET,S2,4.0,1910,1,3,2,40.717809800000005,-73.9979546,40.71783979226248,-73.99803674620196,30.26,115.72
1002060012,190 HESTER STREET,C7,4.0,1910,1,22,20,40.71813370000001,-73.9984993,40.71825872138129,-73.99842263960811,55.26,204.93
1002060013,188 HESTER STREET,C7,4.0,1900,2,17,16,40.718103499999984,-73.9984127,40.71822807711911,-73.9983363118584,55.08,204.93
1002380040,173 HESTER STREET,C7,4.0,1910,1,35,30,40.717999200000015,-73.9968543,40.718024936679704,-73.99692678455635,27.17,115.1
1002060034,219 CANAL STREET,K4,4.0,1910,1,2,0,40.717669900000004,-73.999109,40.71768036007582,-73.9991373157852,13.73,115.98
1002380034,163 HESTER STREET,S9,4.0,1920,1,5,3,40.7177933,-73.9964467,40.71772975496122,-73.99648436545856,30.4,24.19
1002380027,83 ELIZABETH STREET,C7,4.0,1900,2,40,34,40.71817479999999,-73.9962555,40.718117806317636,-73.99610108113914,52.58,295.96
1002070005,204 CENTRE STREET,G6,10.0,0,0,0,0,40.71821880000001,-73.99931100000002,40.71832297362526,-73.99938355427248,47.95,152.17
1004710023,182 GRAND STREET,D0,3.0,1920,1,10,9,40.7196241,-73.9974675,40.71958531962413,-73.99729972059123,53.61,286.96
1002370029,121 MOTT STREET,C7,4.0,1912,1,29,25,40.7180486,-73.9972151,40.71799702124868,-73.99724590487476,25.64,24.35
1002070001,235 CANAL STREET,O5,5.0,1920,1,4,0,40.7181118,-73.9995779,40.71816758002157,-73.99970164826212,44.87,120.74
1002040029,171 CANAL STREET,O5,5.0,1910,1,12,0,40.71685460000002,-73.997143,40.71676978489051,-73.99719458984697,39.05,24.75
1002370028,123 MOTT STREET,C7,4.0,1912,1,28,25,40.718177600000004,-73.9971357,40.71814418821072,-73.99704440956569,33.08,295.78
1002040024,41 ELIZABETH STREET,O6,5.0,1920,1,22,0,40.71702209999999,-73.9969698,40.71696982599075,-73.99682323951572,49.87,295.2
1002060029,209 CANAL STREET,K4,4.0,1910,1,7,0,40.71747500000001,-73.9988312,40.71742454303202,-73.9988958018413,30.66,44.14
1002030002,38 ELIZABETH STREET,O5,5.0,1915,2,12,0,40.71667070000001,-73.9966127,40.71658800955218,-73.99666503016053,38.44,25.63
1002030010,54 ELIZABETH STREET,C7,4.0,1890,2,67,64,40.71717569999999,-73.9963205,40.71722999850331,-73.99646853468974,50.56,115.82
1002040035,183 CANAL STREET,O5,5.0,1915,1,5,0,40.71699190000001,-73.9975253,40.717004111971676,-73.99755879984966,15.3,115.69
1002050002,102 MULBERRY STREET,O5,5.0,1920,1,7,0,40.71723069999998,-73.9983154,40.71716936854728,-73.99835185011405,29.52,24.25
1002050004,106 MULBERRY STREET,C7,4.0,1915,1,36,33,40.71732399999999,-73.9981566,40.71738496917085,-73.99832358926929,56.34,115.72
1002050007,112 MULBERRY STREET,C7,4.0,1920,1,18,16,40.7174832,-73.99805920000001,40.71754327825551,-73.9982237490499,55.59,115.72
1002050014,126 MULBERRY STREET,S4,4.0,1900,1,5,4,40.71789490000003,-73.9979005,40.71792501974383,-73.9979829953384,30.36,115.72
1002050025,107 MOTT STREET,D6,4.0,2022,1,12,11,40.7174887,-73.9976444,40.71743228249871,-73.99748766575107,53.06,295.4
1002050030,185 CANAL STREET,O2,5.0,1920,1,26,0,40.717145599999995,-73.9977959,40.717107367893675,-73.99768968683361,37.57,295.4
1002060017,123 MULBERRY STREET,S5,4.0,1910,1,7,6,40.7179608,-73.9982504,40.717933822622506,-73.99817545133584,27.98,295.4
1002060021,117 MULBERRY STREET,C7,4.0,1910,1,26,24,40.71777409999999,-73.9984668,40.717717617048,-73.99830987848972,53.12,295.4
1002060024,109 MULBERRY STREET,D7,4.0,2019,1,30,29,40.71755730000001,-73.9986003,40.717501198190725,-73.99844443727844,52.8,295.4
1002060026,203 CANAL STREET,D7,4.0,1915,1,14,6,40.71737339999999,-73.9986112,40.71734772188985,-73.99853986083559,26.88,295.4
1002060031,213 CANAL STREET,K1,5.0,1910,1,4,0,40.71759300000002,-73.9989466,40.717525886320935,-73.99903252791307,39.14,44.14
1002070015,126 BAXTER STREET,S4,4.0,1900,1,5,4,40.718224299999996,-73.9991306,40.71818534478491,-73.99902061679046,38.63,295.05
1002070017,118 BAXTER STREET,O6,5.0,1900,1,36,0,40.7180541,-73.9992749,40.718003451788,-73.99913190350276,48.72,295.05
1002070020,114 BAXTER STREET,O5,5.0,1900,1,29,0,40.7178839,-73.9993795,40.7178255948254,-73.99945086763428,34.03,42.85
1002050020,117 MOTT STREET,C7,4.0,1915,1,12,11,40.7177988,-73.9974532,40.7178964002037,-73.99739350965979,44.22,204.87
1002380032,75 ELIZABETH STREET,S3,4.0,1920,1,4,3,40.717881100000014,-73.9963385,40.71785525346363,-73.99626847135364,26.58,295.96
1002040004,100 MOTT STREET,C7,4.0,1915,1,10,8,40.7172609,-73.9972079,40.71731699658211,-73.99736178351954,52.3,115.69
1002040005,102 MOTT STREET,C7,4.0,1920,1,26,24,40.7173569,-73.9971502,40.71741218143338,-73.99730184737068,51.61,115.69
1002040022,49 ELIZABETH STREET,K4,4.0,1900,1,7,0,40.71717850000001,-73.9968724,40.717126531136216,-73.99672669512555,49.61,295.2
1002370035,189 HESTER STREET,C7,4.0,1900,1,9,8,40.71823249999998,-73.9976443,40.71815149260788,-73.99769268030714,37.42,24.35
1002370036,191 HESTER STREET,C7,4.0,1900,1,16,15,40.718262700000004,-73.9977309,40.71827487584434,-73.99776634101157,15.78,114.38
1002380033,161 HESTER STREET,S3,4.0,1920,1,4,3,40.7177659,-73.9963637,40.71775446813866,-73.99633272650723,14.54,295.96
1002380036,167 HESTER STREET,C7,4.0,1900,2,16,14,40.717900400000005,-73.9965693,40.71778281571421,-73.99663899627836,51.99,24.19
1002380038,171 HESTER STREET,C7,4.0,1900,2,25,24,40.7179608,-73.9967317,40.71783933193421,-73.99680369803427,53.55,24.19
1002040034,181 CANAL STREET,O5,5.0,1915,1,5,0,40.7169644,-73.9974496,40.71700418971367,-73.99755875089755,38.55,115.69
1002370032,183 HESTER STREET,C7,4.0,1910,2,16,15,40.718183100000005,-73.9973846,40.71806861530397,-73.99745297451481,50.81,24.35
1002070014,128 BAXTER STREET,C4,2.0,1900,1,10,8,40.718284699999984,-73.9990765,40.71825073599457,-73.99898060863785,34.32,295.05
1002040033,179 CANAL STREET,O5,5.0,1915,1,6,0,40.716939700000005,-73.9973811,40.71685385132456,-73.99743331822035,39.46,24.75
1002060023,113 MULBERRY STREET,C7,4.0,1920,1,10,8,40.7176506,-73.99854260000001,40.71759440720192,-73.99838648453847,52.87,295.4
1002380037,169 HESTER STREET,C7,4.0,1900,2,17,16,40.717930599999974,-73.9966523,40.717811587121666,-73.99672284290682,52.57,24.19
1002040027,167 CANAL STREET,O5,5.0,1900,2,13,0,40.71680520000001,-73.9970023,40.71678249774549,-73.99693864981144,24.49,295.2
1002060004,119 BAXTER STREET,C7,4.0,1910,2,24,22,40.71789220000002,-73.9988059,40.71795086453608,-73.9989647064128,53.94,115.98
1002060001,113 BAXTER STREET,M1,8.0,1900,1,1,0,40.71776870000001,-73.9988817,40.717828263067354,-73.99904293882072,54.69,115.98
1002060016,182 HESTER STREET,C7,4.0,1910,1,22,20,40.718089800000016,-73.998171,40.71806258525463,-73.99809539190991,28.19,295.4
1002060028,207 CANAL STREET,K4,4.0,1915,1,6,2,40.71743380000001,-73.9987302,40.71736607124762,-73.99881691563068,39.45,44.14
1002370033,185 HESTER STREET,C7,4.0,1900,1,22,21,40.718207800000016,-73.9974531,40.71809247288523,-73.99752197752039,51.15,24.35
1002060005,121 BAXTER STREET,C7,4.0,1910,2,29,27,40.717955300000014,-73.9987663,40.71801376591462,-73.99892456870707,53.77,115.98
1002060019,121 MULBERRY STREET,S5,4.0,1900,2,7,6,40.717900400000005,-73.9983875,40.71784414418147,-73.99823120957969,52.93,295.4
1002050019,119 MOTT STREET,C7,4.0,1910,1,16,14,40.717864699999986,-73.9974099,40.717895528001534,-73.99739104618627,17.39,204.87
1002050034,195 CANAL STREET,K2,5.0,1915,1,3,0,40.717170299999985,-73.9981494,40.71711169599164,-73.99818422930242,28.43,24.25
1002060022,115 MULBERRY STREET,C7,4.0,1910,2,19,18,40.717713800000006,-73.9985029,40.71765772639116,-73.99834711570404,52.77,295.4
1002380004,124 MOTT STREET,C7,4.0,1912,1,41,39,40.7182242,-73.9966162,40.718279122983034,-73.99677088425535,52.32,115.1
1002370034,187 HESTER STREET,C7,4.0,1900,2,21,20,40.71823799999999,-73.9975397,40.718122458672745,-73.99760870530599,51.24,24.35
1002050006,110 MULBERRY STREET,C7,4.0,1910,1,18,16,40.717420100000005,-73.9980989,40.71748020647234,-73.99826352636752,55.62,115.72
1002050023,111 MOTT STREET,C7,4.0,1900,1,23,22,40.717612200000005,-73.9975686,40.717555491658196,-73.99741105782327,53.31,295.4
1002050024,109 MOTT STREET,C7,4.0,1900,2,28,26,40.717549100000014,-73.99760830000001,40.71749225454946,-73.99745037688646,53.43,295.4
1002040001,94 MOTT STREET,O5,5.0,1920,1,8,0,40.717134600000016,-73.9972873,40.71719073465818,-73.99744128803339,52.33,115.69
1002050021,115 MOTT STREET,C7,4.0,1900,2,15,13,40.717738400000016,-73.9974892,40.717681965802306,-73.99733241949264,53.08,295.4
1002050016,178 HESTER STREET,S9,4.0,1910,1,4,2,40.71796630000001,-73.9978031,40.718028046383445,-73.99776533746319,29.81,204.87
1002060020,119 MULBERRY STREET,K4,4.0,1910,1,4,3,40.717834499999995,-73.9984272,40.71777861881566,-73.99827195036178,52.61,295.4
1002050017,176 HESTER STREET,C7,4.0,1915,1,14,13,40.7178729,-73.9977562,40.71799777279613,-73.99767983085577,55.18,204.87
1002050022,113 MOTT STREET,C7,4.0,1900,2,10,9,40.717675299999975,-73.9975289,40.71761872874245,-73.99737173869201,53.2,295.4
1002060014,186 HESTER STREET,C4,2.0,1900,1,6,6,40.71807609999997,-73.9983334,40.71820006141984,-73.99825738924532,54.84,204.93
1004700024,115 ELIZABETH STREET,C4,2.0,1900,1,10,10,40.7191794,-73.9958009,40.71914371315023,-73.99564555907942,49.98,286.86
1004700027,218 GRAND STREET,C7,4.0,1900,1,31,28,40.718990000000005,-73.9958153,40.71892790201865,-73.99585386323251,30.02,25.21
1004700037,116 ELIZABETH STREET,O2,5.0,1900,1,4,0,40.71908059999999,-73.9953031,40.7191216285933,-73.99547336014307,54.51,107.64
1002380023,91 ELIZABETH STREET,C7,4.0,1910,1,29,27,40.7184164,-73.9961292,40.7183762609712,-73.9959711945246,51.18,288.53
1004700025,113 ELIZABETH STREET,C4,2.0,1900,1,10,10,40.7191135,-73.99582610000002,40.71907801364898,-73.99567163181896,49.73,286.86
1002380021,95 ELIZABETH STREET,C7,4.0,1910,1,30,27,40.718517899999995,-73.9960823,40.718478300269474,-73.99592641747934,50.56,288.53
1002390010,88 ELIZABETH STREET,C7,4.0,1910,1,26,24,40.71817209999999,-73.9957144,40.718215811988834,-73.99587393841448,52.0,109.87
1002390018,229 GRAND STREET,C6,2.0,1910,1,6,4,40.71849590000001,-73.9954113,40.71857056859534,-73.99536405094655,35.19,205.62
1004700017,ELIZABETH STREET,G7,10.0,0,0,0,0,40.7196213,-73.9954942,40.719613263311324,-73.9954592172951,15.13,286.86
1002390014,223 GRAND STREET,K2,5.0,1930,1,1,0,40.718583800000005,-73.995653,40.71859514451366,-73.99569440485944,17.2,109.87
1002390024,114 BOWERY,K4,4.0,1910,1,2,0,40.7182407,-73.995267,40.718199040608646,-73.9951051692652,52.36,288.76
1002390026,110 BOWERY,K4,4.0,1920,1,4,2,40.71810889999998,-73.9953248,40.71806742724361,-73.9951636942393,52.15,288.76
1002390031,102 BOWERY,S5,4.0,1920,1,7,6,40.7178509,-73.9954438,40.71779998820074,-73.99530472679464,47.78,295.78
1004700005,160 MOTT STREET,D1,3.0,1910,1,35,35,40.719544500000005,-73.9959921,40.719588533002444,-73.99617744297191,58.82,107.4
1004700050,146 BOWERY,H3,5.0,1915,1,5,0,40.71952519999999,-73.9949567,40.71962697480791,-73.99488742022199,46.76,207.29
1002390029,104 BOWERY,HR,5.0,1920,1,3,0,40.717938800000006,-73.995433,40.71787457554292,-73.99525756120859,58.97,295.78
1002390011,90 ELIZABETH STREET,C7,4.0,1900,1,21,20,40.71822969999999,-73.9956675,40.718278175169615,-73.99584442281567,57.13,109.87
1002390012,92 ELIZABETH STREET,C7,4.0,1912,1,56,53,40.718361500000015,-73.9956061,40.71840973767442,-73.99578215597583,56.87,109.87
1004700020,123 ELIZABETH STREET,C7,4.0,1900,1,12,10,40.71943189999999,-73.9956746,40.71940170716981,-73.99554317405287,43.06,286.86
1004700028,214 GRAND STREET,S9,4.0,1900,1,6,4,40.719047700000026,-73.995974,40.71898507245163,-73.99601289194814,30.24,25.2
1004700031,208 GRAND STREET,C7,4.0,1920,1,23,22,40.719195900000024,-73.9961977,40.71922639593803,-73.99632606321018,42.28,107.4
1004700042,126 ELIZABETH STREET,C4,2.0,1900,1,24,24,40.719415400000024,-73.9951696,40.71945514364005,-73.9953345277974,52.96,107.64
1004700044,353 BROOME STREET,S2,4.0,1948,1,3,2,40.7196762,-73.9952092,40.71968349462825,-73.99523947126097,13.8,107.64
1004700052,144 BOWERY,K4,4.0,1900,1,3,0,40.71936869999999,-73.9947836,40.71932855688748,-73.99461885919426,52.95,287.82
1004700004,158 MOTT STREET,C7,4.0,1905,1,18,17,40.719486799999984,-73.9960426,40.719525027275324,-73.99620350570275,51.73,107.4
1004700053,138 BOWERY,H3,5.0,2016,1,76,27,40.7192315,-73.9948557,40.71918818595077,-73.99467794610082,56.74,287.82
1004700058,136 BOWERY,K4,4.0,1798,1,4,0,40.7190943,-73.9949098,40.719051793045466,-73.99473535826681,55.77,287.82
1002390025,112 BOWERY,O2,5.0,1920,1,2,0,40.71817479999999,-73.9952959,40.71813323393324,-73.99513443177977,52.25,288.76
1004700021,119 ELIZABETH STREET,C7,4.0,1921,1,37,35,40.719341299999996,-73.9957359,40.71930577105069,-73.99558124643609,49.78,286.86
1002380035,165 HESTER STREET,C7,4.0,1910,2,20,17,40.7178729,-73.9964936,40.71775658215309,-73.99656254574789,51.49,24.19
1002390009,86 ELIZABETH STREET,O5,5.0,1900,1,1,0,40.71810620000001,-73.9957468,40.718149618380295,-73.99590526683517,51.69,109.87
1002390035,96 BOWERY,O5,5.0,1910,1,4,0,40.7176698,-73.9955773,40.71761324578231,-73.99542281354584,52.52,295.78
1002390036,94 BOWERY,O8,4.0,1910,1,5,2,40.71760660000001,-73.995617,40.717550124392886,-73.99546272825063,52.46,295.78
1004700002,154 MOTT STREET,C7,4.0,1920,1,18,16,40.71935510000001,-73.9960967,40.719393316331576,-73.99625755966672,51.71,107.4
1004700009,365 BROOME STREET,C7,4.0,1900,2,55,46,40.7198738,-73.9959307,40.719901869329696,-73.99604884907399,39.31,107.4
1004700016,355 BROOME STREET,K9,5.0,1900,1,4,3,40.71974749999999,-73.9954437,40.71973955107173,-73.99540909931096,15.02,286.86
1002390020,116 BOWERY,H9,5.0,1923,1,3,0,40.71838609999998,-73.9952021,40.71848763997184,-73.99513780208014,46.06,205.64
1004700013,359 BROOME STREET,M1,8.0,1900,1,2,0,40.71970910000001,-73.9956241,40.71966637855318,-73.99543813824697,58.85,286.86
1004700029,212 GRAND STREET,D9,3.0,1920,1,16,15,40.719143700000004,-73.9960426,40.71902275344759,-73.9961177081572,53.74,25.2
1004780042,150 BOWERY,K1,5.0,1920,1,1,0,40.7197914,-73.9946248,40.71972677355915,-73.99467025967265,31.71,28.06
1004700006,162 MOTT STREET,C7,4.0,1900,1,18,16,40.71961029999998,-73.9959668,40.71965396406331,-73.99615059002997,58.37,107.4
1002380019,219 GRAND STREET,D7,4.0,1900,1,10,7,40.71867160000001,-73.9959091,40.71865617077845,-73.99584836371544,22.75,288.53
1004700038,118 ELIZABETH STREET,C7,4.0,1900,1,21,20,40.71914639999999,-73.9952778,40.71918697077,-73.99544616026331,53.95,107.64
1004700023,117 ELIZABETH STREET,C4,2.0,1900,1,10,10,40.71924530000002,-73.9957756,40.71920943369379,-73.99561947793528,50.21,286.86
1004700039,120 ELIZABETH STREET,C7,4.0,1900,1,24,22,40.7192123,-73.9952489,40.71925319224603,-73.9954185943017,54.34,107.64
1004700007,164 MOTT STREET,C7,4.0,1900,1,21,20,40.7196844,-73.9959632,40.719722260334656,-73.99612256114493,51.28,107.4
1004700003,156 MOTT STREET,D7,4.0,2008,1,7,5,40.7194209,-73.9960714,40.71945874742832,-73.99623070687575,51.26,107.4
1004700019,125 ELIZABETH STREET,C7,4.0,1900,1,12,10,40.71950050000002,-73.9956457,40.71947066001193,-73.99551580994982,42.61,286.86
1004790034,356 BROOME STREET,K2,5.0,1915,1,1,0,40.72013730000001,-73.9952958,40.72001620554744,-73.99538098735106,55.04,28.07
1004790040,368 BROOME STREET,K4,4.0,1920,1,8,0,40.72035419999998,-73.9957828,40.72021866127321,-73.99587814760353,61.01,28.06
1004780039,156 BOWERY,V1,11.0,0,0,0,0,40.71989300000001,-73.9945995,40.71985386981395,-73.99442001135243,56.76,286.05
1004780033,166 BOWERY,V1,11.0,0,0,0,0,40.720222299999996,-73.9944624,40.72018580559469,-73.99429500168462,53.27,286.05
1004790039,366 BROOME STREET,C4,2.0,1905,1,22,22,40.720313,-73.9956457,40.72016608907402,-73.9957490479233,65.71,28.06
1004790031,149 ELIZABETH STREET,C7,4.0,1900,1,41,39,40.720428199999986,-73.9953138,40.72008668160784,-73.99555405089399,146.13,28.07
1004780032,168 BOWERY,S3,4.0,1900,1,4,3,40.7202937,-73.994448,40.72025468927103,-73.99426905937848,56.6,286.05
1004780036,160 BOWERY,V1,11.0,0,0,0,0,40.720035700000004,-73.9945418,40.71999736725556,-73.99436596922887,55.7,286.05
1004790035,358 BROOME STREET,C7,4.0,1900,1,36,34,40.720175700000006,-73.9954292,40.72006698353022,-73.99550567948637,49.93,28.07
1004790033,147 ELIZABETH STREET,D9,3.0,1900,1,22,22,40.7203212,-73.9953246,40.720066273298286,-73.99550393541315,110.34,28.07
1004790037,362 BROOME STREET,C4,2.0,1900,1,22,22,40.720266300000006,-73.9955483,40.72012485871276,-73.9956478003831,63.45,28.07
