bbl,address,strip_path,lot_lat,lot_lon,n_images,years,earliest,latest,span_years
1001170100,CHATHAM SQUARE,data/strips/1001170100.jpg,40.713514300000014,-73.9981279,6,"2021,2024",2021,2024,3
1001580001,27 DUANE STREET,data/strips/1001580001.jpg,40.71329740000001,-74.0026946,6,"2014,2019,2021",2014,2021,7
1001580009,20 CARDINAL HAYES PLACE,data/strips/1001580009.jpg,40.71333859999999,-74.0024168,6,2024,2024,2024,0
1001590040,128 PARK ROW,data/strips/1001590040.jpg,40.7132041,-74.0015006,6,2024,2024,2024,0
1001590051,122 PARK ROW,data/strips/1001590051.jpg,40.713086100000005,-74.0019912,6,2024,2024,2024,0
1001590060,100 PARK ROW,data/strips/1001590060.jpg,40.71298179999998,-74.0023807,6,2024,2024,2024,0
1001600001,464 PEARL STREET,data/strips/1001600001.jpg,40.7138876,-74.000891,6,"2021,2024",2021,2024,3
1001600021,474 PEARL STREET,data/strips/1001600021.jpg,40.714302,-74.0015691,6,2021,2021,2021,0
1001620001,1 CHATHAM SQUARE,data/strips/1001620001.jpg,40.7138299,-73.9985102,6,"2009,2011,2014,2019,2022,2024",2009,2024,15
1001620006,10 MOTT STREET,data/strips/1001620006.jpg,40.71405769999999,-73.9985824,6,"2009,2011,2014,2019,2022,2024",2009,2024,15
1001620007,12 MOTT STREET,data/strips/1001620007.jpg,40.7141099,-73.9986004,6,"2009,2014,2019,2022,2024",2009,2024,15
1001620008,14 MOTT STREET,data/strips/1001620008.jpg,40.71419500000002,-73.9984814,6,"2009,2014,2019,2022,2024",2009,2024,15
1001620009,16 MOTT STREET,data/strips/1001620009.jpg,40.714252599999995,-73.9984922,6,"2009,2011,2014,2019,2022,2024",2009,2024,15
1001620010,18 MOTT STREET,data/strips/1001620010.jpg,40.714313,-73.998503,6,"2009,2011,2016,2019,2022,2024",2009,2024,15
1001620011,20 MOTT STREET,data/strips/1001620011.jpg,40.71437340000002,-73.9985246,6,"2009,2011,2016,2019,2022,2024",2009,2024,15
1001620012,22 MOTT STREET,data/strips/1001620012.jpg,40.71443930000002,-73.9985355,6,"2009,2011,2014,2019,2022,2024",2009,2024,15
1001620013,24 MOTT STREET,data/strips/1001620013.jpg,40.71450509999999,-73.9985391,6,2023,2023,2023,0
1001620014,26 MOTT STREET,data/strips/1001620014.jpg,40.71457100000001,-73.9985535,6,2023,2023,2023,0
1001620015,28 MOTT STREET,data/strips/1001620015.jpg,40.714636899999995,-73.9985643,6,"2009,2011,2014,2019,2022,2024",2009,2024,15
1001620016,30 MOTT STREET,data/strips/1001620016.jpg,40.71470279999998,-73.9985751,6,"2009,2011,2014,2019,2022,2024",2009,2024,15
1001620017,32 MOTT STREET,data/strips/1001620017.jpg,40.71476860000001,-73.998586,6,"2011,2014,2019,2022,2024",2011,2024,13
1001620018,34 MOTT STREET,data/strips/1001620018.jpg,40.714853700000006,-73.9986761,6,"2011,2014,2017,2022,2024",2011,2024,13
1001620021,29 PELL STREET,data/strips/1001620021.jpg,40.71484550000002,-73.9984994,6,"2011,2014,2019,2022,2024",2011,2024,13
1001620022,25 PELL STREET,data/strips/1001620022.jpg,40.7147824,-73.9983767,6,"2011,2014,2017,2022,2024",2011,2024,13
1001620023,23 PELL STREET,data/strips/1001620023.jpg,40.71474940000001,-73.9983082,6,"2011,2014,2017,2022,2024",2011,2024,13
1001620024,21 PELL STREET,data/strips/1001620024.jpg,40.714735699999984,-73.9982324,6,"2014,2017,2024",2014,2024,10
1001620025,19 PELL STREET,data/strips/1001620025.jpg,40.71472199999999,-73.9981531,6,"2014,2017,2024",2014,2024,10
1001620026,15 DOYERS STREET,data/strips/1001620026.jpg,40.714593,-73.9982685,6,"2014,2017,2024",2014,2024,10
1001620028,11 DOYERS STREET,data/strips/1001620028.jpg,40.71445570000001,-73.9982613,6,2017,2017,2017,0
1001620030,9 DOYERS STREET,data/strips/1001620030.jpg,40.7143404,-73.9982252,6,2017,2017,2017,0
1001620033,3 DOYERS STREET,data/strips/1001620033.jpg,40.714241600000015,-73.9979944,6,"2014,2017,2024",2014,2024,10
1001620034,13 CHATHAM SQUARE,data/strips/1001620034.jpg,40.71410440000002,-73.9977996,6,"2014,2017,2024",2014,2024,10
1001620035,11 CHATHAM SQUARE,data/strips/1001620035.jpg,40.7140989,-73.9979222,6,"2014,2017,2024",2014,2024,10
1001620037,10 CHATHAM SQUARE,data/strips/1001620037.jpg,40.714057699999984,-73.9980124,6,"2012,2014,2018,2022,2026",2012,2026,14
1001620038,9 CHATHAM SQUARE,data/strips/1001620038.jpg,40.7141785,-73.9981098,6,"2014,2017,2024",2014,2024,10
1001620041,6 CHATHAM SQUARE,data/strips/1001620041.jpg,40.71400280000001,-73.9983335,6,2010,2010,2010,0
1001620042,5 CHATHAM SQUARE,data/strips/1001620042.jpg,40.71397540000001,-73.9984453,6,"2009,2011,2014,2019,2022,2024",2009,2024,15
1001620043,2 DOYERS STREET,data/strips/1001620043.jpg,40.714367899999985,-73.9978176,6,"2014,2017,2024",2014,2024,10
1001620044,4 DOYERS STREET,data/strips/1001620044.jpg,40.71443650000001,-73.9979006,6,"2014,2017,2024",2014,2024,10
1001620047,10 DOYERS STREET,data/strips/1001620047.jpg,40.7144996,-73.9980449,6,"2014,2017,2024",2014,2024,10
1001620048,16 DOYERS STREET,data/strips/1001620048.jpg,40.7145902,-73.9980232,6,"2014,2017,2024",2014,2024,10
1001620049,17 PELL STREET,data/strips/1001620049.jpg,40.7147028,-73.9979944,6,"2014,2017,2024",2014,2024,10
1001620050,13 PELL STREET,data/strips/1001620050.jpg,40.71468900000001,-73.9979222,6,"2011,2014,2019,2022,2024",2011,2024,13
1001620051,11 PELL STREET,data/strips/1001620051.jpg,40.71462589999999,-73.9978717,6,"2011,2014,2019,2022,2024",2011,2024,13
1001620052,9 PELL STREET,data/strips/1001620052.jpg,40.7146012,-73.9977888,6,"2011,2014,2019,2022,2024",2011,2024,13
1001620053,18 BOWERY,data/strips/1001620053.jpg,40.71463409999999,-73.9975038,6,"2011,2014,2019,2022,2026",2011,2026,15
1001620054,16 BOWERY,data/strips/1001620054.jpg,40.714573699999995,-73.9975471,6,"2011,2014,2019,2022,2026",2011,2026,15
1001620055,14 BOWERY,data/strips/1001620055.jpg,40.7145161,-73.9975904,6,"2012,2014,2018,2022,2026",2012,2026,14
1001620056,12 BOWERY,data/strips/1001620056.jpg,40.714463899999984,-73.9976012,6,"2012,2014,2018,2022,2026",2012,2026,14
1001620057,10 BOWERY,data/strips/1001620057.jpg,40.714422800000015,-73.99762640000002,6,"2012,2014,2018,2022,2026",2012,2026,14
1001620058,8 BOWERY,data/strips/1001620058.jpg,40.7143569,-73.9976589,6,"2012,2014,2018,2022,2026",2012,2026,14
1001620060,4 BOWERY,data/strips/1001620060.jpg,40.71429650000002,-73.9977022,6,"2014,2017,2024",2014,2024,10
1001620061,2 BOWERY,data/strips/1001620061.jpg,40.7142389,-73.9977166,6,"2014,2017,2024",2014,2024,10
1001620133,1 DOYERS STREET,data/strips/1001620133.jpg,40.714195,-73.9978753,6,"2014,2017,2024",2014,2024,10
1001627501,7 CHATHAM SQUARE,data/strips/1001627501.jpg,40.7140468,-73.998218,6,"2012,2014,2018,2022,2026",2012,2026,14
1001630001,10 PELL STREET,data/strips/1001630001.jpg,40.7148729,-73.9975759,6,"2011,2014,2019,2022,2026",2011,2026,15
1001630002,12 PELL STREET,data/strips/1001630002.jpg,40.71490310000002,-73.9977094,6,"2011,2014,2019,2022,2024",2011,2024,13
1001630004,16 PELL STREET,data/strips/1001630004.jpg,40.71493879999999,-73.9978356,6,"2011,2014,2019,2022,2024",2011,2024,13
1001630005,18 PELL STREET,data/strips/1001630005.jpg,40.71495800000001,-73.9979222,6,"2011,2014,2019,2022,2024",2011,2024,13
1001630006,20 PELL STREET,data/strips/1001630006.jpg,40.7149745,-73.9980521,6,"2011,2014,2017,2022,2024",2011,2024,13
1001630008,24 PELL STREET,data/strips/1001630008.jpg,40.715021100000016,-73.9981675,6,"2011,2014,2017,2022,2024",2011,2024,13
1001630009,26 PELL STREET,data/strips/1001630009.jpg,40.7150459,-73.9982938,6,"2011,2014,2017,2022,2024",2011,2024,13
1001630011,30 PELL STREET,data/strips/1001630011.jpg,40.71508700000001,-73.9984525,6,"2011,2014,2019,2022,2024",2011,2024,13
1001630013,34 PELL STREET,data/strips/1001630013.jpg,40.71511999999998,-73.9985715,6,"2009,2011,2014,2019,2022,2024",2009,2024,15
1001630014,36 PELL STREET,data/strips/1001630014.jpg,40.71507600000001,-73.9986978,6,"2009,2011,2014,2019,2022,2024",2009,2024,15
1001630015,42 MOTT STREET,data/strips/1001630015.jpg,40.71522150000002,-73.9986076,6,"2009,2011,2014,2019,2022,2024",2009,2024,15
1001630016,46 MOTT STREET,data/strips/1001630016.jpg,40.715301100000005,-73.9985102,6,"2009,2011,2014,2019,2022,2024",2009,2024,15
1001630017,48 MOTT STREET,data/strips/1001630017.jpg,40.71536150000001,-73.9984777,6,"2009,2011,2014,2019,2022,2026",2009,2026,17
1001630018,69 BAYARD STREET,data/strips/1001630018.jpg,40.7154219,-73.9983984,6,"2009,2011,2014,2019,2022,2026",2009,2026,17
1001630021,67 BAYARD STREET,data/strips/1001630021.jpg,40.71533680000002,-73.9982901,6,"2012,2014,2019,2022,2026",2012,2026,14
1001630022,65 BAYARD STREET,data/strips/1001630022.jpg,40.71530659999999,-73.9982036,6,"2012,2014,2019,2022,2026",2012,2026,14
1001630023,63 BAYARD STREET,data/strips/1001630023.jpg,40.7152792,-73.9981134,6,"2012,2014,2019,2022,2026",2012,2026,14
1001630024,61 BAYARD STREET,data/strips/1001630024.jpg,40.7152572,-73.9980268,6,"2012,2014,2019,2022,2026",2012,2026,14
1001630025,59 BAYARD STREET,data/strips/1001630025.jpg,40.71521330000002,-73.99795470000001,6,"2012,2014,2019,2022,2026",2012,2026,14
1001630026,57 BAYARD STREET,data/strips/1001630026.jpg,40.715188600000005,-73.9978753,6,"2012,2014,2019,2022,2026",2012,2026,14
1001630027,55 BAYARD STREET,data/strips/1001630027.jpg,40.715180299999986,-73.9977887,6,"2012,2014,2019,2023,2026",2012,2026,14
1001630028,53 BAYARD STREET,data/strips/1001630028.jpg,40.7151529,-73.9977058,6,"2012,2014,2019,2023,2026",2012,2026,14
1001630029,51 BAYARD STREET,data/strips/1001630029.jpg,40.71512270000001,-73.9976228,6,2010,2010,2010,0
1001630030,49 BAYARD STREET,data/strips/1001630030.jpg,40.715098,-73.9975398,6,2010,2010,2010,0
1001630031,47 BAYARD STREET,data/strips/1001630031.jpg,40.71507330000001,-73.9974569,6,2010,2010,2010,0
1001630032,45 BAYARD STREET,data/strips/1001630032.jpg,40.71508149999999,-73.9973523,6,2010,2010,2010,0
1001630033,28 BOWERY,data/strips/1001630033.jpg,40.7150266,-73.9971791,6,"2012,2014,2019,2023,2026",2012,2026,14
1001630035,26 BOWERY,data/strips/1001630035.jpg,40.714952499999995,-73.9972765,6,"2011,2014,2018,2022,2026",2011,2026,15
1001630036,24 BOWERY,data/strips/1001630036.jpg,40.71488939999998,-73.9973162,6,"2011,2014,2018,2022,2026",2011,2026,15
1001630038,20 BOWERY,data/strips/1001630038.jpg,40.71479329999999,-73.9973847,6,"2011,2014,2019,2022,2026",2011,2026,15
1001640001,30 MULBERRY STREET,data/strips/1001640001.jpg,40.714538100000006,-73.9993796,6,2023,2023,2023,0
1001640002,32 MULBERRY STREET,data/strips/1001640002.jpg,40.714604,-73.9993868,6,2023,2023,2023,0
1001640003,34 MULBERRY STREET,data/strips/1001640003.jpg,40.714719200000005,-73.9994012,6,"2011,2014,2019,2022,2024",2011,2024,13
1001640006,40 MULBERRY STREET,data/strips/1001640006.jpg,40.71484,-73.999412,6,"2009,2011,2014,2019,2022,2024",2009,2024,15
1001640007,42 MULBERRY STREET,data/strips/1001640007.jpg,40.7149278,-73.9994192,6,"2009,2011,2014,2019,2022,2024",2009,2024,15
1001640009,46 MULBERRY STREET,data/strips/1001640009.jpg,40.715125500000006,-73.9994156,6,"2009,2011,2014,2019,2022,2026",2009,2026,17
1001640013,54 MULBERRY STREET,data/strips/1001640013.jpg,40.71531479999999,-73.9993254,6,2015,2015,2015,0
1001640015,58 MULBERRY STREET,data/strips/1001640015.jpg,40.71541090000001,-73.9992822,6,"2009,2011,2014,2019,2022,2026",2009,2026,17
1001640016,60 MULBERRY STREET,data/strips/1001640016.jpg,40.715479500000015,-73.9992497,6,"2009,2011,2014,2019,2022,2026",2009,2026,17
1001640017,62 MULBERRY STREET,data/strips/1001640017.jpg,40.7155783,-73.9992028,6,"2009,2011,2014,2019,2022,2026",2009,2026,17
1001640019,66 MULBERRY STREET,data/strips/1001640019.jpg,40.7157128,-73.9991415,6,"2009,2012,2014,2019,2022,2026",2009,2026,17
1001640021,83 BAYARD STREET,data/strips/1001640021.jpg,40.715605800000006,-73.9989503,6,"2009,2012,2014,2019,2022,2026",2009,2026,17
1001640022,81 BAYARD STREET,data/strips/1001640022.jpg,40.715578300000026,-73.9988745,6,"2009,2012,2014,2019,2022,2026",2009,2026,17
1001640024,77 BAYARD STREET,data/strips/1001640024.jpg,40.7155646,-73.9987266,6,"2009,2011,2014,2019,2022,2026",2009,2026,17
1001640025,51 MOTT STREET,data/strips/1001640025.jpg,40.7154658,-73.9987843,6,"2009,2011,2014,2019,2022,2026",2009,2026,17
1001640026,47 MOTT STREET,data/strips/1001640026.jpg,40.715397200000005,-73.9989106,6,"2009,2011,2014,2019,2022,2024",2009,2024,15
1001640028,45 MOTT STREET,data/strips/1001640028.jpg,40.715301100000005,-73.9989611,6,"2009,2011,2014,2019,2022,2024",2009,2024,15
1001640029,43 MOTT STREET,data/strips/1001640029.jpg,40.71523519999999,-73.9989972,6,"2009,2011,2014,2019,2022,2024",2009,2024,15
1001640030,41 MOTT STREET,data/strips/1001640030.jpg,40.7151721,-73.9990333,6,"2009,2011,2014,2019,2022,2024",2009,2024,15
1001640031,39 MOTT STREET,data/strips/1001640031.jpg,40.71511449999999,-73.9990729,6,"2009,2011,2014,2019,2022,2024",2009,2024,15
1001640032,33 MOTT STREET,data/strips/1001640032.jpg,40.71499369999999,-73.9991126,6,"2009,2011,2013,2019,2022,2024",2009,2024,15
1001640037,23 MOTT STREET,data/strips/1001640037.jpg,40.71470549999999,-73.9990838,6,"2009,2011,2014,2019,2022,2024",2009,2024,15
1001640043,103 MOSCO STREET,data/strips/1001640043.jpg,40.7143569,-73.9992822,6,2010,2010,2010,0
1001640044,105 MOSCO STREET,data/strips/1001640044.jpg,40.714362400000006,-73.9992136,6,2023,2023,2023,0
1001640045,21 MOTT STREET,data/strips/1001640045.jpg,40.714411799999986,-73.999026,6,2023,2023,2023,0
1001640046,19 MOTT STREET,data/strips/1001640046.jpg,40.71433500000002,-73.99901160000002,6,"2009,2011,2016,2019,2022,2024",2009,2024,15
1001640047,17 MOTT STREET,data/strips/1001640047.jpg,40.7142636,-73.999008,6,"2009,2011,2016,2019,2022,2024",2009,2024,15
1001640048,15 MOTT STREET,data/strips/1001640048.jpg,40.7141895,-73.9990044,6,"2009,2011,2014,2019,2022,2024",2009,2024,15
1001640049,13 MOTT STREET,data/strips/1001640049.jpg,40.7141099,-73.9989936,6,"2009,2014,2019,2022,2024",2009,2024,15
1001640050,11 MOTT STREET,data/strips/1001640050.jpg,40.7140303,-73.9989936,6,"2009,2011,2014,2019,2022,2024",2009,2024,15
1001640051,9 MOTT STREET,data/strips/1001640051.jpg,40.713937,-73.9989611,6,"2009,2011,2014,2019,2022,2024",2009,2024,15
1001640053,5 MOTT STREET,data/strips/1001640053.jpg,40.7138491,-73.9989503,6,"2009,2011,2014,2019,2022,2024",2009,2024,15
1001640054,1 MOTT STREET,data/strips/1001640054.jpg,40.7137586,-73.99886010000002,6,"2009,2011,2014,2019,2022,2026",2009,2026,17
1001640058,197 WORTH STREET,data/strips/1001640058.jpg,40.7138876,-73.99919200000001,6,"2014,2017,2021,2024",2014,2024,10
1001640061,191 WORTH STREET,data/strips/1001640061.jpg,40.7139974,-73.9993002,6,"2009,2012,2014,2019,2023,2024",2009,2024,15
1001640062,20 MULBERRY STREET,data/strips/1001640062.jpg,40.714173,-73.99933990000001,6,"2009,2011,2014,2019,2022,2024",2009,2024,15
1001640065,26 MULBERRY STREET,data/strips/1001640065.jpg,40.714304800000015,-73.9994156,6,"2009,2011,2014,2019,2022,2024",2009,2024,15
1001640066,28 MULBERRY STREET,data/strips/1001640066.jpg,40.7143789,-73.9994265,6,"2013,2014,2019,2023,2024",2013,2024,11
1001650001,55 MULBERRY STREET,data/strips/1001650001.jpg,40.71513919999999,-74.0000072,6,"2009,2011,2014,2019,2022,2026",2009,2026,17
1001660027,80 CENTRE STREET,data/strips/1001660027.jpg,40.71509530000001,-74.0011868,6,"2009,2012,2014,2019,2022,2026",2009,2026,17
1001670001,145-125 WHITE STREET,data/strips/1001670001.jpg,40.71635790000001,-74.0006024,6,"2011,2014,2019,2022,2026",2011,2026,15
1001680001,PEARL STREET,data/strips/1001680001.jpg,40.7147741,-74.0027956,6,2021,2021,2021,0
1001680032,75 CENTRE STREET,data/strips/1001680032.jpg,40.7156689,-74.002352,6,"2009,2012,2014,2017,2022,2026",2009,2026,17
1001690001,93 CENTRE STREET,data/strips/1001690001.jpg,40.71632770000002,-74.0018217,6,2021,2021,2021,0
1001690010,111 CENTRE STREET,data/strips/1001690010.jpg,40.7168162,-74.0014321,6,"2011,2014,2019,2022,2026",2011,2026,15
1001710031,109 LEONARD STREET,data/strips/1001710031.jpg,40.7166543,-74.002738,6,"2009,2011,2014,2018,2022,2026",2009,2026,17
1001720004,370 BROADWAY,data/strips/1001720004.jpg,40.71753809999999,-74.0029653,6,"2014,2019,2024,2026",2014,2026,12
1001720013,83 WHITE STREET,data/strips/1001720013.jpg,40.7173844,-74.0022366,6,"2009,2011,2014,2018,2022,2026",2009,2026,17
1001720020,76 LAFAYETTE STREET,data/strips/1001720020.jpg,40.71717579999998,-74.0020959,6,2010,2010,2010,0
1001720023,40 FRANKLIN STREET,data/strips/1001720023.jpg,40.7169507,-74.0021067,6,"2009,2011,2014,2019,2022,2026",2009,2026,17
1001720030,54 FRANKLIN STREET,data/strips/1001720030.jpg,40.71725810000001,-74.0026695,6,"2014,2017,2024,2026",2014,2026,12
1001727501,374 BROADWAY,data/strips/1001727501.jpg,40.71771369999999,-74.0028138,6,"2009,2011,2014,2018,2022,2026",2009,2026,17
1001727502,81 WHITE STREET,data/strips/1001727502.jpg,40.717458500000006,-74.0023881,6,"2014,2019,2024,2026",2014,2026,12
1001727503,77 WHITE STREET,data/strips/1001727503.jpg,40.71751609999999,-74.0025071,6,"2014,2019,2024,2026",2014,2026,12
1001727504,50 FRANKLIN STREET,data/strips/1001727504.jpg,40.717164800000006,-74.0024783,6,"2009,2011,2014,2018,2022,2026",2009,2026,17
1001727505,372 BROADWAY,data/strips/1001727505.jpg,40.71759849999999,-74.00291480000001,6,"2009,2011,2014,2018,2022,2026",2009,2026,17
1001930045,393 BROADWAY,data/strips/1001930045.jpg,40.71854540000001,-74.0029762,6,"2009,2011,2014,2018,2022,2026",2009,2026,17
1001937501,395 BROADWAY,data/strips/1001937501.jpg,40.718647,-74.0029798,6,"2009,2011,2014,2018,2022,2026",2009,2026,17
1001940031,58 LISPENARD STREET,data/strips/1001940031.jpg,40.719366099999995,-74.0029437,6,"2009,2011,2014,2018,2022,2026",2009,2026,17
1001940032,60 LISPENARD STREET,data/strips/1001940032.jpg,40.71931119999998,-74.0028319,6,"2009,2011,2014,2018,2022,2026",2009,2026,17
1001940036,413 BROADWAY,data/strips/1001940036.jpg,40.719204100000006,-74.0025397,6,"2009,2011,2014,2018,2022,2026",2009,2026,17
1001940038,407 BROADWAY,data/strips/1001940038.jpg,40.71905319999998,-74.0025505,6,"2009,2011,2014,2018,2022,2026",2009,2026,17
1001940042,60 WALKER STREET,data/strips/1001940042.jpg,40.71894340000001,-74.0027994,6,"2009,2011,2014,2018,2022,2026",2009,2026,17
1001947505,405 BROADWAY,data/strips/1001947505.jpg,40.71896260000001,-74.0026262,6,"2009,2011,2014,2018,2022,2026",2009,2026,17
1001950001,380 BROADWAY,data/strips/1001950001.jpg,40.7179278,-74.0025829,6,"2009,2011,2014,2018,2022,2026",2009,2026,17
1001950002,384 BROADWAY,data/strips/1001950002.jpg,40.718012899999984,-74.0025036,6,"2009,2011,2014,2018,2022,2026",2009,2026,17
1001950003,388 BROADWAY,data/strips/1001950003.jpg,40.71809800000002,-74.0024386,6,"2009,2011,2014,2018,2022,2026",2009,2026,17
1001950004,390 BROADWAY,data/strips/1001950004.jpg,40.718163900000015,-74.0023845,6,2011,2011,2011,0
1001950005,392 BROADWAY,data/strips/1001950005.jpg,40.718227,-74.0023304,6,"2009,2011,2014,2018,2022,2026",2009,2026,17
1001950006,394 BROADWAY,data/strips/1001950006.jpg,40.7182929,-74.0022763,6,"2009,2011,2014,2018,2022,2026",2009,2026,17
1001950007,396 BROADWAY,data/strips/1001950007.jpg,40.7183588,-74.002215,6,"2009,2011,2014,2018,2022,2026",2009,2026,17
1001950009,79 WALKER STREET,data/strips/1001950009.jpg,40.71809800000002,-74.0018867,6,"2014,2019,2022,2026",2014,2026,12
1001950013,85 WALKER STREET,data/strips/1001950013.jpg,40.717969,-74.0016017,6,"2009,2011,2014,2018,2022,2026",2009,2026,17
1001950014,87 WALKER STREET,data/strips/1001950014.jpg,40.71794160000001,-74.0015187,6,"2009,2011,2014,2018,2022,2026",2009,2026,17
1001950015,89 WALKER STREET,data/strips/1001950015.jpg,40.717919599999995,-74.0014358,6,"2009,2011,2014,2018,2022,2026",2009,2026,17
1001950017,91 WALKER STREET,data/strips/1001950017.jpg,40.717796100000015,-74.0014249,6,"2009,2011,2014,2018,2022,2026",2009,2026,17
1001950021,92 LAFAYETTE STREET,data/strips/1001950021.jpg,40.7175381,-74.0016161,6,"2009,2011,2014,2018,2022,2026",2009,2026,17
1001950024,90 WHITE STREET,data/strips/1001950024.jpg,40.717620399999994,-74.0017496,6,"2009,2011,2014,2018,2022,2026",2009,2026,17
1001950026,88 WHITE STREET,data/strips/1001950026.jpg,40.717702800000005,-74.0018253,6,"2009,2011,2014,2018,2022,2026",2009,2026,17
1001950027,84 WHITE STREET,data/strips/1001950027.jpg,40.7177577,-74.0019408,6,"2009,2011,2014,2018,2022,2026",2009,2026,17
1001950030,80 WHITE STREET,data/strips/1001950030.jpg,40.71782899999999,-74.0020923,6,"2014,2018,2022,2026",2014,2026,12
1001957501,81 WALKER STREET,data/strips/1001957501.jpg,40.71804590000001,-74.0017676,6,"2009,2011,2014,2018,2022,2026",2009,2026,17
1001957502,83 WALKER STREET,data/strips/1001957502.jpg,40.718002,-74.0016738,6,"2009,2011,2014,2018,2022,2026",2009,2026,17
1001960001,400 BROADWAY,data/strips/1001960001.jpg,40.718583800000005,-74.0021789,6,"2009,2011,2014,2018,2022,2026",2009,2026,17
1001960002,402 BROADWAY,data/strips/1001960002.jpg,40.7186552,-74.0021248,6,"2009,2011,2014,2018,2022,2026",2009,2026,17
1001960005,408 BROADWAY,data/strips/1001960005.jpg,40.718787000000006,-74.0018146,6,"2014,2018,2022,2026",2014,2026,12
1001960007,412 BROADWAY,data/strips/1001960007.jpg,40.718904999999985,-74.0017496,6,2014,2014,2014,0
1001960008,414 BROADWAY,data/strips/1001960008.jpg,40.71903400000001,-74.0018434,6,2014,2014,2014,0
1001960009,416 BROADWAY,data/strips/1001960009.jpg,40.719064200000005,-74.0017532,6,2014,2014,2014,0
1001960011,274 CANAL STREET,data/strips/1001960011.jpg,40.71889680000001,-74.0015332,6,"2014,2018,2022,2026",2014,2026,12
1001960013,268 CANAL STREET,data/strips/1001960013.jpg,40.7186744,-74.00137810000001,6,"2014,2018,2022,2026",2014,2026,12
1001960015,264 CANAL STREET,data/strips/1001960015.jpg,40.718581100000016,-74.0012554,6,"2009,2011,2014,2018,2022,2025",2009,2025,16
1001960017,262 CANAL STREET,data/strips/1001960017.jpg,40.71851519999999,-74.0011508,6,"2011,2014,2019,2022,2025",2011,2025,14
1001960021,254 CANAL STREET,data/strips/1001960021.jpg,40.7183945,-74.0009704,6,"2011,2014,2018,2022,2025",2011,2025,14
1001960022,92 WALKER STREET,data/strips/1001960022.jpg,40.718163900000015,-74.0010606,6,"2009,2011,2014,2018,2022,2026",2009,2026,17
1001960024,88 WALKER STREET,data/strips/1001960024.jpg,40.7182408,-74.0012157,6,"2009,2011,2014,2018,2022,2026",2009,2026,17
1001960026,86 WALKER STREET,data/strips/1001960026.jpg,40.71829569999999,-74.0013275,6,"2009,2011,2014,2018,2022,2026",2009,2026,17
1001960027,84 WALKER STREET,data/strips/1001960027.jpg,40.71833409999999,-74.0013997,6,"2009,2011,2014,2018,2022,2026",2009,2026,17
1001960028,82 WALKER STREET,data/strips/1001960028.jpg,40.7183725,-74.0014754,6,"2009,2011,2014,2018,2022,2026",2009,2026,17
1001960029,78 WALKER STREET,data/strips/1001960029.jpg,40.71842740000002,-74.0015873,6,"2014,2018,2022,2026",2014,2026,12
1001960031,72 WALKER STREET,data/strips/1001960031.jpg,40.71851800000001,-74.0018506,6,"2009,2012,2014,2018,2022,2026",2009,2026,17
1001970001,87 LAFAYETTE STREET,data/strips/1001970001.jpg,40.717310299999994,-74.0011508,6,"2012,2014,2017,2022,2026",2012,2026,14
1001970007,101 LAFAYETTE STREET,data/strips/1001970007.jpg,40.717711,-74.0008874,6,"2012,2014,2018,2022,2026",2012,2026,14
1001970017,133 CENTRE STREET,data/strips/1001970017.jpg,40.71719230000001,-74.000891,6,"2011,2014,2019,2022,2026",2011,2026,15
1001970021,246 CANAL STREET,data/strips/1001970021.jpg,40.71810079999999,-74.0005159,6,"2009,2011,2014,2018,2022,2026",2009,2026,17
1001970024,244 CANAL STREET,data/strips/1001970024.jpg,40.71802120000001,-74.000386,6,"2009,2011,2014,2018,2022,2026",2009,2026,17
1001970025,242 CANAL STREET,data/strips/1001970025.jpg,40.71797999999999,-74.0003211,6,"2009,2011,2014,2018,2022,2026",2009,2026,17
1001970026,240 CANAL STREET,data/strips/1001970026.jpg,40.71786199999998,-74.0003211,6,"2012,2014,2018,2022,2026",2012,2026,14
1001977501,109 LAFAYETTE STREET,data/strips/1001977501.jpg,40.71792510000001,-74.0005952,6,"2012,2014,2018,2022,2026",2012,2026,14
1001977502,139 CENTRE STREET,data/strips/1001977502.jpg,40.717510699999984,-74.0008117,6,"2011,2014,2019,2022,2026",2011,2026,15
1001980027,234 CANAL STREET,data/strips/1001980027.jpg,40.71768630000001,-73.9999531,6,"2012,2014,2018,2022,2026",2012,2026,14
1001980029,232 CANAL STREET,data/strips/1001980029.jpg,40.71762319999999,-73.9998232,6,"2011,2014,2019,2022,2026",2011,2026,15
1001980030,224 CANAL STREET,data/strips/1001980030.jpg,40.7175326,-73.9996501,6,"2011,2014,2019,2022,2026",2011,2026,15
1001980126,125 WALKER STREET,data/strips/1001980126.jpg,40.7173213,-73.9999315,6,"2011,2014,2019,2022,2026",2011,2026,15
1001990001,79 BAXTER STREET,data/strips/1001990001.jpg,40.71646220000001,-73.9996898,6,2010,2010,2010,0
1001990002,81 BAXTER STREET,data/strips/1001990002.jpg,40.71652530000001,-73.9996537,6,"2011,2014,2019,2022,2026",2011,2026,15
1001990003,83 BAXTER STREET,data/strips/1001990003.jpg,40.7166186,-73.9995924,6,"2011,2014,2019,2022,2026",2011,2026,15
1001990005,87 BAXTER STREET,data/strips/1001990005.jpg,40.71671189999999,-73.9995383,6,"2011,2014,2019,2022,2026",2011,2026,15
1001990006,89 BAXTER STREET,data/strips/1001990006.jpg,40.71677230000001,-73.9994986,6,"2011,2014,2019,2022,2026",2011,2026,15
1001990007,91 BAXTER STREET,data/strips/1001990007.jpg,40.71686840000001,-73.9994409,6,"2011,2014,2019,2022,2026",2011,2026,15
1001990009,95 BAXTER STREET,data/strips/1001990009.jpg,40.71703309999998,-73.9994445,6,"2011,2014,2019,2022,2026",2011,2026,15
1001990011,218 CANAL STREET,data/strips/1001990011.jpg,40.717164800000006,-73.9993651,6,"2011,2014,2019,2022,2026",2011,2026,15
1001990012,216 CANAL STREET,data/strips/1001990012.jpg,40.71704679999997,-73.9992821,6,"2011,2014,2019,2022,2026",2011,2026,15
1001990013,214 CANAL STREET,data/strips/1001990013.jpg,40.7170139,-73.9991919,6,"2011,2014,2019,2021,2026",2011,2026,15
1001990017,91 MULBERRY STREET,data/strips/1001990017.jpg,40.7168437,-73.999044,6,"2011,2014,2019,2022,2026",2011,2026,15
1001990018,89 MULBERRY STREET,data/strips/1001990018.jpg,40.71677780000001,-73.9990801,6,"2011,2014,2019,2022,2026",2011,2026,15
1001990019,87 MULBERRY STREET,data/strips/1001990019.jpg,40.7167147,-73.9991198,6,"2011,2014,2019,2022,2026",2011,2026,15
1001990020,85 MULBERRY STREET,data/strips/1001990020.jpg,40.7166543,-73.9991595,6,"2011,2014,2019,2022,2026",2011,2026,15
1001990021,83 MULBERRY STREET,data/strips/1001990021.jpg,40.716561,-73.9992172,6,"2011,2014,2019,2022,2026",2011,2026,15
1001990023,79 MULBERRY STREET,data/strips/1001990023.jpg,40.7164676,-73.9992749,6,"2011,2014,2019,2022,2026",2011,2026,15
1001990024,77 MULBERRY STREET,data/strips/1001990024.jpg,40.7164045,-73.99931100000002,6,"2011,2014,2019,2022,2026",2011,2026,15
1001990025,75 MULBERRY STREET,data/strips/1001990025.jpg,40.716344099999986,-73.9993507,6,"2011,2014,2019,2022,2026",2011,2026,15
1001990026,73 MULBERRY STREET,data/strips/1001990026.jpg,40.71628100000001,-73.9993904,6,"2011,2014,2019,2022,2026",2011,2026,15
1001990027,94 BAYARD STREET,data/strips/1001990027.jpg,40.716075100000005,-73.9994192,6,"2012,2014,2019,2022,2026",2012,2026,14
1001990028,71 MULBERRY STREET,data/strips/1001990028.jpg,40.716141,-73.9993868,6,"2011,2014,2019,2022,2026",2011,2026,15
1001990030,98 BAYARD STREET,data/strips/1001990030.jpg,40.71615470000001,-73.9995779,6,"2012,2014,2019,2022,2026",2012,2026,14
1001990031,102 BAYARD STREET,data/strips/1001990031.jpg,40.71625899999999,-73.9996573,6,"2012,2014,2019,2022,2026",2012,2026,14
1001990032,104 BAYARD STREET,data/strips/1001990032.jpg,40.71628919999999,-73.9997403,6,"2012,2014,2019,2022,2026",2012,2026,14
1001990034,106 BAYARD STREET,data/strips/1001990034.jpg,40.7163359,-73.9998701,6,"2011,2014,2019,2022,2026",2011,2026,15
1001990127,71 1/2 MULBERRY STREET,data/strips/1001990127.jpg,40.71621789999999,-73.99943,6,"2011,2014,2019,2022,2026",2011,2026,15
1001997501,210 CANAL STREET,data/strips/1001997501.jpg,40.71697270000001,-73.9989611,6,"2009,2011,2014,2018,2022,2026",2009,2026,17
1002000001,70 MULBERRY STREET,data/strips/1002000001.jpg,40.71605039999998,-73.9989467,6,"2011,2014,2019,2022,2026",2011,2026,15
1002000005,76 MULBERRY STREET,data/strips/1002000005.jpg,40.7162371,-73.9988276,6,2010,2010,2010,0
1002000006,78 MULBERRY STREET,data/strips/1002000006.jpg,40.71633039999999,-73.9987699,6,"2011,2014,2019,2022,2026",2011,2026,15
1002000008,82 MULBERRY STREET,data/strips/1002000008.jpg,40.7164237,-73.9987158,6,"2011,2014,2019,2022,2026",2011,2026,15
1002000009,84 MULBERRY STREET,data/strips/1002000009.jpg,40.71648410000001,-73.9986761,6,"2011,2014,2019,2022,2026",2011,2026,15
1002000010,86 MULBERRY STREET,data/strips/1002000010.jpg,40.71654719999999,-73.9986364,6,"2011,2014,2019,2022,2026",2011,2026,15
1002000011,88 MULBERRY STREET,data/strips/1002000011.jpg,40.7166131,-73.9985967,6,"2011,2014,2019,2022,2026",2011,2026,15
1002000016,196 CANAL STREET,data/strips/1002000016.jpg,40.7167311,-73.9982685,6,"2009,2011,2014,2018,2022,2026",2009,2026,17
1002000017,83 MOTT STREET,data/strips/1002000017.jpg,40.7167037,-73.9980809,6,2010,2010,2010,0
1002000019,81 MOTT STREET,data/strips/1002000019.jpg,40.71660489999999,-73.9981422,6,"2011,2014,2019,2022,2026",2011,2026,15
1002000020,79 MOTT STREET,data/strips/1002000020.jpg,40.716555499999984,-73.998218,6,"2011,2014,2019,2022,2026",2011,2026,15
1002000021,77 MOTT STREET,data/strips/1002000021.jpg,40.71648690000003,-73.9982901,6,"2011,2014,2019,2022,2026",2011,2026,15
1002000022,73 MOTT STREET,data/strips/1002000022.jpg,40.716393499999995,-73.9982901,6,"2011,2014,2019,2022,2026",2011,2026,15
1002000024,69 MOTT STREET,data/strips/1002000024.jpg,40.7163139,-73.9983659,6,"2011,2014,2019,2022,2026",2011,2026,15
1002000026,67 MOTT STREET,data/strips/1002000026.jpg,40.716239799999975,-73.99842,6,"2011,2014,2019,2022,2026",2011,2026,15
1002000027,65 MOTT STREET,data/strips/1002000027.jpg,40.716182200000006,-73.9984525,6,"2011,2014,2019,2022,2026",2011,2026,15
1002000028,63 MOTT STREET,data/strips/1002000028.jpg,40.71611910000002,-73.9984885,6,"2011,2014,2019,2022,2026",2011,2026,15
1002000029,61 MOTT STREET,data/strips/1002000029.jpg,40.716059699999995,-73.9985264,6,"2011,2014,2019,2022,2026",2011,2026,15
1002000030,59 MOTT STREET,data/strips/1002000030.jpg,40.71599550000002,-73.9985679,6,"2011,2014,2019,2022,2026",2011,2026,15
1002000031,57 MOTT STREET,data/strips/1002000031.jpg,40.7159324,-73.9986076,6,"2011,2014,2019,2022,2026",2011,2026,15
1002000032,76 BAYARD STREET,data/strips/1002000032.jpg,40.71578690000001,-73.9985246,6,"2011,2014,2019,2022,2026",2011,2026,15
1002000033,78 BAYARD STREET,data/strips/1002000033.jpg,40.7158473,-73.9986942,6,"2009,2012,2014,2019,2022,2026",2009,2026,17
1002007501,198 CANAL STREET,data/strips/1002007501.jpg,40.71674490000001,-73.9984128,6,"2009,2011,2014,2018,2022,2026",2009,2026,17
1002007502,202 CANAL STREET,data/strips/1002007502.jpg,40.71680250000001,-73.9985823,6,"2011,2014,2019,2022,2026",2011,2026,15
1002010001,72 BAYARD STREET,data/strips/1002010001.jpg,40.715729300000014,-73.9982469,6,"2011,2014,2019,2022,2026",2011,2026,15
1002010002,58 MOTT STREET,data/strips/1002010002.jpg,40.715855600000005,-73.9981675,6,"2011,2014,2019,2022,2026",2011,2026,15
1002010004,60 MOTT STREET,data/strips/1002010004.jpg,40.71594340000001,-73.99792580000002,6,"2011,2014,2019,2022,2026",2011,2026,15
1002010006,66 MOTT STREET,data/strips/1002010006.jpg,40.7160806,-73.9979402,6,"2011,2014,2019,2022,2026",2011,2026,15
1002010007,68 MOTT STREET,data/strips/1002010007.jpg,40.71614370000001,-73.9979005,6,"2011,2014,2019,2022,2026",2011,2026,15
1002010008,70 MOTT STREET,data/strips/1002010008.jpg,40.71620410000001,-73.9978645,6,"2011,2014,2019,2022,2026",2011,2026,15
1002010009,72 MOTT STREET,data/strips/1002010009.jpg,40.71626450000001,-73.9978248,6,"2011,2014,2019,2022,2026",2011,2026,15
1002010010,74 MOTT STREET,data/strips/1002010010.jpg,40.71632760000001,-73.9977851,6,"2011,2014,2019,2022,2026",2011,2026,15
1002010011,76 MOTT STREET,data/strips/1002010011.jpg,40.71641820000001,-73.9978212,6,"2011,2014,2019,2022,2026",2011,2026,15
1002010013,178 CANAL STREET,data/strips/1002010013.jpg,40.716547199999994,-73.9977418,6,"2011,2014,2019,2022,2026",2011,2026,15
1002010014,174 CANAL STREET,data/strips/1002010014.jpg,40.71645939999999,-73.99760830000001,6,"2009,2011,2014,2018,2022,2026",2009,2026,17
1002010016,172 1/2 CANAL STREET,data/strips/1002010016.jpg,40.7164896,-73.9974676,6,"2009,2011,2014,2018,2022,2026",2009,2026,17
1002010017,170 CANAL STREET,data/strips/1002010017.jpg,40.71646210000003,-73.9973919,6,"2009,2011,2014,2018,2022,2026",2009,2026,17
1002010018,164 CANAL STREET,data/strips/1002010018.jpg,40.716346899999984,-73.9973594,6,"2012,2014,2019,2022,2026",2012,2026,14
1002010020,19 ELIZABETH STREET,data/strips/1002010020.jpg,40.7161877,-73.9974893,6,"2012,2014,2019,2022,2026",2012,2026,14
1002010026,9 ELIZABETH STREET,data/strips/1002010026.jpg,40.7158446,-73.9977021,6,"2012,2014,2017,2022,2026",2012,2026,14
1002010027,7 ELIZABETH STREET,data/strips/1002010027.jpg,40.7157814,-73.9977418,6,"2012,2014,2019,2022,2026",2012,2026,14
1002010028,5 ELIZABETH STREET,data/strips/1002010028.jpg,40.7157018,-73.9977382,6,"2012,2014,2019,2022,2026",2012,2026,14
1002010029,60 BAYARD STREET,data/strips/1002010029.jpg,40.71554540000001,-73.9977418,6,"2012,2014,2019,2022,2026",2012,2026,14
1002010030,62 BAYARD STREET,data/strips/1002010030.jpg,40.71559209999999,-73.9978573,6,"2012,2014,2019,2022,2026",2012,2026,14
1002010032,66 BAYARD STREET,data/strips/1002010032.jpg,40.715666200000015,-73.99795830000001,6,"2012,2014,2019,2022,2026",2012,2026,14
1002010033,68 BAYARD STREET,data/strips/1002010033.jpg,40.71569360000001,-73.9980376,6,"2012,2014,2019,2022,2026",2012,2026,14
1002010034,70 BAYARD STREET,data/strips/1002010034.jpg,40.71571830000001,-73.9981098,6,"2012,2014,2019,2022,2026",2012,2026,14
1002017501,13 ELIZABETH STREET,data/strips/1002017501.jpg,40.71603120000001,-73.9975867,6,"2012,2014,2019,2022,2026",2012,2026,14
1002020002,10 ELIZABETH STREET,data/strips/1002020002.jpg,40.715704599999995,-73.9972476,6,"2012,2014,2017,2022,2026",2012,2026,14
1002020011,28 ELIZABETH STREET,data/strips/1002020011.jpg,40.7162014,-73.9969915,6,"2012,2014,2019,2022,2026",2012,2026,14
1002020012,160 CANAL STREET,data/strips/1002020012.jpg,40.71630840000001,-73.9969626,6,"2012,2014,2019,2022,2026",2012,2026,14
1002020014,158 CANAL STREET,data/strips/1002020014.jpg,40.7162755,-73.9968688,6,"2011,2014,2018,2022,2026",2011,2026,15
1002020015,156 CANAL STREET,data/strips/1002020015.jpg,40.716195899999995,-73.9968147,6,"2011,2014,2018,2022,2026",2011,2026,15
1002020018,54 BOWERY,data/strips/1002020018.jpg,40.716141,-73.996573,6,"2011,2014,2018,2022,2026",2011,2026,15
1002020023,50 BOWERY,data/strips/1002020023.jpg,40.715992800000016,-73.9968292,6,"2011,2014,2018,2022,2026",2011,2026,15
1002020025,46 BOWERY,data/strips/1002020025.jpg,40.7158034,-73.996959,6,"2011,2014,2018,2022,2026",2011,2026,15
1002020028,44 BOWERY,data/strips/1002020028.jpg,40.7156414,-73.9968761,6,"2011,2014,2018,2022,2026",2011,2026,15
1002020029,42 BOWERY,data/strips/1002020029.jpg,40.71560299999999,-73.9969013,6,"2011,2014,2018,2022,2026",2011,2026,15
1002020030,40 BOWERY,data/strips/1002020030.jpg,40.7155618,-73.9969266,6,"2011,2014,2018,2022,2026",2011,2026,15
1002027501,2 ELIZABETH STREET,data/strips/1002027501.jpg,40.71543009999999,-73.99717190000001,6,"2012,2014,2019,2023,2026",2012,2026,14
1002030002,38 ELIZABETH STREET,data/strips/1002030002.jpg,40.71667070000001,-73.9966127,6,"2013,2014,2018,2023,2026",2013,2026,13
1002030005,44 ELIZABETH STREET,data/strips/1002030005.jpg,40.71694519999999,-73.9964756,6,"2009,2012,2014,2019,2022,2026",2009,2026,17
1002030010,54 ELIZABETH STREET,data/strips/1002030010.jpg,40.71717569999999,-73.9963205,6,"2009,2012,2014,2019,2022,2024",2009,2024,15
1002030015,58 ELIZABETH STREET,data/strips/1002030015.jpg,40.71737339999999,-73.9962267,6,"2009,2012,2014,2019,2022,2024",2009,2024,15
1002030016,144 HESTER STREET,data/strips/1002030016.jpg,40.7173157,-73.9960607,6,"2009,2011,2014,2018,2022,2024",2009,2024,15
1002030017,140 HESTER STREET,data/strips/1002030017.jpg,40.717268999999995,-73.9958299,6,"2009,2011,2014,2018,2022,2024",2009,2024,15
1002030020,84 BOWERY,data/strips/1002030020.jpg,40.71711810000001,-73.9959453,6,"2014,2017,2022,2026",2014,2026,12
1002030021,80 BOWERY,data/strips/1002030021.jpg,40.71702480000001,-73.996003,6,"2014,2017,2022,2026",2014,2026,12
1002030023,78 BOWERY,data/strips/1002030023.jpg,40.71692600000001,-73.99604270000002,6,"2014,2017,2022,2026",2014,2026,12
1002030024,76 BOWERY,data/strips/1002030024.jpg,40.71686560000002,-73.9960824,6,"2014,2017,2022,2026",2014,2026,12
1002030025,74 BOWERY,data/strips/1002030025.jpg,40.7168162,-73.9961618,6,"2014,2017,2022,2026",2014,2026,12
1002030026,70 BOWERY,data/strips/1002030026.jpg,40.716728299999986,-73.9962375,6,"2014,2017,2022,2026",2014,2026,12
1002030031,64 BOWERY,data/strips/1002030031.jpg,40.716552699999994,-73.9962772,6,"2013,2014,2018,2023,2026",2013,2026,13
1002037501,86 BOWERY,data/strips/1002037501.jpg,40.71717569999999,-73.99589120000002,6,"2014,2017,2022,2024",2014,2024,10
1002040001,94 MOTT STREET,data/strips/1002040001.jpg,40.717134600000016,-73.9972873,6,"2009,2012,2014,2018,2022,2026",2009,2026,17
1002040004,100 MOTT STREET,data/strips/1002040004.jpg,40.7172609,-73.9972079,6,"2009,2012,2014,2018,2022,2026",2009,2026,17
1002040005,102 MOTT STREET,data/strips/1002040005.jpg,40.7173569,-73.9971502,6,"2009,2012,2014,2018,2022,2026",2009,2026,17
1002040016,59 ELIZABETH STREET,data/strips/1002040016.jpg,40.71747220000001,-73.9966163,6,"2009,2012,2014,2019,2022,2024",2009,2024,15
1002040022,49 ELIZABETH STREET,data/strips/1002040022.jpg,40.71717850000001,-73.9968724,6,"2009,2012,2014,2019,2022,2024",2009,2024,15
1002040024,41 ELIZABETH STREET,data/strips/1002040024.jpg,40.71702209999999,-73.9969698,6,"2009,2012,2014,2019,2022,2026",2009,2026,17
1002040027,167 CANAL STREET,data/strips/1002040027.jpg,40.71680520000001,-73.9970023,6,"2009,2012,2014,2019,2022,2026",2009,2026,17
1002040029,171 CANAL STREET,data/strips/1002040029.jpg,40.71685460000002,-73.997143,6,"2009,2013,2014,2018,2021,2026",2009,2026,17
1002040031,175 CANAL STREET,data/strips/1002040031.jpg,40.7168931,-73.997244,6,"2013,2014,2018,2021,2026",2013,2026,13
1002040032,177 CANAL STREET,data/strips/1002040032.jpg,40.71691779999999,-73.9973125,6,"2013,2014,2018,2021,2026",2013,2026,13
1002040033,179 CANAL STREET,data/strips/1002040033.jpg,40.716939700000005,-73.9973811,6,"2013,2014,2018,2021,2026",2013,2026,13
1002040034,181 CANAL STREET,data/strips/1002040034.jpg,40.7169644,-73.9974496,6,"2009,2012,2014,2018,2022,2026",2009,2026,17
1002040035,183 CANAL STREET,data/strips/1002040035.jpg,40.71699190000001,-73.9975253,6,"2009,2012,2014,2018,2022,2026",2009,2026,17
1002047501,158 HESTER STREET,data/strips/1002047501.jpg,40.7175628,-73.9969554,6,"2009,2011,2014,2018,2022,2024",2009,2024,15
1002047502,53 ELIZABETH STREET,data/strips/1002047502.jpg,40.717304800000015,-73.9967966,6,"2009,2012,2014,2019,2022,2024",2009,2024,15
1002050002,102 MULBERRY STREET,data/strips/1002050002.jpg,40.71723069999998,-73.9983154,6,"2009,2011,2014,2018,2021,2026",2009,2026,17
1002050004,106 MULBERRY STREET,data/strips/1002050004.jpg,40.71732399999999,-73.9981566,6,2010,2010,2010,0
1002050006,110 MULBERRY STREET,data/strips/1002050006.jpg,40.717420100000005,-73.9980989,6,"2011,2014,2019,2022,2026",2011,2026,15
1002050007,112 MULBERRY STREET,data/strips/1002050007.jpg,40.7174832,-73.99805920000001,6,"2011,2014,2019,2022,2026",2011,2026,15
1002050008,114 MULBERRY STREET,data/strips/1002050008.jpg,40.71757650000001,-73.9980015,6,"2011,2014,2019,2022,2026",2011,2026,15
1002050010,118 MULBERRY STREET,data/strips/1002050010.jpg,40.7176698,-73.9979438,6,2010,2010,2010,0
1002050011,120 MULBERRY STREET,data/strips/1002050011.jpg,40.7177302,-73.9979041,6,"2011,2014,2019,2022,2026",2011,2026,15
1002050012,122 MULBERRY STREET,data/strips/1002050012.jpg,40.717809800000005,-73.9979546,6,"2011,2014,2019,2022,2026",2011,2026,15
1002050013,124 MULBERRY STREET,data/strips/1002050013.jpg,40.717853699999985,-73.9979257,6,"2011,2014,2019,2022,2026",2011,2026,15
1002050014,126 MULBERRY STREET,data/strips/1002050014.jpg,40.71789490000003,-73.9979005,6,"2011,2014,2019,2022,2026",2011,2026,15
1002050016,178 HESTER STREET,data/strips/1002050016.jpg,40.71796630000001,-73.9978031,6,"2009,2011,2014,2019,2022,2026",2009,2026,17
1002050017,176 HESTER STREET,data/strips/1002050017.jpg,40.7178729,-73.9977562,6,"2009,2011,2014,2019,2022,2026",2009,2026,17
1002050018,174 HESTER STREET,data/strips/1002050018.jpg,40.71784550000002,-73.9976768,6,"2009,2011,2014,2019,2022,2026",2009,2026,17
1002050019,119 MOTT STREET,data/strips/1002050019.jpg,40.717864699999986,-73.9974099,6,"2009,2011,2014,2019,2022,2026",2009,2026,17
1002050020,117 MOTT STREET,data/strips/1002050020.jpg,40.7177988,-73.9974532,6,"2009,2011,2014,2019,2022,2026",2009,2026,17
1002050021,115 MOTT STREET,data/strips/1002050021.jpg,40.717738400000016,-73.9974892,6,"2009,2012,2014,2018,2022,2024",2009,2024,15
1002050022,113 MOTT STREET,data/strips/1002050022.jpg,40.717675299999975,-73.9975289,6,"2009,2012,2014,2018,2022,2024",2009,2024,15
1002050023,111 MOTT STREET,data/strips/1002050023.jpg,40.717612200000005,-73.9975686,6,"2009,2012,2014,2018,2022,2026",2009,2026,17
1002050028,101 MOTT STREET,data/strips/1002050028.jpg,40.717302,-73.99775980000001,6,"2009,2012,2014,2018,2022,2026",2009,2026,17
1002050030,185 CANAL STREET,data/strips/1002050030.jpg,40.717145599999995,-73.9977959,6,"2009,2012,2014,2018,2022,2026",2009,2026,17
1002050032,191 CANAL STREET,data/strips/1002050032.jpg,40.717145599999995,-73.9979618,6,"2009,2013,2014,2018,2021,2026",2009,2026,17
1002050034,195 CANAL STREET,data/strips/1002050034.jpg,40.717170299999985,-73.9981494,6,"2009,2013,2014,2018,2021,2026",2009,2026,17
1002057501,103 MOTT STREET,data/strips/1002057501.jpg,40.71739540000001,-73.9977021,6,"2009,2012,2014,2018,2022,2026",2009,2026,17
1002057502,180 HESTER STREET,data/strips/1002057502.jpg,40.71799650000001,-73.9978897,6,"2011,2014,2019,2022,2026",2011,2026,15
1002060004,119 BAXTER STREET,data/strips/1002060004.jpg,40.71789220000002,-73.9988059,6,"2012,2014,2019,2022,2026",2012,2026,14
1002060005,121 BAXTER STREET,data/strips/1002060005.jpg,40.717955300000014,-73.9987663,6,"2012,2014,2019,2022,2026",2012,2026,14
1002060012,190 HESTER STREET,data/strips/1002060012.jpg,40.71813370000001,-73.9984993,6,2010,2010,2010,0
1002060013,188 HESTER STREET,data/strips/1002060013.jpg,40.718103499999984,-73.9984127,6,"2009,2011,2014,2017,2022,2026",2009,2026,17
1002060014,186 HESTER STREET,data/strips/1002060014.jpg,40.71807609999997,-73.9983334,6,"2009,2011,2014,2019,2022,2026",2009,2026,17
1002060016,182 HESTER STREET,data/strips/1002060016.jpg,40.718089800000016,-73.998171,6,"2011,2014,2019,2022,2026",2011,2026,15
1002060017,123 MULBERRY STREET,data/strips/1002060017.jpg,40.7179608,-73.9982504,6,2010,2010,2010,0
1002060019,121 MULBERRY STREET,data/strips/1002060019.jpg,40.717900400000005,-73.9983875,6,"2011,2014,2019,2022,2026",2011,2026,15
1002060020,119 MULBERRY STREET,data/strips/1002060020.jpg,40.717834499999995,-73.9984272,6,"2011,2014,2019,2022,2026",2011,2026,15
1002060021,117 MULBERRY STREET,data/strips/1002060021.jpg,40.71777409999999,-73.9984668,6,"2011,2014,2019,2022,2026",2011,2026,15
1002060022,115 MULBERRY STREET,data/strips/1002060022.jpg,40.717713800000006,-73.9985029,6,"2011,2014,2019,2022,2026",2011,2026,15
1002060023,113 MULBERRY STREET,data/strips/1002060023.jpg,40.7176506,-73.99854260000001,6,"2011,2014,2019,2022,2026",2011,2026,15
1002060024,109 MULBERRY STREET,data/strips/1002060024.jpg,40.71755730000001,-73.9986003,6,"2011,2014,2019,2022,2026",2011,2026,15
1002060026,203 CANAL STREET,data/strips/1002060026.jpg,40.71737339999999,-73.9986112,6,2010,2010,2010,0
1002060028,207 CANAL STREET,data/strips/1002060028.jpg,40.71743380000001,-73.9987302,6,"2009,2011,2014,2018,2022,2026",2009,2026,17
1002060029,209 CANAL STREET,data/strips/1002060029.jpg,40.71747500000001,-73.9988312,6,"2009,2011,2014,2018,2022,2026",2009,2026,17
1002060031,213 CANAL STREET,data/strips/1002060031.jpg,40.71759300000002,-73.9989466,6,"2009,2011,2014,2018,2022,2026",2009,2026,17
1002060034,219 CANAL STREET,data/strips/1002060034.jpg,40.7176699,-73.999109,6,"2012,2014,2019,2022,2026",2012,2026,14
1002067501,123 BAXTER STREET,data/strips/1002067501.jpg,40.7181502,-73.9986833,6,"2012,2014,2019,2022,2024",2012,2024,12
1002070001,235 CANAL STREET,data/strips/1002070001.jpg,40.7181118,-73.9995779,6,"2012,2014,2018,2022,2026",2012,2026,14
1002070005,204 CENTRE STREET,data/strips/1002070005.jpg,40.71821880000001,-73.99931100000002,6,"2012,2014,2018,2022,2024",2012,2024,12
1002070006,204 CENTRE STREET,data/strips/1002070006.jpg,40.71832309999998,-73.9993903,6,"2012,2014,2018,2022,2024",2012,2024,12
1002070007,204 CENTRE STREET,data/strips/1002070007.jpg,40.7183807,-73.9993615,6,"2012,2014,2018,2022,2024",2012,2024,12
1002070008,208 HESTER STREET,data/strips/1002070008.jpg,40.718485,-73.99931460000002,6,"2009,2011,2014,2019,2022,2024",2009,2024,15
1002070010,204 HESTER STREET,data/strips/1002070010.jpg,40.718413700000006,-73.99916310000002,6,"2009,2011,2014,2019,2022,2024",2009,2024,15
1002070012,202 HESTER STREET,data/strips/1002070012.jpg,40.7183972,-73.9990368,6,"2009,2013,2014,2019,2022,2024",2009,2024,15
1002070013,200 HESTER STREET,data/strips/1002070013.jpg,40.71836429999998,-73.9989466,6,"2012,2014,2017,2022,2024",2012,2024,12
1002070014,128 BAXTER STREET,data/strips/1002070014.jpg,40.718284699999984,-73.9990765,6,"2012,2014,2019,2022,2024",2012,2024,12
1002070015,126 BAXTER STREET,data/strips/1002070015.jpg,40.7182243,-73.9991306,6,"2012,2014,2019,2022,2024",2012,2024,12
1002070017,118 BAXTER STREET,data/strips/1002070017.jpg,40.7180541,-73.9992749,6,"2012,2014,2019,2022,2026",2012,2026,14
1002070020,114 BAXTER STREET,data/strips/1002070020.jpg,40.7178839,-73.9993795,6,"2009,2011,2014,2018,2022,2026",2009,2026,17
1002080001,247 CANAL STREET,data/strips/1002080001.jpg,40.71855369999999,-74.0001804,6,"2009,2011,2014,2018,2022,2026",2009,2026,17
1002080004,123 LAFAYETTE STREET,data/strips/1002080004.jpg,40.718718400000014,-73.999982,6,"2009,2011,2014,2018,2022,2024",2009,2024,15
1002080013,3 HOWARD STREET,data/strips/1002080013.jpg,40.7188666,-73.9996393,6,"2011,2014,2019,2022,2024",2011,2024,13
1002080019,239 CANAL STREET,data/strips/1002080019.jpg,40.7186031,-73.9997439,6,"2012,2014,2018,2022,2024",2012,2024,12
1002080020,243 CANAL STREET,data/strips/1002080020.jpg,40.71843020000001,-74.0,6,"2009,2011,2014,2018,2022,2026",2009,2026,17
1002080021,245 CANAL STREET,data/strips/1002080021.jpg,40.7184878,-74.00009740000002,6,"2009,2011,2014,2018,2022,2026",2009,2026,17
1002087501,129 LAFAYETTE STREET,data/strips/1002087501.jpg,40.7189187,-73.9997908,6,"2009,2011,2014,2018,2022,2024",2009,2024,15
1002090001,277 CANAL STREET,data/strips/1002090001.jpg,40.719390800000006,-74.001425,6,"2009,2011,2014,2018,2022,2026",2009,2026,17
1002090005,428 BROADWAY,data/strips/1002090005.jpg,40.719646100000006,-74.0012157,6,"2012,2014,2019,2022,2024",2012,2024,12
1002090007,35 HOWARD STREET,data/strips/1002090007.jpg,40.71950880000001,-74.0010354,6,"2012,2014,2019,2022,2026",2012,2026,14
1002090008,33 HOWARD STREET,data/strips/1002090008.jpg,40.7194732,-74.000956,6,"2012,2014,2019,2022,2026",2012,2026,14
1002090011,27 HOWARD STREET,data/strips/1002090011.jpg,40.7193634,-74.0007251,6,"2011,2014,2019,2022,2026",2011,2026,15
1002090012,25 HOWARD STREET,data/strips/1002090012.jpg,40.719327699999994,-74.0006493,6,"2011,2014,2019,2022,2026",2011,2026,15
1002090015,19 HOWARD STREET,data/strips/1002090015.jpg,40.71925630000001,-74.000386,6,"2011,2014,2019,2022,2026",2011,2026,15
1002090021,126 LAFAYETTE STREET,data/strips/1002090021.jpg,40.71894619999999,-74.0004221,6,"2009,2011,2014,2018,2022,2024",2009,2024,15
1002090024,251 CANAL STREET,data/strips/1002090024.jpg,40.71871560000001,-74.0005014,6,"2009,2011,2014,2018,2022,2026",2009,2026,17
1002090025,255 CANAL STREET,data/strips/1002090025.jpg,40.7187678,-74.0005664,6,"2011,2014,2018,2022,2025",2011,2025,14
1002090026,257 CANAL STREET,data/strips/1002090026.jpg,40.718847399999994,-74.0006638,6,"2011,2014,2019,2022,2025",2011,2025,14
1002090028,261 CANAL STREET,data/strips/1002090028.jpg,40.71910260000001,-74.0007143,6,"2009,2011,2014,2018,2022,2026",2009,2026,17
1002090032,269 CANAL STREET,data/strips/1002090032.jpg,40.719135600000016,-74.0009848,6,"2009,2011,2014,2018,2022,2026",2009,2026,17
1002090033,271 CANAL STREET,data/strips/1002090033.jpg,40.719176700000006,-74.001057,6,"2009,2011,2014,2018,2022,2026",2009,2026,17
1002090034,273 CANAL STREET,data/strips/1002090034.jpg,40.719327699999994,-74.0010029,6,"2012,2014,2019,2022,2026",2012,2026,14
1002090035,275 CANAL STREET,data/strips/1002090035.jpg,40.719261799999984,-74.00119770000002,6,"2009,2011,2014,2018,2022,2026",2009,2026,17
1002097501,424 BROADWAY,data/strips/1002097501.jpg,40.719569199999995,-74.0013672,6,"2011,2014,2019,2022,2024",2011,2024,13
1002097502,29 HOWARD STREET,data/strips/1002097502.jpg,40.71939909999999,-74.0008009,6,"2012,2014,2019,2022,2026",2012,2026,14
1002100012,312 CANAL STREET,data/strips/1002100012.jpg,40.719851900000016,-74.0028896,6,"2009,2011,2014,2018,2021,2024",2009,2024,15
1002100016,310 CANAL STREET,data/strips/1002100016.jpg,40.71970640000001,-74.002803,6,"2009,2011,2014,2018,2022,2024",2009,2024,15
1002100017,308 CANAL STREET,data/strips/1002100017.jpg,40.71968170000001,-74.0027381,6,"2009,2011,2014,2018,2022,2024",2009,2024,15
1002100019,302 CANAL STREET,data/strips/1002100019.jpg,40.71958569999999,-74.002583,6,"2009,2011,2014,2018,2022,2024",2009,2024,15
1002100020,300 CANAL STREET,data/strips/1002100020.jpg,40.7195472,-74.0025216,6,"2009,2011,2014,2018,2022,2024",2009,2024,15
1002100021,296 CANAL STREET,data/strips/1002100021.jpg,40.7194237,-74.0023196,6,"2009,2011,2014,2018,2022,2024",2009,2024,15
1002107503,304 CANAL STREET,data/strips/1002107503.jpg,40.719635100000005,-74.0026623,6,"2009,2011,2014,2018,2022,2024",2009,2024,15
1002300001,1 MERCER STREET,data/strips/1002300001.jpg,40.7201182,-74.0025433,6,"2009,2011,2014,2019,2022,2024",2009,2024,15
1002300002,315 CANAL STREET,data/strips/1002300002.jpg,40.72016210000002,-74.002601,6,"2009,2011,2014,2019,2022,2024",2009,2024,15
1002300003,317 CANAL STREET,data/strips/1002300003.jpg,40.72022789999999,-74.0026263,6,"2009,2011,2014,2019,2022,2024",2009,2024,15
1002300004,319 CANAL STREET,data/strips/1002300004.jpg,40.720296600000005,-74.0026407,6,"2009,2011,2014,2019,2022,2024",2009,2024,15
1002300005,321 CANAL STREET,data/strips/1002300005.jpg,40.720332200000016,-74.0026948,6,"2009,2011,2014,2019,2022,2024",2009,2024,15
1002300006,323 CANAL STREET,data/strips/1002300006.jpg,40.7203734,-74.0027562,6,"2009,2011,2014,2019,2022,2024",2009,2024,15
1002300007,325 CANAL STREET,data/strips/1002300007.jpg,40.72040359999998,-74.0028319,6,"2009,2011,2014,2019,2022,2024",2009,2024,15
1002300008,327 CANAL STREET,data/strips/1002300008.jpg,40.72044750000001,-74.0028824,6,"2009,2011,2014,2019,2022,2024",2009,2024,15
1002300042,5 MERCER STREET,data/strips/1002300042.jpg,40.72044479999999,-74.0024495,6,"2017,2019",2017,2019,2
1002300044,3 MERCER STREET,data/strips/1002300044.jpg,40.7203075,-74.0024531,6,"2009,2011,2014,2019,2022,2024",2009,2024,15
1002300045,1A MERCER STREET,data/strips/1002300045.jpg,40.720222500000006,-74.0024964,6,"2009,2011,2014,2019,2022,2024",2009,2024,15
1002310001,301 CANAL STREET,data/strips/1002310001.jpg,40.7197449,-74.00193,6,"2009,2011,2014,2018,2022,2024",2009,2024,15
1002310002,303 CANAL STREET,data/strips/1002310002.jpg,40.7197943,-74.002096,6,"2009,2011,2014,2018,2022,2024",2009,2024,15
1002310003,305 CANAL STREET,data/strips/1002310003.jpg,40.71995900000001,-74.0020635,6,"2009,2011,2014,2018,2022,2024",2009,2024,15
1002310005,309 CANAL STREET,data/strips/1002310005.jpg,40.720068800000014,-74.0022475,6,"2009,2011,2014,2019,2022,2024",2009,2024,15
1002310008,427 BROADWAY,data/strips/1002310008.jpg,40.71996169999999,-74.0017821,6,"2009,2013,2014,2019,2022,2024",2009,2024,15
1002310010,425 BROADWAY,data/strips/1002310010.jpg,40.71986840000001,-74.0018615,6,"2011,2014,2019,2022,2024",2011,2024,13
1002310014,433 BROADWAY,data/strips/1002310014.jpg,40.72021150000001,-74.0015657,6,"2009,2013,2014,2019,2022,2024",2009,2024,15
1002310015,48 HOWARD STREET,data/strips/1002310015.jpg,40.72030480000003,-74.0017569,6,"2018,2019",2018,2019,1
1002310016,50 HOWARD STREET,data/strips/1002310016.jpg,40.7203817,-74.0018723,6,2019,2019,2019,0
1002310040,441 BROADWAY,data/strips/1002310040.jpg,40.720335,-74.0014719,6,"2009,2013,2014,2019,2022,2024",2009,2024,15
1002317501,443 BROADWAY,data/strips/1002317501.jpg,40.720494200000005,-74.0015549,6,"2018,2019",2018,2019,1
1002317502,54 HOWARD STREET,data/strips/1002317502.jpg,40.7203981,-74.0020022,6,"2017,2019",2017,2019,2
1002317503,307 CANAL STREET,data/strips/1002317503.jpg,40.72000290000001,-74.0021357,6,"2009,2011,2014,2019,2022,2024",2009,2024,15
1002320001,434 BROADWAY,data/strips/1002320001.jpg,40.7199233,-74.0010678,6,"2012,2014,2019,2022,2024",2012,2024,12
1002320003,440 BROADWAY,data/strips/1002320003.jpg,40.7200358,-74.0009704,6,"2012,2014,2019,2022,2024",2012,2024,12
1002320004,442 BROADWAY,data/strips/1002320004.jpg,40.720129200000024,-74.0009307,6,"2012,2014,2019,2022,2024",2012,2024,12
1002320005,444 BROADWAY,data/strips/1002320005.jpg,40.72008520000001,-74.0006349,6,"2011,2014,2019,2022,2026",2011,2026,15
1002320006,446 BROADWAY,data/strips/1002320006.jpg,40.72023350000001,-74.0007395,6,"2011,2014,2019,2022,2026",2011,2026,15
1002320008,450 BROADWAY,data/strips/1002320008.jpg,40.72032130000003,-74.000671,6,"2011,2014,2019,2022,2026",2011,2026,15
1002320009,452 BROADWAY,data/strips/1002320009.jpg,40.7204366,-74.0007035,6,"2011,2014,2019,2022,2026",2011,2026,15
1002320010,454 BROADWAY,data/strips/1002320010.jpg,40.72045580000001,-74.0006097,6,"2011,2014,2019,2022,2026",2011,2026,15
1002320013,125 GRAND STREET,data/strips/1002320013.jpg,40.720409100000005,-74.0003175,6,"2011,2014,2019,2022,2026",2011,2026,15
1002320021,32 HOWARD STREET,data/strips/1002320021.jpg,40.71980800000002,-74.0006097,6,"2011,2014,2019,2022,2026",2011,2026,15
1002320023,34 HOWARD STREET,data/strips/1002320023.jpg,40.7198657,-74.0007323,6,"2012,2014,2019,2022,2026",2012,2026,14
1002327501,129 GRAND STREET,data/strips/1002327501.jpg,40.720335,-74.0001623,6,"2011,2014,2017,2022,2026",2011,2026,15
1002330004,13 CROSBY STREET,data/strips/1002330004.jpg,40.71997820000001,-73.99994590000001,6,"2011,2014,2019,2022,2026",2011,2026,15
1002330008,133 GRAND STREET,data/strips/1002330008.jpg,40.720217000000005,-73.9999062,6,"2011,2014,2017,2022,2026",2011,2026,15
1002330009,135 GRAND STREET,data/strips/1002330009.jpg,40.72017580000003,-73.9998268,6,"2011,2014,2017,2022,2026",2011,2026,15
1002330010,137 GRAND STREET,data/strips/1002330010.jpg,40.72012920000002,-73.9997294,6,2010,2010,2010,0
1002330012,141 GRAND STREET,data/strips/1002330012.jpg,40.7200907,-73.9996465,6,2010,2010,2010,0
1002330013,143 GRAND STREET,data/strips/1002330013.jpg,40.7200633,-73.9995923,6,2010,2010,2010,0
1002330014,145 GRAND STREET,data/strips/1002330014.jpg,40.7200386,-73.9995382,6,"2009,2011,2014,2018,2022,2026",2009,2026,17
1002330015,147 GRAND STREET,data/strips/1002330015.jpg,40.71999739999998,-73.9994517,6,"2009,2011,2014,2018,2022,2026",2009,2026,17
1002330017,151 GRAND STREET,data/strips/1002330017.jpg,40.7199755,-73.9996861,6,2010,2010,2010,0
1002330026,148 LAFAYETTE STREET,data/strips/1002330026.jpg,40.71949509999999,-73.9999351,6,"2009,2011,2014,2018,2022,2024",2009,2024,15
1002330033,28 HOWARD STREET,data/strips/1002330033.jpg,40.7196571,-74.0003896,6,"2011,2014,2019,2022,2026",2011,2026,15
1002340001,2 HOWARD STREET,data/strips/1002340001.jpg,40.719234400000005,-73.9993759,6,"2011,2014,2019,2022,2024",2011,2024,13
1002340009,155 GRAND STREET,data/strips/1002340009.jpg,40.719838199999984,-73.9990332,6,2010,2010,2010,0
1002340011,159 GRAND STREET,data/strips/1002340011.jpg,40.719761400000024,-73.9990115,6,2010,2010,2010,0
1002340015,217 CENTRE STREET,data/strips/1002340015.jpg,40.71959120000001,-73.9990657,6,"2016,2023",2016,2023,7
1002340017,211 CENTRE STREET,data/strips/1002340017.jpg,40.719448499999984,-73.9991919,6,2012,2012,2012,0
1002347501,161 GRAND STREET,data/strips/1002347501.jpg,40.7197037,-73.9988528,6,"2009,2012,2014,2018,2022,2024",2009,2024,15
1002350001,202 CENTRE STREET,data/strips/1002350001.jpg,40.718765000000005,-73.9989683,6,"2009,2011,2014,2019,2023,2024",2009,2024,15
1002350004,206 CENTRE STREET,data/strips/1002350004.jpg,40.718888499999984,-73.9988167,6,"2012,2014,2019,2022,2024",2012,2024,12
1002350005,208 CENTRE STREET,data/strips/1002350005.jpg,40.7189544,-73.9987807,6,"2012,2014,2019,2022,2024",2012,2024,12
1002350006,210 CENTRE STREET,data/strips/1002350006.jpg,40.7190148,-73.9987374,6,"2012,2014,2019,2022,2024",2012,2024,12
1002350007,212 CENTRE STREET,data/strips/1002350007.jpg,40.719124599999994,-73.9988204,6,2019,2019,2019,0
1002350008,214 CENTRE STREET,data/strips/1002350008.jpg,40.71913550000002,-73.9986544,6,"2012,2014,2019,2022,2024",2012,2024,12
1002350009,216 CENTRE STREET,data/strips/1002350009.jpg,40.719242600000015,-73.9987338,6,"2009,2012,2014,2018,2022,2024",2009,2024,15
1002350010,218 CENTRE STREET,data/strips/1002350010.jpg,40.71930019999999,-73.99869410000001,6,"2009,2012,2014,2018,2022,2024",2009,2024,15
1002350011,220 CENTRE STREET,data/strips/1002350011.jpg,40.71938810000001,-73.9986291,6,"2009,2012,2014,2018,2022,2024",2009,2024,15
1002350013,165 GRAND STREET,data/strips/1002350013.jpg,40.719475900000006,-73.9984307,6,"2012,2014,2019,2022,2024",2012,2024,12
1002350016,150 BAXTER STREET,data/strips/1002350016.jpg,40.71925360000002,-73.9985029,6,"2012,2014,2019,2022,2024",2012,2024,12
1002350018,148 BAXTER STREET,data/strips/1002350018.jpg,40.71916569999998,-73.9985498,6,"2012,2014,2019,2022,2024",2012,2024,12
1002350020,144 BAXTER STREET,data/strips/1002350020.jpg,40.7190422,-73.9986147,6,"2012,2014,2019,2022,2024",2012,2024,12
1002350029,217 HESTER STREET,data/strips/1002350029.jpg,40.718756799999994,-73.9991378,6,"2009,2011,2014,2018,2022,2024",2009,2024,15
1002357501,136 BAXTER STREET,data/strips/1002357501.jpg,40.7186744,-73.9987879,6,"2012,2014,2019,2022,2024",2012,2024,12
1002360006,145 BAXTER STREET,data/strips/1002360006.jpg,40.7190752,-73.9980916,6,"2012,2014,2019,2022,2024",2012,2024,12
1002360016,181 GRAND STREET,data/strips/1002360016.jpg,40.71926450000001,-73.9977706,6,"2009,2012,2014,2018,2022,2026",2009,2026,17
1002360017,183 GRAND STREET,data/strips/1002360017.jpg,40.7192426,-73.9977092,6,"2009,2012,2014,2018,2022,2026",2009,2026,17
1002360021,149 MULBERRY STREET,data/strips/1002360021.jpg,40.719086100000006,-73.9976948,6,2010,2010,2010,0
1002360024,143 MULBERRY STREET,data/strips/1002360024.jpg,40.718894000000006,-73.997785,6,"2009,2011,2014,2019,2022,2026",2009,2026,17
1002360025,141 MULBERRY STREET,data/strips/1002360025.jpg,40.7188309,-73.9978175,6,"2009,2011,2014,2019,2022,2026",2009,2026,17
1002360026,139 MULBERRY STREET,data/strips/1002360026.jpg,40.71876500000001,-73.9978499,6,"2009,2011,2014,2019,2022,2026",2009,2026,17
1002360030,131 MULBERRY STREET,data/strips/1002360030.jpg,40.7184576,-73.9978896,6,"2009,2011,2014,2019,2022,2026",2009,2026,17
1002360031,193 HESTER STREET,data/strips/1002360031.jpg,40.71832859999999,-73.997969,6,"2009,2011,2014,2019,2022,2026",2009,2026,17
1002360032,195 HESTER STREET,data/strips/1002360032.jpg,40.718408200000006,-73.9980231,6,"2009,2011,2014,2019,2022,2026",2009,2026,17
1002360033,197 HESTER STREET,data/strips/1002360033.jpg,40.7184521,-73.9981494,6,"2009,2011,2014,2017,2022,2026",2009,2026,17
1002367501,173 GRAND STREET,data/strips/1002367501.jpg,40.719338699999994,-73.9979798,6,"2009,2011,2014,2018,2022,2026",2009,2026,17
1002367502,145 MULBERRY STREET,data/strips/1002367502.jpg,40.71899280000001,-73.9977417,6,"2009,2011,2014,2019,2022,2026",2009,2026,17
1002367503,133 MULBERRY STREET,data/strips/1002367503.jpg,40.7186442,-73.9979257,6,"2009,2011,2014,2019,2022,2026",2009,2026,17
1002367504,185 GRAND STREET,data/strips/1002367504.jpg,40.7191959,-73.9975722,6,"2009,2011,2014,2019,2022,2026",2009,2026,17
1002370006,140 MULBERRY STREET,data/strips/1002370006.jpg,40.71866619999999,-73.9973341,6,"2009,2011,2014,2019,2022,2026",2009,2026,17
1002370007,142 MULBERRY STREET,data/strips/1002370007.jpg,40.71875949999998,-73.9972836,6,2010,2010,2010,0
1002370011,146 MULBERRY STREET,data/strips/1002370011.jpg,40.718874800000016,-73.9972511,6,2010,2010,2010,0
1002370012,191 GRAND STREET,data/strips/1002370012.jpg,40.719072399999995,-73.9972439,6,2016,2016,2016,0
1002370013,195 GRAND STREET,data/strips/1002370013.jpg,40.7189846,-73.9971068,6,"2009,2011,2013,2018,2022,2024",2009,2024,15
1002370017,203 GRAND STREET,data/strips/1002370017.jpg,40.71891320000001,-73.9967244,6,"2009,2011,2014,2019,2022,2024",2009,2024,15
1002370019,143 MOTT STREET,data/strips/1002370019.jpg,40.718773199999994,-73.996793,6,"2009,2011,2014,2019,2022,2024",2009,2024,15
1002370020,141 MOTT STREET,data/strips/1002370020.jpg,40.7187348,-73.996894,6,"2009,2011,2014,2019,2022,2026",2009,2026,17
1002370021,139 MOTT STREET,data/strips/1002370021.jpg,40.71867170000001,-73.9969228,6,"2009,2011,2014,2019,2022,2024",2009,2024,15
1002370022,137 MOTT STREET,data/strips/1002370022.jpg,40.718608499999995,-73.99695890000001,6,"2009,2011,2014,2019,2022,2024",2009,2024,15
1002370023,135 MOTT STREET,data/strips/1002370023.jpg,40.71854540000001,-73.9969914,6,"2009,2011,2014,2019,2022,2024",2009,2024,15
1002370024,133 MOTT STREET,data/strips/1002370024.jpg,40.718485,-73.9970311,6,"2009,2011,2014,2019,2022,2024",2009,2024,15
1002370025,131 MOTT STREET,data/strips/1002370025.jpg,40.71842190000001,-73.9970671,6,"2009,2011,2014,2019,2022,2024",2009,2024,15
1002370026,129 MOTT STREET,data/strips/1002370026.jpg,40.71835880000001,-73.9971068,6,"2009,2011,2014,2019,2022,2024",2009,2024,15
1002370027,127 MOTT STREET,data/strips/1002370027.jpg,40.71829290000001,-73.9971429,6,"2009,2011,2014,2019,2022,2024",2009,2024,15
1002370028,123 MOTT STREET,data/strips/1002370028.jpg,40.7181776,-73.9971357,6,"2009,2011,2014,2019,2022,2024",2009,2024,15
1002370029,121 MOTT STREET,data/strips/1002370029.jpg,40.7180486,-73.9972151,6,"2011,2014,2021,2022,2024",2011,2024,13
1002370032,183 HESTER STREET,data/strips/1002370032.jpg,40.718183100000005,-73.9973846,6,"2009,2011,2014,2019,2022,2026",2009,2026,17
1002370033,185 HESTER STREET,data/strips/1002370033.jpg,40.718207800000016,-73.9974531,6,"2009,2011,2014,2019,2022,2026",2009,2026,17
1002370034,187 HESTER STREET,data/strips/1002370034.jpg,40.71823799999999,-73.9975397,6,"2009,2011,2014,2019,2022,2026",2009,2026,17
1002370035,189 HESTER STREET,data/strips/1002370035.jpg,40.71823249999998,-73.9976443,6,2010,2010,2010,0
1002370036,191 HESTER STREET,data/strips/1002370036.jpg,40.7182627,-73.9977309,6,"2009,2011,2014,2019,2022,2026",2009,2026,17
1002377501,132 MULBERRY STREET,data/strips/1002377501.jpg,40.7184933,-73.9974495,6,"2009,2011,2014,2019,2022,2026",2009,2026,17
1002377502,181 HESTER STREET,data/strips/1002377502.jpg,40.71816110000001,-73.9973197,6,"2009,2011,2014,2019,2022,2026",2009,2026,17
1002380003,122 MOTT STREET,data/strips/1002380003.jpg,40.71807330000001,-73.9964431,6,2021,2021,2021,0
1002380004,124 MOTT STREET,data/strips/1002380004.jpg,40.7182242,-73.9966162,6,"2009,2011,2014,2019,2022,2024",2009,2024,15
1002380012,205 GRAND STREET,data/strips/1002380012.jpg,40.718822600000024,-73.9964502,6,2009,2009,2009,0
1002380013,207 GRAND STREET,data/strips/1002380013.jpg,40.71879510000001,-73.9963673,6,2009,2009,2009,0
1002380014,209 GRAND STREET,data/strips/1002380014.jpg,40.718754,-73.9962482,6,"2013,2014,2018,2021",2013,2021,8
1002380019,219 GRAND STREET,data/strips/1002380019.jpg,40.71867160000001,-73.9959091,6,"2009,2012,2014,2019,2022,2024",2009,2024,15
1002380021,95 ELIZABETH STREET,data/strips/1002380021.jpg,40.718517899999995,-73.9960823,6,"2009,2012,2014,2019,2022,2024",2009,2024,15
1002380023,91 ELIZABETH STREET,data/strips/1002380023.jpg,40.7184164,-73.9961292,6,"2009,2012,2014,2019,2022,2024",2009,2024,15
1002380027,83 ELIZABETH STREET,data/strips/1002380027.jpg,40.71817479999999,-73.9962555,6,"2009,2012,2014,2017,2022,2024",2009,2024,15
1002380031,77 ELIZABETH STREET,data/strips/1002380031.jpg,40.7179333,-73.996306,6,2021,2021,2021,0
1002380032,75 ELIZABETH STREET,data/strips/1002380032.jpg,40.717881100000014,-73.9963385,6,2021,2021,2021,0
1002380033,161 HESTER STREET,data/strips/1002380033.jpg,40.7177659,-73.9963637,6,2021,2021,2021,0
1002380034,163 HESTER STREET,data/strips/1002380034.jpg,40.7177933,-73.9964467,6,2010,2010,2010,0
1002380035,165 HESTER STREET,data/strips/1002380035.jpg,40.7178729,-73.9964936,6,2010,2010,2010,0
1002380036,167 HESTER STREET,data/strips/1002380036.jpg,40.717900400000005,-73.9965693,6,"2009,2011,2014,2018,2022,2024",2009,2024,15
1002380037,169 HESTER STREET,data/strips/1002380037.jpg,40.717930599999974,-73.9966523,6,"2009,2011,2014,2018,2022,2024",2009,2024,15
1002380038,171 HESTER STREET,data/strips/1002380038.jpg,40.7179608,-73.9967317,6,"2009,2011,2014,2018,2022,2024",2009,2024,15
1002380040,173 HESTER STREET,data/strips/1002380040.jpg,40.717999200000015,-73.9968543,6,2010,2010,2010,0
1002387501,128 MOTT STREET,data/strips/1002387501.jpg,40.718476800000005,-73.99647550000002,6,"2009,2011,2014,2019,2022,2024",2009,2024,15
1002387502,217 GRAND STREET,data/strips/1002387502.jpg,40.718679900000005,-73.9960607,6,"2009,2014,2018,2022,2024",2009,2024,15
1002387503,87 ELIZABETH STREET,data/strips/1002387503.jpg,40.71830110000001,-73.9961833,6,"2009,2012,2014,2019,2022,2024",2009,2024,15
1002390008,84 ELIZABETH STREET,data/strips/1002390008.jpg,40.718045800000006,-73.9957829,6,"2009,2012,2014,2019,2022,2024",2009,2024,15
1002390009,86 ELIZABETH STREET,data/strips/1002390009.jpg,40.71810620000001,-73.9957468,6,"2009,2012,2014,2019,2022,2024",2009,2024,15
1002390010,88 ELIZABETH STREET,data/strips/1002390010.jpg,40.71817209999999,-73.9957144,6,"2009,2012,2014,2019,2022,2024",2009,2024,15
1002390012,92 ELIZABETH STREET,data/strips/1002390012.jpg,40.718361500000015,-73.9956061,6,"2009,2012,2014,2019,2022,2024",2009,2024,15
1002390014,223 GRAND STREET,data/strips/1002390014.jpg,40.718583800000005,-73.995653,6,"2009,2012,2014,2019,2022,2024",2009,2024,15
1002390015,223 GRAND STREET,data/strips/1002390015.jpg,40.71853990000002,-73.995534,6,"2009,2011,2014,2018,2022,2026",2009,2026,17
1002390018,229 GRAND STREET,data/strips/1002390018.jpg,40.71849590000001,-73.9954113,6,"2009,2011,2014,2018,2022,2026",2009,2026,17
1002390020,116 BOWERY,data/strips/1002390020.jpg,40.71838609999998,-73.9952021,6,"2009,2011,2014,2018,2022,2026",2009,2026,17
1002390024,114 BOWERY,data/strips/1002390024.jpg,40.7182407,-73.995267,6,"2009,2013,2014,2019,2022,2024",2009,2024,15
1002390025,112 BOWERY,data/strips/1002390025.jpg,40.71817479999999,-73.9952959,6,"2009,2013,2014,2019,2022,2024",2009,2024,15
1002390026,110 BOWERY,data/strips/1002390026.jpg,40.71810889999998,-73.9953248,6,"2009,2013,2014,2019,2022,2024",2009,2024,15
1002390027,108 BOWERY,data/strips/1002390027.jpg,40.7180348,-73.9953825,6,"2009,2013,2014,2019,2022,2024",2009,2024,15
1002390029,104 BOWERY,data/strips/1002390029.jpg,40.717938800000006,-73.995433,6,"2009,2013,2014,2019,2022,2024",2009,2024,15
1002390031,102 BOWERY,data/strips/1002390031.jpg,40.7178509,-73.9954438,6,"2009,2013,2014,2019,2022,2024",2009,2024,15
1002390033,100 BOWERY,data/strips/1002390033.jpg,40.7177933,-73.9954979,6,"2009,2013,2014,2017,2022,2024",2009,2024,15
1002390034,98 BOWERY,data/strips/1002390034.jpg,40.717732900000016,-73.9955376,6,"2009,2013,2014,2019,2022,2024",2009,2024,15
1002390035,96 BOWERY,data/strips/1002390035.jpg,40.7176698,-73.9955773,6,"2009,2013,2014,2019,2022,2024",2009,2024,15
1002390036,94 BOWERY,data/strips/1002390036.jpg,40.71760660000001,-73.995617,6,"2009,2013,2014,2019,2022,2024",2009,2024,15
1002390038,90 BOWERY,data/strips/1002390038.jpg,40.7175106,-73.9956747,6,"2009,2011,2014,2018,2022,2024",2009,2024,15
1002397501,80 ELIZABETH STREET,data/strips/1002397501.jpg,40.71778780000001,-73.9959164,6,2021,2021,2021,0
1002750019,24 MARKET STREET,data/strips/1002750019.jpg,40.71292680000001,-73.9942213,6,2014,2014,2014,0
1002750020,26 MARKET STREET,data/strips/1002750020.jpg,40.71283619999999,-73.9941925,6,2014,2014,2014,0
1002790015,59 ST JAMES PLACE,data/strips/1002790015.jpg,40.71291590000001,-73.9982433,6,2024,2024,2024,0
1002790053,24 CATHERINE STREET,data/strips/1002790053.jpg,40.71288570000001,-73.997392,6,"2012,2014,2018,2022,2026",2012,2026,14
1002790054,22 1/2 CATHERINE STREET,data/strips/1002790054.jpg,40.7129516,-73.9973523,6,"2012,2014,2018,2022,2026",2012,2026,14
1002790055,22 CATHERINE STREET,data/strips/1002790055.jpg,40.71302290000002,-73.997374,6,"2012,2014,2017,2022,2026",2012,2026,14
1002790061,9 EAST BROADWAY,data/strips/1002790061.jpg,40.71323430000001,-73.9975435,6,"2012,2014,2018,2022,2026",2012,2026,14
1002790062,7 EAST BROADWAY,data/strips/1002790062.jpg,40.713209599999985,-73.9976301,6,"2014,2021",2014,2021,7
1002790063,5 EAST BROADWAY,data/strips/1002790063.jpg,40.713215100000006,-73.9977239,6,"2014,2021",2014,2021,7
1002790064,3 EAST BROADWAY,data/strips/1002790064.jpg,40.713231600000015,-73.9978068,6,2021,2021,2021,0
1002790065,1 EAST BROADWAY,data/strips/1002790065.jpg,40.71322609999997,-73.9978718,6,2021,2021,2021,0
1002790066,22 CHATHAM SQUARE,data/strips/1002790066.jpg,40.71322059999999,-73.9979331,6,"2021,2024",2021,2024,3
1002790067,23 CHATHAM SQUARE,data/strips/1002790067.jpg,40.71320139999999,-73.9979908,6,"2021,2024",2021,2024,3
1002790068,2 OLIVER STREET,data/strips/1002790068.jpg,40.713110799999995,-73.9978682,6,"2014,2018,2022,2026",2014,2026,12
1002790069,12 OLIVER STREET,data/strips/1002790069.jpg,40.71296530000001,-73.9977239,6,"2012,2014,2018,2022,2026",2012,2026,14
1002790070,OLIVER STREET,data/strips/1002790070.jpg,40.7130724,-73.9979042,6,"2014,2018,2022,2026",2014,2026,12
1002790072,OLIVER STREET,data/strips/1002790072.jpg,40.713088799999994,-73.9977816,6,"2014,2018,2022,2026",2014,2026,12
1002797502,11 EAST BROADWAY,data/strips/1002797502.jpg,40.71319309999999,-73.9973992,6,"2012,2014,2017,2022,2026",2012,2026,14
1002800001,23 HENRY STREET,data/strips/1002800001.jpg,40.7130394,-73.996685,6,"2012,2014,2018,2022,2026",2012,2026,14
1002800002,25 HENRY STREET,data/strips/1002800002.jpg,40.7130476,-73.99659120000001,6,"2012,2014,2018,2022,2026",2012,2026,14
1002800003,27 HENRY STREET,data/strips/1002800003.jpg,40.71306959999999,-73.9965011,6,"2012,2014,2018,2022,2026",2012,2026,14
1002800004,29 HENRY STREET,data/strips/1002800004.jpg,40.71307779999999,-73.9964145,6,"2012,2014,2018,2022,2026",2012,2026,14
1002800005,31 HENRY STREET,data/strips/1002800005.jpg,40.71305039999999,-73.9963207,6,"2012,2014,2018,2022,2026",2012,2026,14
1002800006,33 HENRY STREET,data/strips/1002800006.jpg,40.71307230000001,-73.9962341,6,"2012,2014,2018,2022,2026",2012,2026,14
1002800007,35 HENRY STREET,data/strips/1002800007.jpg,40.713099799999995,-73.9961439,6,"2012,2014,2018,2022,2026",2012,2026,14
1002800008,37 HENRY STREET,data/strips/1002800008.jpg,40.7131053,-73.9960502,6,"2012,2014,2018,2022,2026",2012,2026,14
1002800009,39 HENRY STREET,data/strips/1002800009.jpg,40.713116200000016,-73.9959636,6,"2012,2014,2018,2022,2026",2012,2026,14
1002800010,41 HENRY STREET,data/strips/1002800010.jpg,40.713124499999985,-73.9958698,6,"2012,2014,2019,2022,2026",2012,2026,14
1002800011,43 HENRY STREET,data/strips/1002800011.jpg,40.713129900000006,-73.995776,6,"2012,2014,2017,2022,2026",2012,2026,14
1002800013,45 HENRY STREET,data/strips/1002800013.jpg,40.71313820000002,-73.9956858,6,"2012,2014,2019,2022,2026",2012,2026,14
1002800015,59 HENRY STREET,data/strips/1002800015.jpg,40.7131656,-73.9953251,6,"2012,2014,2019,2022,2026",2012,2026,14
1002800022,15 MARKET STREET,data/strips/1002800022.jpg,40.71321220000001,-73.9948057,6,"2012,2014,2019,2022,2026",2012,2026,14
1002800025,13 MARKET STREET,data/strips/1002800025.jpg,40.7133907,-73.9947804,6,"2011,2014,2019,2022,2026",2011,2026,15
1002800026,11 MARKET STREET,data/strips/1002800026.jpg,40.71346199999999,-73.9947912,6,"2012,2014,2018,2022,2026",2012,2026,14
1002800027,67 EAST BROADWAY,data/strips/1002800027.jpg,40.713530600000006,-73.994802,6,"2012,2014,2018,2022,2026",2012,2026,14
1002800028,65 EAST BROADWAY,data/strips/1002800028.jpg,40.71344279999999,-73.9950041,6,"2012,2014,2018,2022,2026",2012,2026,14
1002800029,63 EAST BROADWAY,data/strips/1002800029.jpg,40.71343730000001,-73.9950942,6,"2012,2014,2018,2022,2026",2012,2026,14
1002800030,61 EAST BROADWAY,data/strips/1002800030.jpg,40.71342910000001,-73.9951808,6,"2012,2014,2018,2022,2026",2012,2026,14
1002800031,59 EAST BROADWAY,data/strips/1002800031.jpg,40.71342359999999,-73.995271,6,"2012,2014,2018,2022,2026",2012,2026,14
1002800032,57 EAST BROADWAY,data/strips/1002800032.jpg,40.71341259999999,-73.9953612,6,"2012,2014,2018,2022,2026",2012,2026,14
1002800033,55 EAST BROADWAY,data/strips/1002800033.jpg,40.713407199999985,-73.9954513,6,"2012,2014,2018,2022,2026",2012,2026,14
1002800034,53 EAST BROADWAY,data/strips/1002800034.jpg,40.7133742,-73.9955379,6,"2012,2014,2018,2022,2026",2012,2026,14
1002800035,51 EAST BROADWAY,data/strips/1002800035.jpg,40.71339070000001,-73.9956317,6,"2012,2014,2018,2022,2026",2012,2026,14
1002800036,49 EAST BROADWAY,data/strips/1002800036.jpg,40.71338520000001,-73.9957219,6,"2012,2014,2018,2022,2026",2012,2026,14
1002800037,47 EAST BROADWAY,data/strips/1002800037.jpg,40.713376999999994,-73.9958121,6,"2012,2014,2018,2022,2026",2012,2026,14
1002800038,45 EAST BROADWAY,data/strips/1002800038.jpg,40.7133687,-73.9959022,6,2019,2019,2019,0
1002800039,43 EAST BROADWAY,data/strips/1002800039.jpg,40.71336329999999,-73.995996,6,2019,2019,2019,0
1002800040,39 EAST BROADWAY,data/strips/1002800040.jpg,40.713349500000014,-73.9961331,6,"2012,2014,2018,2022,2026",2012,2026,14
1002800042,35 EAST BROADWAY,data/strips/1002800042.jpg,40.713308399999995,-73.9963135,6,"2012,2014,2018,2022,2026",2012,2026,14
1002800044,33 EAST BROADWAY,data/strips/1002800044.jpg,40.71331940000001,-73.9964902,6,"2012,2014,2018,2022,2026",2012,2026,14
1002800046,29 EAST BROADWAY,data/strips/1002800046.jpg,40.71329470000001,-73.9966237,6,"2012,2014,2018,2022,2026",2012,2026,14
1002800047,27 EAST BROADWAY,data/strips/1002800047.jpg,40.713286399999994,-73.9967175,6,"2012,2014,2018,2022,2026",2012,2026,14
1002800048,25 EAST BROADWAY,data/strips/1002800048.jpg,40.713333100000014,-73.9968077,6,"2012,2014,2018,2022,2026",2012,2026,14
1002800051,15 CATHERINE STREET,data/strips/1002800051.jpg,40.71321230000001,-73.9969592,6,"2012,2014,2017,2022,2026",2012,2026,14
1002800052,17 CATHERINE STREET,data/strips/1002800052.jpg,40.7131025,-73.9969375,6,"2012,2014,2017,2022,2026",2012,2026,14
1002800054,21 CATHERINE STREET,data/strips/1002800054.jpg,40.7129955,-73.9969159,6,"2012,2014,2018,2022,2026",2012,2026,14
1002800055,23 CATHERINE STREET,data/strips/1002800055.jpg,40.712929599999995,-73.9969015,6,"2012,2014,2018,2022,2026",2012,2026,14
1002807501,17 EAST BROADWAY,data/strips/1002807501.jpg,40.71331660000001,-73.9970169,6,"2012,2014,2018,2022,2026",2012,2026,14
1002810001,2 EAST BROADWAY,data/strips/1002810001.jpg,40.713610299999985,-73.9975327,6,"2012,2014,2018,2022,2026",2012,2026,14
1002810006,16 EAST BROADWAY,data/strips/1002810006.jpg,40.71367339999998,-73.99719000000002,6,"2012,2014,2017,2022,2026",2012,2026,14
1002810008,20 EAST BROADWAY,data/strips/1002810008.jpg,40.713684400000005,-73.9970385,6,"2012,2014,2018,2022,2026",2012,2026,14
1002810009,22 EAST BROADWAY,data/strips/1002810009.jpg,40.713695400000006,-73.9969483,6,"2012,2014,2018,2022,2026",2012,2026,14
1002810010,24 EAST BROADWAY,data/strips/1002810010.jpg,40.713700900000006,-73.9968545,6,"2012,2014,2018,2022,2026",2012,2026,14
1002810011,26 EAST BROADWAY,data/strips/1002810011.jpg,40.71372010000001,-73.9967643,6,"2012,2014,2018,2022,2026",2012,2026,14
1002810012,28 EAST BROADWAY,data/strips/1002810012.jpg,40.71371460000002,-73.9966742,6,"2012,2014,2018,2022,2026",2012,2026,14
1002810013,30 EAST BROADWAY,data/strips/1002810013.jpg,40.71372279999999,-73.996584,6,"2012,2014,2018,2022,2026",2012,2026,14
1002810014,32 EAST BROADWAY,data/strips/1002810014.jpg,40.7137311,-73.9964938,6,"2012,2014,2018,2022,2026",2012,2026,14
1002810015,34 EAST BROADWAY,data/strips/1002810015.jpg,40.71373660000002,-73.9964036,6,"2012,2014,2018,2022,2026",2012,2026,14
1002810016,36 EAST BROADWAY,data/strips/1002810016.jpg,40.713753,-73.9963134,6,"2012,2014,2018,2022,2026",2012,2026,14
1002810017,38 EAST BROADWAY,data/strips/1002810017.jpg,40.71375299999999,-73.9962269,6,"2012,2014,2018,2022,2026",2012,2026,14
1002810018,40 EAST BROADWAY,data/strips/1002810018.jpg,40.7137613,-73.99613670000001,6,"2012,2014,2018,2022,2026",2012,2026,14
1002810019,42 EAST BROADWAY,data/strips/1002810019.jpg,40.713772199999994,-73.9959996,6,"2012,2014,2018,2022,2026",2012,2026,14
1002810021,46 EAST BROADWAY,data/strips/1002810021.jpg,40.713879299999995,-73.9958806,6,"2012,2014,2018,2022,2026",2012,2026,14
1002810022,48 EAST BROADWAY,data/strips/1002810022.jpg,40.7137914,-73.995776,6,"2012,2014,2018,2022,2026",2012,2026,14
1002810023,50 EAST BROADWAY,data/strips/1002810023.jpg,40.713796900000006,-73.9956858,6,"2012,2014,2018,2022,2026",2012,2026,14
1002810024,52 EAST BROADWAY,data/strips/1002810024.jpg,40.71381890000001,-73.9955992,6,"2012,2014,2018,2022,2026",2012,2026,14
1002810025,54 EAST BROADWAY,data/strips/1002810025.jpg,40.7138106,-73.99550540000001,6,"2012,2014,2018,2022,2026",2012,2026,14
1002810026,56 EAST BROADWAY,data/strips/1002810026.jpg,40.7138326,-73.9954152,6,"2012,2014,2018,2022,2026",2012,2026,14
1002810027,58 EAST BROADWAY,data/strips/1002810027.jpg,40.7138244,-73.9953251,6,"2012,2014,2018,2022,2026",2012,2026,14
1002810028,60 EAST BROADWAY,data/strips/1002810028.jpg,40.7138326,-73.9952349,6,"2012,2014,2018,2022,2026",2012,2026,14
1002810029,62 EAST BROADWAY,data/strips/1002810029.jpg,40.713840799999986,-73.9951483,6,"2012,2014,2018,2022,2026",2012,2026,14
1002810030,64 EAST BROADWAY,data/strips/1002810030.jpg,40.7139451,-73.9950689,6,"2011,2014,2018,2022,2026",2011,2026,15
1002810031,66 EAST BROADWAY,data/strips/1002810031.jpg,40.7138545,-73.9949643,6,"2012,2014,2018,2022,2026",2012,2026,14
1002810032,68 EAST BROADWAY,data/strips/1002810032.jpg,40.71386279999999,-73.9948742,6,"2011,2014,2018,2022,2026",2011,2026,15
1002810033,70 EAST BROADWAY,data/strips/1002810033.jpg,40.713840799999986,-73.9947984,6,"2011,2014,2018,2022,2026",2011,2026,15
1002810036,MARKET STREET,data/strips/1002810036.jpg,40.713969799999994,-73.9948417,6,"2011,2014,2018,2022,2026",2011,2026,15
1002810037,57 DIVISION STREET,data/strips/1002810037.jpg,40.714035699999975,-73.9949138,6,"2011,2014,2018,2022,2026",2011,2026,15
1002810038,53 DIVISION STREET,data/strips/1002810038.jpg,40.71404940000002,-73.9949932,6,"2011,2014,2018,2022,2026",2011,2026,15
1002810040,49 DIVISION STREET,data/strips/1002810040.jpg,40.7140329,-73.9951772,6,"2009,2011,2014,2018,2022,2026",2009,2026,17
1002810041,47 DIVISION STREET,data/strips/1002810041.jpg,40.7140247,-73.9952637,6,"2009,2011,2014,2018,2022,2026",2009,2026,17
1002810042,45 DIVISION STREET,data/strips/1002810042.jpg,40.71401920000001,-73.99535390000001,6,"2009,2011,2014,2018,2022,2026",2009,2026,17
1002810044,41 DIVISION STREET,data/strips/1002810044.jpg,40.71401370000001,-73.9954946,6,"2009,2011,2014,2018,2022,2026",2009,2026,17
1002810045,39 DIVISION STREET,data/strips/1002810045.jpg,40.7140138,-73.9956281,6,"2009,2011,2014,2018,2022,2026",2009,2026,17
1002810046,37 DIVISION STREET,data/strips/1002810046.jpg,40.71398910000002,-73.9957615,6,"2009,2011,2014,2018,2022,2026",2009,2026,17
1002810049,31 DIVISION STREET,data/strips/1002810049.jpg,40.713972599999984,-73.9959888,6,"2009,2011,2014,2018,2022,2026",2009,2026,17
1002810050,27 DIVISION STREET,data/strips/1002810050.jpg,40.7139616,-73.9961259,6,"2009,2011,2014,2018,2022,2026",2009,2026,17
1002810052,25 DIVISION STREET,data/strips/1002810052.jpg,40.7139506,-73.99625930000002,6,"2009,2011,2014,2018,2022,2026",2009,2026,17
1002810053,23 DIVISION STREET,data/strips/1002810053.jpg,40.7139506,-73.9963495,6,"2009,2011,2014,2018,2022,2026",2009,2026,17
1002810054,21 DIVISION STREET,data/strips/1002810054.jpg,40.7139369,-73.9964361,6,"2009,2011,2014,2018,2022,2026",2009,2026,17
1002810055,19 DIVISION STREET,data/strips/1002810055.jpg,40.7139287,-73.9965263,6,2010,2010,2010,0
1002810056,17 DIVISION STREET,data/strips/1002810056.jpg,40.71392049999999,-73.9966164,6,"2009,2011,2014,2018,2022,2026",2009,2026,17
1002810057,15 DIVISION STREET,data/strips/1002810057.jpg,40.713915000000014,-73.9967066,6,"2009,2011,2014,2018,2022,2026",2009,2026,17
1002810059,13 DIVISION STREET,data/strips/1002810059.jpg,40.71392049999999,-73.9967968,6,"2009,2011,2014,2018,2022,2026",2009,2026,17
1002810060,11 DIVISION STREET,data/strips/1002810060.jpg,40.71390130000001,-73.9968834,6,"2011,2025",2011,2025,14
1002810061,9 DIVISION STREET,data/strips/1002810061.jpg,40.713895800000024,-73.9969736,6,"2011,2025",2011,2025,14
1002810062,7 DIVISION STREET,data/strips/1002810062.jpg,40.71388479999998,-73.9970637,6,"2009,2011,2014,2018,2022,2026",2009,2026,17
1002810063,5 DIVISION STREET,data/strips/1002810063.jpg,40.713879300000016,-73.9971611,6,"2009,2011,2014,2018,2022,2026",2009,2026,17
1002810064,1 DIVISION STREET,data/strips/1002810064.jpg,40.7138711,-73.9972838,6,"2012,2014,2017,2022,2026",2012,2026,14
1002817501,8 CATHERINE STREET,data/strips/1002817501.jpg,40.7137476,-73.9975471,6,"2011,2014,2018,2023,2026",2011,2026,15
1002820001,10 MARKET STREET,data/strips/1002820001.jpg,40.71328909999998,-73.9943043,6,2014,2014,2014,0
1002820003,75 EAST BROADWAY,data/strips/1002820003.jpg,40.713387899999994,-73.9940085,6,"2009,2013,2014,2018,2022,2026",2009,2026,17
1002820004,HENRY STREET,data/strips/1002820004.jpg,40.7133879,-73.9937307,6,2014,2014,2014,0
1002820007,83 HENRY STREET,data/strips/1002820007.jpg,40.7133028,-73.9934854,6,2014,2014,2014,0
1002820009,85 HENRY STREET,data/strips/1002820009.jpg,40.7133027,-73.9933051,6,"2009,2012,2014,2018,2022,2026",2009,2026,17
1002820011,91 HENRY STREET,data/strips/1002820011.jpg,40.7133494,-73.9931283,6,"2009,2012,2014,2018,2022,2026",2009,2026,17
1002820012,93 HENRY STREET,data/strips/1002820012.jpg,40.71335760000001,-73.9930382,6,"2009,2012,2014,2018,2022,2026",2009,2026,17
1002820023,95 HENRY STREET,data/strips/1002820023.jpg,40.713456400000005,-73.9929047,6,"2007,2012,2014,2017,2022,2026",2007,2026,19
1002820025,105 EAST BROADWAY,data/strips/1002820025.jpg,40.7136047,-73.9930886,6,"2011,2014,2018,2022,2026",2011,2026,15
1002820026,103 EAST BROADWAY,data/strips/1002820026.jpg,40.71359919999999,-73.9931716,6,"2011,2014,2018,2022,2026",2011,2026,15
1002820027,101 EAST BROADWAY,data/strips/1002820027.jpg,40.713558000000006,-73.99325100000001,6,"2011,2014,2018,2022,2026",2011,2026,15
1002820028,99 EAST BROADWAY,data/strips/1002820028.jpg,40.71354979999999,-73.9933447,6,"2011,2014,2018,2022,2026",2011,2026,15
1002820029,97 EAST BROADWAY,data/strips/1002820029.jpg,40.7135443,-73.9934313,6,"2011,2014,2018,2022,2026",2011,2026,15
1002820030,95 EAST BROADWAY,data/strips/1002820030.jpg,40.71355249999999,-73.9935215,6,"2011,2014,2018,2022,2026",2011,2026,15
1002820031,91 EAST BROADWAY,data/strips/1002820031.jpg,40.7134016,-73.9936081,6,2014,2014,2014,0
1002820032,89 EAST BROADWAY,data/strips/1002820032.jpg,40.7135333,-73.99370190000002,6,2014,2014,2014,0
1002820033,87 EAST BROADWAY,data/strips/1002820033.jpg,40.713558000000006,-73.993792,6,2014,2014,2014,0
1002820034,85 EAST BROADWAY,data/strips/1002820034.jpg,40.7136321,-73.993875,6,"2013,2014,2018,2023,2026",2013,2026,13
1002820044,88 EAST BROADWAY,data/strips/1002820044.jpg,40.7140055,-73.9943944,6,2014,2014,2014,0
1002820052,90 EAST BROADWAY,data/strips/1002820052.jpg,40.713956,-73.9937595,6,2014,2014,2014,0
1002820053,92 EAST BROADWAY,data/strips/1002820053.jpg,40.713986200000015,-73.9936766,6,"2011,2014,2018,2022,2026",2011,2026,15
1002820054,94 EAST BROADWAY,data/strips/1002820054.jpg,40.71396700000002,-73.9935828,6,"2011,2014,2018,2022,2026",2011,2026,15
1002820055,96 EAST BROADWAY,data/strips/1002820055.jpg,40.71399170000002,-73.9934926,6,"2011,2014,2018,2022,2026",2011,2026,15
1002820077,85 DIVISION STREET,data/strips/1002820077.jpg,40.71417830000001,-73.9935214,6,"2009,2011,2014,2018,2022,2026",2009,2026,17
1002820078,83 DIVISION STREET,data/strips/1002820078.jpg,40.714156400000014,-73.993608,6,"2009,2011,2014,2018,2022,2026",2009,2026,17
1002820079,81 DIVISION STREET,data/strips/1002820079.jpg,40.714172899999994,-73.9937018,6,"2009,2011,2014,2018,2022,2026",2009,2026,17
1002820080,79 DIVISION STREET,data/strips/1002820080.jpg,40.7141427,-73.993792,6,2015,2015,2015,0
1002827501,98 EAST BROADWAY,data/strips/1002827501.jpg,40.71407400000001,-73.9934132,6,"2011,2014,2018,2022,2026",2011,2026,15
1002827502,107 EAST BROADWAY,data/strips/1002827502.jpg,40.713612900000015,-73.9930057,6,"2011,2014,2018,2022,2026",2011,2026,15
1002827503,100 EAST BROADWAY,data/strips/1002827503.jpg,40.71408769999999,-73.9932365,6,"2012,2014,2022,2026",2012,2026,14
1002890050,FORSYTH STREET,data/strips/1002890050.jpg,40.71516650000002,-73.994921,6,2024,2024,2024,0
1002920007,26 FORSYTH STREET,data/strips/1002920007.jpg,40.7149002,-73.9942392,6,"2007,2011,2014,2018,2022,2026",2007,2026,19
1002920008,27 FORSYTH STREET,data/strips/1002920008.jpg,40.71511160000001,-73.9942103,6,"2007,2011,2014,2018,2022,2026",2007,2026,19
1002920010,28 FORSYTH STREET,data/strips/1002920010.jpg,40.7152077,-73.9941634,6,"2007,2011,2014,2018,2022,2026",2007,2026,19
1002920012,104 CANAL STREET,data/strips/1002920012.jpg,40.71541630000001,-73.9941959,6,"2007,2011,2014,2018,2022,2026",2007,2026,19
1002920013,102 CANAL STREET,data/strips/1002920013.jpg,40.71534760000001,-73.9941598,6,"2007,2011,2014,2018,2022,2026",2007,2026,19
1002920014,100 CANAL STREET,data/strips/1002920014.jpg,40.7153339,-73.994048,6,"2007,2011,2014,2017,2022,2026",2007,2026,19
1002920020,27 ELDRIDGE STREET,data/strips/1002920020.jpg,40.7151527,-73.993727,6,"2007,2012,2014,2018,2022,2026",2007,2026,19
1002920021,21 ELDRIDGE STREET,data/strips/1002920021.jpg,40.715108799999975,-73.9938063,6,"2007,2012,2014,2018,2022,2026",2007,2026,19
1002920022,19 ELDRIDGE STREET,data/strips/1002920022.jpg,40.71504569999999,-73.9938424,6,"2007,2012,2014,2018,2022,2026",2007,2026,19
1002920023,17 ELDRIDGE STREET,data/strips/1002920023.jpg,40.71497980000002,-73.9938749,6,"2007,2012,2014,2018,2022,2026",2007,2026,19
1002920024,15 ELDRIDGE STREET,data/strips/1002920024.jpg,40.71491670000002,-73.9939073,6,"2007,2012,2014,2018,2022,2026",2007,2026,19
1002920025,13 ELDRIDGE STREET,data/strips/1002920025.jpg,40.714856299999994,-73.99393980000002,6,"2007,2012,2014,2018,2022,2026",2007,2026,19
1002920026,11 ELDRIDGE STREET,data/strips/1002920026.jpg,40.714790399999984,-73.9939759,6,"2007,2012,2014,2018,2022,2026",2007,2026,19
1002920027,9 ELDRIDGE STREET,data/strips/1002920027.jpg,40.7147136,-73.99396870000001,6,"2007,2012,2014,2018,2022,2026",2007,2026,19
1002920028,7 ELDRIDGE STREET,data/strips/1002920028.jpg,40.71465049999999,-73.9940012,6,"2007,2012,2014,2018,2022,2026",2007,2026,19
1002920029,5 ELDRIDGE STREET,data/strips/1002920029.jpg,40.714584600000016,-73.9940336,6,"2007,2012,2014,2018,2022,2026",2007,2026,19
1002927501,1 ELDRIDGE STREET,data/strips/1002927501.jpg,40.714472099999995,-73.9940372,6,"2007,2012,2014,2018,2022,2026",2007,2026,19
1002927502,86 CANAL STREET,data/strips/1002927502.jpg,40.715273500000016,-73.9937919,6,"2007,2011,2014,2019,2022,2026",2007,2026,19
1002930001,8 ELDRIDGE STREET,data/strips/1002930001.jpg,40.7145077,-73.9935034,6,"2009,2011,2014,2018,2022,2026",2009,2026,17
1002930002,10 ELDRIDGE STREET,data/strips/1002930002.jpg,40.7146422,-73.9935539,6,"2007,2012,2014,2018,2022,2026",2007,2026,19
1002930003,12 ELDRIDGE STREET,data/strips/1002930003.jpg,40.71473,-73.9934673,6,"2007,2012,2014,2018,2022,2026",2007,2026,19
1002930007,20 ELDRIDGE STREET,data/strips/1002930007.jpg,40.7149002,-73.9933771,6,"2007,2012,2014,2018,2022,2026",2007,2026,19
1002930008,22 ELDRIDGE STREET,data/strips/1002930008.jpg,40.71496610000003,-73.993341,6,"2007,2012,2014,2018,2022,2026",2007,2026,19
1002930009,24 ELDRIDGE STREET,data/strips/1002930009.jpg,40.71504290000001,-73.9933518,6,"2007,2012,2014,2018,2022,2026",2007,2026,19
1002930010,26 ELDRIDGE STREET,data/strips/1002930010.jpg,40.7151061,-73.9933157,6,"2007,2012,2014,2018,2022,2026",2007,2026,19
1002930011,80 CANAL STREET,data/strips/1002930011.jpg,40.7151747,-73.9932797,6,"2007,2011,2014,2019,2022,2026",2007,2026,19
1002930012,78 CANAL STREET,data/strips/1002930012.jpg,40.71506490000001,-73.9931642,6,"2007,2011,2014,2019,2022,2026",2007,2026,19
1002930013,76 CANAL STREET,data/strips/1002930013.jpg,40.715075799999994,-73.993074,6,"2007,2011,2014,2019,2022,2026",2007,2026,19
1002930014,74 CANAL STREET,data/strips/1002930014.jpg,40.7150566,-73.9930055,6,"2007,2011,2014,2019,2022,2026",2007,2026,19
1002930015,70 CANAL STREET,data/strips/1002930015.jpg,40.7150182,-73.99288650000001,6,"2007,2012,2014,2018,2022,2026",2007,2026,19
1002930016,11 ALLEN STREET,data/strips/1002930016.jpg,40.7149414,-73.9930019,6,"2007,2012,2014,2018,2022,2026",2007,2026,19
1002930017,9 ALLEN STREET,data/strips/1002930017.jpg,40.714872699999994,-73.993038,6,"2007,2012,2014,2018,2022,2026",2007,2026,19
1002930018,7 ALLEN STREET,data/strips/1002930018.jpg,40.7148069,-73.9930705,6,"2007,2012,2014,2018,2022,2026",2007,2026,19
1002930019,5 ALLEN STREET,data/strips/1002930019.jpg,40.7147437,-73.9931029,6,"2012,2014,2018,2022,2024",2012,2024,12
1002930020,3 ALLEN STREET,data/strips/1002930020.jpg,40.7146834,-73.9931354,6,"2012,2014,2018,2022,2024",2012,2024,12
1002930023,98 DIVISION STREET,data/strips/1002930023.jpg,40.714521399999995,-73.9931823,6,"2012,2014,2018,2022,2025",2012,2025,13
1002930028,88 DIVISION STREET,data/strips/1002930028.jpg,40.71446380000002,-73.9937487,6,"2007,2012,2014,2018,2022,2026",2007,2026,19
1002930030,6 1/2 ELDRIDGE STREET,data/strips/1002930030.jpg,40.7145708,-73.9936476,6,"2007,2012,2014,2018,2022,2026",2007,2026,19
1002937501,18 ELDRIDGE STREET,data/strips/1002937501.jpg,40.71483709999999,-73.9934095,6,"2007,2012,2014,2018,2022,2026",2007,2026,19
1003000001,34 ELDRIDGE STREET,data/strips/1003000001.jpg,40.71552320000001,-73.9930596,6,"2007,2011,2014,2018,2022,2026",2007,2026,19
1003000003,38 ELDRIDGE STREET,data/strips/1003000003.jpg,40.71565769999997,-73.9929441,6,"2007,2011,2014,2018,2022,2026",2007,2026,19
1003000004,42 ELDRIDGE STREET,data/strips/1003000004.jpg,40.71573459999999,-73.9929477,6,"2007,2011,2014,2018,2022,2026",2007,2026,19
1003000005,44 ELDRIDGE STREET,data/strips/1003000005.jpg,40.71579770000002,-73.9929116,6,"2007,2011,2014,2018,2022,2026",2007,2026,19
1003000006,46 ELDRIDGE STREET,data/strips/1003000006.jpg,40.715863600000006,-73.9928792,6,"2007,2011,2014,2018,2022,2026",2007,2026,19
1003000007,48 ELDRIDGE STREET,data/strips/1003000007.jpg,40.7159295,-73.9928467,6,"2007,2011,2014,2018,2022,2026",2007,2026,19
1003000008,50 ELDRIDGE STREET,data/strips/1003000008.jpg,40.71602,-73.9927998,6,"2007,2011,2014,2018,2022,2026",2007,2026,19
1003000010,54 ELDRIDGE STREET,data/strips/1003000010.jpg,40.7161326,-73.9927601,6,"2007,2011,2014,2018,2022,2026",2007,2026,19
1003000012,58 ELDRIDGE STREET,data/strips/1003000012.jpg,40.71622310000001,-73.9927348,6,"2007,2011,2014,2018,2022,2026",2007,2026,19
1003000013,94 HESTER STREET,data/strips/1003000013.jpg,40.7163055,-73.9926915,6,"2007,2011,2014,2018,2022,2026",2007,2026,19
1003000015,92 HESTER STREET,data/strips/1003000015.jpg,40.7162067,-73.9925689,6,"2007,2011,2014,2018,2022,2026",2007,2026,19
1003000022,31 ALLEN STREET,data/strips/1003000022.jpg,40.715902000000014,-73.9925076,6,"2007,2011,2014,2018,2022,2026",2007,2026,19
1003000023,29 ALLEN STREET,data/strips/1003000023.jpg,40.7158361,-73.9925437,6,"2007,2011,2014,2018,2022,2026",2007,2026,19
1003000024,27 ALLEN STREET,data/strips/1003000024.jpg,40.71577020000001,-73.9925762,6,"2007,2011,2014,2018,2022,2026",2007,2026,19
1003000025,25 ALLEN STREET,data/strips/1003000025.jpg,40.71570440000001,-73.9926122,6,"2007,2011,2014,2018,2022,2026",2007,2026,19
1003000026,23 ALLEN STREET,data/strips/1003000026.jpg,40.7156412,-73.9926447,6,"2007,2011,2014,2019,2022,2026",2007,2026,19
1003000027,21 ALLEN STREET,data/strips/1003000027.jpg,40.7155644,-73.9926375,6,"2007,2011,2014,2019,2022,2026",2007,2026,19
1003000028,19 ALLEN STREET,data/strips/1003000028.jpg,40.71550130000001,-73.99267,6,"2007,2011,2014,2019,2022,2026",2007,2026,19
1003000029,73 CANAL STREET,data/strips/1003000029.jpg,40.7153448,-73.9926664,6,"2007,2011,2014,2018,2022,2026",2007,2026,19
1003000030,75 CANAL STREET,data/strips/1003000030.jpg,40.7153915,-73.9928179,6,"2007,2011,2014,2019,2022,2026",2007,2026,19
1003000033,81 CANAL STREET,data/strips/1003000033.jpg,40.71540799999999,-73.99298740000002,6,"2007,2011,2014,2019,2022,2026",2007,2026,19
1003010001,99 CANAL STREET,data/strips/1003010001.jpg,40.715699,-73.9939469,6,"2007,2011,2014,2017,2022,2026",2007,2026,19
1003010003,36 FORSYTH STREET,data/strips/1003010003.jpg,40.71618200000001,-73.993615,6,2021,2021,2021,0
1003010010,95 CANAL STREET,data/strips/1003010010.jpg,40.715633100000005,-73.9937305,6,"2007,2011,2014,2019,2022,2026",2007,2026,19
1003010011,93 CANAL STREET,data/strips/1003010011.jpg,40.7155946,-73.9936043,6,"2007,2011,2014,2019,2022,2026",2007,2026,19
1003010012,91 CANAL STREET,data/strips/1003010012.jpg,40.7155699,-73.9935213,6,"2010,2018",2010,2018,8
1003010013,89 CANAL STREET,data/strips/1003010013.jpg,40.715545200000015,-73.9934347,6,"2007,2011,2014,2018,2022,2026",2007,2026,19
1003010030,39 ELDRIDGE STREET,data/strips/1003010030.jpg,40.71571270000001,-73.993496,6,"2007,2011,2014,2018,2022,2026",2007,2026,19
1003020001,263 GRAND STREET,data/strips/1003020001.jpg,40.7168765,-73.994019,6,"2017,2021",2017,2021,4
1003030003,141 CANAL STREET,data/strips/1003030003.jpg,40.7162727,-73.9954475,6,"2009,2016,2017,2022,2026",2009,2026,17
1003030004,145 CANAL STREET,data/strips/1003030004.jpg,40.7163495,-73.9954548,6,"2009,2016,2017,2022,2026",2009,2026,17
1003030005,149 CANAL STREET,data/strips/1003030005.jpg,40.7164291,-73.9954656,6,"2009,2016,2017,2022,2026",2009,2026,17
1003030006,151 CANAL STREET,data/strips/1003030006.jpg,40.7165032,-73.9954728,6,"2009,2016,2017,2022,2026",2009,2026,17
1003030009,81 BOWERY,data/strips/1003030009.jpg,40.716676200000016,-73.9953718,6,"2009,2011,2014,2018,2022,2026",2009,2026,17
1003030010,83 BOWERY,data/strips/1003030010.jpg,40.71675580000001,-73.9953285,6,"2009,2011,2014,2018,2022,2026",2009,2026,17
1003030011,85 BOWERY,data/strips/1003030011.jpg,40.7168216,-73.995296,6,"2009,2011,2014,2018,2022,2026",2009,2026,17
1003030015,91 BOWERY,data/strips/1003030015.jpg,40.71704939999999,-73.9951697,6,"2009,2012,2014,2019,2022,2026",2009,2026,17
1003030019,126 HESTER STREET,data/strips/1003030019.jpg,40.7169671,-73.9948992,6,"2009,2012,2014,2019,2022,2026",2009,2026,17
1003030020,122 HESTER STREET,data/strips/1003030020.jpg,40.71691220000001,-73.994726,6,"2009,2012,2014,2019,2022,2026",2009,2026,17
1003030022,67 CHRYSTIE STREET,data/strips/1003030022.jpg,40.7168298,-73.9948343,6,"2007,2011,2014,2019,2022,2026",2007,2026,19
1003030024,65 CHRYSTIE STREET,data/strips/1003030024.jpg,40.71675299999999,-73.9948307,6,"2007,2011,2014,2019,2022,2026",2007,2026,19
1003030025,61 CHRYSTIE STREET,data/strips/1003030025.jpg,40.71667339999999,-73.9949425,6,"2007,2011,2014,2019,2022,2026",2007,2026,19
1003030027,55 CHRYSTIE STREET,data/strips/1003030027.jpg,40.716514200000006,-73.9950255,6,"2007,2011,2014,2019,2022,2026",2007,2026,19
1003030030,47 CHRYSTIE STREET,data/strips/1003030030.jpg,40.71627539999999,-73.9951012,6,"2009,2011,2014,2017,2022,2026",2009,2026,17
1003030035,125 CANAL STREET,data/strips/1003030035.jpg,40.716077799999994,-73.9951987,6,"2009,2013,2014,2017,2022,2026",2009,2026,17
1003030039,133 CANAL STREET,data/strips/1003030039.jpg,40.71628369999999,-73.9953141,6,"2009,2016,2017,2022,2026",2009,2026,17
1003037501,87 BOWERY,data/strips/1003037501.jpg,40.71686549999999,-73.995195,6,"2009,2011,2014,2018,2022,2026",2009,2026,17
1003037502,77 BOWERY,data/strips/1003037502.jpg,40.71658280000001,-73.9954259,6,"2009,2016,2017,2022,2026",2009,2026,17
1003037503,89 BOWERY,data/strips/1003037503.jpg,40.71694239999999,-73.995195,6,"2009,2012,2014,2019,2022,2026",2009,2026,17
1003040001,95 BOWERY,data/strips/1003040001.jpg,40.71726630000001,-73.9950615,6,"2009,2012,2014,2019,2022,2026",2009,2026,17
1003040002,97 BOWERY,data/strips/1003040002.jpg,40.7173321,-73.9950254,6,"2009,2012,2014,2019,2022,2026",2009,2026,17
1003040003,99 BOWERY,data/strips/1003040003.jpg,40.71738700000004,-73.9949569,6,"2009,2012,2014,2019,2022,2026",2009,2026,17
1003040004,101 BOWERY,data/strips/1003040004.jpg,40.717452899999984,-73.9949316,6,"2009,2011,2014,2019,2022,2024",2009,2024,15
1003040005,103 BOWERY,data/strips/1003040005.jpg,40.717524299999994,-73.9949244,6,"2009,2011,2014,2019,2022,2024",2009,2024,15
1003040006,105 BOWERY,data/strips/1003040006.jpg,40.71759009999999,-73.9948919,6,"2009,2011,2014,2019,2022,2024",2009,2024,15
1003040007,107 BOWERY,data/strips/1003040007.jpg,40.717672499999985,-73.9948486,6,"2009,2011,2014,2019,2022,2024",2009,2024,15
1003040009,111 BOWERY,data/strips/1003040009.jpg,40.717752100000006,-73.9948053,6,"2009,2011,2014,2019,2022,2024",2009,2024,15
1003040010,113 BOWERY,data/strips/1003040010.jpg,40.717826200000005,-73.9947692,6,"2009,2011,2014,2019,2022,2024",2009,2024,15
1003040012,115 BOWERY,data/strips/1003040012.jpg,40.71790299999999,-73.9947296,6,"2009,2011,2014,2019,2022,2024",2009,2024,15
1003040013,119 BOWERY,data/strips/1003040013.jpg,40.717971700000014,-73.9946935,6,"2009,2011,2014,2019,2022,2024",2009,2024,15
1003040014,121 BOWERY,data/strips/1003040014.jpg,40.71803480000002,-73.994661,6,"2009,2011,2014,2019,2022,2024",2009,2024,15
1003040015,123 BOWERY,data/strips/1003040015.jpg,40.7181007,-73.9946249,6,"2009,2011,2014,2019,2022,2024",2009,2024,15
1003040016,237 GRAND STREET,data/strips/1003040016.jpg,40.71821590000001,-73.9946177,6,"2009,2011,2014,2018,2022,2023",2009,2023,14
1003040018,243 GRAND STREET,data/strips/1003040018.jpg,40.718160999999995,-73.99444090000001,6,"2009,2011,2014,2018,2022,2023",2009,2023,14
1003040019,245 GRAND STREET,data/strips/1003040019.jpg,40.7180375,-73.9944049,6,"2009,2011,2014,2018,2022,2023",2009,2023,14
1003040020,247 GRAND STREET,data/strips/1003040020.jpg,40.71804299999998,-73.99430750000002,6,"2009,2011,2014,2018,2022,2023",2009,2023,14
1003040021,249 GRAND STREET,data/strips/1003040021.jpg,40.71803479999999,-73.994156,6,2019,2019,2019,0
1003040023,99 CHRYSTIE STREET,data/strips/1003040023.jpg,40.71790299999999,-73.9942209,6,2019,2019,2019,0
1003040024,97 CHRYSTIE STREET,data/strips/1003040024.jpg,40.7178509,-73.9942967,6,2019,2019,2019,0
1003040025,95 CHRYSTIE STREET,data/strips/1003040025.jpg,40.7178015,-73.9943724,6,"2007,2011,2014,2019,2023",2007,2023,16
1003040026,89 CHRYSTIE STREET,data/strips/1003040026.jpg,40.71769720000002,-73.9944229,6,"2007,2011,2013,2019,2022,2023",2007,2023,16
1003040029,87 CHRYSTIE STREET,data/strips/1003040029.jpg,40.7176011,-73.9944735,6,"2007,2011,2014,2019,2022,2023",2007,2023,16
1003040030,85 CHRYSTIE STREET,data/strips/1003040030.jpg,40.717543500000005,-73.9945023,6,"2007,2011,2014,2019,2022,2023",2007,2023,16
1003040031,83 CHRYSTIE STREET,data/strips/1003040031.jpg,40.71744740000001,-73.9945528,6,"2007,2011,2014,2019,2022,2023",2007,2023,16
1003040033,79 CHRYSTIE STREET,data/strips/1003040033.jpg,40.717343100000015,-73.9945745,6,"2007,2011,2014,2019,2022,2023",2007,2023,16
1003040034,77 CHRYSTIE STREET,data/strips/1003040034.jpg,40.7172772,-73.9945997,6,"2007,2011,2014,2019,2022,2023",2007,2023,16
1003040035,75 CHRYSTIE STREET,data/strips/1003040035.jpg,40.7171894,-73.9946863,6,"2009,2012,2014,2019,2022,2026",2009,2026,17
1003060001,119 HESTER STREET,data/strips/1003060001.jpg,40.7167968,-73.9934094,6,"2007,2012,2014,2018,2022,2026",2007,2026,19
1003060003,66 FORSYTH STREET,data/strips/1003060003.jpg,40.716898400000005,-73.9933588,6,"2007,2012,2014,2018,2022,2026",2007,2026,19
1003060004,68 FORSYTH STREET,data/strips/1003060004.jpg,40.716945,-73.9932686,6,"2007,2011,2014,2018,2022,2026",2007,2026,19
1003060005,70 FORSYTH STREET,data/strips/1003060005.jpg,40.71700820000003,-73.9932362,6,"2007,2012,2014,2018,2022,2026",2007,2026,19
1003060006,72 FORSYTH STREET,data/strips/1003060006.jpg,40.71707400000002,-73.9932037,6,"2007,2012,2014,2018,2022,2026",2007,2026,19
1003060007,74 FORSYTH STREET,data/strips/1003060007.jpg,40.71713720000001,-73.9931712,6,"2007,2012,2014,2018,2022,2023",2007,2023,16
1003060008,76 FORSYTH STREET,data/strips/1003060008.jpg,40.717203,-73.9931388,6,"2007,2011,2014,2018,2022,2023",2007,2023,16
1003060009,78 FORSYTH STREET,data/strips/1003060009.jpg,40.7172662,-73.9931063,6,"2007,2011,2014,2018,2022,2023",2007,2023,16
1003060010,80 FORSYTH STREET,data/strips/1003060010.jpg,40.71732929999999,-73.99307380000002,6,"2007,2012,2014,2018,2022,2023",2007,2023,16
1003060011,82 FORSYTH STREET,data/strips/1003060011.jpg,40.71739519999999,-73.9930413,6,"2007,2012,2014,2018,2022,2023",2007,2023,16
1003060013,86 FORSYTH STREET,data/strips/1003060013.jpg,40.71753509999999,-73.9929764,6,"2007,2012,2014,2018,2022,2023",2007,2023,16
1003060014,271 GRAND STREET,data/strips/1003060014.jpg,40.717710800000006,-73.9930341,6,"2007,2012,2014,2018,2022,2023",2007,2023,16
1003060016,273 GRAND STREET,data/strips/1003060016.jpg,40.7176696,-73.9929367,6,"2007,2012,2014,2018,2022,2023",2007,2023,16
1003060017,277 GRAND STREET,data/strips/1003060017.jpg,40.71763120000001,-73.9927996,6,"2007,2012,2014,2018,2022,2023",2007,2023,16
1003060019,281 GRAND STREET,data/strips/1003060019.jpg,40.7175598,-73.9927094,6,"2007,2012,2014,2018,2022,2023",2007,2023,16
1003060022,283 GRAND STREET,data/strips/1003060022.jpg,40.717518700000014,-73.9925832,6,"2007,2012,2014,2018,2022,2023",2007,2023,16
1003060025,87 ELDRIDGE STREET,data/strips/1003060025.jpg,40.717343000000014,-73.99262290000001,6,"2007,2012,2014,2018,2022,2023",2007,2023,16
1003060026,85 ELDRIDGE STREET,data/strips/1003060026.jpg,40.7172908,-73.992695,6,"2007,2012,2014,2018,2022,2023",2007,2023,16
1003060027,83 ELDRIDGE STREET,data/strips/1003060027.jpg,40.717227700000024,-73.9927275,6,"2007,2012,2014,2018,2022,2023",2007,2023,16
1003060028,81 ELDRIDGE STREET,data/strips/1003060028.jpg,40.7171646,-73.99276,6,"2007,2011,2014,2018,2022,2023",2007,2023,16
1003060029,79 ELDRIDGE STREET,data/strips/1003060029.jpg,40.7170987,-73.9927925,6,"2007,2011,2014,2018,2022,2023",2007,2023,16
1003060030,77 ELDRIDGE STREET,data/strips/1003060030.jpg,40.7170301,-73.9928285,6,"2007,2012,2014,2018,2022,2023",2007,2023,16
1003060031,75 ELDRIDGE STREET,data/strips/1003060031.jpg,40.71696420000001,-73.992861,6,"2007,2012,2014,2018,2022,2026",2007,2026,19
1003060032,73 ELDRIDGE STREET,data/strips/1003060032.jpg,40.716906599999994,-73.9928935,6,"2007,2012,2014,2018,2022,2026",2007,2026,19
1003060033,71 ELDRIDGE STREET,data/strips/1003060033.jpg,40.7168407,-73.992926,6,"2007,2012,2014,2018,2022,2026",2007,2026,19
1003060034,69 ELDRIDGE STREET,data/strips/1003060034.jpg,40.7167584,-73.9929007,6,"2007,2011,2014,2018,2022,2026",2007,2026,19
1003060035,107 HESTER STREET,data/strips/1003060035.jpg,40.71664860000001,-73.9929116,6,"2007,2011,2014,2018,2022,2026",2007,2026,19
1003060037,111 HESTER STREET,data/strips/1003060037.jpg,40.71668430000001,-73.993027,6,"2007,2012,2014,2018,2022,2026",2007,2026,19
1003060038,113 HESTER STREET,data/strips/1003060038.jpg,40.71673920000001,-73.9930919,6,"2007,2012,2014,2018,2022,2026",2007,2026,19
1003060039,115 HESTER STREET,data/strips/1003060039.jpg,40.716761099999985,-73.9931641,6,"2007,2012,2014,2018,2022,2026",2007,2026,19
1003060040,117 HESTER STREET,data/strips/1003060040.jpg,40.7167831,-73.9932362,6,"2007,2012,2014,2018,2022,2026",2007,2026,19
1003067501,84 FORSYTH STREET,data/strips/1003067501.jpg,40.7174473,-73.9929656,6,"2007,2012,2014,2018,2022,2023",2007,2023,16
1004180001,106 CHRYSTIE STREET,data/strips/1004180001.jpg,40.7189075,-73.9929979,6,2021,2021,2021,0
1004180031,98 FORSYTH STREET,data/strips/1004180031.jpg,40.7181829,-73.9926372,6,"2007,2011,2014,2019,2022,2024",2007,2024,17
1004180032,100 FORSYTH STREET,data/strips/1004180032.jpg,40.71824600000002,-73.9926047,6,"2007,2011,2014,2019,2022,2026",2007,2026,19
1004180033,102 FORSYTH STREET,data/strips/1004180033.jpg,40.71831190000001,-73.9925723,6,2010,2010,2010,0
1004180036,108 FORSYTH STREET,data/strips/1004180036.jpg,40.7186275,-73.99255780000001,6,"2007,2011,2014,2019,2022,2026",2007,2026,19
1004180055,278 GRAND STREET,data/strips/1004180055.jpg,40.717999,-73.9925831,6,"2007,2011,2014,2018,2022,2024",2007,2024,17
1004180056,276 GRAND STREET,data/strips/1004180056.jpg,40.7180237,-73.9926661,6,"2007,2011,2014,2018,2022,2024",2007,2024,17
1004180057,274 GRAND STREET,data/strips/1004180057.jpg,40.7180484,-73.9927491,6,"2007,2011,2014,2018,2022,2024",2007,2024,17
1004180058,272 GRAND STREET,data/strips/1004180058.jpg,40.71807590000002,-73.9928393,6,"2007,2011,2014,2018,2022,2024",2007,2024,17
1004230001,129 BOWERY,data/strips/1004230001.jpg,40.71847670000001,-73.9944842,6,"2009,2011,2014,2018,2022,2023",2009,2023,14
1004230002,131 BOWERY,data/strips/1004230002.jpg,40.7185453,-73.9944517,6,"2009,2011,2014,2018,2022,2023",2009,2023,14
1004230003,133 BOWERY,data/strips/1004230003.jpg,40.7186057,-73.9944048,6,"2009,2011,2014,2017,2022,2026",2009,2026,17
1004230005,137 BOWERY,data/strips/1004230005.jpg,40.7187264,-73.9943146,6,"2009,2011,2014,2017,2022,2024",2009,2024,15
1004230007,139 BOWERY,data/strips/1004230007.jpg,40.71882250000001,-73.9942677,6,"2009,2011,2014,2017,2022,2024",2009,2024,15
1004230008,143 BOWERY,data/strips/1004230008.jpg,40.71891860000001,-73.9942244,6,"2009,2011,2014,2017,2022,2024",2009,2024,15
1004230009,145-147 BOWERY,data/strips/1004230009.jpg,40.7190887,-73.9941451,6,"2009,2011,2014,2017,2022,2024",2009,2024,15
1004230016,329 BROOME STREET,data/strips/1004230016.jpg,40.7190311,-73.9938997,6,"2009,2012,2014,2018,2022,2026",2009,2026,17
1004230017,327 BROOME STREET,data/strips/1004230017.jpg,40.719022900000006,-73.9938023,6,"2009,2012,2014,2018,2022,2026",2009,2026,17
1004230018,325 BROOME STREET,data/strips/1004230018.jpg,40.71899809999999,-73.993723,6,"2007,2011,2014,2018,2022,2026",2007,2026,19
1004230019,323 BROOME STREET,data/strips/1004230019.jpg,40.71897070000001,-73.9936328,6,"2007,2011,2014,2018,2022,2026",2007,2026,19
1004230020,121 CHRYSTIE STREET,data/strips/1004230020.jpg,40.71886640000001,-73.99380960000002,6,"2007,2011,2014,2018,2022,2026",2007,2026,19
1004230021,119 CHRYSTIE STREET,data/strips/1004230021.jpg,40.71881150000001,-73.9938637,6,"2007,2011,2014,2018,2022,2024",2007,2024,17
1004230022,117 CHRYSTIE STREET,data/strips/1004230022.jpg,40.71868250000002,-73.9939286,6,"2007,2011,2014,2018,2022,2024",2007,2024,17
1004230025,111 CHRYSTIE STREET,data/strips/1004230025.jpg,40.7185563,-73.9939936,6,"2007,2011,2014,2018,2022,2024",2007,2024,17
1004230026,250 GRAND STREET,data/strips/1004230026.jpg,40.7183559,-73.9939467,6,"2007,2011,2014,2018,2022,2024",2007,2024,17
1004230027,248 GRAND STREET,data/strips/1004230027.jpg,40.71841080000001,-73.9940189,6,"2007,2011,2014,2018,2022,2024",2007,2024,17
1004230028,246 GRAND STREET,data/strips/1004230028.jpg,40.71843820000001,-73.9941018,6,"2009,2011,2014,2018,2022,2023",2009,2023,14
1004230029,244 GRAND STREET,data/strips/1004230029.jpg,40.71846289999999,-73.994192,6,"2009,2011,2014,2018,2022,2023",2009,2023,14
1004230030,242 GRAND STREET,data/strips/1004230030.jpg,40.7184822,-73.9942786,6,"2009,2011,2014,2018,2022,2023",2009,2023,14
1004230126,109 CHRYSTIE STREET,data/strips/1004230126.jpg,40.7184547,-73.9938962,6,"2007,2011,2014,2018,2022,2024",2007,2024,17
1004237501,135 BOWERY,data/strips/1004237501.jpg,40.7186633,-73.9943471,6,"2009,2011,2014,2017,2022,2026",2009,2026,17
1004240002,155 BOWERY,data/strips/1004240002.jpg,40.71946199999999,-73.994062,6,"2009,2012,2014,2018,2022,2026",2009,2026,17
1004240003,157 BOWERY,data/strips/1004240003.jpg,40.719497700000005,-73.994044,6,"2009,2011,2014,2018,2022,2026",2009,2026,17
1004240004,157 1/2 BOWERY,data/strips/1004240004.jpg,40.7195334,-73.994026,6,"2009,2011,2014,2018,2022,2026",2009,2026,17
1004240005,159 BOWERY,data/strips/1004240005.jpg,40.71958009999999,-73.9940043,6,"2009,2011,2014,2018,2022,2026",2009,2026,17
1004240006,161 BOWERY,data/strips/1004240006.jpg,40.7196185,-73.9939069,6,"2009,2011,2014,2018,2022,2026",2009,2026,17
1004240007,163 BOWERY,data/strips/1004240007.jpg,40.719689800000005,-73.9939105,6,"2009,2011,2014,2018,2022,2026",2009,2026,17
1004240008,165 BOWERY,data/strips/1004240008.jpg,40.7197694,-73.9938275,6,"2009,2011,2014,2018,2022,2026",2009,2026,17
1004240010,169 BOWERY,data/strips/1004240010.jpg,40.71986,-73.9937842,6,"2007,2011,2014,2018,2022,2026",2007,2026,19
1004240011,171 BOWERY,data/strips/1004240011.jpg,40.7199204,-73.993759,6,"2007,2011,2014,2018,2022,2026",2007,2026,19
1004240012,1 DELANCEY STREET,data/strips/1004240012.jpg,40.71997530000001,-73.99374450000002,6,"2007,2011,2014,2018,2022,2026",2007,2026,19
1004240026,9 DELANCEY STREET,data/strips/1004240026.jpg,40.719860000000025,-73.9933405,6,"2007,2011,2014,2018,2022,2026",2007,2026,19
1004240027,141 CHRYSTIE STREET,data/strips/1004240027.jpg,40.7198051,-73.9933622,6,"2007,2011,2014,2018,2022,2026",2007,2026,19
1004240028,139 CHRYSTIE STREET,data/strips/1004240028.jpg,40.719742,-73.9933874,6,"2009,2011,2014,2019,2022,2026",2009,2026,17
1004240029,135 CHRYSTIE STREET,data/strips/1004240029.jpg,40.71965140000002,-73.9934343,6,"2009,2011,2014,2019,2022,2026",2009,2026,17
1004240031,133 CHRYSTIE STREET,data/strips/1004240031.jpg,40.7195718,-73.9935209,6,"2009,2011,2014,2019,2022,2026",2009,2026,17
1004240032,131 CHRYSTIE STREET,data/strips/1004240032.jpg,40.7195032,-73.9935209,6,"2009,2011,2014,2019,2022,2026",2009,2026,17
1004240035,324 BROOME STREET,data/strips/1004240035.jpg,40.719322,-73.9934957,6,"2009,2011,2014,2019,2022,2026",2009,2026,17
1004240037,328 BROOME STREET,data/strips/1004240037.jpg,40.71935770000001,-73.9936147,6,"2009,2012,2014,2018,2022,2026",2009,2026,17
1004240038,330 BROOME STREET,data/strips/1004240038.jpg,40.71938790000001,-73.9937193,6,"2009,2012,2014,2018,2022,2026",2009,2026,17
1004240040,334 BROOME STREET,data/strips/1004240040.jpg,40.7194291,-73.9938564,6,"2009,2012,2014,2018,2022,2026",2009,2026,17
1004247501,153 BOWERY,data/strips/1004247501.jpg,40.719404399999995,-73.9940873,6,"2009,2012,2014,2018,2022,2026",2009,2026,17
1004250001,183 BOWERY,data/strips/1004250001.jpg,40.72043909999999,-73.9936002,6,"2007,2011,2014,2019,2022,2026",2007,2026,19
1004250036,157 CHRYSTIE STREET,data/strips/1004250036.jpg,40.72049400000001,-73.9930482,6,"2007,2011,2014,2019,2022,2026",2007,2026,19
1004250037,155 CHRYSTIE STREET,data/strips/1004250037.jpg,40.7204007,-73.9929869,6,"2007,2011,2014,2019,2022,2026",2007,2026,19
1004250038,18 DELANCEY STREET,data/strips/1004250038.jpg,40.720282699999984,-73.9929689,6,"2007,2011,2014,2018,2022,2026",2007,2026,19
1004250039,16 DELANCEY STREET,data/strips/1004250039.jpg,40.7203101,-73.9930555,6,"2007,2011,2014,2019,2022,2026",2007,2026,19
1004250040,14 DELANCEY STREET,data/strips/1004250040.jpg,40.7203321,-73.99312400000001,6,"2007,2011,2014,2019,2022,2026",2007,2026,19
1004250041,10 DELANCEY STREET,data/strips/1004250041.jpg,40.72039250000002,-73.993207,6,"2007,2011,2014,2019,2022,2026",2007,2026,19
1004250043,6 DELANCEY STREET,data/strips/1004250043.jpg,40.720433600000014,-73.9933441,6,"2007,2011,2014,2019,2022,2026",2007,2026,19
1004700002,154 MOTT STREET,data/strips/1004700002.jpg,40.71935510000001,-73.9960967,6,"2009,2011,2013,2019,2022,2024",2009,2024,15
1004700003,156 MOTT STREET,data/strips/1004700003.jpg,40.7194209,-73.9960714,6,"2009,2011,2014,2019,2022,2024",2009,2024,15
1004700004,158 MOTT STREET,data/strips/1004700004.jpg,40.719486799999984,-73.9960426,6,"2009,2011,2014,2019,2022,2024",2009,2024,15
1004700005,160 MOTT STREET,data/strips/1004700005.jpg,40.719544500000005,-73.9959921,6,"2009,2011,2014,2019,2022,2024",2009,2024,15
1004700006,162 MOTT STREET,data/strips/1004700006.jpg,40.71961029999998,-73.9959668,6,"2009,2011,2014,2019,2022,2024",2009,2024,15
1004700007,164 MOTT STREET,data/strips/1004700007.jpg,40.7196844,-73.9959632,6,"2009,2011,2014,2019,2022,2024",2009,2024,15
1004700009,365 BROOME STREET,data/strips/1004700009.jpg,40.7198738,-73.9959307,6,"2009,2011,2014,2019,2022,2024",2009,2024,15
1004700012,363 BROOME STREET,data/strips/1004700012.jpg,40.71981340000001,-73.9957684,6,"2009,2014,2019,2022",2009,2022,13
1004700013,359 BROOME STREET,data/strips/1004700013.jpg,40.71970910000001,-73.9956241,6,"2009,2012,2019,2023",2009,2023,14
1004700016,355 BROOME STREET,data/strips/1004700016.jpg,40.71974749999999,-73.9954437,6,"2009,2012,2019,2023",2009,2023,14
1004700017,ELIZABETH STREET,data/strips/1004700017.jpg,40.7196213,-73.9954942,6,"2016,2019,2023",2016,2023,7
1004700019,125 ELIZABETH STREET,data/strips/1004700019.jpg,40.71950050000002,-73.9956457,6,"2014,2021,2023",2014,2023,9
1004700020,123 ELIZABETH STREET,data/strips/1004700020.jpg,40.71943189999999,-73.9956746,6,"2009,2012,2016",2009,2016,7
1004700021,119 ELIZABETH STREET,data/strips/1004700021.jpg,40.7193413,-73.9957359,6,"2012,2014,2021,2022",2012,2022,10
1004700023,117 ELIZABETH STREET,data/strips/1004700023.jpg,40.71924530000002,-73.9957756,6,2016,2016,2016,0
1004700025,113 ELIZABETH STREET,data/strips/1004700025.jpg,40.7191135,-73.99582610000002,6,2021,2021,2021,0
1004700027,218 GRAND STREET,data/strips/1004700027.jpg,40.718990000000005,-73.9958153,6,"2009,2014,2018,2022,2024",2009,2024,15
1004700028,214 GRAND STREET,data/strips/1004700028.jpg,40.719047700000026,-73.995974,6,"2009,2011,2014,2018,2022,2024",2009,2024,15
1004700029,212 GRAND STREET,data/strips/1004700029.jpg,40.7191437,-73.9960426,6,"2013,2014,2018,2021",2013,2021,8
1004700030,210 GRAND STREET,data/strips/1004700030.jpg,40.719171199999984,-73.9961219,6,"2009,2013,2014,2018,2022,2024",2009,2024,15
1004700031,208 GRAND STREET,data/strips/1004700031.jpg,40.719195900000024,-73.9961977,6,"2012,2016,2017,2022,2024",2012,2024,12
1004700032,206 GRAND STREET,data/strips/1004700032.jpg,40.71922610000001,-73.9962807,6,"2012,2016,2017,2022,2024",2012,2024,12
1004700037,116 ELIZABETH STREET,data/strips/1004700037.jpg,40.71908059999999,-73.9953031,6,2016,2016,2016,0
1004700038,118 ELIZABETH STREET,data/strips/1004700038.jpg,40.71914639999999,-73.9952778,6,2016,2016,2016,0
1004700039,120 ELIZABETH STREET,data/strips/1004700039.jpg,40.7192123,-73.9952489,6,"2012,2014,2021,2022",2012,2022,10
1004700042,126 ELIZABETH STREET,data/strips/1004700042.jpg,40.719415400000024,-73.9951696,6,"2014,2021,2023",2014,2023,9
1004700044,353 BROOME STREET,data/strips/1004700044.jpg,40.7196762,-73.9952092,6,"2009,2012,2019,2023",2009,2023,14
1004700050,146 BOWERY,data/strips/1004700050.jpg,40.71952519999999,-73.9949567,6,"2009,2012,2014,2019,2022,2026",2009,2026,17
1004700052,144 BOWERY,data/strips/1004700052.jpg,40.71936869999999,-73.9947836,6,"2009,2012,2014,2019,2022,2026",2009,2026,17
1004700053,138 BOWERY,data/strips/1004700053.jpg,40.7192315,-73.9948557,6,"2009,2012,2014,2017,2022,2026",2009,2026,17
1004700058,136 BOWERY,data/strips/1004700058.jpg,40.7190943,-73.9949098,6,"2009,2012,2014,2019,2022,2026",2009,2026,17
1004700059,134 BOWERY,data/strips/1004700059.jpg,40.7190284,-73.9949387,6,"2009,2012,2014,2019,2022,2026",2009,2026,17
1004700060,132 BOWERY,data/strips/1004700060.jpg,40.7189625,-73.994964,6,"2009,2012,2014,2019,2022,2026",2009,2026,17
1004700061,130 BOWERY,data/strips/1004700061.jpg,40.7188939,-73.995249,6,"2009,2011,2014,2018,2022,2026",2009,2026,17
1004700064,124 BOWERY,data/strips/1004700064.jpg,40.7187265,-73.9950542,6,"2009,2011,2014,2018,2022,2026",2009,2026,17
1004707501,122 ELIZABETH STREET,data/strips/1004707501.jpg,40.7193111,-73.9952056,6,"2009,2012,2016",2009,2016,7
1004710001,1 CENTRE MARKET PLACE,data/strips/1004710001.jpg,40.719808,-73.99772,6,"2009,2011,2014,2018,2022,2026",2009,2026,17
1004710002,2 CENTRE MARKET PLACE,data/strips/1004710002.jpg,40.719851899999995,-73.9976912,6,"2009,2011,2014,2018,2022,2026",2009,2026,17
1004710003,3 CENTRE MARKET PLACE,data/strips/1004710003.jpg,40.7198931,-73.9976659,6,"2009,2011,2014,2018,2022,2026",2009,2026,17
1004710004,4 CENTRE MARKET PLACE,data/strips/1004710004.jpg,40.71994799999999,-73.9976407,6,2021,2021,2021,0
1004710005,5 CENTRE MARKET PLACE,data/strips/1004710005.jpg,40.72001390000001,-73.9976082,6,2021,2021,2021,0
1004710006,6 CENTRE MARKET PLACE,data/strips/1004710006.jpg,40.720077,-73.9975685,6,2010,2010,2010,0
1004710007,7 CENTRE MARKET PLACE,data/strips/1004710007.jpg,40.7201374,-73.997536,6,2010,2010,2010,0
1004710008,8 CENTRE MARKET PLACE,data/strips/1004710008.jpg,40.72018680000001,-73.9974531,6,"2009,2011,2014,2019,2022,2023",2009,2023,14
1004710011,391 BROOME STREET,data/strips/1004710011.jpg,40.72038990000001,-73.9973196,6,"2013,2014,2019,2022,2023",2013,2023,10
1004710013,389 BROOME STREET,data/strips/1004710013.jpg,40.720356900000006,-73.997132,6,"2013,2014,2019,2022,2023",2013,2023,10
1004710014,387 BROOME STREET,data/strips/1004710014.jpg,40.720324000000005,-73.997049,6,"2013,2014,2019,2022,2023",2013,2023,10
1004710015,175 MULBERRY STREET,data/strips/1004710015.jpg,40.72017849999999,-73.9972005,6,"2009,2011,2013,2019,2023,2024",2009,2024,15
1004710016,173 MULBERRY STREET,data/strips/1004710016.jpg,40.7201072,-73.9972186,6,"2009,2011,2014,2019,2022,2023",2009,2023,14
1004710017,171 MULBERRY STREET,data/strips/1004710017.jpg,40.72005779999999,-73.9972943,6,2010,2010,2010,0
1004710018,169 MULBERRY STREET,data/strips/1004710018.jpg,40.7199919,-73.9973196,6,2021,2021,2021,0
1004710019,167 MULBERRY STREET,data/strips/1004710019.jpg,40.71992600000001,-73.9973521,6,2021,2021,2021,0
1004710020,165 MULBERRY STREET,data/strips/1004710020.jpg,40.7198601,-73.9973773,6,2021,2021,2021,0
1004710021,163 MULBERRY STREET,data/strips/1004710021.jpg,40.7197943,-73.9974026,6,2021,2021,2021,0
1004710022,186 GRAND STREET,data/strips/1004710022.jpg,40.719582900000006,-73.9973413,6,2021,2021,2021,0
1004710023,182 GRAND STREET,data/strips/1004710023.jpg,40.7196241,-73.9974675,6,2021,2021,2021,0
1004710025,176 GRAND STREET,data/strips/1004710025.jpg,40.71967349999999,-73.9976695,6,"2009,2012,2014,2018,2022,2026",2009,2026,17
1004710028,174 GRAND STREET,data/strips/1004710028.jpg,40.7197092,-73.9978499,6,2010,2010,2010,0
1004710029,164 MULBERRY STREET,data/strips/1004710029.jpg,40.719629600000005,-73.9969084,6,2021,2021,2021,0
1004710030,166 MULBERRY STREET,data/strips/1004710030.jpg,40.7196954,-73.9968831,6,2021,2021,2021,0
1004710031,168 MULBERRY STREET,data/strips/1004710031.jpg,40.7197943,-73.9968434,6,2021,2021,2021,0
1004710033,172 MULBERRY STREET,data/strips/1004710033.jpg,40.7198931,-73.9968109,6,2021,2021,2021,0
1004710034,174 MULBERRY STREET,data/strips/1004710034.jpg,40.7199589,-73.99677850000002,6,2010,2010,2010,0
1004710036,385 BROOME STREET,data/strips/1004710036.jpg,40.72024440000001,-73.9968073,6,2011,2011,2011,0
1004710037,383 BROOME STREET,data/strips/1004710037.jpg,40.720211500000005,-73.9967207,6,2011,2011,2011,0
1004710039,379 BROOME STREET,data/strips/1004710039.jpg,40.7201126,-73.9965728,6,2010,2010,2010,0
1004710040,377 BROOME STREET,data/strips/1004710040.jpg,40.72008239999999,-73.9964899,6,2010,2010,2010,0
1004710041,375 BROOME STREET,data/strips/1004710041.jpg,40.720052300000006,-73.9964069,6,2010,2010,2010,0
1004710043,373 BROOME STREET,data/strips/1004710043.jpg,40.72006600000002,-73.996259,6,"2009,2011,2014,2019,2022,2024",2009,2024,15
1004710044,171 MOTT STREET,data/strips/1004710044.jpg,40.71991230000002,-73.9963203,6,"2009,2011,2014,2019,2022,2024",2009,2024,15
1004710046,167 MOTT STREET,data/strips/1004710046.jpg,40.7198464,-73.9964394,6,"2009,2011,2014,2019,2022,2024",2009,2024,15
1004710047,165 MOTT STREET,data/strips/1004710047.jpg,40.71977780000001,-73.9964646,6,"2009,2011,2014,2019,2022,2024",2009,2024,15
1004710048,163 MOTT STREET,data/strips/1004710048.jpg,40.71971459999999,-73.9964899,6,"2009,2011,2014,2019,2022,2024",2009,2024,15
1004710049,161 MOTT STREET,data/strips/1004710049.jpg,40.71964879999999,-73.9965187,6,"2009,2011,2014,2019,2022,2024",2009,2024,15
1004710050,159 MOTT STREET,data/strips/1004710050.jpg,40.71958289999999,-73.996544,6,"2009,2011,2014,2019,2022,2024",2009,2024,15
1004710051,157 MOTT STREET,data/strips/1004710051.jpg,40.71951700000002,-73.9965693,6,"2009,2011,2014,2019,2022,2024",2009,2024,15
1004710052,200 GRAND STREET,data/strips/1004710052.jpg,40.719316700000014,-73.9965512,6,"2012,2013,2019,2022,2024",2012,2024,12
1004710054,198 GRAND STREET,data/strips/1004710054.jpg,40.7193606,-73.9966775,6,"2011,2014,2018,2022,2024",2011,2024,13
1004710055,196 GRAND STREET,data/strips/1004710055.jpg,40.71939900000001,-73.9968001,6,"2009,2011,2013,2018,2022,2024",2009,2024,15
1004710058,190 GRAND STREET,data/strips/1004710058.jpg,40.719470400000006,-73.9970022,6,2021,2021,2021,0
1004710059,188 GRAND STREET,data/strips/1004710059.jpg,40.7195006,-73.997096,6,2021,2021,2021,0
1004717501,381 BROOME STREET,data/strips/1004717501.jpg,40.720181300000014,-73.9966378,6,"2009,2012,2014,2019,2022,2024",2009,2024,15
1004717502,176 MULBERRY STREET,data/strips/1004717502.jpg,40.720044000000016,-73.9967929,6,2010,2010,2010,0
1004720019,241 CENTRE STREET,data/strips/1004720019.jpg,40.7203817,-73.9983117,6,"2009,2011,2014,2018,2022,2026",2009,2026,17
1004720022,239 CENTRE STREET,data/strips/1004720022.jpg,40.72028010000001,-73.9983982,6,"2010,2023",2010,2023,13
1004720023,237 CENTRE STREET,data/strips/1004720023.jpg,40.720222500000006,-73.9984488,6,"2010,2023",2010,2023,13
1004720025,158 GRAND STREET,data/strips/1004720025.jpg,40.7200743,-73.998575,6,"2010,2023",2010,2023,13
1004720028,154 GRAND STREET,data/strips/1004720028.jpg,40.720238900000005,-73.9986544,6,"2009,2011,2014,2018,2022,2026",2009,2026,17
1004727501,240 CENTRE STREET,data/strips/1004727501.jpg,40.7201593,-73.9979148,6,"2009,2012,2014,2018,2022,2024",2009,2024,15
1004730047,142 GRAND STREET,data/strips/1004730047.jpg,40.7203899,-73.99914500000001,6,"2009,2011,2014,2018,2022,2026",2009,2026,17
1004780035,162 BOWERY,data/strips/1004780035.jpg,40.720090600000006,-73.9945165,6,"2009,2012,2014,2019,2022,2026",2009,2026,17
1004780036,160 BOWERY,data/strips/1004780036.jpg,40.7200357,-73.9945418,6,"2009,2012,2014,2019,2022,2026",2009,2026,17
1004780037,158H BOWERY,data/strips/1004780037.jpg,40.719989000000005,-73.9945598,6,"2009,2012,2014,2019,2022,2026",2009,2026,17
1004780038,158 BOWERY,data/strips/1004780038.jpg,40.71994510000002,-73.9945779,6,"2009,2012,2014,2019,2022,2026",2009,2026,17
1004780039,156 BOWERY,data/strips/1004780039.jpg,40.71989300000001,-73.9945995,6,"2009,2012,2014,2019,2022,2026",2009,2026,17
1004780042,150 BOWERY,data/strips/1004780042.jpg,40.7197914,-73.9946248,6,"2009,2012,2014,2019,2022,2026",2009,2026,17
1004787501,354 BROOME STREET,data/strips/1004787501.jpg,40.72009609999999,-73.9948917,6,"2009,2012,2014,2019,2022,2024",2009,2024,15
1004787503,152 ELIZABETH STREET,data/strips/1004787503.jpg,40.72038700000002,-73.9947907,6,"2009,2012,2014,2019,2022,2026",2009,2026,17
1004790031,149 ELIZABETH STREET,data/strips/1004790031.jpg,40.720428199999986,-73.9953138,6,"2009,2014,2019,2022",2009,2022,13
1004790033,147 ELIZABETH STREET,data/strips/1004790033.jpg,40.7203212,-73.9953246,6,"2009,2013,2019,2022",2009,2022,13
1004790034,356 BROOME STREET,data/strips/1004790034.jpg,40.72013730000001,-73.9952958,6,"2009,2012,2014,2019,2021",2009,2021,12
1004790035,358 BROOME STREET,data/strips/1004790035.jpg,40.720175700000006,-73.9954292,6,"2009,2013,2019,2022",2009,2022,13
1004790037,362 BROOME STREET,data/strips/1004790037.jpg,40.720266300000006,-73.9955483,6,"2009,2014,2019,2022",2009,2022,13
1004790039,366 BROOME STREET,data/strips/1004790039.jpg,40.720313,-73.9956457,6,"2012,2019,2021",2012,2021,9
1004790040,368 BROOME STREET,data/strips/1004790040.jpg,40.72035419999998,-73.9957828,6,"2012,2019,2021",2012,2021,9
1004790050,BROOME STREET,data/strips/1004790050.jpg,40.72015100000001,-73.9953427,6,"2009,2013,2019,2022",2009,2022,13
1004807502,372 BROOME STREET,data/strips/1004807502.jpg,40.720453000000006,-73.9961038,6,2019,2019,2019,0
