{
 "type": "FeatureCollection",
 "features": [
  {
   "type": "Feature",
   "geometry": {
    "type": "Point",
    "coordinates": [
     -73.898583,
     40.889248
    ]
   },
   "properties": {
    "line": "1",
    "stop_id": "101",
    "stop_name": "Van Cortlandt Park-242 St",
    "borough": "Bx",
    "structure": "Elevated",
    "att_reception_frac": 0.0,
    "tmobile_reception_frac": 0.5,
    "verizon_reception_frac": 1.0,
    "sprint_reception_frac": 0.0,
    "n_carriers_majority": 1,
    "any_majority_reception": true
   }
  },
  {
   "type": "Feature",
   "geometry": {
    "type": "Point",
    "coordinates": [
     -73.90087,
     40.884667
    ]
   },
   "properties": {
    "line": "1",
    "stop_id": "103",
    "stop_name": "238 St",
    "borough": "Bx",
    "structure": "Elevated",
    "att_reception_frac": 0.0,
    "tmobile_reception_frac": 0.5,
    "verizon_reception_frac": 0.75,
    "sprint_reception_frac": 0.0,
    "n_carriers_majority": 1,
    "any_majority_reception": true
   }
  },
  {
   "type": "Feature",
   "geometry": {
    "type": "Point",
    "coordinates": [
     -73.904834,
     40.878856
    ]
   },
   "properties": {
    "line": "1",
    "stop_id": "104",
    "stop_name": "231 St",
    "borough": "Bx",
    "structure": "Elevated",
    "att_reception_frac": 0.0,
    "tmobile_reception_frac": 0.0,
    "verizon_reception_frac": 0.0,
    "sprint_reception_frac": 0.0,
    "n_carriers_majority": 0,
    "any_majority_reception": false
   }
  },
  {
   "type": "Feature",
   "geometry": {
    "type": "Point",
    "coordinates": [
     -73.909831,
     40.874561
    ]
   },
   "properties": {
    "line": "1",
    "stop_id": "106",
    "stop_name": "Marble Hill-225 St",
    "borough": "M",
    "structure": "Elevated",
    "att_reception_frac": 0.0,
    "tmobile_reception_frac": 0.75,
    "verizon_reception_frac": 0.75,
    "sprint_reception_frac": 0.0,
    "n_carriers_majority": 2,
    "any_majority_reception": true
   }
  },
  {
   "type": "Feature",
   "geometry": {
    "type": "Point",
    "coordinates": [
     -73.915279,
     40.869444
    ]
   },
   "properties": {
    "line": "1",
    "stop_id": "107",
    "stop_name": "215 St",
    "borough": "M",
    "structure": "Elevated",
    "att_reception_frac": 0.25,
    "tmobile_reception_frac": 0.25,
    "verizon_reception_frac": 0.25,
    "sprint_reception_frac": 0.0,
    "n_carriers_majority": 0,
    "any_majority_reception": false
   }
  },
  {
   "type": "Feature",
   "geometry": {
    "type": "Point",
    "coordinates": [
     -73.918822,
     40.864621
    ]
   },
   "properties": {
    "line": "1",
    "stop_id": "108",
    "stop_name": "207 St",
    "borough": "M",
    "structure": "Elevated",
    "att_reception_frac": 0.0,
    "tmobile_reception_frac": 0.5,
    "verizon_reception_frac": 0.5,
    "sprint_reception_frac": 0.0,
    "n_carriers_majority": 0,
    "any_majority_reception": false
   }
  },
  {
   "type": "Feature",
   "geometry": {
    "type": "Point",
    "coordinates": [
     -73.925536,
     40.860531
    ]
   },
   "properties": {
    "line": "1",
    "stop_id": "109",
    "stop_name": "Dyckman St",
    "borough": "M",
    "structure": "Elevated",
    "att_reception_frac": 0.25,
    "tmobile_reception_frac": 0.25,
    "verizon_reception_frac": 0.5,
    "sprint_reception_frac": 0.0,
    "n_carriers_majority": 0,
    "any_majority_reception": false
   }
  },
  {
   "type": "Feature",
   "geometry": {
    "type": "Point",
    "coordinates": [
     -73.929412,
     40.855225
    ]
   },
   "properties": {
    "line": "1",
    "stop_id": "110",
    "stop_name": "191 St",
    "borough": "M",
    "structure": "Subway",
    "att_reception_frac": 0.0,
    "tmobile_reception_frac": 0.0,
    "verizon_reception_frac": 0.0,
    "sprint_reception_frac": 0.25,
    "n_carriers_majority": 0,
    "any_majority_reception": false
   }
  },
  {
   "type": "Feature",
   "geometry": {
    "type": "Point",
    "coordinates": [
     -73.933596,
     40.849505
    ]
   },
   "properties": {
    "line": "1",
    "stop_id": "111",
    "stop_name": "181 St",
    "borough": "M",
    "structure": "Subway",
    "att_reception_frac": 0.167,
    "tmobile_reception_frac": 0.5,
    "verizon_reception_frac": 0.0,
    "sprint_reception_frac": 0.0,
    "n_carriers_majority": 0,
    "any_majority_reception": false
   }
  },
  {
   "type": "Feature",
   "geometry": {
    "type": "Point",
    "coordinates": [
     -73.940133,
     40.840556
    ]
   },
   "properties": {
    "line": "1",
    "stop_id": "112",
    "stop_name": "168 St-Washington Hts",
    "borough": "M",
    "structure": "Subway",
    "att_reception_frac": 0.0,
    "tmobile_reception_frac": 0.167,
    "verizon_reception_frac": 0.167,
    "sprint_reception_frac": 0.167,
    "n_carriers_majority": 0,
    "any_majority_reception": false
   }
  },
  {
   "type": "Feature",
   "geometry": {
    "type": "Point",
    "coordinates": [
     -73.94489,
     40.834041
    ]
   },
   "properties": {
    "line": "1",
    "stop_id": "113",
    "stop_name": "157 St",
    "borough": "M",
    "structure": "Subway",
    "att_reception_frac": 0.0,
    "tmobile_reception_frac": 0.0,
    "verizon_reception_frac": 0.0,
    "sprint_reception_frac": 0.0,
    "n_carriers_majority": 0,
    "any_majority_reception": false
   }
  },
  {
   "type": "Feature",
   "geometry": {
    "type": "Point",
    "coordinates": [
     -73.95036,
     40.826551
    ]
   },
   "properties": {
    "line": "1",
    "stop_id": "114",
    "stop_name": "145 St",
    "borough": "M",
    "structure": "Subway",
    "att_reception_frac": 0.0,
    "tmobile_reception_frac": 0.0,
    "verizon_reception_frac": 0.0,
    "sprint_reception_frac": 0.0,
    "n_carriers_majority": 0,
    "any_majority_reception": false
   }
  },
  {
   "type": "Feature",
   "geometry": {
    "type": "Point",
    "coordinates": [
     -73.953676,
     40.822008
    ]
   },
   "properties": {
    "line": "1",
    "stop_id": "115",
    "stop_name": "137 St-City College",
    "borough": "M",
    "structure": "Subway",
    "att_reception_frac": 0.0,
    "tmobile_reception_frac": 0.0,
    "verizon_reception_frac": 0.0,
    "sprint_reception_frac": 0.0,
    "n_carriers_majority": 0,
    "any_majority_reception": false
   }
  },
  {
   "type": "Feature",
   "geometry": {
    "type": "Point",
    "coordinates": [
     -73.958372,
     40.815581
    ]
   },
   "properties": {
    "line": "1",
    "stop_id": "116",
    "stop_name": "125 St",
    "borough": "M",
    "structure": "Elevated",
    "att_reception_frac": 0.0,
    "tmobile_reception_frac": 0.0,
    "verizon_reception_frac": 0.0,
    "sprint_reception_frac": 0.0,
    "n_carriers_majority": 0,
    "any_majority_reception": false
   }
  },
  {
   "type": "Feature",
   "geometry": {
    "type": "Point",
    "coordinates": [
     -73.96411,
     40.807722
    ]
   },
   "properties": {
    "line": "1",
    "stop_id": "117",
    "stop_name": "116 St-Columbia University",
    "borough": "M",
    "structure": "Subway",
    "att_reception_frac": 0.0,
    "tmobile_reception_frac": 0.2,
    "verizon_reception_frac": 0.6,
    "sprint_reception_frac": 0.2,
    "n_carriers_majority": 1,
    "any_majority_reception": true
   }
  },
  {
   "type": "Feature",
   "geometry": {
    "type": "Point",
    "coordinates": [
     -73.966847,
     40.803967
    ]
   },
   "properties": {
    "line": "1",
    "stop_id": "118",
    "stop_name": "Cathedral Pkwy (110 St)",
    "borough": "M",
    "structure": "Subway",
    "att_reception_frac": 0.0,
    "tmobile_reception_frac": 0.333,
    "verizon_reception_frac": 0.333,
    "sprint_reception_frac": 0.0,
    "n_carriers_majority": 0,
    "any_majority_reception": false
   }
  },
  {
   "type": "Feature",
   "geometry": {
    "type": "Point",
    "coordinates": [
     -73.968379,
     40.799446
    ]
   },
   "properties": {
    "line": "1",
    "stop_id": "119",
    "stop_name": "103 St",
    "borough": "M",
    "structure": "Subway",
    "att_reception_frac": 0.0,
    "tmobile_reception_frac": 0.0,
    "verizon_reception_frac": 0.333,
    "sprint_reception_frac": 0.0,
    "n_carriers_majority": 0,
    "any_majority_reception": false
   }
  },
  {
   "type": "Feature",
   "geometry": {
    "type": "Point",
    "coordinates": [
     -73.972323,
     40.793919
    ]
   },
   "properties": {
    "line": "1",
    "stop_id": "120",
    "stop_name": "96 St",
    "borough": "M",
    "structure": "Subway",
    "att_reception_frac": 0.0,
    "tmobile_reception_frac": 0.25,
    "verizon_reception_frac": 0.25,
    "sprint_reception_frac": 0.0,
    "n_carriers_majority": 0,
    "any_majority_reception": false
   }
  },
  {
   "type": "Feature",
   "geometry": {
    "type": "Point",
    "coordinates": [
     -73.976218,
     40.788644
    ]
   },
   "properties": {
    "line": "1",
    "stop_id": "121",
    "stop_name": "86 St",
    "borough": "M",
    "structure": "Subway",
    "att_reception_frac": 0.0,
    "tmobile_reception_frac": 0.0,
    "verizon_reception_frac": 0.25,
    "sprint_reception_frac": 0.5,
    "n_carriers_majority": 0,
    "any_majority_reception": false
   }
  },
  {
   "type": "Feature",
   "geometry": {
    "type": "Point",
    "coordinates": [
     -73.979917,
     40.783934
    ]
   },
   "properties": {
    "line": "1",
    "stop_id": "122",
    "stop_name": "79 St",
    "borough": "M",
    "structure": "Subway",
    "att_reception_frac": 0.0,
    "tmobile_reception_frac": 0.5,
    "verizon_reception_frac": 0.75,
    "sprint_reception_frac": 0.0,
    "n_carriers_majority": 1,
    "any_majority_reception": true
   }
  },
  {
   "type": "Feature",
   "geometry": {
    "type": "Point",
    "coordinates": [
     -73.98197,
     40.778453
    ]
   },
   "properties": {
    "line": "1",
    "stop_id": "123",
    "stop_name": "72 St",
    "borough": "M",
    "structure": "Subway",
    "att_reception_frac": 0.0,
    "tmobile_reception_frac": 0.0,
    "verizon_reception_frac": 0.667,
    "sprint_reception_frac": 0.0,
    "n_carriers_majority": 1,
    "any_majority_reception": true
   }
  },
  {
   "type": "Feature",
   "geometry": {
    "type": "Point",
    "coordinates": [
     -73.982209,
     40.77344
    ]
   },
   "properties": {
    "line": "1",
    "stop_id": "124",
    "stop_name": "66 St-Lincoln Center",
    "borough": "M",
    "structure": "Subway",
    "att_reception_frac": 0.0,
    "tmobile_reception_frac": 0.0,
    "verizon_reception_frac": 0.25,
    "sprint_reception_frac": 0.0,
    "n_carriers_majority": 0,
    "any_majority_reception": false
   }
  },
  {
   "type": "Feature",
   "geometry": {
    "type": "Point",
    "coordinates": [
     -73.981929,
     40.768247
    ]
   },
   "properties": {
    "line": "1",
    "stop_id": "125",
    "stop_name": "59 St-Columbus Circle",
    "borough": "M",
    "structure": "Subway",
    "att_reception_frac": 0.0,
    "tmobile_reception_frac": 0.75,
    "verizon_reception_frac": 0.5,
    "sprint_reception_frac": 0.25,
    "n_carriers_majority": 1,
    "any_majority_reception": true
   }
  },
  {
   "type": "Feature",
   "geometry": {
    "type": "Point",
    "coordinates": [
     -73.983849,
     40.761728
    ]
   },
   "properties": {
    "line": "1",
    "stop_id": "126",
    "stop_name": "50 St",
    "borough": "M",
    "structure": "Subway",
    "att_reception_frac": 0.0,
    "tmobile_reception_frac": 0.0,
    "verizon_reception_frac": 0.5,
    "sprint_reception_frac": 0.0,
    "n_carriers_majority": 0,
    "any_majority_reception": false
   }
  },
  {
   "type": "Feature",
   "geometry": {
    "type": "Point",
    "coordinates": [
     -73.987495,
     40.75529
    ]
   },
   "properties": {
    "line": "1",
    "stop_id": "127",
    "stop_name": "Times Sq-42 St",
    "borough": "M",
    "structure": "Subway",
    "att_reception_frac": 0.0,
    "tmobile_reception_frac": 0.25,
    "verizon_reception_frac": 0.5,
    "sprint_reception_frac": 0.0,
    "n_carriers_majority": 0,
    "any_majority_reception": false
   }
  },
  {
   "type": "Feature",
   "geometry": {
    "type": "Point",
    "coordinates": [
     -73.991057,
     40.750373
    ]
   },
   "properties": {
    "line": "1",
    "stop_id": "128",
    "stop_name": "34 St-Penn Station",
    "borough": "M",
    "structure": "Subway",
    "att_reception_frac": 0.0,
    "tmobile_reception_frac": 0.333,
    "verizon_reception_frac": 0.667,
    "sprint_reception_frac": 0.333,
    "n_carriers_majority": 1,
    "any_majority_reception": true
   }
  },
  {
   "type": "Feature",
   "geometry": {
    "type": "Point",
    "coordinates": [
     -73.993365,
     40.747215
    ]
   },
   "properties": {
    "line": "1",
    "stop_id": "129",
    "stop_name": "28 St",
    "borough": "M",
    "structure": "Subway",
    "att_reception_frac": 0.0,
    "tmobile_reception_frac": 0.333,
    "verizon_reception_frac": 0.0,
    "sprint_reception_frac": 0.333,
    "n_carriers_majority": 0,
    "any_majority_reception": false
   }
  },
  {
   "type": "Feature",
   "geometry": {
    "type": "Point",
    "coordinates": [
     -73.995657,
     40.744081
    ]
   },
   "properties": {
    "line": "1",
    "stop_id": "130",
    "stop_name": "23 St",
    "borough": "M",
    "structure": "Subway",
    "att_reception_frac": 0.0,
    "tmobile_reception_frac": 0.5,
    "verizon_reception_frac": 0.5,
    "sprint_reception_frac": 0.0,
    "n_carriers_majority": 0,
    "any_majority_reception": false
   }
  },
  {
   "type": "Feature",
   "geometry": {
    "type": "Point",
    "coordinates": [
     -73.997871,
     40.74104
    ]
   },
   "properties": {
    "line": "1",
    "stop_id": "131",
    "stop_name": "18 St",
    "borough": "M",
    "structure": "Subway",
    "att_reception_frac": 0.0,
    "tmobile_reception_frac": 0.5,
    "verizon_reception_frac": 1.0,
    "sprint_reception_frac": 0.5,
    "n_carriers_majority": 1,
    "any_majority_reception": true
   }
  },
  {
   "type": "Feature",
   "geometry": {
    "type": "Point",
    "coordinates": [
     -74.000201,
     40.737826
    ]
   },
   "properties": {
    "line": "1",
    "stop_id": "132",
    "stop_name": "14 St",
    "borough": "M",
    "structure": "Subway",
    "att_reception_frac": 0.0,
    "tmobile_reception_frac": 0.667,
    "verizon_reception_frac": 0.333,
    "sprint_reception_frac": 0.667,
    "n_carriers_majority": 2,
    "any_majority_reception": true
   }
  },
  {
   "type": "Feature",
   "geometry": {
    "type": "Point",
    "coordinates": [
     -74.002906,
     40.733422
    ]
   },
   "properties": {
    "line": "1",
    "stop_id": "133",
    "stop_name": "Christopher St-Stonewall",
    "borough": "M",
    "structure": "Subway",
    "att_reception_frac": 0.0,
    "tmobile_reception_frac": 0.25,
    "verizon_reception_frac": 0.75,
    "sprint_reception_frac": 0.25,
    "n_carriers_majority": 1,
    "any_majority_reception": true
   }
  },
  {
   "type": "Feature",
   "geometry": {
    "type": "Point",
    "coordinates": [
     -74.005367,
     40.728251
    ]
   },
   "properties": {
    "line": "1",
    "stop_id": "134",
    "stop_name": "Houston St",
    "borough": "M",
    "structure": "Subway",
    "att_reception_frac": 0.0,
    "tmobile_reception_frac": 0.333,
    "verizon_reception_frac": 1.0,
    "sprint_reception_frac": 0.0,
    "n_carriers_majority": 1,
    "any_majority_reception": true
   }
  },
  {
   "type": "Feature",
   "geometry": {
    "type": "Point",
    "coordinates": [
     -74.006277,
     40.722854
    ]
   },
   "properties": {
    "line": "1",
    "stop_id": "135",
    "stop_name": "Canal St",
    "borough": "M",
    "structure": "Subway",
    "att_reception_frac": 0.0,
    "tmobile_reception_frac": 0.333,
    "verizon_reception_frac": 0.333,
    "sprint_reception_frac": 0.333,
    "n_carriers_majority": 0,
    "any_majority_reception": false
   }
  },
  {
   "type": "Feature",
   "geometry": {
    "type": "Point",
    "coordinates": [
     -74.006886,
     40.719318
    ]
   },
   "properties": {
    "line": "1",
    "stop_id": "136",
    "stop_name": "Franklin St",
    "borough": "M",
    "structure": "Subway",
    "att_reception_frac": 0.0,
    "tmobile_reception_frac": 0.333,
    "verizon_reception_frac": 0.667,
    "sprint_reception_frac": 0.0,
    "n_carriers_majority": 1,
    "any_majority_reception": true
   }
  },
  {
   "type": "Feature",
   "geometry": {
    "type": "Point",
    "coordinates": [
     -74.009266,
     40.715478
    ]
   },
   "properties": {
    "line": "1",
    "stop_id": "137",
    "stop_name": "Chambers St",
    "borough": "M",
    "structure": "Subway",
    "att_reception_frac": 0.0,
    "tmobile_reception_frac": 0.0,
    "verizon_reception_frac": 0.667,
    "sprint_reception_frac": 0.0,
    "n_carriers_majority": 1,
    "any_majority_reception": true
   }
  },
  {
   "type": "Feature",
   "geometry": {
    "type": "Point",
    "coordinates": [
     -74.012188,
     40.711835
    ]
   },
   "properties": {
    "line": "1",
    "stop_id": "138",
    "stop_name": "WTC Cortlandt",
    "borough": "M",
    "structure": "Subway",
    "att_reception_frac": 0.333,
    "tmobile_reception_frac": 0.333,
    "verizon_reception_frac": 0.0,
    "sprint_reception_frac": 0.0,
    "n_carriers_majority": 0,
    "any_majority_reception": false
   }
  },
  {
   "type": "Feature",
   "geometry": {
    "type": "Point",
    "coordinates": [
     -74.013783,
     40.707513
    ]
   },
   "properties": {
    "line": "1",
    "stop_id": "139",
    "stop_name": "Rector St",
    "borough": "M",
    "structure": "Subway",
    "att_reception_frac": 0.0,
    "tmobile_reception_frac": 0.0,
    "verizon_reception_frac": 0.333,
    "sprint_reception_frac": 0.0,
    "n_carriers_majority": 0,
    "any_majority_reception": false
   }
  },
  {
   "type": "Feature",
   "geometry": {
    "type": "Point",
    "coordinates": [
     -74.013664,
     40.702068
    ]
   },
   "properties": {
    "line": "1",
    "stop_id": "142",
    "stop_name": "South Ferry",
    "borough": "M",
    "structure": "Subway",
    "att_reception_frac": 0.0,
    "tmobile_reception_frac": 0.059,
    "verizon_reception_frac": 0.471,
    "sprint_reception_frac": 0.176,
    "n_carriers_majority": 0,
    "any_majority_reception": false
   }
  },
  {
   "type": "Feature",
   "geometry": {
    "type": "Point",
    "coordinates": [
     -73.972323,
     40.793919
    ]
   },
   "properties": {
    "line": "2",
    "stop_id": "120",
    "stop_name": "96 St",
    "borough": "M",
    "structure": "Subway",
    "att_reception_frac": 0.0,
    "tmobile_reception_frac": 0.333,
    "verizon_reception_frac": 0.667,
    "sprint_reception_frac": 0.0,
    "n_carriers_majority": 1,
    "any_majority_reception": true
   }
  },
  {
   "type": "Feature",
   "geometry": {
    "type": "Point",
    "coordinates": [
     -73.98197,
     40.778453
    ]
   },
   "properties": {
    "line": "2",
    "stop_id": "123",
    "stop_name": "72 St",
    "borough": "M",
    "structure": "Subway",
    "att_reception_frac": 0.143,
    "tmobile_reception_frac": 0.357,
    "verizon_reception_frac": 0.357,
    "sprint_reception_frac": 0.214,
    "n_carriers_majority": 0,
    "any_majority_reception": false
   }
  },
  {
   "type": "Feature",
   "geometry": {
    "type": "Point",
    "coordinates": [
     -73.987495,
     40.75529
    ]
   },
   "properties": {
    "line": "2",
    "stop_id": "127",
    "stop_name": "Times Sq-42 St",
    "borough": "M",
    "structure": "Subway",
    "att_reception_frac": 0.444,
    "tmobile_reception_frac": 0.778,
    "verizon_reception_frac": 0.889,
    "sprint_reception_frac": 0.111,
    "n_carriers_majority": 2,
    "any_majority_reception": true
   }
  },
  {
   "type": "Feature",
   "geometry": {
    "type": "Point",
    "coordinates": [
     -73.991057,
     40.750373
    ]
   },
   "properties": {
    "line": "2",
    "stop_id": "128",
    "stop_name": "34 St-Penn Station",
    "borough": "M",
    "structure": "Subway",
    "att_reception_frac": 0.0,
    "tmobile_reception_frac": 0.429,
    "verizon_reception_frac": 0.571,
    "sprint_reception_frac": 0.429,
    "n_carriers_majority": 1,
    "any_majority_reception": true
   }
  },
  {
   "type": "Feature",
   "geometry": {
    "type": "Point",
    "coordinates": [
     -74.000201,
     40.737826
    ]
   },
   "properties": {
    "line": "2",
    "stop_id": "132",
    "stop_name": "14 St",
    "borough": "M",
    "structure": "Subway",
    "att_reception_frac": 0.083,
    "tmobile_reception_frac": 0.667,
    "verizon_reception_frac": 0.5,
    "sprint_reception_frac": 0.25,
    "n_carriers_majority": 1,
    "any_majority_reception": true
   }
  },
  {
   "type": "Feature",
   "geometry": {
    "type": "Point",
    "coordinates": [
     -74.009266,
     40.715478
    ]
   },
   "properties": {
    "line": "2",
    "stop_id": "137",
    "stop_name": "Chambers St",
    "borough": "M",
    "structure": "Subway",
    "att_reception_frac": 0.085,
    "tmobile_reception_frac": 0.341,
    "verizon_reception_frac": 0.39,
    "sprint_reception_frac": 0.134,
    "n_carriers_majority": 0,
    "any_majority_reception": false
   }
  },
  {
   "type": "Feature",
   "geometry": {
    "type": "Point",
    "coordinates": [
     -73.85062,
     40.903125
    ]
   },
   "properties": {
    "line": "2",
    "stop_id": "201",
    "stop_name": "Wakefield-241 St",
    "borough": "Bx",
    "structure": "Elevated",
    "att_reception_frac": 0.08,
    "tmobile_reception_frac": 0.187,
    "verizon_reception_frac": 0.413,
    "sprint_reception_frac": 0.107,
    "n_carriers_majority": 0,
    "any_majority_reception": false
   }
  },
  {
   "type": "Feature",
   "geometry": {
    "type": "Point",
    "coordinates": [
     -73.854376,
     40.898379
    ]
   },
   "properties": {
    "line": "2",
    "stop_id": "204",
    "stop_name": "Nereid Av",
    "borough": "Bx",
    "structure": "Elevated",
    "att_reception_frac": 0.0,
    "tmobile_reception_frac": 0.0,
    "verizon_reception_frac": 0.5,
    "sprint_reception_frac": 0.75,
    "n_carriers_majority": 1,
    "any_majority_reception": true
   }
  },
  {
   "type": "Feature",
   "geometry": {
    "type": "Point",
    "coordinates": [
     -73.857473,
     40.893193
    ]
   },
   "properties": {
    "line": "2",
    "stop_id": "205",
    "stop_name": "233 St",
    "borough": "Bx",
    "structure": "Elevated",
    "att_reception_frac": 0.0,
    "tmobile_reception_frac": 0.0,
    "verizon_reception_frac": 0.0,
    "sprint_reception_frac": 0.0,
    "n_carriers_majority": 0,
    "any_majority_reception": false
   }
  },
  {
   "type": "Feature",
   "geometry": {
    "type": "Point",
    "coordinates": [
     -73.860341,
     40.888022
    ]
   },
   "properties": {
    "line": "2",
    "stop_id": "206",
    "stop_name": "225 St",
    "borough": "Bx",
    "structure": "Elevated",
    "att_reception_frac": 0.0,
    "tmobile_reception_frac": 0.0,
    "verizon_reception_frac": 0.0,
    "sprint_reception_frac": 0.333,
    "n_carriers_majority": 0,
    "any_majority_reception": false
   }
  },
  {
   "type": "Feature",
   "geometry": {
    "type": "Point",
    "coordinates": [
     -73.862633,
     40.883895
    ]
   },
   "properties": {
    "line": "2",
    "stop_id": "207",
    "stop_name": "219 St",
    "borough": "Bx",
    "structure": "Elevated",
    "att_reception_frac": 0.0,
    "tmobile_reception_frac": 0.0,
    "verizon_reception_frac": 0.0,
    "sprint_reception_frac": 0.0,
    "n_carriers_majority": 0,
    "any_majority_reception": false
   }
  },
  {
   "type": "Feature",
   "geometry": {
    "type": "Point",
    "coordinates": [
     -73.866256,
     40.87785
    ]
   },
   "properties": {
    "line": "2",
    "stop_id": "208",
    "stop_name": "Gun Hill Rd",
    "borough": "Bx",
    "structure": "Elevated",
    "att_reception_frac": 0.0,
    "tmobile_reception_frac": 0.0,
    "verizon_reception_frac": 0.0,
    "sprint_reception_frac": 0.0,
    "n_carriers_majority": 0,
    "any_majority_reception": false
   }
  },
  {
   "type": "Feature",
   "geometry": {
    "type": "Point",
    "coordinates": [
     -73.867164,
     40.871356
    ]
   },
   "properties": {
    "line": "2",
    "stop_id": "209",
    "stop_name": "Burke Av",
    "borough": "Bx",
    "structure": "Elevated",
    "att_reception_frac": 0.0,
    "tmobile_reception_frac": 0.0,
    "verizon_reception_frac": 0.0,
    "sprint_reception_frac": 0.0,
    "n_carriers_majority": 0,
    "any_majority_reception": false
   }
  },
  {
   "type": "Feature",
   "geometry": {
    "type": "Point",
    "coordinates": [
     -73.867352,
     40.865462
    ]
   },
   "properties": {
    "line": "2",
    "stop_id": "210",
    "stop_name": "Allerton Av",
    "borough": "Bx",
    "structure": "Elevated",
    "att_reception_frac": 0.0,
    "tmobile_reception_frac": 0.0,
    "verizon_reception_frac": 0.0,
    "sprint_reception_frac": 0.0,
    "n_carriers_majority": 0,
    "any_majority_reception": false
   }
  },
  {
   "type": "Feature",
   "geometry": {
    "type": "Point",
    "coordinates": [
     -73.867615,
     40.857192
    ]
   },
   "properties": {
    "line": "2",
    "stop_id": "211",
    "stop_name": "Pelham Pkwy",
    "borough": "Bx",
    "structure": "Elevated",
    "att_reception_frac": 0.0,
    "tmobile_reception_frac": 0.0,
    "verizon_reception_frac": 0.167,
    "sprint_reception_frac": 0.0,
    "n_carriers_majority": 0,
    "any_majority_reception": false
   }
  },
  {
   "type": "Feature",
   "geometry": {
    "type": "Point",
    "coordinates": [
     -73.868457,
     40.848828
    ]
   },
   "properties": {
    "line": "2",
    "stop_id": "212",
    "stop_name": "Bronx Park East",
    "borough": "Bx",
    "structure": "Elevated",
    "att_reception_frac": 0.0,
    "tmobile_reception_frac": 0.0,
    "verizon_reception_frac": 0.0,
    "sprint_reception_frac": 0.0,
    "n_carriers_majority": 0,
    "any_majority_reception": false
   }
  },
  {
   "type": "Feature",
   "geometry": {
    "type": "Point",
    "coordinates": [
     -73.873488,
     40.841894
    ]
   },
   "properties": {
    "line": "2",
    "stop_id": "213",
    "stop_name": "E 180 St",
    "borough": "Bx",
    "structure": "Elevated",
    "att_reception_frac": 0.0,
    "tmobile_reception_frac": 0.0,
    "verizon_reception_frac": 0.0,
    "sprint_reception_frac": 0.0,
    "n_carriers_majority": 0,
    "any_majority_reception": false
   }
  },
  {
   "type": "Feature",
   "geometry": {
    "type": "Point",
    "coordinates": [
     -73.880049,
     40.840295
    ]
   },
   "properties": {
    "line": "2",
    "stop_id": "214",
    "stop_name": "West Farms Sq-E Tremont Av",
    "borough": "Bx",
    "structure": "Elevated",
    "att_reception_frac": 0.0,
    "tmobile_reception_frac": 0.0,
    "verizon_reception_frac": 0.0,
    "sprint_reception_frac": 0.0,
    "n_carriers_majority": 0,
    "any_majority_reception": false
   }
  },
  {
   "type": "Feature",
   "geometry": {
    "type": "Point",
    "coordinates": [
     -73.887734,
     40.837288
    ]
   },
   "properties": {
    "line": "2",
    "stop_id": "215",
    "stop_name": "174 St",
    "borough": "Bx",
    "structure": "Elevated",
    "att_reception_frac": 0.0,
    "tmobile_reception_frac": 0.0,
    "verizon_reception_frac": 0.333,
    "sprint_reception_frac": 0.0,
    "n_carriers_majority": 0,
    "any_majority_reception": false
   }
  },
  {
   "type": "Feature",
   "geometry": {
    "type": "Point",
    "coordinates": [
     -73.972323,
     40.793919
    ]
   },
   "properties": {
    "line": "3",
    "stop_id": "120",
    "stop_name": "96 St",
    "borough": "M",
    "structure": "Subway",
    "att_reception_frac": 0.0,
    "tmobile_reception_frac": 0.167,
    "verizon_reception_frac": 0.667,
    "sprint_reception_frac": 0.0,
    "n_carriers_majority": 1,
    "any_majority_reception": true
   }
  },
  {
   "type": "Feature",
   "geometry": {
    "type": "Point",
    "coordinates": [
     -73.98197,
     40.778453
    ]
   },
   "properties": {
    "line": "3",
    "stop_id": "123",
    "stop_name": "72 St",
    "borough": "M",
    "structure": "Subway",
    "att_reception_frac": 0.071,
    "tmobile_reception_frac": 0.143,
    "verizon_reception_frac": 0.286,
    "sprint_reception_frac": 0.071,
    "n_carriers_majority": 0,
    "any_majority_reception": false
   }
  },
  {
   "type": "Feature",
   "geometry": {
    "type": "Point",
    "coordinates": [
     -73.987495,
     40.75529
    ]
   },
   "properties": {
    "line": "3",
    "stop_id": "127",
    "stop_name": "Times Sq-42 St",
    "borough": "M",
    "structure": "Subway",
    "att_reception_frac": 0.111,
    "tmobile_reception_frac": 0.111,
    "verizon_reception_frac": 0.556,
    "sprint_reception_frac": 0.111,
    "n_carriers_majority": 1,
    "any_majority_reception": true
   }
  },
  {
   "type": "Feature",
   "geometry": {
    "type": "Point",
    "coordinates": [
     -73.991057,
     40.750373
    ]
   },
   "properties": {
    "line": "3",
    "stop_id": "128",
    "stop_name": "34 St-Penn Station",
    "borough": "M",
    "structure": "Subway",
    "att_reception_frac": 0.143,
    "tmobile_reception_frac": 0.0,
    "verizon_reception_frac": 0.143,
    "sprint_reception_frac": 0.143,
    "n_carriers_majority": 0,
    "any_majority_reception": false
   }
  },
  {
   "type": "Feature",
   "geometry": {
    "type": "Point",
    "coordinates": [
     -74.000201,
     40.737826
    ]
   },
   "properties": {
    "line": "3",
    "stop_id": "132",
    "stop_name": "14 St",
    "borough": "M",
    "structure": "Subway",
    "att_reception_frac": 0.0,
    "tmobile_reception_frac": 0.25,
    "verizon_reception_frac": 0.333,
    "sprint_reception_frac": 0.417,
    "n_carriers_majority": 0,
    "any_majority_reception": false
   }
  },
  {
   "type": "Feature",
   "geometry": {
    "type": "Point",
    "coordinates": [
     -74.009266,
     40.715478
    ]
   },
   "properties": {
    "line": "3",
    "stop_id": "137",
    "stop_name": "Chambers St",
    "borough": "M",
    "structure": "Subway",
    "att_reception_frac": 0.089,
    "tmobile_reception_frac": 0.244,
    "verizon_reception_frac": 0.6,
    "sprint_reception_frac": 0.289,
    "n_carriers_majority": 1,
    "any_majority_reception": true
   }
  },
  {
   "type": "Feature",
   "geometry": {
    "type": "Point",
    "coordinates": [
     -73.94077,
     40.814229
    ]
   },
   "properties": {
    "line": "3",
    "stop_id": "224",
    "stop_name": "135 St",
    "borough": "M",
    "structure": "Subway",
    "att_reception_frac": 0.0,
    "tmobile_reception_frac": 0.026,
    "verizon_reception_frac": 0.179,
    "sprint_reception_frac": 0.205,
    "n_carriers_majority": 0,
    "any_majority_reception": false
   }
  },
  {
   "type": "Feature",
   "geometry": {
    "type": "Point",
    "coordinates": [
     -73.945495,
     40.807754
    ]
   },
   "properties": {
    "line": "3",
    "stop_id": "225",
    "stop_name": "125 St",
    "borough": "M",
    "structure": "Subway",
    "att_reception_frac": 0.2,
    "tmobile_reception_frac": 0.0,
    "verizon_reception_frac": 0.0,
    "sprint_reception_frac": 0.0,
    "n_carriers_majority": 0,
    "any_majority_reception": false
   }
  },
  {
   "type": "Feature",
   "geometry": {
    "type": "Point",
    "coordinates": [
     -73.949625,
     40.802098
    ]
   },
   "properties": {
    "line": "3",
    "stop_id": "226",
    "stop_name": "116 St",
    "borough": "M",
    "structure": "Subway",
    "att_reception_frac": 0.0,
    "tmobile_reception_frac": 0.0,
    "verizon_reception_frac": 0.0,
    "sprint_reception_frac": 0.0,
    "n_carriers_majority": 0,
    "any_majority_reception": false
   }
  },
  {
   "type": "Feature",
   "geometry": {
    "type": "Point",
    "coordinates": [
     -73.951822,
     40.799075
    ]
   },
   "properties": {
    "line": "3",
    "stop_id": "227",
    "stop_name": "110 St-Malcolm X Plaza",
    "borough": "M",
    "structure": "Subway",
    "att_reception_frac": 0.152,
    "tmobile_reception_frac": 0.182,
    "verizon_reception_frac": 0.333,
    "sprint_reception_frac": 0.03,
    "n_carriers_majority": 0,
    "any_majority_reception": false
   }
  },
  {
   "type": "Feature",
   "geometry": {
    "type": "Point",
    "coordinates": [
     -74.008811,
     40.713051
    ]
   },
   "properties": {
    "line": "3",
    "stop_id": "228",
    "stop_name": "Park Place",
    "borough": "M",
    "structure": "Subway",
    "att_reception_frac": 0.455,
    "tmobile_reception_frac": 0.545,
    "verizon_reception_frac": 0.455,
    "sprint_reception_frac": 0.273,
    "n_carriers_majority": 1,
    "any_majority_reception": true
   }
  },
  {
   "type": "Feature",
   "geometry": {
    "type": "Point",
    "coordinates": [
     -73.980492,
     40.688246
    ]
   },
   "properties": {
    "line": "4",
    "stop_id": "234",
    "stop_name": "Nevins St",
    "borough": "Bk",
    "structure": "Subway",
    "att_reception_frac": 0.0,
    "tmobile_reception_frac": 0.0,
    "verizon_reception_frac": 0.0,
    "sprint_reception_frac": 0.0,
    "n_carriers_majority": 0,
    "any_majority_reception": false
   }
  },
  {
   "type": "Feature",
   "geometry": {
    "type": "Point",
    "coordinates": [
     -73.977666,
     40.684359
    ]
   },
   "properties": {
    "line": "4",
    "stop_id": "235",
    "stop_name": "Atlantic Av-Barclays Ctr",
    "borough": "Bk",
    "structure": "Subway",
    "att_reception_frac": 0.0,
    "tmobile_reception_frac": 0.0,
    "verizon_reception_frac": 0.0,
    "sprint_reception_frac": 0.0,
    "n_carriers_majority": 0,
    "any_majority_reception": false
   }
  },
  {
   "type": "Feature",
   "geometry": {
    "type": "Point",
    "coordinates": [
     -73.958131,
     40.670682
    ]
   },
   "properties": {
    "line": "4",
    "stop_id": "239",
    "stop_name": "Franklin Av-Medgar Evers College",
    "borough": "Bk",
    "structure": "Subway",
    "att_reception_frac": 0.154,
    "tmobile_reception_frac": 0.462,
    "verizon_reception_frac": 0.385,
    "sprint_reception_frac": 0.077,
    "n_carriers_majority": 0,
    "any_majority_reception": false
   }
  },
  {
   "type": "Feature",
   "geometry": {
    "type": "Point",
    "coordinates": [
     -73.932942,
     40.668897
    ]
   },
   "properties": {
    "line": "4",
    "stop_id": "250",
    "stop_name": "Crown Hts-Utica Av",
    "borough": "Bk",
    "structure": "Subway",
    "att_reception_frac": 0.138,
    "tmobile_reception_frac": 0.162,
    "verizon_reception_frac": 0.175,
    "sprint_reception_frac": 0.088,
    "n_carriers_majority": 0,
    "any_majority_reception": false
   }
  },
  {
   "type": "Feature",
   "geometry": {
    "type": "Point",
    "coordinates": [
     -73.878751,
     40.886037
    ]
   },
   "properties": {
    "line": "4",
    "stop_id": "401",
    "stop_name": "Woodlawn",
    "borough": "Bx",
    "structure": "Elevated",
    "att_reception_frac": 0.053,
    "tmobile_reception_frac": 0.133,
    "verizon_reception_frac": 0.253,
    "sprint_reception_frac": 0.16,
    "n_carriers_majority": 0,
    "any_majority_reception": false
   }
  },
  {
   "type": "Feature",
   "geometry": {
    "type": "Point",
    "coordinates": [
     -73.884655,
     40.87975
    ]
   },
   "properties": {
    "line": "4",
    "stop_id": "402",
    "stop_name": "Mosholu Pkwy",
    "borough": "Bx",
    "structure": "Elevated",
    "att_reception_frac": 0.2,
    "tmobile_reception_frac": 0.2,
    "verizon_reception_frac": 0.2,
    "sprint_reception_frac": 0.0,
    "n_carriers_majority": 0,
    "any_majority_reception": false
   }
  },
  {
   "type": "Feature",
   "geometry": {
    "type": "Point",
    "coordinates": [
     -73.890064,
     40.873412
    ]
   },
   "properties": {
    "line": "4",
    "stop_id": "405",
    "stop_name": "Bedford Park Blvd-Lehman College",
    "borough": "Bx",
    "structure": "Elevated",
    "att_reception_frac": 0.0,
    "tmobile_reception_frac": 0.0,
    "verizon_reception_frac": 0.0,
    "sprint_reception_frac": 0.0,
    "n_carriers_majority": 0,
    "any_majority_reception": false
   }
  },
  {
   "type": "Feature",
   "geometry": {
    "type": "Point",
    "coordinates": [
     -73.897174,
     40.86776
    ]
   },
   "properties": {
    "line": "4",
    "stop_id": "406",
    "stop_name": "Kingsbridge Rd",
    "borough": "Bx",
    "structure": "Elevated",
    "att_reception_frac": 0.0,
    "tmobile_reception_frac": 0.0,
    "verizon_reception_frac": 0.333,
    "sprint_reception_frac": 0.333,
    "n_carriers_majority": 0,
    "any_majority_reception": false
   }
  },
  {
   "type": "Feature",
   "geometry": {
    "type": "Point",
    "coordinates": [
     -73.854376,
     40.898379
    ]
   },
   "properties": {
    "line": "5",
    "stop_id": "204",
    "stop_name": "Nereid Av",
    "borough": "Bx",
    "structure": "Elevated",
    "att_reception_frac": 0.0,
    "tmobile_reception_frac": 0.0,
    "verizon_reception_frac": 0.0,
    "sprint_reception_frac": 0.0,
    "n_carriers_majority": 0,
    "any_majority_reception": false
   }
  },
  {
   "type": "Feature",
   "geometry": {
    "type": "Point",
    "coordinates": [
     -73.857473,
     40.893193
    ]
   },
   "properties": {
    "line": "5",
    "stop_id": "205",
    "stop_name": "233 St",
    "borough": "Bx",
    "structure": "Elevated",
    "att_reception_frac": 0.0,
    "tmobile_reception_frac": 0.0,
    "verizon_reception_frac": 0.0,
    "sprint_reception_frac": 0.0,
    "n_carriers_majority": 0,
    "any_majority_reception": false
   }
  },
  {
   "type": "Feature",
   "geometry": {
    "type": "Point",
    "coordinates": [
     -73.860341,
     40.888022
    ]
   },
   "properties": {
    "line": "5",
    "stop_id": "206",
    "stop_name": "225 St",
    "borough": "Bx",
    "structure": "Elevated",
    "att_reception_frac": 0.0,
    "tmobile_reception_frac": 0.0,
    "verizon_reception_frac": 0.0,
    "sprint_reception_frac": 0.0,
    "n_carriers_majority": 0,
    "any_majority_reception": false
   }
  },
  {
   "type": "Feature",
   "geometry": {
    "type": "Point",
    "coordinates": [
     -73.862633,
     40.883895
    ]
   },
   "properties": {
    "line": "5",
    "stop_id": "207",
    "stop_name": "219 St",
    "borough": "Bx",
    "structure": "Elevated",
    "att_reception_frac": 0.5,
    "tmobile_reception_frac": 0.75,
    "verizon_reception_frac": 0.5,
    "sprint_reception_frac": 0.25,
    "n_carriers_majority": 1,
    "any_majority_reception": true
   }
  },
  {
   "type": "Feature",
   "geometry": {
    "type": "Point",
    "coordinates": [
     -73.866256,
     40.87785
    ]
   },
   "properties": {
    "line": "5",
    "stop_id": "208",
    "stop_name": "Gun Hill Rd",
    "borough": "Bx",
    "structure": "Elevated",
    "att_reception_frac": 0.0,
    "tmobile_reception_frac": 0.8,
    "verizon_reception_frac": 0.4,
    "sprint_reception_frac": 0.0,
    "n_carriers_majority": 1,
    "any_majority_reception": true
   }
  },
  {
   "type": "Feature",
   "geometry": {
    "type": "Point",
    "coordinates": [
     -73.867164,
     40.871356
    ]
   },
   "properties": {
    "line": "5",
    "stop_id": "209",
    "stop_name": "Burke Av",
    "borough": "Bx",
    "structure": "Elevated",
    "att_reception_frac": 0.0,
    "tmobile_reception_frac": 0.25,
    "verizon_reception_frac": 0.75,
    "sprint_reception_frac": 0.0,
    "n_carriers_majority": 1,
    "any_majority_reception": true
   }
  },
  {
   "type": "Feature",
   "geometry": {
    "type": "Point",
    "coordinates": [
     -73.867352,
     40.865462
    ]
   },
   "properties": {
    "line": "5",
    "stop_id": "210",
    "stop_name": "Allerton Av",
    "borough": "Bx",
    "structure": "Elevated",
    "att_reception_frac": 0.25,
    "tmobile_reception_frac": 0.25,
    "verizon_reception_frac": 0.5,
    "sprint_reception_frac": 0.5,
    "n_carriers_majority": 0,
    "any_majority_reception": false
   }
  },
  {
   "type": "Feature",
   "geometry": {
    "type": "Point",
    "coordinates": [
     -73.867615,
     40.857192
    ]
   },
   "properties": {
    "line": "5",
    "stop_id": "211",
    "stop_name": "Pelham Pkwy",
    "borough": "Bx",
    "structure": "Elevated",
    "att_reception_frac": 0.167,
    "tmobile_reception_frac": 0.167,
    "verizon_reception_frac": 0.833,
    "sprint_reception_frac": 0.0,
    "n_carriers_majority": 1,
    "any_majority_reception": true
   }
  },
  {
   "type": "Feature",
   "geometry": {
    "type": "Point",
    "coordinates": [
     -73.868457,
     40.848828
    ]
   },
   "properties": {
    "line": "5",
    "stop_id": "212",
    "stop_name": "Bronx Park East",
    "borough": "Bx",
    "structure": "Elevated",
    "att_reception_frac": 0.2,
    "tmobile_reception_frac": 0.4,
    "verizon_reception_frac": 0.4,
    "sprint_reception_frac": 0.0,
    "n_carriers_majority": 0,
    "any_majority_reception": false
   }
  },
  {
   "type": "Feature",
   "geometry": {
    "type": "Point",
    "coordinates": [
     -73.873488,
     40.841894
    ]
   },
   "properties": {
    "line": "5",
    "stop_id": "213",
    "stop_name": "E 180 St",
    "borough": "Bx",
    "structure": "Elevated",
    "att_reception_frac": 0.0,
    "tmobile_reception_frac": 0.6,
    "verizon_reception_frac": 0.4,
    "sprint_reception_frac": 0.6,
    "n_carriers_majority": 2,
    "any_majority_reception": true
   }
  },
  {
   "type": "Feature",
   "geometry": {
    "type": "Point",
    "coordinates": [
     -73.880049,
     40.840295
    ]
   },
   "properties": {
    "line": "5",
    "stop_id": "214",
    "stop_name": "West Farms Sq-E Tremont Av",
    "borough": "Bx",
    "structure": "Elevated",
    "att_reception_frac": 0.0,
    "tmobile_reception_frac": 0.667,
    "verizon_reception_frac": 0.333,
    "sprint_reception_frac": 0.0,
    "n_carriers_majority": 1,
    "any_majority_reception": true
   }
  },
  {
   "type": "Feature",
   "geometry": {
    "type": "Point",
    "coordinates": [
     -73.887734,
     40.837288
    ]
   },
   "properties": {
    "line": "5",
    "stop_id": "215",
    "stop_name": "174 St",
    "borough": "Bx",
    "structure": "Elevated",
    "att_reception_frac": 0.4,
    "tmobile_reception_frac": 0.2,
    "verizon_reception_frac": 0.4,
    "sprint_reception_frac": 0.2,
    "n_carriers_majority": 0,
    "any_majority_reception": false
   }
  },
  {
   "type": "Feature",
   "geometry": {
    "type": "Point",
    "coordinates": [
     -73.891865,
     40.829993
    ]
   },
   "properties": {
    "line": "5",
    "stop_id": "216",
    "stop_name": "Freeman St",
    "borough": "Bx",
    "structure": "Elevated",
    "att_reception_frac": 0.0,
    "tmobile_reception_frac": 0.8,
    "verizon_reception_frac": 0.8,
    "sprint_reception_frac": 0.4,
    "n_carriers_majority": 2,
    "any_majority_reception": true
   }
  },
  {
   "type": "Feature",
   "geometry": {
    "type": "Point",
    "coordinates": [
     -73.893064,
     40.824073
    ]
   },
   "properties": {
    "line": "5",
    "stop_id": "217",
    "stop_name": "Simpson St",
    "borough": "Bx",
    "structure": "Elevated",
    "att_reception_frac": 0.333,
    "tmobile_reception_frac": 0.333,
    "verizon_reception_frac": 0.667,
    "sprint_reception_frac": 0.0,
    "n_carriers_majority": 1,
    "any_majority_reception": true
   }
  },
  {
   "type": "Feature",
   "geometry": {
    "type": "Point",
    "coordinates": [
     -73.896736,
     40.822181
    ]
   },
   "properties": {
    "line": "5",
    "stop_id": "218",
    "stop_name": "Intervale Av",
    "borough": "Bx",
    "structure": "Elevated",
    "att_reception_frac": 0.0,
    "tmobile_reception_frac": 0.0,
    "verizon_reception_frac": 0.0,
    "sprint_reception_frac": 0.0,
    "n_carriers_majority": 0,
    "any_majority_reception": false
   }
  },
  {
   "type": "Feature",
   "geometry": {
    "type": "Point",
    "coordinates": [
     -73.90177,
     40.819585
    ]
   },
   "properties": {
    "line": "5",
    "stop_id": "219",
    "stop_name": "Prospect Av",
    "borough": "Bx",
    "structure": "Elevated",
    "att_reception_frac": 0.0,
    "tmobile_reception_frac": 0.667,
    "verizon_reception_frac": 0.333,
    "sprint_reception_frac": 0.0,
    "n_carriers_majority": 1,
    "any_majority_reception": true
   }
  },
  {
   "type": "Feature",
   "geometry": {
    "type": "Point",
    "coordinates": [
     -73.907807,
     40.81649
    ]
   },
   "properties": {
    "line": "5",
    "stop_id": "220",
    "stop_name": "Jackson Av",
    "borough": "Bx",
    "structure": "Elevated",
    "att_reception_frac": 0.0,
    "tmobile_reception_frac": 1.0,
    "verizon_reception_frac": 0.5,
    "sprint_reception_frac": 0.0,
    "n_carriers_majority": 1,
    "any_majority_reception": true
   }
  },
  {
   "type": "Feature",
   "geometry": {
    "type": "Point",
    "coordinates": [
     -73.917757,
     40.816109
    ]
   },
   "properties": {
    "line": "5",
    "stop_id": "221",
    "stop_name": "3 Av-149 St",
    "borough": "Bx",
    "structure": "Subway",
    "att_reception_frac": 0.0,
    "tmobile_reception_frac": 0.2,
    "verizon_reception_frac": 0.4,
    "sprint_reception_frac": 0.0,
    "n_carriers_majority": 0,
    "any_majority_reception": false
   }
  },
  {
   "type": "Feature",
   "geometry": {
    "type": "Point",
    "coordinates": [
     -73.926718,
     40.81841
    ]
   },
   "properties": {
    "line": "5",
    "stop_id": "222",
    "stop_name": "149 St-Grand Concourse",
    "borough": "Bx",
    "structure": "Subway",
    "att_reception_frac": 0.062,
    "tmobile_reception_frac": 0.125,
    "verizon_reception_frac": 0.146,
    "sprint_reception_frac": 0.083,
    "n_carriers_majority": 0,
    "any_majority_reception": false
   }
  },
  {
   "type": "Feature",
   "geometry": {
    "type": "Point",
    "coordinates": [
     -73.980492,
     40.688246
    ]
   },
   "properties": {
    "line": "5",
    "stop_id": "234",
    "stop_name": "Nevins St",
    "borough": "Bk",
    "structure": "Subway",
    "att_reception_frac": 0.13,
    "tmobile_reception_frac": 0.109,
    "verizon_reception_frac": 0.304,
    "sprint_reception_frac": 0.196,
    "n_carriers_majority": 0,
    "any_majority_reception": false
   }
  },
  {
   "type": "Feature",
   "geometry": {
    "type": "Point",
    "coordinates": [
     -73.977666,
     40.684359
    ]
   },
   "properties": {
    "line": "5",
    "stop_id": "235",
    "stop_name": "Atlantic Av-Barclays Ctr",
    "borough": "Bk",
    "structure": "Subway",
    "att_reception_frac": 0.0,
    "tmobile_reception_frac": 0.0,
    "verizon_reception_frac": 0.125,
    "sprint_reception_frac": 0.125,
    "n_carriers_majority": 0,
    "any_majority_reception": false
   }
  },
  {
   "type": "Feature",
   "geometry": {
    "type": "Point",
    "coordinates": [
     -73.958131,
     40.670682
    ]
   },
   "properties": {
    "line": "5",
    "stop_id": "239",
    "stop_name": "Franklin Av-Medgar Evers College",
    "borough": "Bk",
    "structure": "Subway",
    "att_reception_frac": 0.0,
    "tmobile_reception_frac": 0.0,
    "verizon_reception_frac": 0.0,
    "sprint_reception_frac": 0.111,
    "n_carriers_majority": 0,
    "any_majority_reception": false
   }
  },
  {
   "type": "Feature",
   "geometry": {
    "type": "Point",
    "coordinates": [
     -73.950683,
     40.667883
    ]
   },
   "properties": {
    "line": "5",
    "stop_id": "241",
    "stop_name": "President St-Medgar Evers College",
    "borough": "Bk",
    "structure": "Subway",
    "att_reception_frac": 0.0,
    "tmobile_reception_frac": 0.0,
    "verizon_reception_frac": 0.0,
    "sprint_reception_frac": 0.0,
    "n_carriers_majority": 0,
    "any_majority_reception": false
   }
  },
  {
   "type": "Feature",
   "geometry": {
    "type": "Point",
    "coordinates": [
     -73.95085,
     40.662742
    ]
   },
   "properties": {
    "line": "5",
    "stop_id": "242",
    "stop_name": "Sterling St",
    "borough": "Bk",
    "structure": "Subway",
    "att_reception_frac": 0.0,
    "tmobile_reception_frac": 0.0,
    "verizon_reception_frac": 0.0,
    "sprint_reception_frac": 0.0,
    "n_carriers_majority": 0,
    "any_majority_reception": false
   }
  },
  {
   "type": "Feature",
   "geometry": {
    "type": "Point",
    "coordinates": [
     -73.9502,
     40.656652
    ]
   },
   "properties": {
    "line": "5",
    "stop_id": "243",
    "stop_name": "Winthrop St",
    "borough": "Bk",
    "structure": "Subway",
    "att_reception_frac": 0.0,
    "tmobile_reception_frac": 0.0,
    "verizon_reception_frac": 0.0,
    "sprint_reception_frac": 0.5,
    "n_carriers_majority": 0,
    "any_majority_reception": false
   }
  },
  {
   "type": "Feature",
   "geometry": {
    "type": "Point",
    "coordinates": [
     -73.949575,
     40.650843
    ]
   },
   "properties": {
    "line": "5",
    "stop_id": "244",
    "stop_name": "Church Av",
    "borough": "Bk",
    "structure": "Subway",
    "att_reception_frac": 0.25,
    "tmobile_reception_frac": 0.0,
    "verizon_reception_frac": 0.0,
    "sprint_reception_frac": 0.5,
    "n_carriers_majority": 0,
    "any_majority_reception": false
   }
  },
  {
   "type": "Feature",
   "geometry": {
    "type": "Point",
    "coordinates": [
     -73.948959,
     40.645098
    ]
   },
   "properties": {
    "line": "5",
    "stop_id": "245",
    "stop_name": "Beverly Rd",
    "borough": "Bk",
    "structure": "Subway",
    "att_reception_frac": 0.0,
    "tmobile_reception_frac": 0.333,
    "verizon_reception_frac": 0.0,
    "sprint_reception_frac": 0.333,
    "n_carriers_majority": 0,
    "any_majority_reception": false
   }
  },
  {
   "type": "Feature",
   "geometry": {
    "type": "Point",
    "coordinates": [
     -73.948411,
     40.639967
    ]
   },
   "properties": {
    "line": "5",
    "stop_id": "246",
    "stop_name": "Newkirk Av-Little Haiti",
    "borough": "Bk",
    "structure": "Subway",
    "att_reception_frac": 0.0,
    "tmobile_reception_frac": 0.0,
    "verizon_reception_frac": 0.0,
    "sprint_reception_frac": 0.0,
    "n_carriers_majority": 0,
    "any_majority_reception": false
   }
  },
  {
   "type": "Feature",
   "geometry": {
    "type": "Point",
    "coordinates": [
     -73.947642,
     40.632836
    ]
   },
   "properties": {
    "line": "5",
    "stop_id": "247",
    "stop_name": "Flatbush Av-Brooklyn College",
    "borough": "Bk",
    "structure": "Subway",
    "att_reception_frac": 0.0,
    "tmobile_reception_frac": 0.028,
    "verizon_reception_frac": 0.083,
    "sprint_reception_frac": 0.0,
    "n_carriers_majority": 0,
    "any_majority_reception": false
   }
  },
  {
   "type": "Feature",
   "geometry": {
    "type": "Point",
    "coordinates": [
     -73.828121,
     40.852462
    ]
   },
   "properties": {
    "line": "6",
    "stop_id": "601",
    "stop_name": "Pelham Bay Park",
    "borough": "Bx",
    "structure": "Elevated",
    "att_reception_frac": 0.0,
    "tmobile_reception_frac": 0.0,
    "verizon_reception_frac": 0.0,
    "sprint_reception_frac": 0.0,
    "n_carriers_majority": 0,
    "any_majority_reception": false
   }
  },
  {
   "type": "Feature",
   "geometry": {
    "type": "Point",
    "coordinates": [
     -73.832569,
     40.84681
    ]
   },
   "properties": {
    "line": "6",
    "stop_id": "602",
    "stop_name": "Buhre Av",
    "borough": "Bx",
    "structure": "Elevated",
    "att_reception_frac": 0.0,
    "tmobile_reception_frac": 0.0,
    "verizon_reception_frac": 0.0,
    "sprint_reception_frac": 0.0,
    "n_carriers_majority": 0,
    "any_majority_reception": false
   }
  },
  {
   "type": "Feature",
   "geometry": {
    "type": "Point",
    "coordinates": [
     -73.836322,
     40.843863
    ]
   },
   "properties": {
    "line": "6",
    "stop_id": "603",
    "stop_name": "Middletown Rd",
    "borough": "Bx",
    "structure": "Elevated",
    "att_reception_frac": 0.0,
    "tmobile_reception_frac": 0.0,
    "verizon_reception_frac": 0.0,
    "sprint_reception_frac": 0.0,
    "n_carriers_majority": 0,
    "any_majority_reception": false
   }
  },
  {
   "type": "Feature",
   "geometry": {
    "type": "Point",
    "coordinates": [
     -73.842952,
     40.839892
    ]
   },
   "properties": {
    "line": "6",
    "stop_id": "604",
    "stop_name": "Westchester Sq-E Tremont Av",
    "borough": "Bx",
    "structure": "Elevated",
    "att_reception_frac": 0.0,
    "tmobile_reception_frac": 0.667,
    "verizon_reception_frac": 1.0,
    "sprint_reception_frac": 0.0,
    "n_carriers_majority": 2,
    "any_majority_reception": true
   }
  },
  {
   "type": "Feature",
   "geometry": {
    "type": "Point",
    "coordinates": [
     -73.847036,
     40.836488
    ]
   },
   "properties": {
    "line": "6",
    "stop_id": "606",
    "stop_name": "Zerega Av",
    "borough": "Bx",
    "structure": "Elevated",
    "att_reception_frac": 0.333,
    "tmobile_reception_frac": 0.333,
    "verizon_reception_frac": 0.667,
    "sprint_reception_frac": 0.333,
    "n_carriers_majority": 1,
    "any_majority_reception": true
   }
  },
  {
   "type": "Feature",
   "geometry": {
    "type": "Point",
    "coordinates": [
     -73.851222,
     40.834255
    ]
   },
   "properties": {
    "line": "6",
    "stop_id": "607",
    "stop_name": "Castle Hill Av",
    "borough": "Bx",
    "structure": "Elevated",
    "att_reception_frac": 0.0,
    "tmobile_reception_frac": 0.25,
    "verizon_reception_frac": 0.25,
    "sprint_reception_frac": 0.25,
    "n_carriers_majority": 0,
    "any_majority_reception": false
   }
  },
  {
   "type": "Feature",
   "geometry": {
    "type": "Point",
    "coordinates": [
     -73.860816,
     40.833226
    ]
   },
   "properties": {
    "line": "6",
    "stop_id": "608",
    "stop_name": "Parkchester",
    "borough": "Bx",
    "structure": "Elevated",
    "att_reception_frac": 0.25,
    "tmobile_reception_frac": 0.5,
    "verizon_reception_frac": 0.5,
    "sprint_reception_frac": 0.5,
    "n_carriers_majority": 0,
    "any_majority_reception": false
   }
  },
  {
   "type": "Feature",
   "geometry": {
    "type": "Point",
    "coordinates": [
     -73.867618,
     40.831509
    ]
   },
   "properties": {
    "line": "6",
    "stop_id": "609",
    "stop_name": "St Lawrence Av",
    "borough": "Bx",
    "structure": "Elevated",
    "att_reception_frac": 0.5,
    "tmobile_reception_frac": 0.25,
    "verizon_reception_frac": 0.25,
    "sprint_reception_frac": 0.0,
    "n_carriers_majority": 0,
    "any_majority_reception": false
   }
  },
  {
   "type": "Feature",
   "geometry": {
    "type": "Point",
    "coordinates": [
     -73.874516,
     40.829521
    ]
   },
   "properties": {
    "line": "6",
    "stop_id": "610",
    "stop_name": "Morrison Av-Soundview",
    "borough": "Bx",
    "structure": "Elevated",
    "att_reception_frac": 0.0,
    "tmobile_reception_frac": 0.333,
    "verizon_reception_frac": 0.333,
    "sprint_reception_frac": 0.0,
    "n_carriers_majority": 0,
    "any_majority_reception": false
   }
  },
  {
   "type": "Feature",
   "geometry": {
    "type": "Point",
    "coordinates": [
     -73.879159,
     40.828584
    ]
   },
   "properties": {
    "line": "6",
    "stop_id": "611",
    "stop_name": "Elder Av",
    "borough": "Bx",
    "structure": "Elevated",
    "att_reception_frac": 0.0,
    "tmobile_reception_frac": 0.667,
    "verizon_reception_frac": 0.667,
    "sprint_reception_frac": 0.333,
    "n_carriers_majority": 2,
    "any_majority_reception": true
   }
  },
  {
   "type": "Feature",
   "geometry": {
    "type": "Point",
    "coordinates": [
     -73.886283,
     40.826525
    ]
   },
   "properties": {
    "line": "6",
    "stop_id": "612",
    "stop_name": "Whitlock Av",
    "borough": "Bx",
    "structure": "Elevated",
    "att_reception_frac": 0.25,
    "tmobile_reception_frac": 0.0,
    "verizon_reception_frac": 0.25,
    "sprint_reception_frac": 0.0,
    "n_carriers_majority": 0,
    "any_majority_reception": false
   }
  },
  {
   "type": "Feature",
   "geometry": {
    "type": "Point",
    "coordinates": [
     -73.890549,
     40.820948
    ]
   },
   "properties": {
    "line": "6",
    "stop_id": "613",
    "stop_name": "Hunts Point Av",
    "borough": "Bx",
    "structure": "Subway",
    "att_reception_frac": 0.5,
    "tmobile_reception_frac": 0.0,
    "verizon_reception_frac": 0.0,
    "sprint_reception_frac": 0.0,
    "n_carriers_majority": 0,
    "any_majority_reception": false
   }
  },
  {
   "type": "Feature",
   "geometry": {
    "type": "Point",
    "coordinates": [
     -73.896435,
     40.816104
    ]
   },
   "properties": {
    "line": "6",
    "stop_id": "614",
    "stop_name": "Longwood Av",
    "borough": "Bx",
    "structure": "Subway",
    "att_reception_frac": 0.2,
    "tmobile_reception_frac": 0.2,
    "verizon_reception_frac": 0.2,
    "sprint_reception_frac": 0.0,
    "n_carriers_majority": 0,
    "any_majority_reception": false
   }
  },
  {
   "type": "Feature",
   "geometry": {
    "type": "Point",
    "coordinates": [
     -73.904098,
     40.812118
    ]
   },
   "properties": {
    "line": "6",
    "stop_id": "615",
    "stop_name": "E 149 St",
    "borough": "Bx",
    "structure": "Subway",
    "att_reception_frac": 0.0,
    "tmobile_reception_frac": 0.25,
    "verizon_reception_frac": 0.25,
    "sprint_reception_frac": 0.0,
    "n_carriers_majority": 0,
    "any_majority_reception": false
   }
  },
  {
   "type": "Feature",
   "geometry": {
    "type": "Point",
    "coordinates": [
     -73.907657,
     40.808719
    ]
   },
   "properties": {
    "line": "6",
    "stop_id": "616",
    "stop_name": "E 143 St-St Mary's St",
    "borough": "Bx",
    "structure": "Subway",
    "att_reception_frac": 0.0,
    "tmobile_reception_frac": 0.0,
    "verizon_reception_frac": 0.333,
    "sprint_reception_frac": 0.0,
    "n_carriers_majority": 0,
    "any_majority_reception": false
   }
  },
  {
   "type": "Feature",
   "geometry": {
    "type": "Point",
    "coordinates": [
     -73.914042,
     40.805368
    ]
   },
   "properties": {
    "line": "6",
    "stop_id": "617",
    "stop_name": "Cypress Av",
    "borough": "Bx",
    "structure": "Subway",
    "att_reception_frac": 0.0,
    "tmobile_reception_frac": 0.0,
    "verizon_reception_frac": 0.0,
    "sprint_reception_frac": 0.0,
    "n_carriers_majority": 0,
    "any_majority_reception": false
   }
  },
  {
   "type": "Feature",
   "geometry": {
    "type": "Point",
    "coordinates": [
     -73.91924,
     40.807566
    ]
   },
   "properties": {
    "line": "6",
    "stop_id": "618",
    "stop_name": "Brook Av",
    "borough": "Bx",
    "structure": "Subway",
    "att_reception_frac": 0.0,
    "tmobile_reception_frac": 0.0,
    "verizon_reception_frac": 0.0,
    "sprint_reception_frac": 0.0,
    "n_carriers_majority": 0,
    "any_majority_reception": false
   }
  },
  {
   "type": "Feature",
   "geometry": {
    "type": "Point",
    "coordinates": [
     -73.926138,
     40.810476
    ]
   },
   "properties": {
    "line": "6",
    "stop_id": "619",
    "stop_name": "3 Av-138 St",
    "borough": "Bx",
    "structure": "Subway",
    "att_reception_frac": 0.0,
    "tmobile_reception_frac": 0.0,
    "verizon_reception_frac": 0.0,
    "sprint_reception_frac": 0.0,
    "n_carriers_majority": 0,
    "any_majority_reception": false
   }
  },
  {
   "type": "Feature",
   "geometry": {
    "type": "Point",
    "coordinates": [
     -73.937594,
     40.804138
    ]
   },
   "properties": {
    "line": "6",
    "stop_id": "621",
    "stop_name": "125 St",
    "borough": "M",
    "structure": "Subway",
    "att_reception_frac": 0.0,
    "tmobile_reception_frac": 0.0,
    "verizon_reception_frac": 0.0,
    "sprint_reception_frac": 0.0,
    "n_carriers_majority": 0,
    "any_majority_reception": false
   }
  },
  {
   "type": "Feature",
   "geometry": {
    "type": "Point",
    "coordinates": [
     -73.941617,
     40.798629
    ]
   },
   "properties": {
    "line": "6",
    "stop_id": "622",
    "stop_name": "116 St",
    "borough": "M",
    "structure": "Subway",
    "att_reception_frac": 0.0,
    "tmobile_reception_frac": 0.0,
    "verizon_reception_frac": 0.0,
    "sprint_reception_frac": 0.0,
    "n_carriers_majority": 0,
    "any_majority_reception": false
   }
  },
  {
   "type": "Feature",
   "geometry": {
    "type": "Point",
    "coordinates": [
     -73.94425,
     40.79502
    ]
   },
   "properties": {
    "line": "6",
    "stop_id": "623",
    "stop_name": "110 St",
    "borough": "M",
    "structure": "Subway",
    "att_reception_frac": 0.0,
    "tmobile_reception_frac": 0.0,
    "verizon_reception_frac": 0.333,
    "sprint_reception_frac": 0.0,
    "n_carriers_majority": 0,
    "any_majority_reception": false
   }
  },
  {
   "type": "Feature",
   "geometry": {
    "type": "Point",
    "coordinates": [
     -73.947478,
     40.7906
    ]
   },
   "properties": {
    "line": "6",
    "stop_id": "624",
    "stop_name": "103 St",
    "borough": "M",
    "structure": "Subway",
    "att_reception_frac": 0.0,
    "tmobile_reception_frac": 0.0,
    "verizon_reception_frac": 0.0,
    "sprint_reception_frac": 0.0,
    "n_carriers_majority": 0,
    "any_majority_reception": false
   }
  },
  {
   "type": "Feature",
   "geometry": {
    "type": "Point",
    "coordinates": [
     -73.95107,
     40.785672
    ]
   },
   "properties": {
    "line": "6",
    "stop_id": "625",
    "stop_name": "96 St",
    "borough": "M",
    "structure": "Subway",
    "att_reception_frac": 0.25,
    "tmobile_reception_frac": 0.0,
    "verizon_reception_frac": 0.0,
    "sprint_reception_frac": 0.0,
    "n_carriers_majority": 0,
    "any_majority_reception": false
   }
  },
  {
   "type": "Feature",
   "geometry": {
    "type": "Point",
    "coordinates": [
     -73.955589,
     40.779492
    ]
   },
   "properties": {
    "line": "6",
    "stop_id": "626",
    "stop_name": "86 St",
    "borough": "M",
    "structure": "Subway",
    "att_reception_frac": 0.2,
    "tmobile_reception_frac": 0.2,
    "verizon_reception_frac": 0.0,
    "sprint_reception_frac": 0.0,
    "n_carriers_majority": 0,
    "any_majority_reception": false
   }
  },
  {
   "type": "Feature",
   "geometry": {
    "type": "Point",
    "coordinates": [
     -73.959874,
     40.77362
    ]
   },
   "properties": {
    "line": "6",
    "stop_id": "627",
    "stop_name": "77 St",
    "borough": "M",
    "structure": "Subway",
    "att_reception_frac": 0.25,
    "tmobile_reception_frac": 0.25,
    "verizon_reception_frac": 0.25,
    "sprint_reception_frac": 0.25,
    "n_carriers_majority": 0,
    "any_majority_reception": false
   }
  },
  {
   "type": "Feature",
   "geometry": {
    "type": "Point",
    "coordinates": [
     -73.96387,
     40.768141
    ]
   },
   "properties": {
    "line": "6",
    "stop_id": "628",
    "stop_name": "68 St-Hunter College",
    "borough": "M",
    "structure": "Subway",
    "att_reception_frac": 0.0,
    "tmobile_reception_frac": 0.0,
    "verizon_reception_frac": 0.0,
    "sprint_reception_frac": 0.0,
    "n_carriers_majority": 0,
    "any_majority_reception": false
   }
  },
  {
   "type": "Feature",
   "geometry": {
    "type": "Point",
    "coordinates": [
     -73.967967,
     40.762526
    ]
   },
   "properties": {
    "line": "6",
    "stop_id": "629",
    "stop_name": "59 St",
    "borough": "M",
    "structure": "Subway",
    "att_reception_frac": 0.0,
    "tmobile_reception_frac": 0.0,
    "verizon_reception_frac": 0.25,
    "sprint_reception_frac": 0.0,
    "n_carriers_majority": 0,
    "any_majority_reception": false
   }
  },
  {
   "type": "Feature",
   "geometry": {
    "type": "Point",
    "coordinates": [
     -73.97192,
     40.757107
    ]
   },
   "properties": {
    "line": "6",
    "stop_id": "630",
    "stop_name": "51 St",
    "borough": "M",
    "structure": "Subway",
    "att_reception_frac": 0.0,
    "tmobile_reception_frac": 0.0,
    "verizon_reception_frac": 0.0,
    "sprint_reception_frac": 0.0,
    "n_carriers_majority": 0,
    "any_majority_reception": false
   }
  },
  {
   "type": "Feature",
   "geometry": {
    "type": "Point",
    "coordinates": [
     -73.976848,
     40.751776
    ]
   },
   "properties": {
    "line": "6",
    "stop_id": "631",
    "stop_name": "Grand Central-42 St",
    "borough": "M",
    "structure": "Subway",
    "att_reception_frac": 0.0,
    "tmobile_reception_frac": 0.0,
    "verizon_reception_frac": 0.0,
    "sprint_reception_frac": 0.0,
    "n_carriers_majority": 0,
    "any_majority_reception": false
   }
  },
  {
   "type": "Feature",
   "geometry": {
    "type": "Point",
    "coordinates": [
     -73.982076,
     40.746081
    ]
   },
   "properties": {
    "line": "6",
    "stop_id": "632",
    "stop_name": "33 St",
    "borough": "M",
    "structure": "Subway",
    "att_reception_frac": 0.0,
    "tmobile_reception_frac": 0.0,
    "verizon_reception_frac": 0.0,
    "sprint_reception_frac": 0.0,
    "n_carriers_majority": 0,
    "any_majority_reception": false
   }
  },
  {
   "type": "Feature",
   "geometry": {
    "type": "Point",
    "coordinates": [
     -73.984264,
     40.74307
    ]
   },
   "properties": {
    "line": "6",
    "stop_id": "633",
    "stop_name": "28 St",
    "borough": "M",
    "structure": "Subway",
    "att_reception_frac": 0.0,
    "tmobile_reception_frac": 0.0,
    "verizon_reception_frac": 0.0,
    "sprint_reception_frac": 0.0,
    "n_carriers_majority": 0,
    "any_majority_reception": false
   }
  },
  {
   "type": "Feature",
   "geometry": {
    "type": "Point",
    "coordinates": [
     -73.986599,
     40.739864
    ]
   },
   "properties": {
    "line": "6",
    "stop_id": "634",
    "stop_name": "23 St-Baruch College",
    "borough": "M",
    "structure": "Subway",
    "att_reception_frac": 0.0,
    "tmobile_reception_frac": 0.0,
    "verizon_reception_frac": 0.0,
    "sprint_reception_frac": 0.0,
    "n_carriers_majority": 0,
    "any_majority_reception": false
   }
  },
  {
   "type": "Feature",
   "geometry": {
    "type": "Point",
    "coordinates": [
     -73.989951,
     40.734673
    ]
   },
   "properties": {
    "line": "6",
    "stop_id": "635",
    "stop_name": "14 St-Union Sq",
    "borough": "M",
    "structure": "Subway",
    "att_reception_frac": 0.0,
    "tmobile_reception_frac": 0.0,
    "verizon_reception_frac": 0.333,
    "sprint_reception_frac": 0.0,
    "n_carriers_majority": 0,
    "any_majority_reception": false
   }
  },
  {
   "type": "Feature",
   "geometry": {
    "type": "Point",
    "coordinates": [
     -73.99107,
     40.730054
    ]
   },
   "properties": {
    "line": "6",
    "stop_id": "636",
    "stop_name": "Astor Pl",
    "borough": "M",
    "structure": "Subway",
    "att_reception_frac": 0.0,
    "tmobile_reception_frac": 0.25,
    "verizon_reception_frac": 0.25,
    "sprint_reception_frac": 0.0,
    "n_carriers_majority": 0,
    "any_majority_reception": false
   }
  },
  {
   "type": "Feature",
   "geometry": {
    "type": "Point",
    "coordinates": [
     -73.994659,
     40.725915
    ]
   },
   "properties": {
    "line": "6",
    "stop_id": "637",
    "stop_name": "Bleecker St",
    "borough": "M",
    "structure": "Subway",
    "att_reception_frac": 0.0,
    "tmobile_reception_frac": 0.0,
    "verizon_reception_frac": 0.333,
    "sprint_reception_frac": 1.0,
    "n_carriers_majority": 1,
    "any_majority_reception": true
   }
  },
  {
   "type": "Feature",
   "geometry": {
    "type": "Point",
    "coordinates": [
     -73.997141,
     40.722301
    ]
   },
   "properties": {
    "line": "6",
    "stop_id": "638",
    "stop_name": "Spring St",
    "borough": "M",
    "structure": "Subway",
    "att_reception_frac": 0.5,
    "tmobile_reception_frac": 1.0,
    "verizon_reception_frac": 1.0,
    "sprint_reception_frac": 0.0,
    "n_carriers_majority": 2,
    "any_majority_reception": true
   }
  },
  {
   "type": "Feature",
   "geometry": {
    "type": "Point",
    "coordinates": [
     -74.000193,
     40.718803
    ]
   },
   "properties": {
    "line": "6",
    "stop_id": "639",
    "stop_name": "Canal St",
    "borough": "M",
    "structure": "Subway",
    "att_reception_frac": 0.0,
    "tmobile_reception_frac": 0.25,
    "verizon_reception_frac": 0.5,
    "sprint_reception_frac": 0.0,
    "n_carriers_majority": 0,
    "any_majority_reception": false
   }
  },
  {
   "type": "Feature",
   "geometry": {
    "type": "Point",
    "coordinates": [
     -74.004131,
     40.713065
    ]
   },
   "properties": {
    "line": "6",
    "stop_id": "640",
    "stop_name": "Brooklyn Bridge-City Hall",
    "borough": "M",
    "structure": "Subway",
    "att_reception_frac": 0.0,
    "tmobile_reception_frac": 0.118,
    "verizon_reception_frac": 0.176,
    "sprint_reception_frac": 0.118,
    "n_carriers_majority": 0,
    "any_majority_reception": false
   }
  },
  {
   "type": "Feature",
   "geometry": {
    "type": "Point",
    "coordinates": [
     -73.83003,
     40.7596
    ]
   },
   "properties": {
    "line": "7",
    "stop_id": "701",
    "stop_name": "Flushing-Main St",
    "borough": "Q",
    "structure": "Subway",
    "att_reception_frac": 0.0,
    "tmobile_reception_frac": 0.0,
    "verizon_reception_frac": 0.0,
    "sprint_reception_frac": 0.0,
    "n_carriers_majority": 0,
    "any_majority_reception": false
   }
  },
  {
   "type": "Feature",
   "geometry": {
    "type": "Point",
    "coordinates": [
     -73.845625,
     40.754622
    ]
   },
   "properties": {
    "line": "7",
    "stop_id": "702",
    "stop_name": "Mets-Willets Point",
    "borough": "Q",
    "structure": "Elevated",
    "att_reception_frac": 0.0,
    "tmobile_reception_frac": 0.0,
    "verizon_reception_frac": 0.0,
    "sprint_reception_frac": 0.143,
    "n_carriers_majority": 0,
    "any_majority_reception": false
   }
  },
  {
   "type": "Feature",
   "geometry": {
    "type": "Point",
    "coordinates": [
     -73.855334,
     40.75173
    ]
   },
   "properties": {
    "line": "7",
    "stop_id": "705",
    "stop_name": "111 St",
    "borough": "Q",
    "structure": "Elevated",
    "att_reception_frac": 0.0,
    "tmobile_reception_frac": 0.5,
    "verizon_reception_frac": 0.0,
    "sprint_reception_frac": 0.25,
    "n_carriers_majority": 0,
    "any_majority_reception": false
   }
  },
  {
   "type": "Feature",
   "geometry": {
    "type": "Point",
    "coordinates": [
     -73.8627,
     40.749865
    ]
   },
   "properties": {
    "line": "7",
    "stop_id": "706",
    "stop_name": "103 St-Corona Plaza",
    "borough": "Q",
    "structure": "Elevated",
    "att_reception_frac": 0.5,
    "tmobile_reception_frac": 0.5,
    "verizon_reception_frac": 0.5,
    "sprint_reception_frac": 0.0,
    "n_carriers_majority": 0,
    "any_majority_reception": false
   }
  },
  {
   "type": "Feature",
   "geometry": {
    "type": "Point",
    "coordinates": [
     -73.869527,
     40.749145
    ]
   },
   "properties": {
    "line": "7",
    "stop_id": "707",
    "stop_name": "Junction Blvd",
    "borough": "Q",
    "structure": "Elevated",
    "att_reception_frac": 0.333,
    "tmobile_reception_frac": 0.667,
    "verizon_reception_frac": 0.0,
    "sprint_reception_frac": 0.0,
    "n_carriers_majority": 1,
    "any_majority_reception": true
   }
  },
  {
   "type": "Feature",
   "geometry": {
    "type": "Point",
    "coordinates": [
     -73.876613,
     40.748408
    ]
   },
   "properties": {
    "line": "7",
    "stop_id": "708",
    "stop_name": "90 St-Elmhurst Av",
    "borough": "Q",
    "structure": "Elevated",
    "att_reception_frac": 0.25,
    "tmobile_reception_frac": 0.0,
    "verizon_reception_frac": 0.25,
    "sprint_reception_frac": 0.25,
    "n_carriers_majority": 0,
    "any_majority_reception": false
   }
  },
  {
   "type": "Feature",
   "geometry": {
    "type": "Point",
    "coordinates": [
     -73.883697,
     40.747659
    ]
   },
   "properties": {
    "line": "7",
    "stop_id": "709",
    "stop_name": "82 St-Jackson Hts",
    "borough": "Q",
    "structure": "Elevated",
    "att_reception_frac": 0.25,
    "tmobile_reception_frac": 0.25,
    "verizon_reception_frac": 0.5,
    "sprint_reception_frac": 0.25,
    "n_carriers_majority": 0,
    "any_majority_reception": false
   }
  },
  {
   "type": "Feature",
   "geometry": {
    "type": "Point",
    "coordinates": [
     -73.891394,
     40.746848
    ]
   },
   "properties": {
    "line": "7",
    "stop_id": "710",
    "stop_name": "74 St-Broadway",
    "borough": "Q",
    "structure": "Elevated",
    "att_reception_frac": 0.0,
    "tmobile_reception_frac": 0.667,
    "verizon_reception_frac": 0.667,
    "sprint_reception_frac": 0.333,
    "n_carriers_majority": 2,
    "any_majority_reception": true
   }
  },
  {
   "type": "Feature",
   "geometry": {
    "type": "Point",
    "coordinates": [
     -73.896403,
     40.746325
    ]
   },
   "properties": {
    "line": "7",
    "stop_id": "711",
    "stop_name": "69 St",
    "borough": "Q",
    "structure": "Elevated",
    "att_reception_frac": 0.0,
    "tmobile_reception_frac": 0.667,
    "verizon_reception_frac": 1.0,
    "sprint_reception_frac": 0.0,
    "n_carriers_majority": 2,
    "any_majority_reception": true
   }
  },
  {
   "type": "Feature",
   "geometry": {
    "type": "Point",
    "coordinates": [
     -73.902984,
     40.74563
    ]
   },
   "properties": {
    "line": "7",
    "stop_id": "712",
    "stop_name": "61 St-Woodside",
    "borough": "Q",
    "structure": "Elevated",
    "att_reception_frac": 0.25,
    "tmobile_reception_frac": 0.5,
    "verizon_reception_frac": 0.0,
    "sprint_reception_frac": 0.0,
    "n_carriers_majority": 0,
    "any_majority_reception": false
   }
  },
  {
   "type": "Feature",
   "geometry": {
    "type": "Point",
    "coordinates": [
     -73.912549,
     40.744149
    ]
   },
   "properties": {
    "line": "7",
    "stop_id": "713",
    "stop_name": "52 St",
    "borough": "Q",
    "structure": "Elevated",
    "att_reception_frac": 0.0,
    "tmobile_reception_frac": 0.75,
    "verizon_reception_frac": 0.75,
    "sprint_reception_frac": 0.0,
    "n_carriers_majority": 2,
    "any_majority_reception": true
   }
  },
  {
   "type": "Feature",
   "geometry": {
    "type": "Point",
    "coordinates": [
     -73.918435,
     40.743132
    ]
   },
   "properties": {
    "line": "7",
    "stop_id": "714",
    "stop_name": "46 St-Bliss St",
    "borough": "Q",
    "structure": "Elevated",
    "att_reception_frac": 0.333,
    "tmobile_reception_frac": 0.667,
    "verizon_reception_frac": 0.333,
    "sprint_reception_frac": 0.333,
    "n_carriers_majority": 1,
    "any_majority_reception": true
   }
  },
  {
   "type": "Feature",
   "geometry": {
    "type": "Point",
    "coordinates": [
     -73.924016,
     40.743781
    ]
   },
   "properties": {
    "line": "7",
    "stop_id": "715",
    "stop_name": "40 St-Lowery St",
    "borough": "Q",
    "structure": "Elevated",
    "att_reception_frac": 0.0,
    "tmobile_reception_frac": 0.0,
    "verizon_reception_frac": 0.333,
    "sprint_reception_frac": 0.667,
    "n_carriers_majority": 1,
    "any_majority_reception": true
   }
  },
  {
   "type": "Feature",
   "geometry": {
    "type": "Point",
    "coordinates": [
     -73.930997,
     40.744587
    ]
   },
   "properties": {
    "line": "7",
    "stop_id": "716",
    "stop_name": "33 St-Rawson St",
    "borough": "Q",
    "structure": "Elevated",
    "att_reception_frac": 1.0,
    "tmobile_reception_frac": 0.2,
    "verizon_reception_frac": 0.6,
    "sprint_reception_frac": 0.0,
    "n_carriers_majority": 2,
    "any_majority_reception": true
   }
  },
  {
   "type": "Feature",
   "geometry": {
    "type": "Point",
    "coordinates": [
     -73.940202,
     40.750582
    ]
   },
   "properties": {
    "line": "7",
    "stop_id": "718",
    "stop_name": "Queensboro Plaza",
    "borough": "Q",
    "structure": "Elevated",
    "att_reception_frac": 0.2,
    "tmobile_reception_frac": 0.4,
    "verizon_reception_frac": 0.6,
    "sprint_reception_frac": 0.0,
    "n_carriers_majority": 1,
    "any_majority_reception": true
   }
  },
  {
   "type": "Feature",
   "geometry": {
    "type": "Point",
    "coordinates": [
     -73.945264,
     40.747023
    ]
   },
   "properties": {
    "line": "7",
    "stop_id": "719",
    "stop_name": "Court Sq",
    "borough": "Q",
    "structure": "Elevated",
    "att_reception_frac": 0.333,
    "tmobile_reception_frac": 0.667,
    "verizon_reception_frac": 0.0,
    "sprint_reception_frac": 0.0,
    "n_carriers_majority": 1,
    "any_majority_reception": true
   }
  },
  {
   "type": "Feature",
   "geometry": {
    "type": "Point",
    "coordinates": [
     -73.948916,
     40.742216
    ]
   },
   "properties": {
    "line": "7",
    "stop_id": "720",
    "stop_name": "Hunters Point Av",
    "borough": "Q",
    "structure": "Subway",
    "att_reception_frac": 0.333,
    "tmobile_reception_frac": 0.667,
    "verizon_reception_frac": 0.333,
    "sprint_reception_frac": 0.0,
    "n_carriers_majority": 1,
    "any_majority_reception": true
   }
  },
  {
   "type": "Feature",
   "geometry": {
    "type": "Point",
    "coordinates": [
     -73.953581,
     40.742626
    ]
   },
   "properties": {
    "line": "7",
    "stop_id": "721",
    "stop_name": "Vernon Blvd-Jackson Av",
    "borough": "Q",
    "structure": "Subway",
    "att_reception_frac": 0.375,
    "tmobile_reception_frac": 0.5,
    "verizon_reception_frac": 0.5,
    "sprint_reception_frac": 0.25,
    "n_carriers_majority": 0,
    "any_majority_reception": false
   }
  },
  {
   "type": "Feature",
   "geometry": {
    "type": "Point",
    "coordinates": [
     -73.976041,
     40.751431
    ]
   },
   "properties": {
    "line": "7",
    "stop_id": "723",
    "stop_name": "Grand Central-42 St",
    "borough": "M",
    "structure": "Subway",
    "att_reception_frac": 0.125,
    "tmobile_reception_frac": 0.5,
    "verizon_reception_frac": 0.375,
    "sprint_reception_frac": 0.375,
    "n_carriers_majority": 0,
    "any_majority_reception": false
   }
  },
  {
   "type": "Feature",
   "geometry": {
    "type": "Point",
    "coordinates": [
     -73.981963,
     40.753821
    ]
   },
   "properties": {
    "line": "7",
    "stop_id": "724",
    "stop_name": "5 Av",
    "borough": "M",
    "structure": "Subway",
    "att_reception_frac": 0.0,
    "tmobile_reception_frac": 0.0,
    "verizon_reception_frac": 0.0,
    "sprint_reception_frac": 0.0,
    "n_carriers_majority": 0,
    "any_majority_reception": false
   }
  },
  {
   "type": "Feature",
   "geometry": {
    "type": "Point",
    "coordinates": [
     -73.987691,
     40.755477
    ]
   },
   "properties": {
    "line": "7",
    "stop_id": "725",
    "stop_name": "Times Sq-42 St",
    "borough": "M",
    "structure": "Subway",
    "att_reception_frac": 0.0,
    "tmobile_reception_frac": 0.0,
    "verizon_reception_frac": 0.0,
    "sprint_reception_frac": 0.0,
    "n_carriers_majority": 0,
    "any_majority_reception": false
   }
  },
  {
   "type": "Feature",
   "geometry": {
    "type": "Point",
    "coordinates": [
     -74.00191,
     40.755882
    ]
   },
   "properties": {
    "line": "7",
    "stop_id": "726",
    "stop_name": "34 St-Hudson Yards",
    "borough": "M",
    "structure": "Subway",
    "att_reception_frac": 0.1,
    "tmobile_reception_frac": 0.5,
    "verizon_reception_frac": 0.6,
    "sprint_reception_frac": 0.0,
    "n_carriers_majority": 1,
    "any_majority_reception": true
   }
  },
  {
   "type": "Feature",
   "geometry": {
    "type": "Point",
    "coordinates": [
     -73.919899,
     40.868072
    ]
   },
   "properties": {
    "line": "A",
    "stop_id": "A02",
    "stop_name": "Inwood-207 St",
    "borough": "M",
    "structure": "Subway",
    "att_reception_frac": 1.0,
    "tmobile_reception_frac": 0.0,
    "verizon_reception_frac": 0.0,
    "sprint_reception_frac": 0.0,
    "n_carriers_majority": 1,
    "any_majority_reception": true
   }
  },
  {
   "type": "Feature",
   "geometry": {
    "type": "Point",
    "coordinates": [
     -73.927271,
     40.865491
    ]
   },
   "properties": {
    "line": "A",
    "stop_id": "A03",
    "stop_name": "Dyckman St",
    "borough": "M",
    "structure": "Subway",
    "att_reception_frac": 0.5,
    "tmobile_reception_frac": 0.0,
    "verizon_reception_frac": 0.0,
    "sprint_reception_frac": 0.0,
    "n_carriers_majority": 0,
    "any_majority_reception": false
   }
  },
  {
   "type": "Feature",
   "geometry": {
    "type": "Point",
    "coordinates": [
     -73.93418,
     40.859022
    ]
   },
   "properties": {
    "line": "A",
    "stop_id": "A05",
    "stop_name": "190 St",
    "borough": "M",
    "structure": "Subway",
    "att_reception_frac": 0.0,
    "tmobile_reception_frac": 0.0,
    "verizon_reception_frac": 0.0,
    "sprint_reception_frac": 0.167,
    "n_carriers_majority": 0,
    "any_majority_reception": false
   }
  },
  {
   "type": "Feature",
   "geometry": {
    "type": "Point",
    "coordinates": [
     -73.937969,
     40.851695
    ]
   },
   "properties": {
    "line": "A",
    "stop_id": "A06",
    "stop_name": "181 St",
    "borough": "M",
    "structure": "Subway",
    "att_reception_frac": 0.0,
    "tmobile_reception_frac": 0.0,
    "verizon_reception_frac": 0.0,
    "sprint_reception_frac": 0.0,
    "n_carriers_majority": 0,
    "any_majority_reception": false
   }
  },
  {
   "type": "Feature",
   "geometry": {
    "type": "Point",
    "coordinates": [
     -73.939704,
     40.847391
    ]
   },
   "properties": {
    "line": "A",
    "stop_id": "A07",
    "stop_name": "175 St",
    "borough": "M",
    "structure": "Subway",
    "att_reception_frac": 0.0,
    "tmobile_reception_frac": 0.0,
    "verizon_reception_frac": 0.0,
    "sprint_reception_frac": 0.0,
    "n_carriers_majority": 0,
    "any_majority_reception": false
   }
  },
  {
   "type": "Feature",
   "geometry": {
    "type": "Point",
    "coordinates": [
     -73.939561,
     40.840719
    ]
   },
   "properties": {
    "line": "A",
    "stop_id": "A09",
    "stop_name": "168 St",
    "borough": "M",
    "structure": "Subway",
    "att_reception_frac": 0.0,
    "tmobile_reception_frac": 0.0,
    "verizon_reception_frac": 0.0,
    "sprint_reception_frac": 0.0,
    "n_carriers_majority": 0,
    "any_majority_reception": false
   }
  },
  {
   "type": "Feature",
   "geometry": {
    "type": "Point",
    "coordinates": [
     -73.939892,
     40.836013
    ]
   },
   "properties": {
    "line": "A",
    "stop_id": "A10",
    "stop_name": "163 St-Amsterdam Av",
    "borough": "M",
    "structure": "Subway",
    "att_reception_frac": 0.0,
    "tmobile_reception_frac": 0.0,
    "verizon_reception_frac": 0.0,
    "sprint_reception_frac": 0.0,
    "n_carriers_majority": 0,
    "any_majority_reception": false
   }
  },
  {
   "type": "Feature",
   "geometry": {
    "type": "Point",
    "coordinates": [
     -73.941514,
     40.830518
    ]
   },
   "properties": {
    "line": "A",
    "stop_id": "A11",
    "stop_name": "155 St",
    "borough": "M",
    "structure": "Subway",
    "att_reception_frac": 0.0,
    "tmobile_reception_frac": 0.0,
    "verizon_reception_frac": 0.0,
    "sprint_reception_frac": 0.0,
    "n_carriers_majority": 0,
    "any_majority_reception": false
   }
  },
  {
   "type": "Feature",
   "geometry": {
    "type": "Point",
    "coordinates": [
     -73.944216,
     40.824783
    ]
   },
   "properties": {
    "line": "A",
    "stop_id": "A12",
    "stop_name": "145 St",
    "borough": "M",
    "structure": "Subway",
    "att_reception_frac": 0.0,
    "tmobile_reception_frac": 0.0,
    "verizon_reception_frac": 0.5,
    "sprint_reception_frac": 0.0,
    "n_carriers_majority": 0,
    "any_majority_reception": false
   }
  },
  {
   "type": "Feature",
   "geometry": {
    "type": "Point",
    "coordinates": [
     -73.947649,
     40.817894
    ]
   },
   "properties": {
    "line": "A",
    "stop_id": "A14",
    "stop_name": "135 St",
    "borough": "M",
    "structure": "Subway",
    "att_reception_frac": 0.0,
    "tmobile_reception_frac": 0.0,
    "verizon_reception_frac": 0.0,
    "sprint_reception_frac": 0.0,
    "n_carriers_majority": 0,
    "any_majority_reception": false
   }
  },
  {
   "type": "Feature",
   "geometry": {
    "type": "Point",
    "coordinates": [
     -73.952343,
     40.811109
    ]
   },
   "properties": {
    "line": "A",
    "stop_id": "A15",
    "stop_name": "125 St",
    "borough": "M",
    "structure": "Subway",
    "att_reception_frac": 0.0,
    "tmobile_reception_frac": 0.0,
    "verizon_reception_frac": 0.0,
    "sprint_reception_frac": 0.2,
    "n_carriers_majority": 0,
    "any_majority_reception": false
   }
  },
  {
   "type": "Feature",
   "geometry": {
    "type": "Point",
    "coordinates": [
     -73.954882,
     40.805085
    ]
   },
   "properties": {
    "line": "A",
    "stop_id": "A16",
    "stop_name": "116 St",
    "borough": "M",
    "structure": "Subway",
    "att_reception_frac": 0.667,
    "tmobile_reception_frac": 0.0,
    "verizon_reception_frac": 0.0,
    "sprint_reception_frac": 0.0,
    "n_carriers_majority": 1,
    "any_majority_reception": true
   }
  },
  {
   "type": "Feature",
   "geometry": {
    "type": "Point",
    "coordinates": [
     -73.958161,
     40.800603
    ]
   },
   "properties": {
    "line": "A",
    "stop_id": "A17",
    "stop_name": "Cathedral Pkwy (110 St)",
    "borough": "M",
    "structure": "Subway",
    "att_reception_frac": 0.75,
    "tmobile_reception_frac": 0.0,
    "verizon_reception_frac": 0.0,
    "sprint_reception_frac": 0.0,
    "n_carriers_majority": 1,
    "any_majority_reception": true
   }
  },
  {
   "type": "Feature",
   "geometry": {
    "type": "Point",
    "coordinates": [
     -73.961454,
     40.796092
    ]
   },
   "properties": {
    "line": "A",
    "stop_id": "A18",
    "stop_name": "103 St",
    "borough": "M",
    "structure": "Subway",
    "att_reception_frac": 0.0,
    "tmobile_reception_frac": 0.0,
    "verizon_reception_frac": 0.0,
    "sprint_reception_frac": 0.0,
    "n_carriers_majority": 0,
    "any_majority_reception": false
   }
  },
  {
   "type": "Feature",
   "geometry": {
    "type": "Point",
    "coordinates": [
     -73.964696,
     40.791642
    ]
   },
   "properties": {
    "line": "A",
    "stop_id": "A19",
    "stop_name": "96 St",
    "borough": "M",
    "structure": "Subway",
    "att_reception_frac": 0.0,
    "tmobile_reception_frac": 0.0,
    "verizon_reception_frac": 0.0,
    "sprint_reception_frac": 0.0,
    "n_carriers_majority": 0,
    "any_majority_reception": false
   }
  },
  {
   "type": "Feature",
   "geometry": {
    "type": "Point",
    "coordinates": [
     -73.968916,
     40.785868
    ]
   },
   "properties": {
    "line": "A",
    "stop_id": "A20",
    "stop_name": "86 St",
    "borough": "M",
    "structure": "Subway",
    "att_reception_frac": 0.0,
    "tmobile_reception_frac": 0.0,
    "verizon_reception_frac": 0.0,
    "sprint_reception_frac": 0.0,
    "n_carriers_majority": 0,
    "any_majority_reception": false
   }
  },
  {
   "type": "Feature",
   "geometry": {
    "type": "Point",
    "coordinates": [
     -73.972143,
     40.781433
    ]
   },
   "properties": {
    "line": "A",
    "stop_id": "A21",
    "stop_name": "81 St-Museum of Natural History",
    "borough": "M",
    "structure": "Subway",
    "att_reception_frac": 0.25,
    "tmobile_reception_frac": 0.0,
    "verizon_reception_frac": 0.0,
    "sprint_reception_frac": 0.0,
    "n_carriers_majority": 0,
    "any_majority_reception": false
   }
  },
  {
   "type": "Feature",
   "geometry": {
    "type": "Point",
    "coordinates": [
     -73.97641,
     40.775594
    ]
   },
   "properties": {
    "line": "A",
    "stop_id": "A22",
    "stop_name": "72 St",
    "borough": "M",
    "structure": "Subway",
    "att_reception_frac": 0.0,
    "tmobile_reception_frac": 0.6,
    "verizon_reception_frac": 0.6,
    "sprint_reception_frac": 0.0,
    "n_carriers_majority": 2,
    "any_majority_reception": true
   }
  },
  {
   "type": "Feature",
   "geometry": {
    "type": "Point",
    "coordinates": [
     -73.981736,
     40.768296
    ]
   },
   "properties": {
    "line": "A",
    "stop_id": "A24",
    "stop_name": "59 St-Columbus Circle",
    "borough": "M",
    "structure": "Subway",
    "att_reception_frac": 0.0,
    "tmobile_reception_frac": 0.8,
    "verizon_reception_frac": 0.6,
    "sprint_reception_frac": 0.0,
    "n_carriers_majority": 2,
    "any_majority_reception": true
   }
  },
  {
   "type": "Feature",
   "geometry": {
    "type": "Point",
    "coordinates": [
     -73.985984,
     40.762456
    ]
   },
   "properties": {
    "line": "A",
    "stop_id": "A25",
    "stop_name": "50 St",
    "borough": "M",
    "structure": "Subway",
    "att_reception_frac": 0.0,
    "tmobile_reception_frac": 0.5,
    "verizon_reception_frac": 0.25,
    "sprint_reception_frac": 0.5,
    "n_carriers_majority": 0,
    "any_majority_reception": false
   }
  },
  {
   "type": "Feature",
   "geometry": {
    "type": "Point",
    "coordinates": [
     -73.989735,
     40.757308
    ]
   },
   "properties": {
    "line": "A",
    "stop_id": "A27",
    "stop_name": "42 St-Port Authority Bus Terminal",
    "borough": "M",
    "structure": "Subway",
    "att_reception_frac": 0.25,
    "tmobile_reception_frac": 0.0,
    "verizon_reception_frac": 0.5,
    "sprint_reception_frac": 0.0,
    "n_carriers_majority": 0,
    "any_majority_reception": false
   }
  },
  {
   "type": "Feature",
   "geometry": {
    "type": "Point",
    "coordinates": [
     -73.993391,
     40.752287
    ]
   },
   "properties": {
    "line": "A",
    "stop_id": "A28",
    "stop_name": "34 St-Penn Station",
    "borough": "M",
    "structure": "Subway",
    "att_reception_frac": 0.25,
    "tmobile_reception_frac": 0.0,
    "verizon_reception_frac": 0.25,
    "sprint_reception_frac": 0.0,
    "n_carriers_majority": 0,
    "any_majority_reception": false
   }
  },
  {
   "type": "Feature",
   "geometry": {
    "type": "Point",
    "coordinates": [
     -73.998041,
     40.745906
    ]
   },
   "properties": {
    "line": "A",
    "stop_id": "A30",
    "stop_name": "23 St",
    "borough": "M",
    "structure": "Subway",
    "att_reception_frac": 0.25,
    "tmobile_reception_frac": 0.25,
    "verizon_reception_frac": 0.75,
    "sprint_reception_frac": 0.0,
    "n_carriers_majority": 1,
    "any_majority_reception": true
   }
  },
  {
   "type": "Feature",
   "geometry": {
    "type": "Point",
    "coordinates": [
     -74.00169,
     40.740893
    ]
   },
   "properties": {
    "line": "A",
    "stop_id": "A31",
    "stop_name": "14 St",
    "borough": "M",
    "structure": "Subway",
    "att_reception_frac": 0.0,
    "tmobile_reception_frac": 0.2,
    "verizon_reception_frac": 0.6,
    "sprint_reception_frac": 0.4,
    "n_carriers_majority": 1,
    "any_majority_reception": true
   }
  },
  {
   "type": "Feature",
   "geometry": {
    "type": "Point",
    "coordinates": [
     -74.000495,
     40.732338
    ]
   },
   "properties": {
    "line": "A",
    "stop_id": "A32",
    "stop_name": "W 4 St-Wash Sq",
    "borough": "M",
    "structure": "Subway",
    "att_reception_frac": 0.0,
    "tmobile_reception_frac": 0.2,
    "verizon_reception_frac": 0.6,
    "sprint_reception_frac": 0.0,
    "n_carriers_majority": 1,
    "any_majority_reception": true
   }
  },
  {
   "type": "Feature",
   "geometry": {
    "type": "Point",
    "coordinates": [
     -74.003739,
     40.726227
    ]
   },
   "properties": {
    "line": "A",
    "stop_id": "A33",
    "stop_name": "Spring St",
    "borough": "M",
    "structure": "Subway",
    "att_reception_frac": 0.0,
    "tmobile_reception_frac": 0.25,
    "verizon_reception_frac": 0.0,
    "sprint_reception_frac": 0.5,
    "n_carriers_majority": 0,
    "any_majority_reception": false
   }
  },
  {
   "type": "Feature",
   "geometry": {
    "type": "Point",
    "coordinates": [
     -74.005229,
     40.720824
    ]
   },
   "properties": {
    "line": "A",
    "stop_id": "A34",
    "stop_name": "Canal St",
    "borough": "M",
    "structure": "Subway",
    "att_reception_frac": 0.25,
    "tmobile_reception_frac": 0.0,
    "verizon_reception_frac": 0.25,
    "sprint_reception_frac": 0.25,
    "n_carriers_majority": 0,
    "any_majority_reception": false
   }
  },
  {
   "type": "Feature",
   "geometry": {
    "type": "Point",
    "coordinates": [
     -74.008585,
     40.714111
    ]
   },
   "properties": {
    "line": "A",
    "stop_id": "A36",
    "stop_name": "Chambers St",
    "borough": "M",
    "structure": "Subway",
    "att_reception_frac": 0.0,
    "tmobile_reception_frac": 0.0,
    "verizon_reception_frac": 0.5,
    "sprint_reception_frac": 0.0,
    "n_carriers_majority": 0,
    "any_majority_reception": false
   }
  },
  {
   "type": "Feature",
   "geometry": {
    "type": "Point",
    "coordinates": [
     -74.007691,
     40.710197
    ]
   },
   "properties": {
    "line": "A",
    "stop_id": "A38",
    "stop_name": "Fulton St",
    "borough": "M",
    "structure": "Subway",
    "att_reception_frac": 0.0,
    "tmobile_reception_frac": 0.0,
    "verizon_reception_frac": 0.0,
    "sprint_reception_frac": 0.0,
    "n_carriers_majority": 0,
    "any_majority_reception": false
   }
  },
  {
   "type": "Feature",
   "geometry": {
    "type": "Point",
    "coordinates": [
     -73.990531,
     40.699337
    ]
   },
   "properties": {
    "line": "A",
    "stop_id": "A40",
    "stop_name": "High St",
    "borough": "Bk",
    "structure": "Subway",
    "att_reception_frac": 0.0,
    "tmobile_reception_frac": 0.0,
    "verizon_reception_frac": 0.0,
    "sprint_reception_frac": 0.0,
    "n_carriers_majority": 0,
    "any_majority_reception": false
   }
  },
  {
   "type": "Feature",
   "geometry": {
    "type": "Point",
    "coordinates": [
     -73.987342,
     40.692338
    ]
   },
   "properties": {
    "line": "A",
    "stop_id": "A41",
    "stop_name": "Jay St-MetroTech",
    "borough": "Bk",
    "structure": "Subway",
    "att_reception_frac": 0.0,
    "tmobile_reception_frac": 0.0,
    "verizon_reception_frac": 0.0,
    "sprint_reception_frac": 0.0,
    "n_carriers_majority": 0,
    "any_majority_reception": false
   }
  },
  {
   "type": "Feature",
   "geometry": {
    "type": "Point",
    "coordinates": [
     -73.985001,
     40.688484
    ]
   },
   "properties": {
    "line": "A",
    "stop_id": "A42",
    "stop_name": "Hoyt-Schermerhorn Sts",
    "borough": "Bk",
    "structure": "Subway",
    "att_reception_frac": 0.0,
    "tmobile_reception_frac": 0.0,
    "verizon_reception_frac": 0.0,
    "sprint_reception_frac": 0.0,
    "n_carriers_majority": 0,
    "any_majority_reception": false
   }
  },
  {
   "type": "Feature",
   "geometry": {
    "type": "Point",
    "coordinates": [
     -73.973946,
     40.686113
    ]
   },
   "properties": {
    "line": "A",
    "stop_id": "A43",
    "stop_name": "Lafayette Av",
    "borough": "Bk",
    "structure": "Subway",
    "att_reception_frac": 0.0,
    "tmobile_reception_frac": 0.0,
    "verizon_reception_frac": 0.0,
    "sprint_reception_frac": 0.0,
    "n_carriers_majority": 0,
    "any_majority_reception": false
   }
  },
  {
   "type": "Feature",
   "geometry": {
    "type": "Point",
    "coordinates": [
     -73.965838,
     40.683263
    ]
   },
   "properties": {
    "line": "A",
    "stop_id": "A44",
    "stop_name": "Clinton-Washington Avs",
    "borough": "Bk",
    "structure": "Subway",
    "att_reception_frac": 0.0,
    "tmobile_reception_frac": 0.0,
    "verizon_reception_frac": 0.4,
    "sprint_reception_frac": 0.0,
    "n_carriers_majority": 0,
    "any_majority_reception": false
   }
  },
  {
   "type": "Feature",
   "geometry": {
    "type": "Point",
    "coordinates": [
     -73.956848,
     40.68138
    ]
   },
   "properties": {
    "line": "A",
    "stop_id": "A45",
    "stop_name": "Franklin Av",
    "borough": "Bk",
    "structure": "Subway",
    "att_reception_frac": 0.0,
    "tmobile_reception_frac": 0.0,
    "verizon_reception_frac": 0.0,
    "sprint_reception_frac": 0.0,
    "n_carriers_majority": 0,
    "any_majority_reception": false
   }
  },
  {
   "type": "Feature",
   "geometry": {
    "type": "Point",
    "coordinates": [
     -73.950426,
     40.680438
    ]
   },
   "properties": {
    "line": "A",
    "stop_id": "A46",
    "stop_name": "Nostrand Av",
    "borough": "Bk",
    "structure": "Subway",
    "att_reception_frac": 0.0,
    "tmobile_reception_frac": 0.0,
    "verizon_reception_frac": 0.0,
    "sprint_reception_frac": 0.0,
    "n_carriers_majority": 0,
    "any_majority_reception": false
   }
  },
  {
   "type": "Feature",
   "geometry": {
    "type": "Point",
    "coordinates": [
     -73.940858,
     40.679921
    ]
   },
   "properties": {
    "line": "A",
    "stop_id": "A47",
    "stop_name": "Kingston-Throop Avs",
    "borough": "Bk",
    "structure": "Subway",
    "att_reception_frac": 0.0,
    "tmobile_reception_frac": 0.0,
    "verizon_reception_frac": 0.0,
    "sprint_reception_frac": 0.0,
    "n_carriers_majority": 0,
    "any_majority_reception": false
   }
  },
  {
   "type": "Feature",
   "geometry": {
    "type": "Point",
    "coordinates": [
     -73.930729,
     40.679364
    ]
   },
   "properties": {
    "line": "A",
    "stop_id": "A48",
    "stop_name": "Utica Av",
    "borough": "Bk",
    "structure": "Subway",
    "att_reception_frac": 0.2,
    "tmobile_reception_frac": 0.0,
    "verizon_reception_frac": 0.0,
    "sprint_reception_frac": 0.0,
    "n_carriers_majority": 0,
    "any_majority_reception": false
   }
  },
  {
   "type": "Feature",
   "geometry": {
    "type": "Point",
    "coordinates": [
     -73.920786,
     40.678822
    ]
   },
   "properties": {
    "line": "A",
    "stop_id": "A49",
    "stop_name": "Ralph Av",
    "borough": "Bk",
    "structure": "Subway",
    "att_reception_frac": 0.2,
    "tmobile_reception_frac": 0.0,
    "verizon_reception_frac": 0.0,
    "sprint_reception_frac": 0.0,
    "n_carriers_majority": 0,
    "any_majority_reception": false
   }
  },
  {
   "type": "Feature",
   "geometry": {
    "type": "Point",
    "coordinates": [
     -73.911946,
     40.67834
    ]
   },
   "properties": {
    "line": "A",
    "stop_id": "A50",
    "stop_name": "Rockaway Av",
    "borough": "Bk",
    "structure": "Subway",
    "att_reception_frac": 0.0,
    "tmobile_reception_frac": 0.0,
    "verizon_reception_frac": 0.0,
    "sprint_reception_frac": 0.25,
    "n_carriers_majority": 0,
    "any_majority_reception": false
   }
  },
  {
   "type": "Feature",
   "geometry": {
    "type": "Point",
    "coordinates": [
     -73.905316,
     40.678334
    ]
   },
   "properties": {
    "line": "A",
    "stop_id": "A51",
    "stop_name": "Broadway Junction",
    "borough": "Bk",
    "structure": "Subway",
    "att_reception_frac": 0.0,
    "tmobile_reception_frac": 0.0,
    "verizon_reception_frac": 0.0,
    "sprint_reception_frac": 0.0,
    "n_carriers_majority": 0,
    "any_majority_reception": false
   }
  },
  {
   "type": "Feature",
   "geometry": {
    "type": "Point",
    "coordinates": [
     -73.896548,
     40.674542
    ]
   },
   "properties": {
    "line": "A",
    "stop_id": "A52",
    "stop_name": "Liberty Av",
    "borough": "Bk",
    "structure": "Subway",
    "att_reception_frac": 0.0,
    "tmobile_reception_frac": 0.0,
    "verizon_reception_frac": 0.0,
    "sprint_reception_frac": 0.25,
    "n_carriers_majority": 0,
    "any_majority_reception": false
   }
  },
  {
   "type": "Feature",
   "geometry": {
    "type": "Point",
    "coordinates": [
     -73.890358,
     40.67271
    ]
   },
   "properties": {
    "line": "A",
    "stop_id": "A53",
    "stop_name": "Van Siclen Av",
    "borough": "Bk",
    "structure": "Subway",
    "att_reception_frac": 0.0,
    "tmobile_reception_frac": 0.0,
    "verizon_reception_frac": 0.0,
    "sprint_reception_frac": 0.25,
    "n_carriers_majority": 0,
    "any_majority_reception": false
   }
  },
  {
   "type": "Feature",
   "geometry": {
    "type": "Point",
    "coordinates": [
     -73.88075,
     40.67413
    ]
   },
   "properties": {
    "line": "A",
    "stop_id": "A54",
    "stop_name": "Shepherd Av",
    "borough": "Bk",
    "structure": "Subway",
    "att_reception_frac": 0.0,
    "tmobile_reception_frac": 0.0,
    "verizon_reception_frac": 0.0,
    "sprint_reception_frac": 0.2,
    "n_carriers_majority": 0,
    "any_majority_reception": false
   }
  },
  {
   "type": "Feature",
   "geometry": {
    "type": "Point",
    "coordinates": [
     -73.872106,
     40.675377
    ]
   },
   "properties": {
    "line": "A",
    "stop_id": "A55",
    "stop_name": "Euclid Av",
    "borough": "Bk",
    "structure": "Subway",
    "att_reception_frac": 0.0,
    "tmobile_reception_frac": 0.0,
    "verizon_reception_frac": 0.25,
    "sprint_reception_frac": 0.25,
    "n_carriers_majority": 0,
    "any_majority_reception": false
   }
  },
  {
   "type": "Feature",
   "geometry": {
    "type": "Point",
    "coordinates": [
     -73.86505,
     40.677044
    ]
   },
   "properties": {
    "line": "A",
    "stop_id": "A57",
    "stop_name": "Grant Av",
    "borough": "Bk",
    "structure": "Subway",
    "att_reception_frac": 0.0,
    "tmobile_reception_frac": 0.0,
    "verizon_reception_frac": 0.0,
    "sprint_reception_frac": 0.0,
    "n_carriers_majority": 0,
    "any_majority_reception": false
   }
  },
  {
   "type": "Feature",
   "geometry": {
    "type": "Point",
    "coordinates": [
     -73.858992,
     40.679371
    ]
   },
   "properties": {
    "line": "A",
    "stop_id": "A59",
    "stop_name": "80 St",
    "borough": "Q",
    "structure": "Elevated",
    "att_reception_frac": 0.0,
    "tmobile_reception_frac": 0.0,
    "verizon_reception_frac": 0.0,
    "sprint_reception_frac": 0.0,
    "n_carriers_majority": 0,
    "any_majority_reception": false
   }
  },
  {
   "type": "Feature",
   "geometry": {
    "type": "Point",
    "coordinates": [
     -73.85147,
     40.679843
    ]
   },
   "properties": {
    "line": "A",
    "stop_id": "A60",
    "stop_name": "88 St",
    "borough": "Q",
    "structure": "Elevated",
    "att_reception_frac": 0.0,
    "tmobile_reception_frac": 0.0,
    "verizon_reception_frac": 0.0,
    "sprint_reception_frac": 0.0,
    "n_carriers_majority": 0,
    "any_majority_reception": false
   }
  },
  {
   "type": "Feature",
   "geometry": {
    "type": "Point",
    "coordinates": [
     -73.843853,
     40.680429
    ]
   },
   "properties": {
    "line": "A",
    "stop_id": "A61",
    "stop_name": "Rockaway Blvd",
    "borough": "Q",
    "structure": "Elevated",
    "att_reception_frac": 0.0,
    "tmobile_reception_frac": 0.0,
    "verizon_reception_frac": 0.0,
    "sprint_reception_frac": 0.0,
    "n_carriers_majority": 0,
    "any_majority_reception": false
   }
  },
  {
   "type": "Feature",
   "geometry": {
    "type": "Point",
    "coordinates": [
     -73.837683,
     40.681711
    ]
   },
   "properties": {
    "line": "A",
    "stop_id": "A63",
    "stop_name": "104 St",
    "borough": "Q",
    "structure": "Elevated",
    "att_reception_frac": 0.25,
    "tmobile_reception_frac": 0.5,
    "verizon_reception_frac": 0.0,
    "sprint_reception_frac": 0.0,
    "n_carriers_majority": 0,
    "any_majority_reception": false
   }
  },
  {
   "type": "Feature",
   "geometry": {
    "type": "Point",
    "coordinates": [
     -73.832163,
     40.684331
    ]
   },
   "properties": {
    "line": "A",
    "stop_id": "A64",
    "stop_name": "111 St",
    "borough": "Q",
    "structure": "Elevated",
    "att_reception_frac": 0.333,
    "tmobile_reception_frac": 0.667,
    "verizon_reception_frac": 1.0,
    "sprint_reception_frac": 0.0,
    "n_carriers_majority": 2,
    "any_majority_reception": true
   }
  },
  {
   "type": "Feature",
   "geometry": {
    "type": "Point",
    "coordinates": [
     -73.825798,
     40.685951
    ]
   },
   "properties": {
    "line": "A",
    "stop_id": "A65",
    "stop_name": "Ozone Park-Lefferts Blvd",
    "borough": "Q",
    "structure": "Elevated",
    "att_reception_frac": 0.286,
    "tmobile_reception_frac": 0.429,
    "verizon_reception_frac": 0.857,
    "sprint_reception_frac": 0.0,
    "n_carriers_majority": 1,
    "any_majority_reception": true
   }
  },
  {
   "type": "Feature",
   "geometry": {
    "type": "Point",
    "coordinates": [
     -73.835919,
     40.672097
    ]
   },
   "properties": {
    "line": "A",
    "stop_id": "H01",
    "stop_name": "Aqueduct Racetrack",
    "borough": "Q",
    "structure": "At Grade",
    "att_reception_frac": 0.167,
    "tmobile_reception_frac": 0.167,
    "verizon_reception_frac": 0.333,
    "sprint_reception_frac": 0.167,
    "n_carriers_majority": 0,
    "any_majority_reception": false
   }
  },
  {
   "type": "Feature",
   "geometry": {
    "type": "Point",
    "coordinates": [
     -73.834058,
     40.668234
    ]
   },
   "properties": {
    "line": "A",
    "stop_id": "H02",
    "stop_name": "Aqueduct-N Conduit Av",
    "borough": "Q",
    "structure": "At Grade",
    "att_reception_frac": 0.0,
    "tmobile_reception_frac": 0.4,
    "verizon_reception_frac": 0.2,
    "sprint_reception_frac": 0.0,
    "n_carriers_majority": 0,
    "any_majority_reception": false
   }
  },
  {
   "type": "Feature",
   "geometry": {
    "type": "Point",
    "coordinates": [
     -73.830301,
     40.660476
    ]
   },
   "properties": {
    "line": "A",
    "stop_id": "H03",
    "stop_name": "Howard Beach-JFK Airport",
    "borough": "Q",
    "structure": "At Grade",
    "att_reception_frac": 0.25,
    "tmobile_reception_frac": 0.25,
    "verizon_reception_frac": 0.2,
    "sprint_reception_frac": 0.2,
    "n_carriers_majority": 0,
    "any_majority_reception": false
   }
  },
  {
   "type": "Feature",
   "geometry": {
    "type": "Point",
    "coordinates": [
     -73.815925,
     40.608382
    ]
   },
   "properties": {
    "line": "A",
    "stop_id": "H04",
    "stop_name": "Broad Channel",
    "borough": "Q",
    "structure": "At Grade",
    "att_reception_frac": 0.04,
    "tmobile_reception_frac": 0.24,
    "verizon_reception_frac": 0.36,
    "sprint_reception_frac": 0.04,
    "n_carriers_majority": 0,
    "any_majority_reception": false
   }
  },
  {
   "type": "Feature",
   "geometry": {
    "type": "Point",
    "coordinates": [
     -73.796924,
     40.590927
    ]
   },
   "properties": {
    "line": "A",
    "stop_id": "H06",
    "stop_name": "Beach 67 St",
    "borough": "Q",
    "structure": "Viaduct",
    "att_reception_frac": 0.1,
    "tmobile_reception_frac": 0.4,
    "verizon_reception_frac": 0.4,
    "sprint_reception_frac": 0.1,
    "n_carriers_majority": 0,
    "any_majority_reception": false
   }
  },
  {
   "type": "Feature",
   "geometry": {
    "type": "Point",
    "coordinates": [
     -73.788522,
     40.592374
    ]
   },
   "properties": {
    "line": "A",
    "stop_id": "H07",
    "stop_name": "Beach 60 St",
    "borough": "Q",
    "structure": "Viaduct",
    "att_reception_frac": 0.2,
    "tmobile_reception_frac": 0.4,
    "verizon_reception_frac": 0.8,
    "sprint_reception_frac": 0.0,
    "n_carriers_majority": 1,
    "any_majority_reception": true
   }
  },
  {
   "type": "Feature",
   "geometry": {
    "type": "Point",
    "coordinates": [
     -73.776013,
     40.592943
    ]
   },
   "properties": {
    "line": "A",
    "stop_id": "H08",
    "stop_name": "Beach 44 St",
    "borough": "Q",
    "structure": "Viaduct",
    "att_reception_frac": 0.2,
    "tmobile_reception_frac": 0.2,
    "verizon_reception_frac": 0.2,
    "sprint_reception_frac": 0.2,
    "n_carriers_majority": 0,
    "any_majority_reception": false
   }
  },
  {
   "type": "Feature",
   "geometry": {
    "type": "Point",
    "coordinates": [
     -73.768175,
     40.595398
    ]
   },
   "properties": {
    "line": "A",
    "stop_id": "H09",
    "stop_name": "Beach 36 St",
    "borough": "Q",
    "structure": "Viaduct",
    "att_reception_frac": 0.0,
    "tmobile_reception_frac": 0.4,
    "verizon_reception_frac": 0.6,
    "sprint_reception_frac": 0.0,
    "n_carriers_majority": 1,
    "any_majority_reception": true
   }
  },
  {
   "type": "Feature",
   "geometry": {
    "type": "Point",
    "coordinates": [
     -73.761353,
     40.600066
    ]
   },
   "properties": {
    "line": "A",
    "stop_id": "H10",
    "stop_name": "Beach 25 St",
    "borough": "Q",
    "structure": "Viaduct",
    "att_reception_frac": 0.25,
    "tmobile_reception_frac": 0.5,
    "verizon_reception_frac": 0.75,
    "sprint_reception_frac": 0.0,
    "n_carriers_majority": 1,
    "any_majority_reception": true
   }
  },
  {
   "type": "Feature",
   "geometry": {
    "type": "Point",
    "coordinates": [
     -73.755405,
     40.603995
    ]
   },
   "properties": {
    "line": "A",
    "stop_id": "H11",
    "stop_name": "Far Rockaway-Mott Av",
    "borough": "Q",
    "structure": "Viaduct",
    "att_reception_frac": 0.111,
    "tmobile_reception_frac": 0.556,
    "verizon_reception_frac": 0.556,
    "sprint_reception_frac": 0.111,
    "n_carriers_majority": 2,
    "any_majority_reception": true
   }
  },
  {
   "type": "Feature",
   "geometry": {
    "type": "Point",
    "coordinates": [
     -73.981736,
     40.768296
    ]
   },
   "properties": {
    "line": "B",
    "stop_id": "A24",
    "stop_name": "59 St-Columbus Circle",
    "borough": "M",
    "structure": "Subway",
    "att_reception_frac": 0.087,
    "tmobile_reception_frac": 0.087,
    "verizon_reception_frac": 0.261,
    "sprint_reception_frac": 0.13,
    "n_carriers_majority": 0,
    "any_majority_reception": false
   }
  },
  {
   "type": "Feature",
   "geometry": {
    "type": "Point",
    "coordinates": [
     -73.878855,
     40.874811
    ]
   },
   "properties": {
    "line": "B",
    "stop_id": "D01",
    "stop_name": "Norwood-205 St",
    "borough": "Bx",
    "structure": "Subway",
    "att_reception_frac": 0.0,
    "tmobile_reception_frac": 0.0,
    "verizon_reception_frac": 0.0,
    "sprint_reception_frac": 0.0,
    "n_carriers_majority": 0,
    "any_majority_reception": false
   }
  },
  {
   "type": "Feature",
   "geometry": {
    "type": "Point",
    "coordinates": [
     -73.887138,
     40.873244
    ]
   },
   "properties": {
    "line": "B",
    "stop_id": "D03",
    "stop_name": "Bedford Park Blvd",
    "borough": "Bx",
    "structure": "Subway",
    "att_reception_frac": 0.0,
    "tmobile_reception_frac": 0.0,
    "verizon_reception_frac": 0.0,
    "sprint_reception_frac": 0.0,
    "n_carriers_majority": 0,
    "any_majority_reception": false
   }
  },
  {
   "type": "Feature",
   "geometry": {
    "type": "Point",
    "coordinates": [
     -73.893509,
     40.866978
    ]
   },
   "properties": {
    "line": "B",
    "stop_id": "D04",
    "stop_name": "Kingsbridge Rd",
    "borough": "Bx",
    "structure": "Subway",
    "att_reception_frac": 0.0,
    "tmobile_reception_frac": 0.0,
    "verizon_reception_frac": 0.0,
    "sprint_reception_frac": 0.0,
    "n_carriers_majority": 0,
    "any_majority_reception": false
   }
  },
  {
   "type": "Feature",
   "geometry": {
    "type": "Point",
    "coordinates": [
     -73.897749,
     40.861296
    ]
   },
   "properties": {
    "line": "B",
    "stop_id": "D05",
    "stop_name": "Fordham Rd",
    "borough": "Bx",
    "structure": "Subway",
    "att_reception_frac": 0.0,
    "tmobile_reception_frac": 0.0,
    "verizon_reception_frac": 0.25,
    "sprint_reception_frac": 0.0,
    "n_carriers_majority": 0,
    "any_majority_reception": false
   }
  },
  {
   "type": "Feature",
   "geometry": {
    "type": "Point",
    "coordinates": [
     -73.900741,
     40.856093
    ]
   },
   "properties": {
    "line": "B",
    "stop_id": "D06",
    "stop_name": "182-183 Sts",
    "borough": "Bx",
    "structure": "Subway",
    "att_reception_frac": 0.0,
    "tmobile_reception_frac": 0.0,
    "verizon_reception_frac": 0.0,
    "sprint_reception_frac": 0.5,
    "n_carriers_majority": 0,
    "any_majority_reception": false
   }
  },
  {
   "type": "Feature",
   "geometry": {
    "type": "Point",
    "coordinates": [
     -73.905227,
     40.85041
    ]
   },
   "properties": {
    "line": "B",
    "stop_id": "D07",
    "stop_name": "Tremont Av",
    "borough": "Bx",
    "structure": "Subway",
    "att_reception_frac": 0.0,
    "tmobile_reception_frac": 0.0,
    "verizon_reception_frac": 0.0,
    "sprint_reception_frac": 0.0,
    "n_carriers_majority": 0,
    "any_majority_reception": false
   }
  },
  {
   "type": "Feature",
   "geometry": {
    "type": "Point",
    "coordinates": [
     -73.910136,
     40.8459
    ]
   },
   "properties": {
    "line": "B",
    "stop_id": "D08",
    "stop_name": "174-175 Sts",
    "borough": "Bx",
    "structure": "Subway",
    "att_reception_frac": 0.0,
    "tmobile_reception_frac": 0.0,
    "verizon_reception_frac": 0.0,
    "sprint_reception_frac": 0.0,
    "n_carriers_majority": 0,
    "any_majority_reception": false
   }
  },
  {
   "type": "Feature",
   "geometry": {
    "type": "Point",
    "coordinates": [
     -73.9134,
     40.839306
    ]
   },
   "properties": {
    "line": "B",
    "stop_id": "D09",
    "stop_name": "170 St",
    "borough": "Bx",
    "structure": "Subway",
    "att_reception_frac": 0.0,
    "tmobile_reception_frac": 0.0,
    "verizon_reception_frac": 0.0,
    "sprint_reception_frac": 0.0,
    "n_carriers_majority": 0,
    "any_majority_reception": false
   }
  },
  {
   "type": "Feature",
   "geometry": {
    "type": "Point",
    "coordinates": [
     -73.91844,
     40.833771
    ]
   },
   "properties": {
    "line": "B",
    "stop_id": "D10",
    "stop_name": "167 St",
    "borough": "Bx",
    "structure": "Subway",
    "att_reception_frac": 0.0,
    "tmobile_reception_frac": 0.0,
    "verizon_reception_frac": 0.0,
    "sprint_reception_frac": 0.0,
    "n_carriers_majority": 0,
    "any_majority_reception": false
   }
  },
  {
   "type": "Feature",
   "geometry": {
    "type": "Point",
    "coordinates": [
     -73.925651,
     40.827905
    ]
   },
   "properties": {
    "line": "B",
    "stop_id": "D11",
    "stop_name": "161 St-Yankee Stadium",
    "borough": "Bx",
    "structure": "Subway",
    "att_reception_frac": 0.0,
    "tmobile_reception_frac": 0.0,
    "verizon_reception_frac": 0.0,
    "sprint_reception_frac": 0.0,
    "n_carriers_majority": 0,
    "any_majority_reception": false
   }
  },
  {
   "type": "Feature",
   "geometry": {
    "type": "Point",
    "coordinates": [
     -73.938209,
     40.830135
    ]
   },
   "properties": {
    "line": "B",
    "stop_id": "D12",
    "stop_name": "155 St",
    "borough": "M",
    "structure": "Subway",
    "att_reception_frac": 0.0,
    "tmobile_reception_frac": 0.0,
    "verizon_reception_frac": 0.0,
    "sprint_reception_frac": 0.0,
    "n_carriers_majority": 0,
    "any_majority_reception": false
   }
  },
  {
   "type": "Feature",
   "geometry": {
    "type": "Point",
    "coordinates": [
     -73.944216,
     40.824783
    ]
   },
   "properties": {
    "line": "B",
    "stop_id": "D13",
    "stop_name": "145 St",
    "borough": "M",
    "structure": "Subway",
    "att_reception_frac": 0.043,
    "tmobile_reception_frac": 0.0,
    "verizon_reception_frac": 0.0,
    "sprint_reception_frac": 0.304,
    "n_carriers_majority": 0,
    "any_majority_reception": false
   }
  },
  {
   "type": "Feature",
   "geometry": {
    "type": "Point",
    "coordinates": [
     -73.981637,
     40.762862
    ]
   },
   "properties": {
    "line": "B",
    "stop_id": "D14",
    "stop_name": "7 Av",
    "borough": "M",
    "structure": "Subway",
    "att_reception_frac": 0.0,
    "tmobile_reception_frac": 0.0,
    "verizon_reception_frac": 0.333,
    "sprint_reception_frac": 0.0,
    "n_carriers_majority": 0,
    "any_majority_reception": false
   }
  },
  {
   "type": "Feature",
   "geometry": {
    "type": "Point",
    "coordinates": [
     -73.981329,
     40.758663
    ]
   },
   "properties": {
    "line": "B",
    "stop_id": "D15",
    "stop_name": "47-50 Sts-Rockefeller Ctr",
    "borough": "M",
    "structure": "Subway",
    "att_reception_frac": 0.0,
    "tmobile_reception_frac": 0.0,
    "verizon_reception_frac": 0.667,
    "sprint_reception_frac": 0.0,
    "n_carriers_majority": 1,
    "any_majority_reception": true
   }
  },
  {
   "type": "Feature",
   "geometry": {
    "type": "Point",
    "coordinates": [
     -73.984569,
     40.754222
    ]
   },
   "properties": {
    "line": "B",
    "stop_id": "D16",
    "stop_name": "42 St-Bryant Pk",
    "borough": "M",
    "structure": "Subway",
    "att_reception_frac": 0.0,
    "tmobile_reception_frac": 0.333,
    "verizon_reception_frac": 0.667,
    "sprint_reception_frac": 0.0,
    "n_carriers_majority": 1,
    "any_majority_reception": true
   }
  },
  {
   "type": "Feature",
   "geometry": {
    "type": "Point",
    "coordinates": [
     -73.987823,
     40.749719
    ]
   },
   "properties": {
    "line": "B",
    "stop_id": "D17",
    "stop_name": "34 St-Herald Sq",
    "borough": "M",
    "structure": "Subway",
    "att_reception_frac": 0.0,
    "tmobile_reception_frac": 0.5,
    "verizon_reception_frac": 0.25,
    "sprint_reception_frac": 0.25,
    "n_carriers_majority": 0,
    "any_majority_reception": false
   }
  },
  {
   "type": "Feature",
   "geometry": {
    "type": "Point",
    "coordinates": [
     -73.992821,
     40.742878
    ]
   },
   "properties": {
    "line": "B",
    "stop_id": "D18",
    "stop_name": "23 St",
    "borough": "M",
    "structure": "Subway",
    "att_reception_frac": 0.0,
    "tmobile_reception_frac": 0.4,
    "verizon_reception_frac": 0.4,
    "sprint_reception_frac": 0.0,
    "n_carriers_majority": 0,
    "any_majority_reception": false
   }
  },
  {
   "type": "Feature",
   "geometry": {
    "type": "Point",
    "coordinates": [
     -73.996209,
     40.738228
    ]
   },
   "properties": {
    "line": "B",
    "stop_id": "D19",
    "stop_name": "14 St",
    "borough": "M",
    "structure": "Subway",
    "att_reception_frac": 0.0,
    "tmobile_reception_frac": 0.5,
    "verizon_reception_frac": 0.5,
    "sprint_reception_frac": 0.5,
    "n_carriers_majority": 0,
    "any_majority_reception": false
   }
  },
  {
   "type": "Feature",
   "geometry": {
    "type": "Point",
    "coordinates": [
     -74.000495,
     40.732338
    ]
   },
   "properties": {
    "line": "B",
    "stop_id": "D20",
    "stop_name": "W 4 St-Wash Sq",
    "borough": "M",
    "structure": "Subway",
    "att_reception_frac": 0.0,
    "tmobile_reception_frac": 0.2,
    "verizon_reception_frac": 0.6,
    "sprint_reception_frac": 0.4,
    "n_carriers_majority": 1,
    "any_majority_reception": true
   }
  },
  {
   "type": "Feature",
   "geometry": {
    "type": "Point",
    "coordinates": [
     -73.996204,
     40.725297
    ]
   },
   "properties": {
    "line": "B",
    "stop_id": "D21",
    "stop_name": "Broadway-Lafayette St",
    "borough": "M",
    "structure": "Subway",
    "att_reception_frac": 0.4,
    "tmobile_reception_frac": 0.2,
    "verizon_reception_frac": 0.4,
    "sprint_reception_frac": 0.0,
    "n_carriers_majority": 0,
    "any_majority_reception": false
   }
  },
  {
   "type": "Feature",
   "geometry": {
    "type": "Point",
    "coordinates": [
     -73.993753,
     40.718267
    ]
   },
   "properties": {
    "line": "B",
    "stop_id": "D22",
    "stop_name": "Grand St",
    "borough": "M",
    "structure": "Subway",
    "att_reception_frac": 0.0,
    "tmobile_reception_frac": 0.071,
    "verizon_reception_frac": 0.071,
    "sprint_reception_frac": 0.0,
    "n_carriers_majority": 0,
    "any_majority_reception": false
   }
  },
  {
   "type": "Feature",
   "geometry": {
    "type": "Point",
    "coordinates": [
     -73.97689,
     40.68446
    ]
   },
   "properties": {
    "line": "B",
    "stop_id": "D24",
    "stop_name": "Atlantic Av-Barclays Ctr",
    "borough": "Bk",
    "structure": "Subway",
    "att_reception_frac": 0.067,
    "tmobile_reception_frac": 0.267,
    "verizon_reception_frac": 0.133,
    "sprint_reception_frac": 0.267,
    "n_carriers_majority": 0,
    "any_majority_reception": false
   }
  },
  {
   "type": "Feature",
   "geometry": {
    "type": "Point",
    "coordinates": [
     -73.972367,
     40.67705
    ]
   },
   "properties": {
    "line": "B",
    "stop_id": "D25",
    "stop_name": "7 Av",
    "borough": "Bk",
    "structure": "Subway",
    "att_reception_frac": 0.0,
    "tmobile_reception_frac": 0.0,
    "verizon_reception_frac": 0.0,
    "sprint_reception_frac": 0.0,
    "n_carriers_majority": 0,
    "any_majority_reception": false
   }
  },
  {
   "type": "Feature",
   "geometry": {
    "type": "Point",
    "coordinates": [
     -73.962246,
     40.661614
    ]
   },
   "properties": {
    "line": "B",
    "stop_id": "D26",
    "stop_name": "Prospect Park",
    "borough": "Bk",
    "structure": "Open Cut",
    "att_reception_frac": 0.0,
    "tmobile_reception_frac": 0.0,
    "verizon_reception_frac": 0.0,
    "sprint_reception_frac": 0.0,
    "n_carriers_majority": 0,
    "any_majority_reception": false
   }
  },
  {
   "type": "Feature",
   "geometry": {
    "type": "Point",
    "coordinates": [
     -73.961495,
     40.655292
    ]
   },
   "properties": {
    "line": "B",
    "stop_id": "D27",
    "stop_name": "Parkside Av",
    "borough": "Bk",
    "structure": "Open Cut",
    "att_reception_frac": 0.0,
    "tmobile_reception_frac": 0.0,
    "verizon_reception_frac": 0.0,
    "sprint_reception_frac": 0.0,
    "n_carriers_majority": 0,
    "any_majority_reception": false
   }
  },
  {
   "type": "Feature",
   "geometry": {
    "type": "Point",
    "coordinates": [
     -73.962982,
     40.650527
    ]
   },
   "properties": {
    "line": "B",
    "stop_id": "D28",
    "stop_name": "Church Av",
    "borough": "Bk",
    "structure": "Open Cut",
    "att_reception_frac": 0.0,
    "tmobile_reception_frac": 0.0,
    "verizon_reception_frac": 0.0,
    "sprint_reception_frac": 0.0,
    "n_carriers_majority": 0,
    "any_majority_reception": false
   }
  },
  {
   "type": "Feature",
   "geometry": {
    "type": "Point",
    "coordinates": [
     -73.964492,
     40.644031
    ]
   },
   "properties": {
    "line": "B",
    "stop_id": "D29",
    "stop_name": "Beverley Rd",
    "borough": "Bk",
    "structure": "Open Cut",
    "att_reception_frac": 0.25,
    "tmobile_reception_frac": 0.0,
    "verizon_reception_frac": 0.25,
    "sprint_reception_frac": 0.0,
    "n_carriers_majority": 0,
    "any_majority_reception": false
   }
  },
  {
   "type": "Feature",
   "geometry": {
    "type": "Point",
    "coordinates": [
     -73.963891,
     40.640927
    ]
   },
   "properties": {
    "line": "B",
    "stop_id": "D30",
    "stop_name": "Cortelyou Rd",
    "borough": "Bk",
    "structure": "Open Cut",
    "att_reception_frac": 0.0,
    "tmobile_reception_frac": 0.333,
    "verizon_reception_frac": 0.667,
    "sprint_reception_frac": 0.0,
    "n_carriers_majority": 1,
    "any_majority_reception": true
   }
  },
  {
   "type": "Feature",
   "geometry": {
    "type": "Point",
    "coordinates": [
     -73.962793,
     40.635082
    ]
   },
   "properties": {
    "line": "B",
    "stop_id": "D31",
    "stop_name": "Newkirk Plaza",
    "borough": "Bk",
    "structure": "Open Cut",
    "att_reception_frac": 0.333,
    "tmobile_reception_frac": 0.667,
    "verizon_reception_frac": 0.667,
    "sprint_reception_frac": 0.0,
    "n_carriers_majority": 2,
    "any_majority_reception": true
   }
  },
  {
   "type": "Feature",
   "geometry": {
    "type": "Point",
    "coordinates": [
     -73.961639,
     40.62927
    ]
   },
   "properties": {
    "line": "B",
    "stop_id": "D32",
    "stop_name": "Avenue H",
    "borough": "Bk",
    "structure": "Open Cut",
    "att_reception_frac": 0.25,
    "tmobile_reception_frac": 0.5,
    "verizon_reception_frac": 0.5,
    "sprint_reception_frac": 0.25,
    "n_carriers_majority": 0,
    "any_majority_reception": false
   }
  },
  {
   "type": "Feature",
   "geometry": {
    "type": "Point",
    "coordinates": [
     -73.960803,
     40.625039
    ]
   },
   "properties": {
    "line": "B",
    "stop_id": "D33",
    "stop_name": "Avenue J",
    "borough": "Bk",
    "structure": "Open Cut",
    "att_reception_frac": 0.0,
    "tmobile_reception_frac": 0.25,
    "verizon_reception_frac": 0.75,
    "sprint_reception_frac": 0.0,
    "n_carriers_majority": 1,
    "any_majority_reception": true
   }
  },
  {
   "type": "Feature",
   "geometry": {
    "type": "Point",
    "coordinates": [
     -73.959399,
     40.617618
    ]
   },
   "properties": {
    "line": "B",
    "stop_id": "D34",
    "stop_name": "Avenue M",
    "borough": "Bk",
    "structure": "Open Cut",
    "att_reception_frac": 0.4,
    "tmobile_reception_frac": 0.2,
    "verizon_reception_frac": 0.4,
    "sprint_reception_frac": 0.0,
    "n_carriers_majority": 0,
    "any_majority_reception": false
   }
  },
  {
   "type": "Feature",
   "geometry": {
    "type": "Point",
    "coordinates": [
     -73.957734,
     40.60867
    ]
   },
   "properties": {
    "line": "B",
    "stop_id": "D35",
    "stop_name": "Kings Hwy",
    "borough": "Bk",
    "structure": "Open Cut",
    "att_reception_frac": 0.143,
    "tmobile_reception_frac": 0.429,
    "verizon_reception_frac": 0.286,
    "sprint_reception_frac": 0.143,
    "n_carriers_majority": 0,
    "any_majority_reception": false
   }
  },
  {
   "type": "Feature",
   "geometry": {
    "type": "Point",
    "coordinates": [
     -73.961376,
     40.577621
    ]
   },
   "properties": {
    "line": "B",
    "stop_id": "D40",
    "stop_name": "Brighton Beach",
    "borough": "Bk",
    "structure": "Elevated",
    "att_reception_frac": 0.083,
    "tmobile_reception_frac": 0.25,
    "verizon_reception_frac": 0.5,
    "sprint_reception_frac": 0.0,
    "n_carriers_majority": 0,
    "any_majority_reception": false
   }
  },
  {
   "type": "Feature",
   "geometry": {
    "type": "Point",
    "coordinates": [
     -73.968501,
     40.576312
    ]
   },
   "properties": {
    "line": "B",
    "stop_id": "D41",
    "stop_name": "Ocean Pkwy",
    "borough": "Bk",
    "structure": "Elevated",
    "att_reception_frac": 0.333,
    "tmobile_reception_frac": 0.333,
    "verizon_reception_frac": 0.0,
    "sprint_reception_frac": 0.0,
    "n_carriers_majority": 0,
    "any_majority_reception": false
   }
  },
  {
   "type": "Feature",
   "geometry": {
    "type": "Point",
    "coordinates": [
     -73.975939,
     40.576127
    ]
   },
   "properties": {
    "line": "B",
    "stop_id": "D42",
    "stop_name": "W 8 St-NY Aquarium",
    "borough": "Bk",
    "structure": "Elevated",
    "att_reception_frac": 0.0,
    "tmobile_reception_frac": 0.0,
    "verizon_reception_frac": 0.0,
    "sprint_reception_frac": 0.0,
    "n_carriers_majority": 0,
    "any_majority_reception": false
   }
  },
  {
   "type": "Feature",
   "geometry": {
    "type": "Point",
    "coordinates": [
     -73.981233,
     40.577422
    ]
   },
   "properties": {
    "line": "B",
    "stop_id": "D43",
    "stop_name": "Coney Island-Stillwell Av",
    "borough": "Bk",
    "structure": "Viaduct",
    "att_reception_frac": 0.429,
    "tmobile_reception_frac": 0.286,
    "verizon_reception_frac": 0.429,
    "sprint_reception_frac": 0.0,
    "n_carriers_majority": 0,
    "any_majority_reception": false
   }
  },
  {
   "type": "Feature",
   "geometry": {
    "type": "Point",
    "coordinates": [
     -73.939561,
     40.840719
    ]
   },
   "properties": {
    "line": "C",
    "stop_id": "A09",
    "stop_name": "168 St",
    "borough": "M",
    "structure": "Subway",
    "att_reception_frac": 1.0,
    "tmobile_reception_frac": 0.0,
    "verizon_reception_frac": 0.0,
    "sprint_reception_frac": 0.0,
    "n_carriers_majority": 1,
    "any_majority_reception": true
   }
  },
  {
   "type": "Feature",
   "geometry": {
    "type": "Point",
    "coordinates": [
     -73.939892,
     40.836013
    ]
   },
   "properties": {
    "line": "C",
    "stop_id": "A10",
    "stop_name": "163 St-Amsterdam Av",
    "borough": "M",
    "structure": "Subway",
    "att_reception_frac": 1.0,
    "tmobile_reception_frac": 0.0,
    "verizon_reception_frac": 0.0,
    "sprint_reception_frac": 0.0,
    "n_carriers_majority": 1,
    "any_majority_reception": true
   }
  },
  {
   "type": "Feature",
   "geometry": {
    "type": "Point",
    "coordinates": [
     -73.941514,
     40.830518
    ]
   },
   "properties": {
    "line": "C",
    "stop_id": "A11",
    "stop_name": "155 St",
    "borough": "M",
    "structure": "Subway",
    "att_reception_frac": 0.0,
    "tmobile_reception_frac": 0.0,
    "verizon_reception_frac": 0.0,
    "sprint_reception_frac": 0.0,
    "n_carriers_majority": 0,
    "any_majority_reception": false
   }
  },
  {
   "type": "Feature",
   "geometry": {
    "type": "Point",
    "coordinates": [
     -73.944216,
     40.824783
    ]
   },
   "properties": {
    "line": "C",
    "stop_id": "A12",
    "stop_name": "145 St",
    "borough": "M",
    "structure": "Subway",
    "att_reception_frac": 0.0,
    "tmobile_reception_frac": 0.0,
    "verizon_reception_frac": 0.0,
    "sprint_reception_frac": 0.0,
    "n_carriers_majority": 0,
    "any_majority_reception": false
   }
  },
  {
   "type": "Feature",
   "geometry": {
    "type": "Point",
    "coordinates": [
     -73.947649,
     40.817894
    ]
   },
   "properties": {
    "line": "C",
    "stop_id": "A14",
    "stop_name": "135 St",
    "borough": "M",
    "structure": "Subway",
    "att_reception_frac": 0.0,
    "tmobile_reception_frac": 0.0,
    "verizon_reception_frac": 0.0,
    "sprint_reception_frac": 0.0,
    "n_carriers_majority": 0,
    "any_majority_reception": false
   }
  },
  {
   "type": "Feature",
   "geometry": {
    "type": "Point",
    "coordinates": [
     -73.952343,
     40.811109
    ]
   },
   "properties": {
    "line": "C",
    "stop_id": "A15",
    "stop_name": "125 St",
    "borough": "M",
    "structure": "Subway",
    "att_reception_frac": 0.0,
    "tmobile_reception_frac": 0.0,
    "verizon_reception_frac": 0.0,
    "sprint_reception_frac": 0.0,
    "n_carriers_majority": 0,
    "any_majority_reception": false
   }
  },
  {
   "type": "Feature",
   "geometry": {
    "type": "Point",
    "coordinates": [
     -73.954882,
     40.805085
    ]
   },
   "properties": {
    "line": "C",
    "stop_id": "A16",
    "stop_name": "116 St",
    "borough": "M",
    "structure": "Subway",
    "att_reception_frac": 0.25,
    "tmobile_reception_frac": 0.0,
    "verizon_reception_frac": 0.0,
    "sprint_reception_frac": 0.0,
    "n_carriers_majority": 0,
    "any_majority_reception": false
   }
  },
  {
   "type": "Feature",
   "geometry": {
    "type": "Point",
    "coordinates": [
     -73.958161,
     40.800603
    ]
   },
   "properties": {
    "line": "C",
    "stop_id": "A17",
    "stop_name": "Cathedral Pkwy (110 St)",
    "borough": "M",
    "structure": "Subway",
    "att_reception_frac": 0.25,
    "tmobile_reception_frac": 0.0,
    "verizon_reception_frac": 0.0,
    "sprint_reception_frac": 0.0,
    "n_carriers_majority": 0,
    "any_majority_reception": false
   }
  },
  {
   "type": "Feature",
   "geometry": {
    "type": "Point",
    "coordinates": [
     -73.961454,
     40.796092
    ]
   },
   "properties": {
    "line": "C",
    "stop_id": "A18",
    "stop_name": "103 St",
    "borough": "M",
    "structure": "Subway",
    "att_reception_frac": 0.0,
    "tmobile_reception_frac": 0.0,
    "verizon_reception_frac": 0.0,
    "sprint_reception_frac": 0.0,
    "n_carriers_majority": 0,
    "any_majority_reception": false
   }
  },
  {
   "type": "Feature",
   "geometry": {
    "type": "Point",
    "coordinates": [
     -73.964696,
     40.791642
    ]
   },
   "properties": {
    "line": "C",
    "stop_id": "A19",
    "stop_name": "96 St",
    "borough": "M",
    "structure": "Subway",
    "att_reception_frac": 0.0,
    "tmobile_reception_frac": 0.0,
    "verizon_reception_frac": 0.0,
    "sprint_reception_frac": 0.0,
    "n_carriers_majority": 0,
    "any_majority_reception": false
   }
  },
  {
   "type": "Feature",
   "geometry": {
    "type": "Point",
    "coordinates": [
     -73.968916,
     40.785868
    ]
   },
   "properties": {
    "line": "C",
    "stop_id": "A20",
    "stop_name": "86 St",
    "borough": "M",
    "structure": "Subway",
    "att_reception_frac": 0.25,
    "tmobile_reception_frac": 0.0,
    "verizon_reception_frac": 0.0,
    "sprint_reception_frac": 0.0,
    "n_carriers_majority": 0,
    "any_majority_reception": false
   }
  },
  {
   "type": "Feature",
   "geometry": {
    "type": "Point",
    "coordinates": [
     -73.972143,
     40.781433
    ]
   },
   "properties": {
    "line": "C",
    "stop_id": "A21",
    "stop_name": "81 St-Museum of Natural History",
    "borough": "M",
    "structure": "Subway",
    "att_reception_frac": 0.0,
    "tmobile_reception_frac": 0.0,
    "verizon_reception_frac": 0.0,
    "sprint_reception_frac": 0.0,
    "n_carriers_majority": 0,
    "any_majority_reception": false
   }
  },
  {
   "type": "Feature",
   "geometry": {
    "type": "Point",
    "coordinates": [
     -73.97641,
     40.775594
    ]
   },
   "properties": {
    "line": "C",
    "stop_id": "A22",
    "stop_name": "72 St",
    "borough": "M",
    "structure": "Subway",
    "att_reception_frac": 0.0,
    "tmobile_reception_frac": 0.2,
    "verizon_reception_frac": 0.0,
    "sprint_reception_frac": 0.0,
    "n_carriers_majority": 0,
    "any_majority_reception": false
   }
  },
  {
   "type": "Feature",
   "geometry": {
    "type": "Point",
    "coordinates": [
     -73.981736,
     40.768296
    ]
   },
   "properties": {
    "line": "C",
    "stop_id": "A24",
    "stop_name": "59 St-Columbus Circle",
    "borough": "M",
    "structure": "Subway",
    "att_reception_frac": 0.0,
    "tmobile_reception_frac": 0.4,
    "verizon_reception_frac": 0.0,
    "sprint_reception_frac": 0.0,
    "n_carriers_majority": 0,
    "any_majority_reception": false
   }
  },
  {
   "type": "Feature",
   "geometry": {
    "type": "Point",
    "coordinates": [
     -73.985984,
     40.762456
    ]
   },
   "properties": {
    "line": "C",
    "stop_id": "A25",
    "stop_name": "50 St",
    "borough": "M",
    "structure": "Subway",
    "att_reception_frac": 0.25,
    "tmobile_reception_frac": 0.25,
    "verizon_reception_frac": 0.0,
    "sprint_reception_frac": 0.5,
    "n_carriers_majority": 0,
    "any_majority_reception": false
   }
  },
  {
   "type": "Feature",
   "geometry": {
    "type": "Point",
    "coordinates": [
     -73.989735,
     40.757308
    ]
   },
   "properties": {
    "line": "C",
    "stop_id": "A27",
    "stop_name": "42 St-Port Authority Bus Terminal",
    "borough": "M",
    "structure": "Subway",
    "att_reception_frac": 0.0,
    "tmobile_reception_frac": 0.0,
    "verizon_reception_frac": 0.0,
    "sprint_reception_frac": 0.25,
    "n_carriers_majority": 0,
    "any_majority_reception": false
   }
  },
  {
   "type": "Feature",
   "geometry": {
    "type": "Point",
    "coordinates": [
     -73.993391,
     40.752287
    ]
   },
   "properties": {
    "line": "C",
    "stop_id": "A28",
    "stop_name": "34 St-Penn Station",
    "borough": "M",
    "structure": "Subway",
    "att_reception_frac": 0.25,
    "tmobile_reception_frac": 0.25,
    "verizon_reception_frac": 0.25,
    "sprint_reception_frac": 0.0,
    "n_carriers_majority": 0,
    "any_majority_reception": false
   }
  },
  {
   "type": "Feature",
   "geometry": {
    "type": "Point",
    "coordinates": [
     -73.998041,
     40.745906
    ]
   },
   "properties": {
    "line": "C",
    "stop_id": "A30",
    "stop_name": "23 St",
    "borough": "M",
    "structure": "Subway",
    "att_reception_frac": 0.0,
    "tmobile_reception_frac": 0.5,
    "verizon_reception_frac": 0.25,
    "sprint_reception_frac": 0.0,
    "n_carriers_majority": 0,
    "any_majority_reception": false
   }
  },
  {
   "type": "Feature",
   "geometry": {
    "type": "Point",
    "coordinates": [
     -74.00169,
     40.740893
    ]
   },
   "properties": {
    "line": "C",
    "stop_id": "A31",
    "stop_name": "14 St",
    "borough": "M",
    "structure": "Subway",
    "att_reception_frac": 0.0,
    "tmobile_reception_frac": 0.4,
    "verizon_reception_frac": 0.2,
    "sprint_reception_frac": 0.4,
    "n_carriers_majority": 0,
    "any_majority_reception": false
   }
  },
  {
   "type": "Feature",
   "geometry": {
    "type": "Point",
    "coordinates": [
     -74.000495,
     40.732338
    ]
   },
   "properties": {
    "line": "C",
    "stop_id": "A32",
    "stop_name": "W 4 St-Wash Sq",
    "borough": "M",
    "structure": "Subway",
    "att_reception_frac": 0.0,
    "tmobile_reception_frac": 0.0,
    "verizon_reception_frac": 0.4,
    "sprint_reception_frac": 0.4,
    "n_carriers_majority": 0,
    "any_majority_reception": false
   }
  },
  {
   "type": "Feature",
   "geometry": {
    "type": "Point",
    "coordinates": [
     -74.003739,
     40.726227
    ]
   },
   "properties": {
    "line": "C",
    "stop_id": "A33",
    "stop_name": "Spring St",
    "borough": "M",
    "structure": "Subway",
    "att_reception_frac": 0.25,
    "tmobile_reception_frac": 0.25,
    "verizon_reception_frac": 1.0,
    "sprint_reception_frac": 0.25,
    "n_carriers_majority": 1,
    "any_majority_reception": true
   }
  },
  {
   "type": "Feature",
   "geometry": {
    "type": "Point",
    "coordinates": [
     -74.005229,
     40.720824
    ]
   },
   "properties": {
    "line": "C",
    "stop_id": "A34",
    "stop_name": "Canal St",
    "borough": "M",
    "structure": "Subway",
    "att_reception_frac": 0.0,
    "tmobile_reception_frac": 0.25,
    "verizon_reception_frac": 0.25,
    "sprint_reception_frac": 0.0,
    "n_carriers_majority": 0,
    "any_majority_reception": false
   }
  },
  {
   "type": "Feature",
   "geometry": {
    "type": "Point",
    "coordinates": [
     -74.008585,
     40.714111
    ]
   },
   "properties": {
    "line": "C",
    "stop_id": "A36",
    "stop_name": "Chambers St",
    "borough": "M",
    "structure": "Subway",
    "att_reception_frac": 0.0,
    "tmobile_reception_frac": 0.0,
    "verizon_reception_frac": 0.0,
    "sprint_reception_frac": 0.0,
    "n_carriers_majority": 0,
    "any_majority_reception": false
   }
  },
  {
   "type": "Feature",
   "geometry": {
    "type": "Point",
    "coordinates": [
     -74.007691,
     40.710197
    ]
   },
   "properties": {
    "line": "C",
    "stop_id": "A38",
    "stop_name": "Fulton St",
    "borough": "M",
    "structure": "Subway",
    "att_reception_frac": 0.0,
    "tmobile_reception_frac": 0.0,
    "verizon_reception_frac": 0.143,
    "sprint_reception_frac": 0.0,
    "n_carriers_majority": 0,
    "any_majority_reception": false
   }
  },
  {
   "type": "Feature",
   "geometry": {
    "type": "Point",
    "coordinates": [
     -73.990531,
     40.699337
    ]
   },
   "properties": {
    "line": "C",
    "stop_id": "A40",
    "stop_name": "High St",
    "borough": "Bk",
    "structure": "Subway",
    "att_reception_frac": 0.0,
    "tmobile_reception_frac": 0.0,
    "verizon_reception_frac": 0.375,
    "sprint_reception_frac": 0.0,
    "n_carriers_majority": 0,
    "any_majority_reception": false
   }
  },
  {
   "type": "Feature",
   "geometry": {
    "type": "Point",
    "coordinates": [
     -73.987342,
     40.692338
    ]
   },
   "properties": {
    "line": "C",
    "stop_id": "A41",
    "stop_name": "Jay St-MetroTech",
    "borough": "Bk",
    "structure": "Subway",
    "att_reception_frac": 0.0,
    "tmobile_reception_frac": 0.0,
    "verizon_reception_frac": 0.0,
    "sprint_reception_frac": 0.0,
    "n_carriers_majority": 0,
    "any_majority_reception": false
   }
  },
  {
   "type": "Feature",
   "geometry": {
    "type": "Point",
    "coordinates": [
     -73.985001,
     40.688484
    ]
   },
   "properties": {
    "line": "C",
    "stop_id": "A42",
    "stop_name": "Hoyt-Schermerhorn Sts",
    "borough": "Bk",
    "structure": "Subway",
    "att_reception_frac": 0.0,
    "tmobile_reception_frac": 0.0,
    "verizon_reception_frac": 0.0,
    "sprint_reception_frac": 0.0,
    "n_carriers_majority": 0,
    "any_majority_reception": false
   }
  },
  {
   "type": "Feature",
   "geometry": {
    "type": "Point",
    "coordinates": [
     -73.973946,
     40.686113
    ]
   },
   "properties": {
    "line": "C",
    "stop_id": "A43",
    "stop_name": "Lafayette Av",
    "borough": "Bk",
    "structure": "Subway",
    "att_reception_frac": 0.0,
    "tmobile_reception_frac": 0.0,
    "verizon_reception_frac": 0.0,
    "sprint_reception_frac": 0.0,
    "n_carriers_majority": 0,
    "any_majority_reception": false
   }
  },
  {
   "type": "Feature",
   "geometry": {
    "type": "Point",
    "coordinates": [
     -73.965838,
     40.683263
    ]
   },
   "properties": {
    "line": "C",
    "stop_id": "A44",
    "stop_name": "Clinton-Washington Avs",
    "borough": "Bk",
    "structure": "Subway",
    "att_reception_frac": 0.0,
    "tmobile_reception_frac": 0.0,
    "verizon_reception_frac": 0.6,
    "sprint_reception_frac": 0.0,
    "n_carriers_majority": 1,
    "any_majority_reception": true
   }
  },
  {
   "type": "Feature",
   "geometry": {
    "type": "Point",
    "coordinates": [
     -73.956848,
     40.68138
    ]
   },
   "properties": {
    "line": "C",
    "stop_id": "A45",
    "stop_name": "Franklin Av",
    "borough": "Bk",
    "structure": "Subway",
    "att_reception_frac": 0.0,
    "tmobile_reception_frac": 0.0,
    "verizon_reception_frac": 0.25,
    "sprint_reception_frac": 0.0,
    "n_carriers_majority": 0,
    "any_majority_reception": false
   }
  },
  {
   "type": "Feature",
   "geometry": {
    "type": "Point",
    "coordinates": [
     -73.950426,
     40.680438
    ]
   },
   "properties": {
    "line": "C",
    "stop_id": "A46",
    "stop_name": "Nostrand Av",
    "borough": "Bk",
    "structure": "Subway",
    "att_reception_frac": 0.0,
    "tmobile_reception_frac": 0.0,
    "verizon_reception_frac": 0.0,
    "sprint_reception_frac": 0.0,
    "n_carriers_majority": 0,
    "any_majority_reception": false
   }
  },
  {
   "type": "Feature",
   "geometry": {
    "type": "Point",
    "coordinates": [
     -73.940858,
     40.679921
    ]
   },
   "properties": {
    "line": "C",
    "stop_id": "A47",
    "stop_name": "Kingston-Throop Avs",
    "borough": "Bk",
    "structure": "Subway",
    "att_reception_frac": 0.0,
    "tmobile_reception_frac": 0.0,
    "verizon_reception_frac": 0.0,
    "sprint_reception_frac": 0.0,
    "n_carriers_majority": 0,
    "any_majority_reception": false
   }
  },
  {
   "type": "Feature",
   "geometry": {
    "type": "Point",
    "coordinates": [
     -73.930729,
     40.679364
    ]
   },
   "properties": {
    "line": "C",
    "stop_id": "A48",
    "stop_name": "Utica Av",
    "borough": "Bk",
    "structure": "Subway",
    "att_reception_frac": 0.0,
    "tmobile_reception_frac": 0.0,
    "verizon_reception_frac": 0.0,
    "sprint_reception_frac": 0.0,
    "n_carriers_majority": 0,
    "any_majority_reception": false
   }
  },
  {
   "type": "Feature",
   "geometry": {
    "type": "Point",
    "coordinates": [
     -73.920786,
     40.678822
    ]
   },
   "properties": {
    "line": "C",
    "stop_id": "A49",
    "stop_name": "Ralph Av",
    "borough": "Bk",
    "structure": "Subway",
    "att_reception_frac": 0.0,
    "tmobile_reception_frac": 0.0,
    "verizon_reception_frac": 0.0,
    "sprint_reception_frac": 0.0,
    "n_carriers_majority": 0,
    "any_majority_reception": false
   }
  },
  {
   "type": "Feature",
   "geometry": {
    "type": "Point",
    "coordinates": [
     -73.911946,
     40.67834
    ]
   },
   "properties": {
    "line": "C",
    "stop_id": "A50",
    "stop_name": "Rockaway Av",
    "borough": "Bk",
    "structure": "Subway",
    "att_reception_frac": 0.0,
    "tmobile_reception_frac": 0.0,
    "verizon_reception_frac": 0.5,
    "sprint_reception_frac": 0.0,
    "n_carriers_majority": 0,
    "any_majority_reception": false
   }
  },
  {
   "type": "Feature",
   "geometry": {
    "type": "Point",
    "coordinates": [
     -73.905316,
     40.678334
    ]
   },
   "properties": {
    "line": "C",
    "stop_id": "A51",
    "stop_name": "Broadway Junction",
    "borough": "Bk",
    "structure": "Subway",
    "att_reception_frac": 0.0,
    "tmobile_reception_frac": 0.0,
    "verizon_reception_frac": 0.0,
    "sprint_reception_frac": 0.0,
    "n_carriers_majority": 0,
    "any_majority_reception": false
   }
  },
  {
   "type": "Feature",
   "geometry": {
    "type": "Point",
    "coordinates": [
     -73.896548,
     40.674542
    ]
   },
   "properties": {
    "line": "C",
    "stop_id": "A52",
    "stop_name": "Liberty Av",
    "borough": "Bk",
    "structure": "Subway",
    "att_reception_frac": 0.0,
    "tmobile_reception_frac": 0.0,
    "verizon_reception_frac": 0.0,
    "sprint_reception_frac": 0.0,
    "n_carriers_majority": 0,
    "any_majority_reception": false
   }
  },
  {
   "type": "Feature",
   "geometry": {
    "type": "Point",
    "coordinates": [
     -73.890358,
     40.67271
    ]
   },
   "properties": {
    "line": "C",
    "stop_id": "A53",
    "stop_name": "Van Siclen Av",
    "borough": "Bk",
    "structure": "Subway",
    "att_reception_frac": 0.0,
    "tmobile_reception_frac": 0.0,
    "verizon_reception_frac": 0.0,
    "sprint_reception_frac": 0.25,
    "n_carriers_majority": 0,
    "any_majority_reception": false
   }
  },
  {
   "type": "Feature",
   "geometry": {
    "type": "Point",
    "coordinates": [
     -73.88075,
     40.67413
    ]
   },
   "properties": {
    "line": "C",
    "stop_id": "A54",
    "stop_name": "Shepherd Av",
    "borough": "Bk",
    "structure": "Subway",
    "att_reception_frac": 0.0,
    "tmobile_reception_frac": 0.0,
    "verizon_reception_frac": 0.0,
    "sprint_reception_frac": 0.2,
    "n_carriers_majority": 0,
    "any_majority_reception": false
   }
  },
  {
   "type": "Feature",
   "geometry": {
    "type": "Point",
    "coordinates": [
     -73.872106,
     40.675377
    ]
   },
   "properties": {
    "line": "C",
    "stop_id": "A55",
    "stop_name": "Euclid Av",
    "borough": "Bk",
    "structure": "Subway",
    "att_reception_frac": 0.0,
    "tmobile_reception_frac": 0.0,
    "verizon_reception_frac": 0.1,
    "sprint_reception_frac": 0.2,
    "n_carriers_majority": 0,
    "any_majority_reception": false
   }
  },
  {
   "type": "Feature",
   "geometry": {
    "type": "Point",
    "coordinates": [
     -73.981736,
     40.768296
    ]
   },
   "properties": {
    "line": "D",
    "stop_id": "A24",
    "stop_name": "59 St-Columbus Circle",
    "borough": "M",
    "structure": "Subway",
    "att_reception_frac": 0.087,
    "tmobile_reception_frac": 0.174,
    "verizon_reception_frac": 0.261,
    "sprint_reception_frac": 0.087,
    "n_carriers_majority": 0,
    "any_majority_reception": false
   }
  },
  {
   "type": "Feature",
   "geometry": {
    "type": "Point",
    "coordinates": [
     -73.994324,
     40.646292
    ]
   },
   "properties": {
    "line": "D",
    "stop_id": "B12",
    "stop_name": "9 Av",
    "borough": "Bk",
    "structure": "Open Cut",
    "att_reception_frac": 0.167,
    "tmobile_reception_frac": 0.417,
    "verizon_reception_frac": 0.583,
    "sprint_reception_frac": 0.083,
    "n_carriers_majority": 1,
    "any_majority_reception": true
   }
  },
  {
   "type": "Feature",
   "geometry": {
    "type": "Point",
    "coordinates": [
     -73.994304,
     40.640914
    ]
   },
   "properties": {
    "line": "D",
    "stop_id": "B13",
    "stop_name": "Fort Hamilton Pkwy",
    "borough": "Bk",
    "structure": "Elevated",
    "att_reception_frac": 1.0,
    "tmobile_reception_frac": 0.667,
    "verizon_reception_frac": 0.667,
    "sprint_reception_frac": 0.0,
    "n_carriers_majority": 3,
    "any_majority_reception": true
   }
  },
  {
   "type": "Feature",
   "geometry": {
    "type": "Point",
    "coordinates": [
     -73.994791,
     40.63626
    ]
   },
   "properties": {
    "line": "D",
    "stop_id": "B14",
    "stop_name": "50 St",
    "borough": "Bk",
    "structure": "Elevated",
    "att_reception_frac": 0.333,
    "tmobile_reception_frac": 1.0,
    "verizon_reception_frac": 0.667,
    "sprint_reception_frac": 0.0,
    "n_carriers_majority": 2,
    "any_majority_reception": true
   }
  },
  {
   "type": "Feature",
   "geometry": {
    "type": "Point",
    "coordinates": [
     -73.995476,
     40.631435
    ]
   },
   "properties": {
    "line": "D",
    "stop_id": "B15",
    "stop_name": "55 St",
    "borough": "Bk",
    "structure": "Elevated",
    "att_reception_frac": 0.75,
    "tmobile_reception_frac": 0.25,
    "verizon_reception_frac": 0.75,
    "sprint_reception_frac": 0.25,
    "n_carriers_majority": 2,
    "any_majority_reception": true
   }
  },
  {
   "type": "Feature",
   "geometry": {
    "type": "Point",
    "coordinates": [
     -73.996895,
     40.626472
    ]
   },
   "properties": {
    "line": "D",
    "stop_id": "B16",
    "stop_name": "62 St",
    "borough": "Bk",
    "structure": "Elevated",
    "att_reception_frac": 0.5,
    "tmobile_reception_frac": 0.75,
    "verizon_reception_frac": 0.75,
    "sprint_reception_frac": 0.25,
    "n_carriers_majority": 2,
    "any_majority_reception": true
   }
  },
  {
   "type": "Feature",
   "geometry": {
    "type": "Point",
    "coordinates": [
     -73.998864,
     40.619589
    ]
   },
   "properties": {
    "line": "D",
    "stop_id": "B17",
    "stop_name": "71 St",
    "borough": "Bk",
    "structure": "Elevated",
    "att_reception_frac": 0.25,
    "tmobile_reception_frac": 0.5,
    "verizon_reception_frac": 0.25,
    "sprint_reception_frac": 0.25,
    "n_carriers_majority": 0,
    "any_majority_reception": false
   }
  },
  {
   "type": "Feature",
   "geometry": {
    "type": "Point",
    "coordinates": [
     -74.00061,
     40.613501
    ]
   },
   "properties": {
    "line": "D",
    "stop_id": "B18",
    "stop_name": "79 St",
    "borough": "Bk",
    "structure": "Elevated",
    "att_reception_frac": 0.333,
    "tmobile_reception_frac": 0.333,
    "verizon_reception_frac": 1.0,
    "sprint_reception_frac": 0.333,
    "n_carriers_majority": 1,
    "any_majority_reception": true
   }
  },
  {
   "type": "Feature",
   "geometry": {
    "type": "Point",
    "coordinates": [
     -73.878855,
     40.874811
    ]
   },
   "properties": {
    "line": "D",
    "stop_id": "D01",
    "stop_name": "Norwood-205 St",
    "borough": "Bx",
    "structure": "Subway",
    "att_reception_frac": 0.0,
    "tmobile_reception_frac": 0.0,
    "verizon_reception_frac": 0.0,
    "sprint_reception_frac": 0.0,
    "n_carriers_majority": 0,
    "any_majority_reception": false
   }
  },
  {
   "type": "Feature",
   "geometry": {
    "type": "Point",
    "coordinates": [
     -73.887138,
     40.873244
    ]
   },
   "properties": {
    "line": "D",
    "stop_id": "D03",
    "stop_name": "Bedford Park Blvd",
    "borough": "Bx",
    "structure": "Subway",
    "att_reception_frac": 0.0,
    "tmobile_reception_frac": 0.0,
    "verizon_reception_frac": 0.0,
    "sprint_reception_frac": 0.0,
    "n_carriers_majority": 0,
    "any_majority_reception": false
   }
  },
  {
   "type": "Feature",
   "geometry": {
    "type": "Point",
    "coordinates": [
     -73.893509,
     40.866978
    ]
   },
   "properties": {
    "line": "D",
    "stop_id": "D04",
    "stop_name": "Kingsbridge Rd",
    "borough": "Bx",
    "structure": "Subway",
    "att_reception_frac": 0.0,
    "tmobile_reception_frac": 0.0,
    "verizon_reception_frac": 0.0,
    "sprint_reception_frac": 0.0,
    "n_carriers_majority": 0,
    "any_majority_reception": false
   }
  },
  {
   "type": "Feature",
   "geometry": {
    "type": "Point",
    "coordinates": [
     -73.897749,
     40.861296
    ]
   },
   "properties": {
    "line": "D",
    "stop_id": "D05",
    "stop_name": "Fordham Rd",
    "borough": "Bx",
    "structure": "Subway",
    "att_reception_frac": 0.0,
    "tmobile_reception_frac": 0.0,
    "verizon_reception_frac": 0.5,
    "sprint_reception_frac": 0.0,
    "n_carriers_majority": 0,
    "any_majority_reception": false
   }
  },
  {
   "type": "Feature",
   "geometry": {
    "type": "Point",
    "coordinates": [
     -73.900741,
     40.856093
    ]
   },
   "properties": {
    "line": "D",
    "stop_id": "D06",
    "stop_name": "182-183 Sts",
    "borough": "Bx",
    "structure": "Subway",
    "att_reception_frac": 0.0,
    "tmobile_reception_frac": 0.0,
    "verizon_reception_frac": 0.0,
    "sprint_reception_frac": 0.0,
    "n_carriers_majority": 0,
    "any_majority_reception": false
   }
  },
  {
   "type": "Feature",
   "geometry": {
    "type": "Point",
    "coordinates": [
     -73.905227,
     40.85041
    ]
   },
   "properties": {
    "line": "D",
    "stop_id": "D07",
    "stop_name": "Tremont Av",
    "borough": "Bx",
    "structure": "Subway",
    "att_reception_frac": 0.0,
    "tmobile_reception_frac": 0.0,
    "verizon_reception_frac": 0.0,
    "sprint_reception_frac": 0.25,
    "n_carriers_majority": 0,
    "any_majority_reception": false
   }
  },
  {
   "type": "Feature",
   "geometry": {
    "type": "Point",
    "coordinates": [
     -73.910136,
     40.8459
    ]
   },
   "properties": {
    "line": "D",
    "stop_id": "D08",
    "stop_name": "174-175 Sts",
    "borough": "Bx",
    "structure": "Subway",
    "att_reception_frac": 0.0,
    "tmobile_reception_frac": 0.0,
    "verizon_reception_frac": 0.0,
    "sprint_reception_frac": 0.0,
    "n_carriers_majority": 0,
    "any_majority_reception": false
   }
  },
  {
   "type": "Feature",
   "geometry": {
    "type": "Point",
    "coordinates": [
     -73.9134,
     40.839306
    ]
   },
   "properties": {
    "line": "D",
    "stop_id": "D09",
    "stop_name": "170 St",
    "borough": "Bx",
    "structure": "Subway",
    "att_reception_frac": 0.0,
    "tmobile_reception_frac": 0.0,
    "verizon_reception_frac": 0.0,
    "sprint_reception_frac": 0.0,
    "n_carriers_majority": 0,
    "any_majority_reception": false
   }
  },
  {
   "type": "Feature",
   "geometry": {
    "type": "Point",
    "coordinates": [
     -73.91844,
     40.833771
    ]
   },
   "properties": {
    "line": "D",
    "stop_id": "D10",
    "stop_name": "167 St",
    "borough": "Bx",
    "structure": "Subway",
    "att_reception_frac": 0.0,
    "tmobile_reception_frac": 0.0,
    "verizon_reception_frac": 0.0,
    "sprint_reception_frac": 0.0,
    "n_carriers_majority": 0,
    "any_majority_reception": false
   }
  },
  {
   "type": "Feature",
   "geometry": {
    "type": "Point",
    "coordinates": [
     -73.925651,
     40.827905
    ]
   },
   "properties": {
    "line": "D",
    "stop_id": "D11",
    "stop_name": "161 St-Yankee Stadium",
    "borough": "Bx",
    "structure": "Subway",
    "att_reception_frac": 0.0,
    "tmobile_reception_frac": 0.0,
    "verizon_reception_frac": 0.0,
    "sprint_reception_frac": 0.0,
    "n_carriers_majority": 0,
    "any_majority_reception": false
   }
  },
  {
   "type": "Feature",
   "geometry": {
    "type": "Point",
    "coordinates": [
     -73.938209,
     40.830135
    ]
   },
   "properties": {
    "line": "D",
    "stop_id": "D12",
    "stop_name": "155 St",
    "borough": "M",
    "structure": "Subway",
    "att_reception_frac": 0.0,
    "tmobile_reception_frac": 0.0,
    "verizon_reception_frac": 0.0,
    "sprint_reception_frac": 0.0,
    "n_carriers_majority": 0,
    "any_majority_reception": false
   }
  },
  {
   "type": "Feature",
   "geometry": {
    "type": "Point",
    "coordinates": [
     -73.944216,
     40.824783
    ]
   },
   "properties": {
    "line": "D",
    "stop_id": "D13",
    "stop_name": "145 St",
    "borough": "M",
    "structure": "Subway",
    "att_reception_frac": 0.0,
    "tmobile_reception_frac": 0.0,
    "verizon_reception_frac": 0.0,
    "sprint_reception_frac": 0.087,
    "n_carriers_majority": 0,
    "any_majority_reception": false
   }
  },
  {
   "type": "Feature",
   "geometry": {
    "type": "Point",
    "coordinates": [
     -73.981637,
     40.762862
    ]
   },
   "properties": {
    "line": "D",
    "stop_id": "D14",
    "stop_name": "7 Av",
    "borough": "M",
    "structure": "Subway",
    "att_reception_frac": 0.0,
    "tmobile_reception_frac": 1.0,
    "verizon_reception_frac": 0.667,
    "sprint_reception_frac": 0.0,
    "n_carriers_majority": 2,
    "any_majority_reception": true
   }
  },
  {
   "type": "Feature",
   "geometry": {
    "type": "Point",
    "coordinates": [
     -73.981329,
     40.758663
    ]
   },
   "properties": {
    "line": "D",
    "stop_id": "D15",
    "stop_name": "47-50 Sts-Rockefeller Ctr",
    "borough": "M",
    "structure": "Subway",
    "att_reception_frac": 0.0,
    "tmobile_reception_frac": 0.333,
    "verizon_reception_frac": 0.667,
    "sprint_reception_frac": 0.0,
    "n_carriers_majority": 1,
    "any_majority_reception": true
   }
  },
  {
   "type": "Feature",
   "geometry": {
    "type": "Point",
    "coordinates": [
     -73.984569,
     40.754222
    ]
   },
   "properties": {
    "line": "D",
    "stop_id": "D16",
    "stop_name": "42 St-Bryant Pk",
    "borough": "M",
    "structure": "Subway",
    "att_reception_frac": 0.0,
    "tmobile_reception_frac": 0.333,
    "verizon_reception_frac": 0.333,
    "sprint_reception_frac": 0.0,
    "n_carriers_majority": 0,
    "any_majority_reception": false
   }
  },
  {
   "type": "Feature",
   "geometry": {
    "type": "Point",
    "coordinates": [
     -73.987823,
     40.749719
    ]
   },
   "properties": {
    "line": "D",
    "stop_id": "D17",
    "stop_name": "34 St-Herald Sq",
    "borough": "M",
    "structure": "Subway",
    "att_reception_frac": 0.0,
    "tmobile_reception_frac": 0.0,
    "verizon_reception_frac": 0.75,
    "sprint_reception_frac": 0.25,
    "n_carriers_majority": 1,
    "any_majority_reception": true
   }
  },
  {
   "type": "Feature",
   "geometry": {
    "type": "Point",
    "coordinates": [
     -73.992821,
     40.742878
    ]
   },
   "properties": {
    "line": "D",
    "stop_id": "D18",
    "stop_name": "23 St",
    "borough": "M",
    "structure": "Subway",
    "att_reception_frac": 0.0,
    "tmobile_reception_frac": 0.4,
    "verizon_reception_frac": 0.4,
    "sprint_reception_frac": 0.4,
    "n_carriers_majority": 0,
    "any_majority_reception": false
   }
  },
  {
   "type": "Feature",
   "geometry": {
    "type": "Point",
    "coordinates": [
     -73.996209,
     40.738228
    ]
   },
   "properties": {
    "line": "D",
    "stop_id": "D19",
    "stop_name": "14 St",
    "borough": "M",
    "structure": "Subway",
    "att_reception_frac": 0.25,
    "tmobile_reception_frac": 0.25,
    "verizon_reception_frac": 0.5,
    "sprint_reception_frac": 0.0,
    "n_carriers_majority": 0,
    "any_majority_reception": false
   }
  },
  {
   "type": "Feature",
   "geometry": {
    "type": "Point",
    "coordinates": [
     -74.000495,
     40.732338
    ]
   },
   "properties": {
    "line": "D",
    "stop_id": "D20",
    "stop_name": "W 4 St-Wash Sq",
    "borough": "M",
    "structure": "Subway",
    "att_reception_frac": 0.0,
    "tmobile_reception_frac": 0.2,
    "verizon_reception_frac": 0.6,
    "sprint_reception_frac": 0.2,
    "n_carriers_majority": 1,
    "any_majority_reception": true
   }
  },
  {
   "type": "Feature",
   "geometry": {
    "type": "Point",
    "coordinates": [
     -73.996204,
     40.725297
    ]
   },
   "properties": {
    "line": "D",
    "stop_id": "D21",
    "stop_name": "Broadway-Lafayette St",
    "borough": "M",
    "structure": "Subway",
    "att_reception_frac": 0.2,
    "tmobile_reception_frac": 0.6,
    "verizon_reception_frac": 0.4,
    "sprint_reception_frac": 0.0,
    "n_carriers_majority": 1,
    "any_majority_reception": true
   }
  },
  {
   "type": "Feature",
   "geometry": {
    "type": "Point",
    "coordinates": [
     -73.993753,
     40.718267
    ]
   },
   "properties": {
    "line": "D",
    "stop_id": "D22",
    "stop_name": "Grand St",
    "borough": "M",
    "structure": "Subway",
    "att_reception_frac": 0.143,
    "tmobile_reception_frac": 0.071,
    "verizon_reception_frac": 0.143,
    "sprint_reception_frac": 0.0,
    "n_carriers_majority": 0,
    "any_majority_reception": false
   }
  },
  {
   "type": "Feature",
   "geometry": {
    "type": "Point",
    "coordinates": [
     -73.97689,
     40.68446
    ]
   },
   "properties": {
    "line": "D",
    "stop_id": "D24",
    "stop_name": "Atlantic Av-Barclays Ctr",
    "borough": "Bk",
    "structure": "Subway",
    "att_reception_frac": 0.0,
    "tmobile_reception_frac": 0.333,
    "verizon_reception_frac": 0.467,
    "sprint_reception_frac": 0.0,
    "n_carriers_majority": 0,
    "any_majority_reception": false
   }
  },
  {
   "type": "Feature",
   "geometry": {
    "type": "Point",
    "coordinates": [
     -73.972367,
     40.67705
    ]
   },
   "properties": {
    "line": "D",
    "stop_id": "D25",
    "stop_name": "7 Av",
    "borough": "Bk",
    "structure": "Subway",
    "att_reception_frac": 0.0,
    "tmobile_reception_frac": 0.5,
    "verizon_reception_frac": 0.375,
    "sprint_reception_frac": 0.125,
    "n_carriers_majority": 0,
    "any_majority_reception": false
   }
  },
  {
   "type": "Feature",
   "geometry": {
    "type": "Point",
    "coordinates": [
     -73.962246,
     40.661614
    ]
   },
   "properties": {
    "line": "D",
    "stop_id": "D26",
    "stop_name": "Prospect Park",
    "borough": "Bk",
    "structure": "Open Cut",
    "att_reception_frac": 0.0,
    "tmobile_reception_frac": 0.0,
    "verizon_reception_frac": 0.0,
    "sprint_reception_frac": 0.0,
    "n_carriers_majority": 0,
    "any_majority_reception": false
   }
  },
  {
   "type": "Feature",
   "geometry": {
    "type": "Point",
    "coordinates": [
     -73.961495,
     40.655292
    ]
   },
   "properties": {
    "line": "D",
    "stop_id": "D27",
    "stop_name": "Parkside Av",
    "borough": "Bk",
    "structure": "Open Cut",
    "att_reception_frac": 0.0,
    "tmobile_reception_frac": 0.0,
    "verizon_reception_frac": 0.0,
    "sprint_reception_frac": 0.0,
    "n_carriers_majority": 0,
    "any_majority_reception": false
   }
  },
  {
   "type": "Feature",
   "geometry": {
    "type": "Point",
    "coordinates": [
     -73.962982,
     40.650527
    ]
   },
   "properties": {
    "line": "D",
    "stop_id": "D28",
    "stop_name": "Church Av",
    "borough": "Bk",
    "structure": "Open Cut",
    "att_reception_frac": 0.0,
    "tmobile_reception_frac": 0.0,
    "verizon_reception_frac": 0.0,
    "sprint_reception_frac": 0.0,
    "n_carriers_majority": 0,
    "any_majority_reception": false
   }
  },
  {
   "type": "Feature",
   "geometry": {
    "type": "Point",
    "coordinates": [
     -73.964492,
     40.644031
    ]
   },
   "properties": {
    "line": "D",
    "stop_id": "D29",
    "stop_name": "Beverley Rd",
    "borough": "Bk",
    "structure": "Open Cut",
    "att_reception_frac": 0.154,
    "tmobile_reception_frac": 0.0,
    "verizon_reception_frac": 0.385,
    "sprint_reception_frac": 0.0,
    "n_carriers_majority": 0,
    "any_majority_reception": false
   }
  },
  {
   "type": "Feature",
   "geometry": {
    "type": "Point",
    "coordinates": [
     -73.996353,
     40.624842
    ]
   },
   "properties": {
    "line": "D",
    "stop_id": "N04",
    "stop_name": "New Utrecht Av",
    "borough": "Bk",
    "structure": "Open Cut",
    "att_reception_frac": 0.25,
    "tmobile_reception_frac": 0.5,
    "verizon_reception_frac": 0.333,
    "sprint_reception_frac": 0.167,
    "n_carriers_majority": 0,
    "any_majority_reception": false
   }
  },
  {
   "type": "Feature",
   "geometry": {
    "type": "Point",
    "coordinates": [
     -73.990414,
     40.620671
    ]
   },
   "properties": {
    "line": "D",
    "stop_id": "N05",
    "stop_name": "18 Av",
    "borough": "Bk",
    "structure": "Open Cut",
    "att_reception_frac": 0.5,
    "tmobile_reception_frac": 0.25,
    "verizon_reception_frac": 0.0,
    "sprint_reception_frac": 0.25,
    "n_carriers_majority": 0,
    "any_majority_reception": false
   }
  },
  {
   "type": "Feature",
   "geometry": {
    "type": "Point",
    "coordinates": [
     -73.985026,
     40.61741
    ]
   },
   "properties": {
    "line": "D",
    "stop_id": "N06",
    "stop_name": "20 Av",
    "borough": "Bk",
    "structure": "Open Cut",
    "att_reception_frac": 0.091,
    "tmobile_reception_frac": 0.455,
    "verizon_reception_frac": 0.364,
    "sprint_reception_frac": 0.091,
    "n_carriers_majority": 0,
    "any_majority_reception": false
   }
  },
  {
   "type": "Feature",
   "geometry": {
    "type": "Point",
    "coordinates": [
     -73.985984,
     40.762456
    ]
   },
   "properties": {
    "line": "E",
    "stop_id": "A25",
    "stop_name": "50 St",
    "borough": "M",
    "structure": "Subway",
    "att_reception_frac": 0.0,
    "tmobile_reception_frac": 0.0,
    "verizon_reception_frac": 0.0,
    "sprint_reception_frac": 0.0,
    "n_carriers_majority": 0,
    "any_majority_reception": false
   }
  },
  {
   "type": "Feature",
   "geometry": {
    "type": "Point",
    "coordinates": [
     -73.981637,
     40.762862
    ]
   },
   "properties": {
    "line": "E",
    "stop_id": "D14",
    "stop_name": "7 Av",
    "borough": "M",
    "structure": "Subway",
    "att_reception_frac": 0.0,
    "tmobile_reception_frac": 0.0,
    "verizon_reception_frac": 0.0,
    "sprint_reception_frac": 0.0,
    "n_carriers_majority": 0,
    "any_majority_reception": false
   }
  },
  {
   "type": "Feature",
   "geometry": {
    "type": "Point",
    "coordinates": [
     -73.981329,
     40.758663
    ]
   },
   "properties": {
    "line": "E",
    "stop_id": "D15",
    "stop_name": "47-50 Sts-Rockefeller Ctr",
    "borough": "M",
    "structure": "Subway",
    "att_reception_frac": 0.077,
    "tmobile_reception_frac": 0.0,
    "verizon_reception_frac": 0.077,
    "sprint_reception_frac": 0.154,
    "n_carriers_majority": 0,
    "any_majority_reception": false
   }
  },
  {
   "type": "Feature",
   "geometry": {
    "type": "Point",
    "coordinates": [
     -73.946,
     40.747846
    ]
   },
   "properties": {
    "line": "E",
    "stop_id": "F09",
    "stop_name": "Court Sq-23 St",
    "borough": "Q",
    "structure": "Subway",
    "att_reception_frac": 0.0,
    "tmobile_reception_frac": 0.143,
    "verizon_reception_frac": 0.238,
    "sprint_reception_frac": 0.048,
    "n_carriers_majority": 0,
    "any_majority_reception": false
   }
  },
  {
   "type": "Feature",
   "geometry": {
    "type": "Point",
    "coordinates": [
     -73.969055,
     40.757552
    ]
   },
   "properties": {
    "line": "E",
    "stop_id": "F11",
    "stop_name": "Lexington Av/53 St",
    "borough": "M",
    "structure": "Subway",
    "att_reception_frac": 0.0,
    "tmobile_reception_frac": 0.375,
    "verizon_reception_frac": 0.75,
    "sprint_reception_frac": 0.125,
    "n_carriers_majority": 1,
    "any_majority_reception": true
   }
  },
  {
   "type": "Feature",
   "geometry": {
    "type": "Point",
    "coordinates": [
     -73.975224,
     40.760167
    ]
   },
   "properties": {
    "line": "E",
    "stop_id": "F12",
    "stop_name": "5 Av/53 St",
    "borough": "M",
    "structure": "Subway",
    "att_reception_frac": 0.0,
    "tmobile_reception_frac": 0.0,
    "verizon_reception_frac": 0.25,
    "sprint_reception_frac": 0.0,
    "n_carriers_majority": 0,
    "any_majority_reception": false
   }
  },
  {
   "type": "Feature",
   "geometry": {
    "type": "Point",
    "coordinates": [
     -73.989938,
     40.723402
    ]
   },
   "properties": {
    "line": "E",
    "stop_id": "F14",
    "stop_name": "2 Av",
    "borough": "M",
    "structure": "Subway",
    "att_reception_frac": 0.214,
    "tmobile_reception_frac": 0.143,
    "verizon_reception_frac": 0.5,
    "sprint_reception_frac": 0.357,
    "n_carriers_majority": 0,
    "any_majority_reception": false
   }
  },
  {
   "type": "Feature",
   "geometry": {
    "type": "Point",
    "coordinates": [
     -73.988114,
     40.718611
    ]
   },
   "properties": {
    "line": "E",
    "stop_id": "F15",
    "stop_name": "Delancey St-Essex St",
    "borough": "M",
    "structure": "Subway",
    "att_reception_frac": 0.0,
    "tmobile_reception_frac": 0.0,
    "verizon_reception_frac": 0.667,
    "sprint_reception_frac": 0.333,
    "n_carriers_majority": 1,
    "any_majority_reception": true
   }
  },
  {
   "type": "Feature",
   "geometry": {
    "type": "Point",
    "coordinates": [
     -73.990173,
     40.713715
    ]
   },
   "properties": {
    "line": "E",
    "stop_id": "F16",
    "stop_name": "East Broadway",
    "borough": "M",
    "structure": "Subway",
    "att_reception_frac": 0.0,
    "tmobile_reception_frac": 0.111,
    "verizon_reception_frac": 0.222,
    "sprint_reception_frac": 0.111,
    "n_carriers_majority": 0,
    "any_majority_reception": false
   }
  },
  {
   "type": "Feature",
   "geometry": {
    "type": "Point",
    "coordinates": [
     -73.801109,
     40.702147
    ]
   },
   "properties": {
    "line": "E",
    "stop_id": "G05",
    "stop_name": "Jamaica Center-Parsons/Archer",
    "borough": "Q",
    "structure": "Subway",
    "att_reception_frac": 1.0,
    "tmobile_reception_frac": 0.0,
    "verizon_reception_frac": 0.0,
    "sprint_reception_frac": 0.0,
    "n_carriers_majority": 1,
    "any_majority_reception": true
   }
  },
  {
   "type": "Feature",
   "geometry": {
    "type": "Point",
    "coordinates": [
     -73.807969,
     40.700486
    ]
   },
   "properties": {
    "line": "E",
    "stop_id": "G06",
    "stop_name": "Sutphin Blvd-Archer Av-JFK Airport",
    "borough": "Q",
    "structure": "Subway",
    "att_reception_frac": 0.75,
    "tmobile_reception_frac": 0.0,
    "verizon_reception_frac": 0.0,
    "sprint_reception_frac": 0.0,
    "n_carriers_majority": 1,
    "any_majority_reception": true
   }
  },
  {
   "type": "Feature",
   "geometry": {
    "type": "Point",
    "coordinates": [
     -73.816859,
     40.702566
    ]
   },
   "properties": {
    "line": "E",
    "stop_id": "G07",
    "stop_name": "Jamaica-Van Wyck",
    "borough": "Q",
    "structure": "Subway",
    "att_reception_frac": 0.083,
    "tmobile_reception_frac": 0.25,
    "verizon_reception_frac": 0.333,
    "sprint_reception_frac": 0.167,
    "n_carriers_majority": 0,
    "any_majority_reception": false
   }
  },
  {
   "type": "Feature",
   "geometry": {
    "type": "Point",
    "coordinates": [
     -73.844521,
     40.721691
    ]
   },
   "properties": {
    "line": "E",
    "stop_id": "G08",
    "stop_name": "Forest Hills-71 Av",
    "borough": "Q",
    "structure": "Subway",
    "att_reception_frac": 0.167,
    "tmobile_reception_frac": 0.333,
    "verizon_reception_frac": 0.417,
    "sprint_reception_frac": 0.083,
    "n_carriers_majority": 0,
    "any_majority_reception": false
   }
  },
  {
   "type": "Feature",
   "geometry": {
    "type": "Point",
    "coordinates": [
     -73.852719,
     40.726523
    ]
   },
   "properties": {
    "line": "E",
    "stop_id": "G09",
    "stop_name": "67 Av",
    "borough": "Q",
    "structure": "Subway",
    "att_reception_frac": 0.4,
    "tmobile_reception_frac": 0.6,
    "verizon_reception_frac": 0.8,
    "sprint_reception_frac": 0.4,
    "n_carriers_majority": 2,
    "any_majority_reception": true
   }
  },
  {
   "type": "Feature",
   "geometry": {
    "type": "Point",
    "coordinates": [
     -73.861604,
     40.729846
    ]
   },
   "properties": {
    "line": "E",
    "stop_id": "G10",
    "stop_name": "63 Dr-Rego Park",
    "borough": "Q",
    "structure": "Subway",
    "att_reception_frac": 0.2,
    "tmobile_reception_frac": 0.4,
    "verizon_reception_frac": 0.6,
    "sprint_reception_frac": 0.4,
    "n_carriers_majority": 1,
    "any_majority_reception": true
   }
  },
  {
   "type": "Feature",
   "geometry": {
    "type": "Point",
    "coordinates": [
     -73.869229,
     40.733106
    ]
   },
   "properties": {
    "line": "E",
    "stop_id": "G11",
    "stop_name": "Woodhaven Blvd",
    "borough": "Q",
    "structure": "Subway",
    "att_reception_frac": 0.0,
    "tmobile_reception_frac": 0.2,
    "verizon_reception_frac": 0.4,
    "sprint_reception_frac": 0.2,
    "n_carriers_majority": 0,
    "any_majority_reception": false
   }
  },
  {
   "type": "Feature",
   "geometry": {
    "type": "Point",
    "coordinates": [
     -73.877223,
     40.737015
    ]
   },
   "properties": {
    "line": "E",
    "stop_id": "G12",
    "stop_name": "Grand Av-Newtown",
    "borough": "Q",
    "structure": "Subway",
    "att_reception_frac": 0.25,
    "tmobile_reception_frac": 0.0,
    "verizon_reception_frac": 0.25,
    "sprint_reception_frac": 0.0,
    "n_carriers_majority": 0,
    "any_majority_reception": false
   }
  },
  {
   "type": "Feature",
   "geometry": {
    "type": "Point",
    "coordinates": [
     -73.882017,
     40.742454
    ]
   },
   "properties": {
    "line": "E",
    "stop_id": "G13",
    "stop_name": "Elmhurst Av",
    "borough": "Q",
    "structure": "Subway",
    "att_reception_frac": 0.2,
    "tmobile_reception_frac": 0.0,
    "verizon_reception_frac": 0.4,
    "sprint_reception_frac": 0.0,
    "n_carriers_majority": 0,
    "any_majority_reception": false
   }
  },
  {
   "type": "Feature",
   "geometry": {
    "type": "Point",
    "coordinates": [
     -73.891338,
     40.746644
    ]
   },
   "properties": {
    "line": "E",
    "stop_id": "G14",
    "stop_name": "Jackson Hts-Roosevelt Av",
    "borough": "Q",
    "structure": "Subway",
    "att_reception_frac": 0.125,
    "tmobile_reception_frac": 0.188,
    "verizon_reception_frac": 0.625,
    "sprint_reception_frac": 0.125,
    "n_carriers_majority": 1,
    "any_majority_reception": true
   }
  },
  {
   "type": "Feature",
   "geometry": {
    "type": "Point",
    "coordinates": [
     -74.000495,
     40.732338
    ]
   },
   "properties": {
    "line": "F",
    "stop_id": "A32",
    "stop_name": "W 4 St-Wash Sq",
    "borough": "M",
    "structure": "Subway",
    "att_reception_frac": 0.154,
    "tmobile_reception_frac": 0.231,
    "verizon_reception_frac": 0.308,
    "sprint_reception_frac": 0.154,
    "n_carriers_majority": 0,
    "any_majority_reception": false
   }
  },
  {
   "type": "Feature",
   "geometry": {
    "type": "Point",
    "coordinates": [
     -73.981637,
     40.762862
    ]
   },
   "properties": {
    "line": "F",
    "stop_id": "D14",
    "stop_name": "7 Av",
    "borough": "M",
    "structure": "Subway",
    "att_reception_frac": 0.0,
    "tmobile_reception_frac": 0.0,
    "verizon_reception_frac": 0.0,
    "sprint_reception_frac": 0.0,
    "n_carriers_majority": 0,
    "any_majority_reception": false
   }
  },
  {
   "type": "Feature",
   "geometry": {
    "type": "Point",
    "coordinates": [
     -73.981329,
     40.758663
    ]
   },
   "properties": {
    "line": "F",
    "stop_id": "D15",
    "stop_name": "47-50 Sts-Rockefeller Ctr",
    "borough": "M",
    "structure": "Subway",
    "att_reception_frac": 0.0,
    "tmobile_reception_frac": 0.154,
    "verizon_reception_frac": 0.077,
    "sprint_reception_frac": 0.077,
    "n_carriers_majority": 0,
    "any_majority_reception": false
   }
  },
  {
   "type": "Feature",
   "geometry": {
    "type": "Point",
    "coordinates": [
     -73.987823,
     40.749719
    ]
   },
   "properties": {
    "line": "F",
    "stop_id": "D17",
    "stop_name": "34 St-Herald Sq",
    "borough": "M",
    "structure": "Subway",
    "att_reception_frac": 0.0,
    "tmobile_reception_frac": 0.0,
    "verizon_reception_frac": 0.0,
    "sprint_reception_frac": 0.0,
    "n_carriers_majority": 0,
    "any_majority_reception": false
   }
  },
  {
   "type": "Feature",
   "geometry": {
    "type": "Point",
    "coordinates": [
     -73.992821,
     40.742878
    ]
   },
   "properties": {
    "line": "F",
    "stop_id": "D18",
    "stop_name": "23 St",
    "borough": "M",
    "structure": "Subway",
    "att_reception_frac": 0.0,
    "tmobile_reception_frac": 0.0,
    "verizon_reception_frac": 0.0,
    "sprint_reception_frac": 0.0,
    "n_carriers_majority": 0,
    "any_majority_reception": false
   }
  },
  {
   "type": "Feature",
   "geometry": {
    "type": "Point",
    "coordinates": [
     -73.996209,
     40.738228
    ]
   },
   "properties": {
    "line": "F",
    "stop_id": "D19",
    "stop_name": "14 St",
    "borough": "M",
    "structure": "Subway",
    "att_reception_frac": 0.0,
    "tmobile_reception_frac": 0.0,
    "verizon_reception_frac": 0.0,
    "sprint_reception_frac": 0.0,
    "n_carriers_majority": 0,
    "any_majority_reception": false
   }
  },
  {
   "type": "Feature",
   "geometry": {
    "type": "Point",
    "coordinates": [
     -74.000495,
     40.732338
    ]
   },
   "properties": {
    "line": "F",
    "stop_id": "D20",
    "stop_name": "W 4 St-Wash Sq",
    "borough": "M",
    "structure": "Subway",
    "att_reception_frac": 0.0,
    "tmobile_reception_frac": 0.0,
    "verizon_reception_frac": 0.0,
    "sprint_reception_frac": 0.5,
    "n_carriers_majority": 0,
    "any_majority_reception": false
   }
  },
  {
   "type": "Feature",
   "geometry": {
    "type": "Point",
    "coordinates": [
     -73.996204,
     40.725297
    ]
   },
   "properties": {
    "line": "F",
    "stop_id": "D21",
    "stop_name": "Broadway-Lafayette St",
    "borough": "M",
    "structure": "Subway",
    "att_reception_frac": 0.0,
    "tmobile_reception_frac": 0.167,
    "verizon_reception_frac": 0.167,
    "sprint_reception_frac": 0.5,
    "n_carriers_majority": 0,
    "any_majority_reception": false
   }
  },
  {
   "type": "Feature",
   "geometry": {
    "type": "Point",
    "coordinates": [
     -73.783817,
     40.712646
    ]
   },
   "properties": {
    "line": "F",
    "stop_id": "F01",
    "stop_name": "Jamaica-179 St",
    "borough": "Q",
    "structure": "Subway",
    "att_reception_frac": 0.0,
    "tmobile_reception_frac": 0.0,
    "verizon_reception_frac": 0.0,
    "sprint_reception_frac": 0.0,
    "n_carriers_majority": 0,
    "any_majority_reception": false
   }
  },
  {
   "type": "Feature",
   "geometry": {
    "type": "Point",
    "coordinates": [
     -73.793604,
     40.71047
    ]
   },
   "properties": {
    "line": "F",
    "stop_id": "F02",
    "stop_name": "169 St",
    "borough": "Q",
    "structure": "Subway",
    "att_reception_frac": 0.0,
    "tmobile_reception_frac": 0.0,
    "verizon_reception_frac": 0.0,
    "sprint_reception_frac": 0.0,
    "n_carriers_majority": 0,
    "any_majority_reception": false
   }
  },
  {
   "type": "Feature",
   "geometry": {
    "type": "Point",
    "coordinates": [
     -73.803326,
     40.707564
    ]
   },
   "properties": {
    "line": "F",
    "stop_id": "F03",
    "stop_name": "Parsons Blvd",
    "borough": "Q",
    "structure": "Subway",
    "att_reception_frac": 0.0,
    "tmobile_reception_frac": 0.2,
    "verizon_reception_frac": 0.0,
    "sprint_reception_frac": 0.2,
    "n_carriers_majority": 0,
    "any_majority_reception": false
   }
  },
  {
   "type": "Feature",
   "geometry": {
    "type": "Point",
    "coordinates": [
     -73.810708,
     40.70546
    ]
   },
   "properties": {
    "line": "F",
    "stop_id": "F04",
    "stop_name": "Sutphin Blvd",
    "borough": "Q",
    "structure": "Subway",
    "att_reception_frac": 0.0,
    "tmobile_reception_frac": 0.4,
    "verizon_reception_frac": 0.4,
    "sprint_reception_frac": 0.0,
    "n_carriers_majority": 0,
    "any_majority_reception": false
   }
  },
  {
   "type": "Feature",
   "geometry": {
    "type": "Point",
    "coordinates": [
     -73.820574,
     40.709179
    ]
   },
   "properties": {
    "line": "F",
    "stop_id": "F05",
    "stop_name": "Briarwood",
    "borough": "Q",
    "structure": "Subway",
    "att_reception_frac": 0.167,
    "tmobile_reception_frac": 0.167,
    "verizon_reception_frac": 0.5,
    "sprint_reception_frac": 0.0,
    "n_carriers_majority": 0,
    "any_majority_reception": false
   }
  },
  {
   "type": "Feature",
   "geometry": {
    "type": "Point",
    "coordinates": [
     -73.831008,
     40.714441
    ]
   },
   "properties": {
    "line": "F",
    "stop_id": "F06",
    "stop_name": "Kew Gardens-Union Tpke",
    "borough": "Q",
    "structure": "Subway",
    "att_reception_frac": 0.0,
    "tmobile_reception_frac": 0.2,
    "verizon_reception_frac": 0.2,
    "sprint_reception_frac": 0.2,
    "n_carriers_majority": 0,
    "any_majority_reception": false
   }
  },
  {
   "type": "Feature",
   "geometry": {
    "type": "Point",
    "coordinates": [
     -73.837324,
     40.718331
    ]
   },
   "properties": {
    "line": "F",
    "stop_id": "F07",
    "stop_name": "75 Av",
    "borough": "Q",
    "structure": "Subway",
    "att_reception_frac": 0.056,
    "tmobile_reception_frac": 0.333,
    "verizon_reception_frac": 0.444,
    "sprint_reception_frac": 0.222,
    "n_carriers_majority": 0,
    "any_majority_reception": false
   }
  },
  {
   "type": "Feature",
   "geometry": {
    "type": "Point",
    "coordinates": [
     -73.946,
     40.747846
    ]
   },
   "properties": {
    "line": "F",
    "stop_id": "F09",
    "stop_name": "Court Sq-23 St",
    "borough": "Q",
    "structure": "Subway",
    "att_reception_frac": 0.0,
    "tmobile_reception_frac": 0.048,
    "verizon_reception_frac": 0.238,
    "sprint_reception_frac": 0.095,
    "n_carriers_majority": 0,
    "any_majority_reception": false
   }
  },
  {
   "type": "Feature",
   "geometry": {
    "type": "Point",
    "coordinates": [
     -73.969055,
     40.757552
    ]
   },
   "properties": {
    "line": "F",
    "stop_id": "F11",
    "stop_name": "Lexington Av/53 St",
    "borough": "M",
    "structure": "Subway",
    "att_reception_frac": 0.0,
    "tmobile_reception_frac": 0.25,
    "verizon_reception_frac": 0.25,
    "sprint_reception_frac": 0.0,
    "n_carriers_majority": 0,
    "any_majority_reception": false
   }
  },
  {
   "type": "Feature",
   "geometry": {
    "type": "Point",
    "coordinates": [
     -73.975224,
     40.760167
    ]
   },
   "properties": {
    "line": "F",
    "stop_id": "F12",
    "stop_name": "5 Av/53 St",
    "borough": "M",
    "structure": "Subway",
    "att_reception_frac": 0.0,
    "tmobile_reception_frac": 0.0,
    "verizon_reception_frac": 0.0,
    "sprint_reception_frac": 0.0,
    "n_carriers_majority": 0,
    "any_majority_reception": false
   }
  },
  {
   "type": "Feature",
   "geometry": {
    "type": "Point",
    "coordinates": [
     -73.989938,
     40.723402
    ]
   },
   "properties": {
    "line": "F",
    "stop_id": "F14",
    "stop_name": "2 Av",
    "borough": "M",
    "structure": "Subway",
    "att_reception_frac": 0.071,
    "tmobile_reception_frac": 0.286,
    "verizon_reception_frac": 0.5,
    "sprint_reception_frac": 0.071,
    "n_carriers_majority": 0,
    "any_majority_reception": false
   }
  },
  {
   "type": "Feature",
   "geometry": {
    "type": "Point",
    "coordinates": [
     -73.988114,
     40.718611
    ]
   },
   "properties": {
    "line": "F",
    "stop_id": "F15",
    "stop_name": "Delancey St-Essex St",
    "borough": "M",
    "structure": "Subway",
    "att_reception_frac": 0.0,
    "tmobile_reception_frac": 0.333,
    "verizon_reception_frac": 0.333,
    "sprint_reception_frac": 0.0,
    "n_carriers_majority": 0,
    "any_majority_reception": false
   }
  },
  {
   "type": "Feature",
   "geometry": {
    "type": "Point",
    "coordinates": [
     -73.990173,
     40.713715
    ]
   },
   "properties": {
    "line": "F",
    "stop_id": "F16",
    "stop_name": "East Broadway",
    "borough": "M",
    "structure": "Subway",
    "att_reception_frac": 0.143,
    "tmobile_reception_frac": 0.071,
    "verizon_reception_frac": 0.0,
    "sprint_reception_frac": 0.0,
    "n_carriers_majority": 0,
    "any_majority_reception": false
   }
  },
  {
   "type": "Feature",
   "geometry": {
    "type": "Point",
    "coordinates": [
     -73.986751,
     40.701397
    ]
   },
   "properties": {
    "line": "F",
    "stop_id": "F18",
    "stop_name": "York St",
    "borough": "Bk",
    "structure": "Subway",
    "att_reception_frac": 0.0,
    "tmobile_reception_frac": 0.0,
    "verizon_reception_frac": 0.0,
    "sprint_reception_frac": 0.062,
    "n_carriers_majority": 0,
    "any_majority_reception": false
   }
  },
  {
   "type": "Feature",
   "geometry": {
    "type": "Point",
    "coordinates": [
     -73.990862,
     40.686145
    ]
   },
   "properties": {
    "line": "F",
    "stop_id": "F20",
    "stop_name": "Bergen St",
    "borough": "Bk",
    "structure": "Subway",
    "att_reception_frac": 0.286,
    "tmobile_reception_frac": 0.143,
    "verizon_reception_frac": 0.143,
    "sprint_reception_frac": 0.429,
    "n_carriers_majority": 0,
    "any_majority_reception": false
   }
  },
  {
   "type": "Feature",
   "geometry": {
    "type": "Point",
    "coordinates": [
     -73.995048,
     40.680303
    ]
   },
   "properties": {
    "line": "F",
    "stop_id": "F21",
    "stop_name": "Carroll St",
    "borough": "Bk",
    "structure": "Subway",
    "att_reception_frac": 0.0,
    "tmobile_reception_frac": 0.6,
    "verizon_reception_frac": 0.4,
    "sprint_reception_frac": 0.0,
    "n_carriers_majority": 1,
    "any_majority_reception": true
   }
  },
  {
   "type": "Feature",
   "geometry": {
    "type": "Point",
    "coordinates": [
     -73.995959,
     40.67358
    ]
   },
   "properties": {
    "line": "F",
    "stop_id": "F22",
    "stop_name": "Smith-9 Sts",
    "borough": "Bk",
    "structure": "Viaduct",
    "att_reception_frac": 0.5,
    "tmobile_reception_frac": 0.5,
    "verizon_reception_frac": 0.75,
    "sprint_reception_frac": 0.25,
    "n_carriers_majority": 1,
    "any_majority_reception": true
   }
  },
  {
   "type": "Feature",
   "geometry": {
    "type": "Point",
    "coordinates": [
     -73.989779,
     40.670272
    ]
   },
   "properties": {
    "line": "F",
    "stop_id": "F23",
    "stop_name": "4 Av-9 St",
    "borough": "Bk",
    "structure": "Viaduct",
    "att_reception_frac": 0.0,
    "tmobile_reception_frac": 0.75,
    "verizon_reception_frac": 1.0,
    "sprint_reception_frac": 0.0,
    "n_carriers_majority": 2,
    "any_majority_reception": true
   }
  },
  {
   "type": "Feature",
   "geometry": {
    "type": "Point",
    "coordinates": [
     -73.980305,
     40.666271
    ]
   },
   "properties": {
    "line": "F",
    "stop_id": "F24",
    "stop_name": "7 Av",
    "borough": "Bk",
    "structure": "Subway",
    "att_reception_frac": 0.2,
    "tmobile_reception_frac": 0.2,
    "verizon_reception_frac": 0.2,
    "sprint_reception_frac": 0.0,
    "n_carriers_majority": 0,
    "any_majority_reception": false
   }
  },
  {
   "type": "Feature",
   "geometry": {
    "type": "Point",
    "coordinates": [
     -73.979493,
     40.660365
    ]
   },
   "properties": {
    "line": "F",
    "stop_id": "F25",
    "stop_name": "15 St-Prospect Park",
    "borough": "Bk",
    "structure": "Subway",
    "att_reception_frac": 0.0,
    "tmobile_reception_frac": 0.4,
    "verizon_reception_frac": 0.6,
    "sprint_reception_frac": 0.2,
    "n_carriers_majority": 1,
    "any_majority_reception": true
   }
  },
  {
   "type": "Feature",
   "geometry": {
    "type": "Point",
    "coordinates": [
     -73.975776,
     40.650782
    ]
   },
   "properties": {
    "line": "F",
    "stop_id": "F26",
    "stop_name": "Fort Hamilton Pkwy",
    "borough": "Bk",
    "structure": "Subway",
    "att_reception_frac": 0.5,
    "tmobile_reception_frac": 0.0,
    "verizon_reception_frac": 0.5,
    "sprint_reception_frac": 0.167,
    "n_carriers_majority": 0,
    "any_majority_reception": false
   }
  },
  {
   "type": "Feature",
   "geometry": {
    "type": "Point",
    "coordinates": [
     -73.979678,
     40.644041
    ]
   },
   "properties": {
    "line": "F",
    "stop_id": "F27",
    "stop_name": "Church Av",
    "borough": "Bk",
    "structure": "Subway",
    "att_reception_frac": 0.2,
    "tmobile_reception_frac": 0.0,
    "verizon_reception_frac": 0.2,
    "sprint_reception_frac": 0.0,
    "n_carriers_majority": 0,
    "any_majority_reception": false
   }
  },
  {
   "type": "Feature",
   "geometry": {
    "type": "Point",
    "coordinates": [
     -73.978172,
     40.636119
    ]
   },
   "properties": {
    "line": "F",
    "stop_id": "F29",
    "stop_name": "Ditmas Av",
    "borough": "Bk",
    "structure": "Elevated",
    "att_reception_frac": 0.0,
    "tmobile_reception_frac": 0.6,
    "verizon_reception_frac": 0.4,
    "sprint_reception_frac": 0.0,
    "n_carriers_majority": 1,
    "any_majority_reception": true
   }
  },
  {
   "type": "Feature",
   "geometry": {
    "type": "Point",
    "coordinates": [
     -73.976971,
     40.629755
    ]
   },
   "properties": {
    "line": "F",
    "stop_id": "F30",
    "stop_name": "18 Av",
    "borough": "Bk",
    "structure": "Elevated",
    "att_reception_frac": 0.0,
    "tmobile_reception_frac": 0.5,
    "verizon_reception_frac": 0.5,
    "sprint_reception_frac": 0.25,
    "n_carriers_majority": 0,
    "any_majority_reception": false
   }
  },
  {
   "type": "Feature",
   "geometry": {
    "type": "Point",
    "coordinates": [
     -73.891338,
     40.746644
    ]
   },
   "properties": {
    "line": "F",
    "stop_id": "G14",
    "stop_name": "Jackson Hts-Roosevelt Av",
    "borough": "Q",
    "structure": "Subway",
    "att_reception_frac": 0.167,
    "tmobile_reception_frac": 0.0,
    "verizon_reception_frac": 0.067,
    "sprint_reception_frac": 0.133,
    "n_carriers_majority": 0,
    "any_majority_reception": false
   }
  },
  {
   "type": "Feature",
   "geometry": {
    "type": "Point",
    "coordinates": [
     -73.985001,
     40.688484
    ]
   },
   "properties": {
    "line": "G",
    "stop_id": "A42",
    "stop_name": "Hoyt-Schermerhorn Sts",
    "borough": "Bk",
    "structure": "Subway",
    "att_reception_frac": 0.0,
    "tmobile_reception_frac": 0.0,
    "verizon_reception_frac": 0.0,
    "sprint_reception_frac": 0.0,
    "n_carriers_majority": 0,
    "any_majority_reception": false
   }
  },
  {
   "type": "Feature",
   "geometry": {
    "type": "Point",
    "coordinates": [
     -73.990862,
     40.686145
    ]
   },
   "properties": {
    "line": "G",
    "stop_id": "F20",
    "stop_name": "Bergen St",
    "borough": "Bk",
    "structure": "Subway",
    "att_reception_frac": 0.0,
    "tmobile_reception_frac": 0.0,
    "verizon_reception_frac": 0.0,
    "sprint_reception_frac": 0.0,
    "n_carriers_majority": 0,
    "any_majority_reception": false
   }
  },
  {
   "type": "Feature",
   "geometry": {
    "type": "Point",
    "coordinates": [
     -73.995048,
     40.680303
    ]
   },
   "properties": {
    "line": "G",
    "stop_id": "F21",
    "stop_name": "Carroll St",
    "borough": "Bk",
    "structure": "Subway",
    "att_reception_frac": 0.25,
    "tmobile_reception_frac": 0.0,
    "verizon_reception_frac": 0.0,
    "sprint_reception_frac": 0.0,
    "n_carriers_majority": 0,
    "any_majority_reception": false
   }
  },
  {
   "type": "Feature",
   "geometry": {
    "type": "Point",
    "coordinates": [
     -73.995959,
     40.67358
    ]
   },
   "properties": {
    "line": "G",
    "stop_id": "F22",
    "stop_name": "Smith-9 Sts",
    "borough": "Bk",
    "structure": "Viaduct",
    "att_reception_frac": 0.0,
    "tmobile_reception_frac": 0.0,
    "verizon_reception_frac": 0.0,
    "sprint_reception_frac": 0.0,
    "n_carriers_majority": 0,
    "any_majority_reception": false
   }
  },
  {
   "type": "Feature",
   "geometry": {
    "type": "Point",
    "coordinates": [
     -73.989779,
     40.670272
    ]
   },
   "properties": {
    "line": "G",
    "stop_id": "F23",
    "stop_name": "4 Av-9 St",
    "borough": "Bk",
    "structure": "Viaduct",
    "att_reception_frac": 0.0,
    "tmobile_reception_frac": 0.0,
    "verizon_reception_frac": 0.0,
    "sprint_reception_frac": 0.0,
    "n_carriers_majority": 0,
    "any_majority_reception": false
   }
  },
  {
   "type": "Feature",
   "geometry": {
    "type": "Point",
    "coordinates": [
     -73.980305,
     40.666271
    ]
   },
   "properties": {
    "line": "G",
    "stop_id": "F24",
    "stop_name": "7 Av",
    "borough": "Bk",
    "structure": "Subway",
    "att_reception_frac": 0.0,
    "tmobile_reception_frac": 0.2,
    "verizon_reception_frac": 0.0,
    "sprint_reception_frac": 0.2,
    "n_carriers_majority": 0,
    "any_majority_reception": false
   }
  },
  {
   "type": "Feature",
   "geometry": {
    "type": "Point",
    "coordinates": [
     -73.979493,
     40.660365
    ]
   },
   "properties": {
    "line": "G",
    "stop_id": "F25",
    "stop_name": "15 St-Prospect Park",
    "borough": "Bk",
    "structure": "Subway",
    "att_reception_frac": 0.0,
    "tmobile_reception_frac": 0.4,
    "verizon_reception_frac": 0.6,
    "sprint_reception_frac": 0.2,
    "n_carriers_majority": 1,
    "any_majority_reception": true
   }
  },
  {
   "type": "Feature",
   "geometry": {
    "type": "Point",
    "coordinates": [
     -73.975776,
     40.650782
    ]
   },
   "properties": {
    "line": "G",
    "stop_id": "F26",
    "stop_name": "Fort Hamilton Pkwy",
    "borough": "Bk",
    "structure": "Subway",
    "att_reception_frac": 0.0,
    "tmobile_reception_frac": 0.167,
    "verizon_reception_frac": 0.167,
    "sprint_reception_frac": 0.0,
    "n_carriers_majority": 0,
    "any_majority_reception": false
   }
  },
  {
   "type": "Feature",
   "geometry": {
    "type": "Point",
    "coordinates": [
     -73.979678,
     40.644041
    ]
   },
   "properties": {
    "line": "G",
    "stop_id": "F27",
    "stop_name": "Church Av",
    "borough": "Bk",
    "structure": "Subway",
    "att_reception_frac": 0.0,
    "tmobile_reception_frac": 0.0,
    "verizon_reception_frac": 0.0,
    "sprint_reception_frac": 0.267,
    "n_carriers_majority": 0,
    "any_majority_reception": false
   }
  },
  {
   "type": "Feature",
   "geometry": {
    "type": "Point",
    "coordinates": [
     -73.943832,
     40.746554
    ]
   },
   "properties": {
    "line": "G",
    "stop_id": "G22",
    "stop_name": "Court Sq",
    "borough": "Q",
    "structure": "Subway",
    "att_reception_frac": 0.0,
    "tmobile_reception_frac": 0.0,
    "verizon_reception_frac": 0.0,
    "sprint_reception_frac": 0.0,
    "n_carriers_majority": 0,
    "any_majority_reception": false
   }
  },
  {
   "type": "Feature",
   "geometry": {
    "type": "Point",
    "coordinates": [
     -73.949724,
     40.744065
    ]
   },
   "properties": {
    "line": "G",
    "stop_id": "G24",
    "stop_name": "21 St",
    "borough": "Q",
    "structure": "Subway",
    "att_reception_frac": 0.0,
    "tmobile_reception_frac": 0.0,
    "verizon_reception_frac": 0.0,
    "sprint_reception_frac": 0.0,
    "n_carriers_majority": 0,
    "any_majority_reception": false
   }
  },
  {
   "type": "Feature",
   "geometry": {
    "type": "Point",
    "coordinates": [
     -73.954449,
     40.731352
    ]
   },
   "properties": {
    "line": "G",
    "stop_id": "G26",
    "stop_name": "Greenpoint Av",
    "borough": "Bk",
    "structure": "Subway",
    "att_reception_frac": 0.0,
    "tmobile_reception_frac": 0.0,
    "verizon_reception_frac": 0.0,
    "sprint_reception_frac": 0.0,
    "n_carriers_majority": 0,
    "any_majority_reception": false
   }
  },
  {
   "type": "Feature",
   "geometry": {
    "type": "Point",
    "coordinates": [
     -73.951277,
     40.724635
    ]
   },
   "properties": {
    "line": "G",
    "stop_id": "G28",
    "stop_name": "Nassau Av",
    "borough": "Bk",
    "structure": "Subway",
    "att_reception_frac": 0.0,
    "tmobile_reception_frac": 0.0,
    "verizon_reception_frac": 0.0,
    "sprint_reception_frac": 0.0,
    "n_carriers_majority": 0,
    "any_majority_reception": false
   }
  },
  {
   "type": "Feature",
   "geometry": {
    "type": "Point",
    "coordinates": [
     -73.951418,
     40.712792
    ]
   },
   "properties": {
    "line": "G",
    "stop_id": "G29",
    "stop_name": "Metropolitan Av",
    "borough": "Bk",
    "structure": "Subway",
    "att_reception_frac": 0.0,
    "tmobile_reception_frac": 0.0,
    "verizon_reception_frac": 0.0,
    "sprint_reception_frac": 0.0,
    "n_carriers_majority": 0,
    "any_majority_reception": false
   }
  },
  {
   "type": "Feature",
   "geometry": {
    "type": "Point",
    "coordinates": [
     -73.950308,
     40.706092
    ]
   },
   "properties": {
    "line": "G",
    "stop_id": "G30",
    "stop_name": "Broadway",
    "borough": "Bk",
    "structure": "Subway",
    "att_reception_frac": 0.0,
    "tmobile_reception_frac": 0.0,
    "verizon_reception_frac": 0.0,
    "sprint_reception_frac": 0.0,
    "n_carriers_majority": 0,
    "any_majority_reception": false
   }
  },
  {
   "type": "Feature",
   "geometry": {
    "type": "Point",
    "coordinates": [
     -73.950234,
     40.700377
    ]
   },
   "properties": {
    "line": "G",
    "stop_id": "G31",
    "stop_name": "Flushing Av",
    "borough": "Bk",
    "structure": "Subway",
    "att_reception_frac": 0.0,
    "tmobile_reception_frac": 0.0,
    "verizon_reception_frac": 0.0,
    "sprint_reception_frac": 0.0,
    "n_carriers_majority": 0,
    "any_majority_reception": false
   }
  },
  {
   "type": "Feature",
   "geometry": {
    "type": "Point",
    "coordinates": [
     -73.949046,
     40.694568
    ]
   },
   "properties": {
    "line": "G",
    "stop_id": "G32",
    "stop_name": "Myrtle-Willoughby Avs",
    "borough": "Bk",
    "structure": "Subway",
    "att_reception_frac": 0.0,
    "tmobile_reception_frac": 0.0,
    "verizon_reception_frac": 0.0,
    "sprint_reception_frac": 0.0,
    "n_carriers_majority": 0,
    "any_majority_reception": false
   }
  },
  {
   "type": "Feature",
   "geometry": {
    "type": "Point",
    "coordinates": [
     -73.953522,
     40.689627
    ]
   },
   "properties": {
    "line": "G",
    "stop_id": "G33",
    "stop_name": "Bedford-Nostrand Avs",
    "borough": "Bk",
    "structure": "Subway",
    "att_reception_frac": 0.0,
    "tmobile_reception_frac": 0.0,
    "verizon_reception_frac": 0.0,
    "sprint_reception_frac": 0.0,
    "n_carriers_majority": 0,
    "any_majority_reception": false
   }
  },
  {
   "type": "Feature",
   "geometry": {
    "type": "Point",
    "coordinates": [
     -73.96007,
     40.688873
    ]
   },
   "properties": {
    "line": "G",
    "stop_id": "G34",
    "stop_name": "Classon Av",
    "borough": "Bk",
    "structure": "Subway",
    "att_reception_frac": 0.0,
    "tmobile_reception_frac": 0.0,
    "verizon_reception_frac": 0.0,
    "sprint_reception_frac": 0.0,
    "n_carriers_majority": 0,
    "any_majority_reception": false
   }
  },
  {
   "type": "Feature",
   "geometry": {
    "type": "Point",
    "coordinates": [
     -73.966839,
     40.688089
    ]
   },
   "properties": {
    "line": "G",
    "stop_id": "G35",
    "stop_name": "Clinton-Washington Avs",
    "borough": "Bk",
    "structure": "Subway",
    "att_reception_frac": 0.0,
    "tmobile_reception_frac": 0.0,
    "verizon_reception_frac": 0.0,
    "sprint_reception_frac": 0.0,
    "n_carriers_majority": 0,
    "any_majority_reception": false
   }
  },
  {
   "type": "Feature",
   "geometry": {
    "type": "Point",
    "coordinates": [
     -73.975375,
     40.687119
    ]
   },
   "properties": {
    "line": "G",
    "stop_id": "G36",
    "stop_name": "Fulton St",
    "borough": "Bk",
    "structure": "Subway",
    "att_reception_frac": 0.0,
    "tmobile_reception_frac": 0.0,
    "verizon_reception_frac": 0.0,
    "sprint_reception_frac": 0.0,
    "n_carriers_majority": 0,
    "any_majority_reception": false
   }
  },
  {
   "type": "Feature",
   "geometry": {
    "type": "Point",
    "coordinates": [
     -73.828294,
     40.700492
    ]
   },
   "properties": {
    "line": "J",
    "stop_id": "J12",
    "stop_name": "121 St",
    "borough": "Q",
    "structure": "Elevated",
    "att_reception_frac": 0.0,
    "tmobile_reception_frac": 0.0,
    "verizon_reception_frac": 0.0,
    "sprint_reception_frac": 0.0,
    "n_carriers_majority": 0,
    "any_majority_reception": false
   }
  },
  {
   "type": "Feature",
   "geometry": {
    "type": "Point",
    "coordinates": [
     -73.836345,
     40.697418
    ]
   },
   "properties": {
    "line": "J",
    "stop_id": "J13",
    "stop_name": "111 St",
    "borough": "Q",
    "structure": "Elevated",
    "att_reception_frac": 0.0,
    "tmobile_reception_frac": 0.0,
    "verizon_reception_frac": 0.0,
    "sprint_reception_frac": 0.25,
    "n_carriers_majority": 0,
    "any_majority_reception": false
   }
  },
  {
   "type": "Feature",
   "geometry": {
    "type": "Point",
    "coordinates": [
     -73.84433,
     40.695178
    ]
   },
   "properties": {
    "line": "J",
    "stop_id": "J14",
    "stop_name": "104 St",
    "borough": "Q",
    "structure": "Elevated",
    "att_reception_frac": 0.25,
    "tmobile_reception_frac": 0.25,
    "verizon_reception_frac": 0.0,
    "sprint_reception_frac": 0.0,
    "n_carriers_majority": 0,
    "any_majority_reception": false
   }
  },
  {
   "type": "Feature",
   "geometry": {
    "type": "Point",
    "coordinates": [
     -73.851576,
     40.693879
    ]
   },
   "properties": {
    "line": "J",
    "stop_id": "J15",
    "stop_name": "Woodhaven Blvd",
    "borough": "Q",
    "structure": "Elevated",
    "att_reception_frac": 0.25,
    "tmobile_reception_frac": 0.0,
    "verizon_reception_frac": 0.0,
    "sprint_reception_frac": 0.25,
    "n_carriers_majority": 0,
    "any_majority_reception": false
   }
  },
  {
   "type": "Feature",
   "geometry": {
    "type": "Point",
    "coordinates": [
     -73.86001,
     40.692435
    ]
   },
   "properties": {
    "line": "J",
    "stop_id": "J16",
    "stop_name": "85 St-Forest Pkwy",
    "borough": "Q",
    "structure": "Elevated",
    "att_reception_frac": 0.0,
    "tmobile_reception_frac": 0.25,
    "verizon_reception_frac": 0.25,
    "sprint_reception_frac": 0.0,
    "n_carriers_majority": 0,
    "any_majority_reception": false
   }
  },
  {
   "type": "Feature",
   "geometry": {
    "type": "Point",
    "coordinates": [
     -73.867139,
     40.691324
    ]
   },
   "properties": {
    "line": "J",
    "stop_id": "J17",
    "stop_name": "75 St-Elderts Ln",
    "borough": "Q",
    "structure": "Elevated",
    "att_reception_frac": 0.333,
    "tmobile_reception_frac": 0.333,
    "verizon_reception_frac": 0.0,
    "sprint_reception_frac": 0.0,
    "n_carriers_majority": 0,
    "any_majority_reception": false
   }
  },
  {
   "type": "Feature",
   "geometry": {
    "type": "Point",
    "coordinates": [
     -73.87255,
     40.689941
    ]
   },
   "properties": {
    "line": "J",
    "stop_id": "J19",
    "stop_name": "Cypress Hills",
    "borough": "Bk",
    "structure": "Elevated",
    "att_reception_frac": 0.0,
    "tmobile_reception_frac": 0.25,
    "verizon_reception_frac": 0.0,
    "sprint_reception_frac": 0.0,
    "n_carriers_majority": 0,
    "any_majority_reception": false
   }
  },
  {
   "type": "Feature",
   "geometry": {
    "type": "Point",
    "coordinates": [
     -73.873785,
     40.683194
    ]
   },
   "properties": {
    "line": "J",
    "stop_id": "J20",
    "stop_name": "Crescent St",
    "borough": "Bk",
    "structure": "Elevated",
    "att_reception_frac": 0.0,
    "tmobile_reception_frac": 0.25,
    "verizon_reception_frac": 0.5,
    "sprint_reception_frac": 0.0,
    "n_carriers_majority": 0,
    "any_majority_reception": false
   }
  },
  {
   "type": "Feature",
   "geometry": {
    "type": "Point",
    "coordinates": [
     -73.880039,
     40.68141
    ]
   },
   "properties": {
    "line": "J",
    "stop_id": "J21",
    "stop_name": "Norwood Av",
    "borough": "Bk",
    "structure": "Elevated",
    "att_reception_frac": 0.0,
    "tmobile_reception_frac": 1.0,
    "verizon_reception_frac": 1.0,
    "sprint_reception_frac": 0.0,
    "n_carriers_majority": 2,
    "any_majority_reception": true
   }
  },
  {
   "type": "Feature",
   "geometry": {
    "type": "Point",
    "coordinates": [
     -73.884639,
     40.679947
    ]
   },
   "properties": {
    "line": "J",
    "stop_id": "J22",
    "stop_name": "Cleveland St",
    "borough": "Bk",
    "structure": "Elevated",
    "att_reception_frac": 0.333,
    "tmobile_reception_frac": 0.333,
    "verizon_reception_frac": 0.0,
    "sprint_reception_frac": 0.0,
    "n_carriers_majority": 0,
    "any_majority_reception": false
   }
  },
  {
   "type": "Feature",
   "geometry": {
    "type": "Point",
    "coordinates": [
     -73.891688,
     40.678024
    ]
   },
   "properties": {
    "line": "J",
    "stop_id": "J23",
    "stop_name": "Van Siclen Av",
    "borough": "Bk",
    "structure": "Elevated",
    "att_reception_frac": 0.0,
    "tmobile_reception_frac": 0.5,
    "verizon_reception_frac": 0.75,
    "sprint_reception_frac": 0.5,
    "n_carriers_majority": 1,
    "any_majority_reception": true
   }
  },
  {
   "type": "Feature",
   "geometry": {
    "type": "Point",
    "coordinates": [
     -73.898654,
     40.676992
    ]
   },
   "properties": {
    "line": "J",
    "stop_id": "J24",
    "stop_name": "Alabama Av",
    "borough": "Bk",
    "structure": "Elevated",
    "att_reception_frac": 0.0,
    "tmobile_reception_frac": 0.0,
    "verizon_reception_frac": 0.0,
    "sprint_reception_frac": 0.0,
    "n_carriers_majority": 0,
    "any_majority_reception": false
   }
  },
  {
   "type": "Feature",
   "geometry": {
    "type": "Point",
    "coordinates": [
     -73.904512,
     40.679498
    ]
   },
   "properties": {
    "line": "J",
    "stop_id": "J27",
    "stop_name": "Broadway Junction",
    "borough": "Bk",
    "structure": "Elevated",
    "att_reception_frac": 0.25,
    "tmobile_reception_frac": 0.25,
    "verizon_reception_frac": 0.0,
    "sprint_reception_frac": 0.25,
    "n_carriers_majority": 0,
    "any_majority_reception": false
   }
  },
  {
   "type": "Feature",
   "geometry": {
    "type": "Point",
    "coordinates": [
     -73.910456,
     40.682893
    ]
   },
   "properties": {
    "line": "J",
    "stop_id": "J28",
    "stop_name": "Chauncey St",
    "borough": "Bk",
    "structure": "Elevated",
    "att_reception_frac": 0.25,
    "tmobile_reception_frac": 0.25,
    "verizon_reception_frac": 0.75,
    "sprint_reception_frac": 0.0,
    "n_carriers_majority": 1,
    "any_majority_reception": true
   }
  },
  {
   "type": "Feature",
   "geometry": {
    "type": "Point",
    "coordinates": [
     -73.916559,
     40.68637
    ]
   },
   "properties": {
    "line": "J",
    "stop_id": "J29",
    "stop_name": "Halsey St",
    "borough": "Bk",
    "structure": "Elevated",
    "att_reception_frac": 0.667,
    "tmobile_reception_frac": 0.667,
    "verizon_reception_frac": 1.0,
    "sprint_reception_frac": 0.0,
    "n_carriers_majority": 3,
    "any_majority_reception": true
   }
  },
  {
   "type": "Feature",
   "geometry": {
    "type": "Point",
    "coordinates": [
     -73.92227,
     40.68963
    ]
   },
   "properties": {
    "line": "J",
    "stop_id": "J30",
    "stop_name": "Gates Av",
    "borough": "Bk",
    "structure": "Elevated",
    "att_reception_frac": 0.0,
    "tmobile_reception_frac": 0.25,
    "verizon_reception_frac": 0.75,
    "sprint_reception_frac": 0.0,
    "n_carriers_majority": 1,
    "any_majority_reception": true
   }
  },
  {
   "type": "Feature",
   "geometry": {
    "type": "Point",
    "coordinates": [
     -73.928814,
     40.693342
    ]
   },
   "properties": {
    "line": "J",
    "stop_id": "J31",
    "stop_name": "Kosciuszko St",
    "borough": "Bk",
    "structure": "Elevated",
    "att_reception_frac": 0.25,
    "tmobile_reception_frac": 1.0,
    "verizon_reception_frac": 1.0,
    "sprint_reception_frac": 0.0,
    "n_carriers_majority": 2,
    "any_majority_reception": true
   }
  },
  {
   "type": "Feature",
   "geometry": {
    "type": "Point",
    "coordinates": [
     -73.935657,
     40.697207
    ]
   },
   "properties": {
    "line": "J",
    "stop_id": "M11",
    "stop_name": "Myrtle Av",
    "borough": "Bk",
    "structure": "Elevated",
    "att_reception_frac": 0.5,
    "tmobile_reception_frac": 0.25,
    "verizon_reception_frac": 1.0,
    "sprint_reception_frac": 0.0,
    "n_carriers_majority": 1,
    "any_majority_reception": true
   }
  },
  {
   "type": "Feature",
   "geometry": {
    "type": "Point",
    "coordinates": [
     -73.941126,
     40.70026
    ]
   },
   "properties": {
    "line": "J",
    "stop_id": "M12",
    "stop_name": "Flushing Av",
    "borough": "Bk",
    "structure": "Elevated",
    "att_reception_frac": 0.0,
    "tmobile_reception_frac": 0.75,
    "verizon_reception_frac": 0.5,
    "sprint_reception_frac": 0.75,
    "n_carriers_majority": 2,
    "any_majority_reception": true
   }
  },
  {
   "type": "Feature",
   "geometry": {
    "type": "Point",
    "coordinates": [
     -73.947408,
     40.703869
    ]
   },
   "properties": {
    "line": "J",
    "stop_id": "M13",
    "stop_name": "Lorimer St",
    "borough": "Bk",
    "structure": "Elevated",
    "att_reception_frac": 0.25,
    "tmobile_reception_frac": 0.5,
    "verizon_reception_frac": 0.75,
    "sprint_reception_frac": 0.5,
    "n_carriers_majority": 1,
    "any_majority_reception": true
   }
  },
  {
   "type": "Feature",
   "geometry": {
    "type": "Point",
    "coordinates": [
     -73.953431,
     40.70687
    ]
   },
   "properties": {
    "line": "J",
    "stop_id": "M14",
    "stop_name": "Hewes St",
    "borough": "Bk",
    "structure": "Elevated",
    "att_reception_frac": 0.0,
    "tmobile_reception_frac": 0.333,
    "verizon_reception_frac": 0.667,
    "sprint_reception_frac": 0.333,
    "n_carriers_majority": 1,
    "any_majority_reception": true
   }
  },
  {
   "type": "Feature",
   "geometry": {
    "type": "Point",
    "coordinates": [
     -73.957757,
     40.708359
    ]
   },
   "properties": {
    "line": "J",
    "stop_id": "M16",
    "stop_name": "Marcy Av",
    "borough": "Bk",
    "structure": "Elevated",
    "att_reception_frac": 0.111,
    "tmobile_reception_frac": 0.667,
    "verizon_reception_frac": 0.444,
    "sprint_reception_frac": 0.0,
    "n_carriers_majority": 1,
    "any_majority_reception": true
   }
  },
  {
   "type": "Feature",
   "geometry": {
    "type": "Point",
    "coordinates": [
     -73.987437,
     40.718315
    ]
   },
   "properties": {
    "line": "J",
    "stop_id": "M18",
    "stop_name": "Delancey St-Essex St",
    "borough": "M",
    "structure": "Subway",
    "att_reception_frac": 0.1,
    "tmobile_reception_frac": 0.5,
    "verizon_reception_frac": 0.5,
    "sprint_reception_frac": 0.1,
    "n_carriers_majority": 0,
    "any_majority_reception": false
   }
  },
  {
   "type": "Feature",
   "geometry": {
    "type": "Point",
    "coordinates": [
     -73.993915,
     40.72028
    ]
   },
   "properties": {
    "line": "J",
    "stop_id": "M19",
    "stop_name": "Bowery",
    "borough": "M",
    "structure": "Subway",
    "att_reception_frac": 0.0,
    "tmobile_reception_frac": 0.667,
    "verizon_reception_frac": 0.667,
    "sprint_reception_frac": 0.0,
    "n_carriers_majority": 2,
    "any_majority_reception": true
   }
  },
  {
   "type": "Feature",
   "geometry": {
    "type": "Point",
    "coordinates": [
     -73.999892,
     40.718092
    ]
   },
   "properties": {
    "line": "J",
    "stop_id": "M20",
    "stop_name": "Canal St",
    "borough": "M",
    "structure": "Subway",
    "att_reception_frac": 0.25,
    "tmobile_reception_frac": 0.5,
    "verizon_reception_frac": 0.75,
    "sprint_reception_frac": 0.25,
    "n_carriers_majority": 1,
    "any_majority_reception": true
   }
  },
  {
   "type": "Feature",
   "geometry": {
    "type": "Point",
    "coordinates": [
     -74.003401,
     40.713243
    ]
   },
   "properties": {
    "line": "J",
    "stop_id": "M21",
    "stop_name": "Chambers St",
    "borough": "M",
    "structure": "Subway",
    "att_reception_frac": 0.333,
    "tmobile_reception_frac": 0.667,
    "verizon_reception_frac": 0.333,
    "sprint_reception_frac": 0.333,
    "n_carriers_majority": 1,
    "any_majority_reception": true
   }
  },
  {
   "type": "Feature",
   "geometry": {
    "type": "Point",
    "coordinates": [
     -74.007582,
     40.710374
    ]
   },
   "properties": {
    "line": "J",
    "stop_id": "M22",
    "stop_name": "Fulton St",
    "borough": "M",
    "structure": "Subway",
    "att_reception_frac": 0.667,
    "tmobile_reception_frac": 0.667,
    "verizon_reception_frac": 1.0,
    "sprint_reception_frac": 0.667,
    "n_carriers_majority": 4,
    "any_majority_reception": true
   }
  },
  {
   "type": "Feature",
   "geometry": {
    "type": "Point",
    "coordinates": [
     -74.011056,
     40.706476
    ]
   },
   "properties": {
    "line": "J",
    "stop_id": "M23",
    "stop_name": "Broad St",
    "borough": "M",
    "structure": "Subway",
    "att_reception_frac": 0.077,
    "tmobile_reception_frac": 0.231,
    "verizon_reception_frac": 0.385,
    "sprint_reception_frac": 0.038,
    "n_carriers_majority": 0,
    "any_majority_reception": false
   }
  },
  {
   "type": "Feature",
   "geometry": {
    "type": "Point",
    "coordinates": [
     -74.002578,
     40.739777
    ]
   },
   "properties": {
    "line": "L",
    "stop_id": "L01",
    "stop_name": "8 Av",
    "borough": "M",
    "structure": "Subway",
    "att_reception_frac": 0.0,
    "tmobile_reception_frac": 1.0,
    "verizon_reception_frac": 1.0,
    "sprint_reception_frac": 0.5,
    "n_carriers_majority": 2,
    "any_majority_reception": true
   }
  },
  {
   "type": "Feature",
   "geometry": {
    "type": "Point",
    "coordinates": [
     -73.996786,
     40.737335
    ]
   },
   "properties": {
    "line": "L",
    "stop_id": "L02",
    "stop_name": "6 Av",
    "borough": "M",
    "structure": "Subway",
    "att_reception_frac": 0.0,
    "tmobile_reception_frac": 0.25,
    "verizon_reception_frac": 0.25,
    "sprint_reception_frac": 0.0,
    "n_carriers_majority": 0,
    "any_majority_reception": false
   }
  },
  {
   "type": "Feature",
   "geometry": {
    "type": "Point",
    "coordinates": [
     -73.99073,
     40.734789
    ]
   },
   "properties": {
    "line": "L",
    "stop_id": "L03",
    "stop_name": "14 St-Union Sq",
    "borough": "M",
    "structure": "Subway",
    "att_reception_frac": 0.0,
    "tmobile_reception_frac": 0.0,
    "verizon_reception_frac": 0.0,
    "sprint_reception_frac": 0.0,
    "n_carriers_majority": 0,
    "any_majority_reception": false
   }
  },
  {
   "type": "Feature",
   "geometry": {
    "type": "Point",
    "coordinates": [
     -73.986122,
     40.732849
    ]
   },
   "properties": {
    "line": "L",
    "stop_id": "L05",
    "stop_name": "3 Av",
    "borough": "M",
    "structure": "Subway",
    "att_reception_frac": 0.0,
    "tmobile_reception_frac": 0.0,
    "verizon_reception_frac": 0.0,
    "sprint_reception_frac": 0.0,
    "n_carriers_majority": 0,
    "any_majority_reception": false
   }
  },
  {
   "type": "Feature",
   "geometry": {
    "type": "Point",
    "coordinates": [
     -73.981628,
     40.730953
    ]
   },
   "properties": {
    "line": "L",
    "stop_id": "L06",
    "stop_name": "1 Av",
    "borough": "M",
    "structure": "Subway",
    "att_reception_frac": 0.0,
    "tmobile_reception_frac": 0.0,
    "verizon_reception_frac": 0.0,
    "sprint_reception_frac": 0.0,
    "n_carriers_majority": 0,
    "any_majority_reception": false
   }
  },
  {
   "type": "Feature",
   "geometry": {
    "type": "Point",
    "coordinates": [
     -73.956872,
     40.717304
    ]
   },
   "properties": {
    "line": "L",
    "stop_id": "L08",
    "stop_name": "Bedford Av",
    "borough": "Bk",
    "structure": "Subway",
    "att_reception_frac": 0.0,
    "tmobile_reception_frac": 0.0,
    "verizon_reception_frac": 0.0,
    "sprint_reception_frac": 0.0,
    "n_carriers_majority": 0,
    "any_majority_reception": false
   }
  },
  {
   "type": "Feature",
   "geometry": {
    "type": "Point",
    "coordinates": [
     -73.950275,
     40.714063
    ]
   },
   "properties": {
    "line": "L",
    "stop_id": "L10",
    "stop_name": "Lorimer St",
    "borough": "Bk",
    "structure": "Subway",
    "att_reception_frac": 0.0,
    "tmobile_reception_frac": 0.0,
    "verizon_reception_frac": 0.0,
    "sprint_reception_frac": 0.0,
    "n_carriers_majority": 0,
    "any_majority_reception": false
   }
  },
  {
   "type": "Feature",
   "geometry": {
    "type": "Point",
    "coordinates": [
     -73.944053,
     40.714565
    ]
   },
   "properties": {
    "line": "L",
    "stop_id": "L11",
    "stop_name": "Graham Av",
    "borough": "Bk",
    "structure": "Subway",
    "att_reception_frac": 0.0,
    "tmobile_reception_frac": 0.0,
    "verizon_reception_frac": 0.0,
    "sprint_reception_frac": 0.0,
    "n_carriers_majority": 0,
    "any_majority_reception": false
   }
  },
  {
   "type": "Feature",
   "geometry": {
    "type": "Point",
    "coordinates": [
     -73.94067,
     40.711926
    ]
   },
   "properties": {
    "line": "L",
    "stop_id": "L12",
    "stop_name": "Grand St",
    "borough": "Bk",
    "structure": "Subway",
    "att_reception_frac": 0.0,
    "tmobile_reception_frac": 0.0,
    "verizon_reception_frac": 0.0,
    "sprint_reception_frac": 0.0,
    "n_carriers_majority": 0,
    "any_majority_reception": false
   }
  },
  {
   "type": "Feature",
   "geometry": {
    "type": "Point",
    "coordinates": [
     -73.93985,
     40.707739
    ]
   },
   "properties": {
    "line": "L",
    "stop_id": "L13",
    "stop_name": "Montrose Av",
    "borough": "Bk",
    "structure": "Subway",
    "att_reception_frac": 0.0,
    "tmobile_reception_frac": 0.0,
    "verizon_reception_frac": 0.0,
    "sprint_reception_frac": 0.0,
    "n_carriers_majority": 0,
    "any_majority_reception": false
   }
  },
  {
   "type": "Feature",
   "geometry": {
    "type": "Point",
    "coordinates": [
     -73.933147,
     40.706152
    ]
   },
   "properties": {
    "line": "L",
    "stop_id": "L14",
    "stop_name": "Morgan Av",
    "borough": "Bk",
    "structure": "Subway",
    "att_reception_frac": 0.0,
    "tmobile_reception_frac": 0.0,
    "verizon_reception_frac": 0.0,
    "sprint_reception_frac": 0.0,
    "n_carriers_majority": 0,
    "any_majority_reception": false
   }
  },
  {
   "type": "Feature",
   "geometry": {
    "type": "Point",
    "coordinates": [
     -73.922913,
     40.706607
    ]
   },
   "properties": {
    "line": "L",
    "stop_id": "L15",
    "stop_name": "Jefferson St",
    "borough": "Bk",
    "structure": "Subway",
    "att_reception_frac": 0.0,
    "tmobile_reception_frac": 0.0,
    "verizon_reception_frac": 0.0,
    "sprint_reception_frac": 0.0,
    "n_carriers_majority": 0,
    "any_majority_reception": false
   }
  },
  {
   "type": "Feature",
   "geometry": {
    "type": "Point",
    "coordinates": [
     -73.918425,
     40.703811
    ]
   },
   "properties": {
    "line": "L",
    "stop_id": "L16",
    "stop_name": "DeKalb Av",
    "borough": "Bk",
    "structure": "Subway",
    "att_reception_frac": 0.0,
    "tmobile_reception_frac": 0.0,
    "verizon_reception_frac": 0.0,
    "sprint_reception_frac": 0.0,
    "n_carriers_majority": 0,
    "any_majority_reception": false
   }
  },
  {
   "type": "Feature",
   "geometry": {
    "type": "Point",
    "coordinates": [
     -73.911586,
     40.699814
    ]
   },
   "properties": {
    "line": "L",
    "stop_id": "L17",
    "stop_name": "Myrtle-Wyckoff Avs",
    "borough": "Bk",
    "structure": "Subway",
    "att_reception_frac": 0.0,
    "tmobile_reception_frac": 0.0,
    "verizon_reception_frac": 0.0,
    "sprint_reception_frac": 0.0,
    "n_carriers_majority": 0,
    "any_majority_reception": false
   }
  },
  {
   "type": "Feature",
   "geometry": {
    "type": "Point",
    "coordinates": [
     -73.904084,
     40.695602
    ]
   },
   "properties": {
    "line": "L",
    "stop_id": "L19",
    "stop_name": "Halsey St",
    "borough": "Q",
    "structure": "Subway",
    "att_reception_frac": 0.0,
    "tmobile_reception_frac": 0.0,
    "verizon_reception_frac": 0.0,
    "sprint_reception_frac": 0.0,
    "n_carriers_majority": 0,
    "any_majority_reception": false
   }
  },
  {
   "type": "Feature",
   "geometry": {
    "type": "Point",
    "coordinates": [
     -73.904046,
     40.688764
    ]
   },
   "properties": {
    "line": "L",
    "stop_id": "L20",
    "stop_name": "Wilson Av",
    "borough": "Bk",
    "structure": "Subway",
    "att_reception_frac": 0.0,
    "tmobile_reception_frac": 0.0,
    "verizon_reception_frac": 0.0,
    "sprint_reception_frac": 0.0,
    "n_carriers_majority": 0,
    "any_majority_reception": false
   }
  },
  {
   "type": "Feature",
   "geometry": {
    "type": "Point",
    "coordinates": [
     -73.905249,
     40.682829
    ]
   },
   "properties": {
    "line": "L",
    "stop_id": "L21",
    "stop_name": "Bushwick Av-Aberdeen St",
    "borough": "Bk",
    "structure": "Subway",
    "att_reception_frac": 0.0,
    "tmobile_reception_frac": 0.75,
    "verizon_reception_frac": 0.75,
    "sprint_reception_frac": 0.0,
    "n_carriers_majority": 2,
    "any_majority_reception": true
   }
  },
  {
   "type": "Feature",
   "geometry": {
    "type": "Point",
    "coordinates": [
     -73.90324,
     40.678856
    ]
   },
   "properties": {
    "line": "L",
    "stop_id": "L22",
    "stop_name": "Broadway Junction",
    "borough": "Bk",
    "structure": "Elevated",
    "att_reception_frac": 0.0,
    "tmobile_reception_frac": 0.0,
    "verizon_reception_frac": 0.0,
    "sprint_reception_frac": 0.0,
    "n_carriers_majority": 0,
    "any_majority_reception": false
   }
  },
  {
   "type": "Feature",
   "geometry": {
    "type": "Point",
    "coordinates": [
     -73.903097,
     40.675345
    ]
   },
   "properties": {
    "line": "L",
    "stop_id": "L24",
    "stop_name": "Atlantic Av",
    "borough": "Bk",
    "structure": "Elevated",
    "att_reception_frac": 0.0,
    "tmobile_reception_frac": 0.667,
    "verizon_reception_frac": 0.333,
    "sprint_reception_frac": 0.333,
    "n_carriers_majority": 1,
    "any_majority_reception": true
   }
  },
  {
   "type": "Feature",
   "geometry": {
    "type": "Point",
    "coordinates": [
     -73.901975,
     40.669367
    ]
   },
   "properties": {
    "line": "L",
    "stop_id": "L25",
    "stop_name": "Sutter Av",
    "borough": "Bk",
    "structure": "Elevated",
    "att_reception_frac": 0.0,
    "tmobile_reception_frac": 0.5,
    "verizon_reception_frac": 0.25,
    "sprint_reception_frac": 0.0,
    "n_carriers_majority": 0,
    "any_majority_reception": false
   }
  },
  {
   "type": "Feature",
   "geometry": {
    "type": "Point",
    "coordinates": [
     -73.900571,
     40.664038
    ]
   },
   "properties": {
    "line": "L",
    "stop_id": "L26",
    "stop_name": "Livonia Av",
    "borough": "Bk",
    "structure": "Elevated",
    "att_reception_frac": 0.0,
    "tmobile_reception_frac": 0.0,
    "verizon_reception_frac": 0.0,
    "sprint_reception_frac": 0.0,
    "n_carriers_majority": 0,
    "any_majority_reception": false
   }
  },
  {
   "type": "Feature",
   "geometry": {
    "type": "Point",
    "coordinates": [
     -73.899232,
     40.658733
    ]
   },
   "properties": {
    "line": "L",
    "stop_id": "L27",
    "stop_name": "New Lots Av",
    "borough": "Bk",
    "structure": "Elevated",
    "att_reception_frac": 0.0,
    "tmobile_reception_frac": 0.5,
    "verizon_reception_frac": 0.25,
    "sprint_reception_frac": 0.5,
    "n_carriers_majority": 0,
    "any_majority_reception": false
   }
  },
  {
   "type": "Feature",
   "geometry": {
    "type": "Point",
    "coordinates": [
     -73.899485,
     40.650573
    ]
   },
   "properties": {
    "line": "L",
    "stop_id": "L28",
    "stop_name": "East 105 St",
    "borough": "Bk",
    "structure": "At Grade",
    "att_reception_frac": 0.0,
    "tmobile_reception_frac": 0.25,
    "verizon_reception_frac": 0.75,
    "sprint_reception_frac": 0.0,
    "n_carriers_majority": 1,
    "any_majority_reception": true
   }
  },
  {
   "type": "Feature",
   "geometry": {
    "type": "Point",
    "coordinates": [
     -73.90185,
     40.646654
    ]
   },
   "properties": {
    "line": "L",
    "stop_id": "L29",
    "stop_name": "Canarsie-Rockaway Pkwy",
    "borough": "Bk",
    "structure": "At Grade",
    "att_reception_frac": 0.167,
    "tmobile_reception_frac": 0.833,
    "verizon_reception_frac": 0.5,
    "sprint_reception_frac": 0.333,
    "n_carriers_majority": 1,
    "any_majority_reception": true
   }
  },
  {
   "type": "Feature",
   "geometry": {
    "type": "Point",
    "coordinates": [
     -74.000495,
     40.732338
    ]
   },
   "properties": {
    "line": "M",
    "stop_id": "A32",
    "stop_name": "W 4 St-Wash Sq",
    "borough": "M",
    "structure": "Subway",
    "att_reception_frac": 0.0,
    "tmobile_reception_frac": 0.0,
    "verizon_reception_frac": 0.0,
    "sprint_reception_frac": 0.154,
    "n_carriers_majority": 0,
    "any_majority_reception": false
   }
  },
  {
   "type": "Feature",
   "geometry": {
    "type": "Point",
    "coordinates": [
     -73.992821,
     40.742878
    ]
   },
   "properties": {
    "line": "M",
    "stop_id": "D18",
    "stop_name": "23 St",
    "borough": "M",
    "structure": "Subway",
    "att_reception_frac": 0.071,
    "tmobile_reception_frac": 0.214,
    "verizon_reception_frac": 0.071,
    "sprint_reception_frac": 0.071,
    "n_carriers_majority": 0,
    "any_majority_reception": false
   }
  },
  {
   "type": "Feature",
   "geometry": {
    "type": "Point",
    "coordinates": [
     -73.996209,
     40.738228
    ]
   },
   "properties": {
    "line": "M",
    "stop_id": "D19",
    "stop_name": "14 St",
    "borough": "M",
    "structure": "Subway",
    "att_reception_frac": 0.0,
    "tmobile_reception_frac": 0.25,
    "verizon_reception_frac": 0.25,
    "sprint_reception_frac": 0.0,
    "n_carriers_majority": 0,
    "any_majority_reception": false
   }
  },
  {
   "type": "Feature",
   "geometry": {
    "type": "Point",
    "coordinates": [
     -74.000495,
     40.732338
    ]
   },
   "properties": {
    "line": "M",
    "stop_id": "D20",
    "stop_name": "W 4 St-Wash Sq",
    "borough": "M",
    "structure": "Subway",
    "att_reception_frac": 0.0,
    "tmobile_reception_frac": 0.4,
    "verizon_reception_frac": 0.2,
    "sprint_reception_frac": 0.0,
    "n_carriers_majority": 0,
    "any_majority_reception": false
   }
  },
  {
   "type": "Feature",
   "geometry": {
    "type": "Point",
    "coordinates": [
     -73.996204,
     40.725297
    ]
   },
   "properties": {
    "line": "M",
    "stop_id": "D21",
    "stop_name": "Broadway-Lafayette St",
    "borough": "M",
    "structure": "Subway",
    "att_reception_frac": 0.0,
    "tmobile_reception_frac": 0.2,
    "verizon_reception_frac": 0.0,
    "sprint_reception_frac": 0.0,
    "n_carriers_majority": 0,
    "any_majority_reception": false
   }
  },
  {
   "type": "Feature",
   "geometry": {
    "type": "Point",
    "coordinates": [
     -73.986751,
     40.701397
    ]
   },
   "properties": {
    "line": "M",
    "stop_id": "F18",
    "stop_name": "York St",
    "borough": "Bk",
    "structure": "Subway",
    "att_reception_frac": 0.062,
    "tmobile_reception_frac": 0.062,
    "verizon_reception_frac": 0.062,
    "sprint_reception_frac": 0.0,
    "n_carriers_majority": 0,
    "any_majority_reception": false
   }
  },
  {
   "type": "Feature",
   "geometry": {
    "type": "Point",
    "coordinates": [
     -73.990862,
     40.686145
    ]
   },
   "properties": {
    "line": "M",
    "stop_id": "F20",
    "stop_name": "Bergen St",
    "borough": "Bk",
    "structure": "Subway",
    "att_reception_frac": 0.0,
    "tmobile_reception_frac": 0.0,
    "verizon_reception_frac": 0.25,
    "sprint_reception_frac": 0.0,
    "n_carriers_majority": 0,
    "any_majority_reception": false
   }
  },
  {
   "type": "Feature",
   "geometry": {
    "type": "Point",
    "coordinates": [
     -73.995048,
     40.680303
    ]
   },
   "properties": {
    "line": "M",
    "stop_id": "F21",
    "stop_name": "Carroll St",
    "borough": "Bk",
    "structure": "Subway",
    "att_reception_frac": 0.0,
    "tmobile_reception_frac": 0.0,
    "verizon_reception_frac": 0.0,
    "sprint_reception_frac": 0.25,
    "n_carriers_majority": 0,
    "any_majority_reception": false
   }
  },
  {
   "type": "Feature",
   "geometry": {
    "type": "Point",
    "coordinates": [
     -73.995959,
     40.67358
    ]
   },
   "properties": {
    "line": "M",
    "stop_id": "F22",
    "stop_name": "Smith-9 Sts",
    "borough": "Bk",
    "structure": "Viaduct",
    "att_reception_frac": 0.25,
    "tmobile_reception_frac": 0.0,
    "verizon_reception_frac": 0.0,
    "sprint_reception_frac": 0.0,
    "n_carriers_majority": 0,
    "any_majority_reception": false
   }
  },
  {
   "type": "Feature",
   "geometry": {
    "type": "Point",
    "coordinates": [
     -73.989779,
     40.670272
    ]
   },
   "properties": {
    "line": "M",
    "stop_id": "F23",
    "stop_name": "4 Av-9 St",
    "borough": "Bk",
    "structure": "Viaduct",
    "att_reception_frac": 0.0,
    "tmobile_reception_frac": 0.2,
    "verizon_reception_frac": 0.4,
    "sprint_reception_frac": 0.2,
    "n_carriers_majority": 0,
    "any_majority_reception": false
   }
  },
  {
   "type": "Feature",
   "geometry": {
    "type": "Point",
    "coordinates": [
     -73.980305,
     40.666271
    ]
   },
   "properties": {
    "line": "M",
    "stop_id": "F24",
    "stop_name": "7 Av",
    "borough": "Bk",
    "structure": "Subway",
    "att_reception_frac": 0.0,
    "tmobile_reception_frac": 0.0,
    "verizon_reception_frac": 0.0,
    "sprint_reception_frac": 0.0,
    "n_carriers_majority": 0,
    "any_majority_reception": false
   }
  },
  {
   "type": "Feature",
   "geometry": {
    "type": "Point",
    "coordinates": [
     -73.979493,
     40.660365
    ]
   },
   "properties": {
    "line": "M",
    "stop_id": "F25",
    "stop_name": "15 St-Prospect Park",
    "borough": "Bk",
    "structure": "Subway",
    "att_reception_frac": 0.0,
    "tmobile_reception_frac": 0.0,
    "verizon_reception_frac": 0.2,
    "sprint_reception_frac": 0.0,
    "n_carriers_majority": 0,
    "any_majority_reception": false
   }
  },
  {
   "type": "Feature",
   "geometry": {
    "type": "Point",
    "coordinates": [
     -73.975776,
     40.650782
    ]
   },
   "properties": {
    "line": "M",
    "stop_id": "F26",
    "stop_name": "Fort Hamilton Pkwy",
    "borough": "Bk",
    "structure": "Subway",
    "att_reception_frac": 0.0,
    "tmobile_reception_frac": 0.0,
    "verizon_reception_frac": 0.333,
    "sprint_reception_frac": 0.0,
    "n_carriers_majority": 0,
    "any_majority_reception": false
   }
  },
  {
   "type": "Feature",
   "geometry": {
    "type": "Point",
    "coordinates": [
     -73.979678,
     40.644041
    ]
   },
   "properties": {
    "line": "M",
    "stop_id": "F27",
    "stop_name": "Church Av",
    "borough": "Bk",
    "structure": "Subway",
    "att_reception_frac": 0.0,
    "tmobile_reception_frac": 0.0,
    "verizon_reception_frac": 0.0,
    "sprint_reception_frac": 0.25,
    "n_carriers_majority": 0,
    "any_majority_reception": false
   }
  },
  {
   "type": "Feature",
   "geometry": {
    "type": "Point",
    "coordinates": [
     -73.889601,
     40.711396
    ]
   },
   "properties": {
    "line": "M",
    "stop_id": "M01",
    "stop_name": "Middle Village-Metropolitan Av",
    "borough": "Q",
    "structure": "Elevated",
    "att_reception_frac": 0.0,
    "tmobile_reception_frac": 0.0,
    "verizon_reception_frac": 0.0,
    "sprint_reception_frac": 0.0,
    "n_carriers_majority": 0,
    "any_majority_reception": false
   }
  },
  {
   "type": "Feature",
   "geometry": {
    "type": "Point",
    "coordinates": [
     -73.895877,
     40.706186
    ]
   },
   "properties": {
    "line": "M",
    "stop_id": "M04",
    "stop_name": "Fresh Pond Rd",
    "borough": "Q",
    "structure": "Elevated",
    "att_reception_frac": 0.0,
    "tmobile_reception_frac": 0.0,
    "verizon_reception_frac": 0.0,
    "sprint_reception_frac": 0.0,
    "n_carriers_majority": 0,
    "any_majority_reception": false
   }
  },
  {
   "type": "Feature",
   "geometry": {
    "type": "Point",
    "coordinates": [
     -73.903077,
     40.704423
    ]
   },
   "properties": {
    "line": "M",
    "stop_id": "M05",
    "stop_name": "Forest Av",
    "borough": "Q",
    "structure": "Elevated",
    "att_reception_frac": 0.0,
    "tmobile_reception_frac": 0.0,
    "verizon_reception_frac": 0.0,
    "sprint_reception_frac": 0.0,
    "n_carriers_majority": 0,
    "any_majority_reception": false
   }
  },
  {
   "type": "Feature",
   "geometry": {
    "type": "Point",
    "coordinates": [
     -73.90774,
     40.702762
    ]
   },
   "properties": {
    "line": "M",
    "stop_id": "M06",
    "stop_name": "Seneca Av",
    "borough": "Q",
    "structure": "Elevated",
    "att_reception_frac": 0.0,
    "tmobile_reception_frac": 0.0,
    "verizon_reception_frac": 0.333,
    "sprint_reception_frac": 0.0,
    "n_carriers_majority": 0,
    "any_majority_reception": false
   }
  },
  {
   "type": "Feature",
   "geometry": {
    "type": "Point",
    "coordinates": [
     -73.912385,
     40.69943
    ]
   },
   "properties": {
    "line": "M",
    "stop_id": "M08",
    "stop_name": "Myrtle-Wyckoff Avs",
    "borough": "Bk",
    "structure": "Elevated",
    "att_reception_frac": 0.0,
    "tmobile_reception_frac": 0.25,
    "verizon_reception_frac": 0.0,
    "sprint_reception_frac": 0.0,
    "n_carriers_majority": 0,
    "any_majority_reception": false
   }
  },
  {
   "type": "Feature",
   "geometry": {
    "type": "Point",
    "coordinates": [
     -73.919711,
     40.698664
    ]
   },
   "properties": {
    "line": "M",
    "stop_id": "M09",
    "stop_name": "Knickerbocker Av",
    "borough": "Bk",
    "structure": "Elevated",
    "att_reception_frac": 0.0,
    "tmobile_reception_frac": 0.333,
    "verizon_reception_frac": 0.333,
    "sprint_reception_frac": 0.0,
    "n_carriers_majority": 0,
    "any_majority_reception": false
   }
  },
  {
   "type": "Feature",
   "geometry": {
    "type": "Point",
    "coordinates": [
     -73.927397,
     40.697857
    ]
   },
   "properties": {
    "line": "M",
    "stop_id": "M10",
    "stop_name": "Central Av",
    "borough": "Bk",
    "structure": "Elevated",
    "att_reception_frac": 0.0,
    "tmobile_reception_frac": 0.25,
    "verizon_reception_frac": 0.0,
    "sprint_reception_frac": 0.0,
    "n_carriers_majority": 0,
    "any_majority_reception": false
   }
  },
  {
   "type": "Feature",
   "geometry": {
    "type": "Point",
    "coordinates": [
     -73.935657,
     40.697207
    ]
   },
   "properties": {
    "line": "M",
    "stop_id": "M11",
    "stop_name": "Myrtle Av",
    "borough": "Bk",
    "structure": "Elevated",
    "att_reception_frac": 0.25,
    "tmobile_reception_frac": 0.25,
    "verizon_reception_frac": 0.25,
    "sprint_reception_frac": 0.0,
    "n_carriers_majority": 0,
    "any_majority_reception": false
   }
  },
  {
   "type": "Feature",
   "geometry": {
    "type": "Point",
    "coordinates": [
     -73.941126,
     40.70026
    ]
   },
   "properties": {
    "line": "M",
    "stop_id": "M12",
    "stop_name": "Flushing Av",
    "borough": "Bk",
    "structure": "Elevated",
    "att_reception_frac": 0.0,
    "tmobile_reception_frac": 0.0,
    "verizon_reception_frac": 0.5,
    "sprint_reception_frac": 0.25,
    "n_carriers_majority": 0,
    "any_majority_reception": false
   }
  },
  {
   "type": "Feature",
   "geometry": {
    "type": "Point",
    "coordinates": [
     -73.947408,
     40.703869
    ]
   },
   "properties": {
    "line": "M",
    "stop_id": "M13",
    "stop_name": "Lorimer St",
    "borough": "Bk",
    "structure": "Elevated",
    "att_reception_frac": 0.0,
    "tmobile_reception_frac": 0.5,
    "verizon_reception_frac": 0.25,
    "sprint_reception_frac": 0.0,
    "n_carriers_majority": 0,
    "any_majority_reception": false
   }
  },
  {
   "type": "Feature",
   "geometry": {
    "type": "Point",
    "coordinates": [
     -73.953431,
     40.70687
    ]
   },
   "properties": {
    "line": "M",
    "stop_id": "M14",
    "stop_name": "Hewes St",
    "borough": "Bk",
    "structure": "Elevated",
    "att_reception_frac": 0.0,
    "tmobile_reception_frac": 0.333,
    "verizon_reception_frac": 0.667,
    "sprint_reception_frac": 0.0,
    "n_carriers_majority": 1,
    "any_majority_reception": true
   }
  },
  {
   "type": "Feature",
   "geometry": {
    "type": "Point",
    "coordinates": [
     -73.957757,
     40.708359
    ]
   },
   "properties": {
    "line": "M",
    "stop_id": "M16",
    "stop_name": "Marcy Av",
    "borough": "Bk",
    "structure": "Elevated",
    "att_reception_frac": 0.0,
    "tmobile_reception_frac": 0.444,
    "verizon_reception_frac": 0.556,
    "sprint_reception_frac": 0.111,
    "n_carriers_majority": 1,
    "any_majority_reception": true
   }
  },
  {
   "type": "Feature",
   "geometry": {
    "type": "Point",
    "coordinates": [
     -73.987437,
     40.718315
    ]
   },
   "properties": {
    "line": "M",
    "stop_id": "M18",
    "stop_name": "Delancey St-Essex St",
    "borough": "M",
    "structure": "Subway",
    "att_reception_frac": 0.2,
    "tmobile_reception_frac": 0.3,
    "verizon_reception_frac": 0.3,
    "sprint_reception_frac": 0.1,
    "n_carriers_majority": 0,
    "any_majority_reception": false
   }
  },
  {
   "type": "Feature",
   "geometry": {
    "type": "Point",
    "coordinates": [
     -73.993915,
     40.72028
    ]
   },
   "properties": {
    "line": "M",
    "stop_id": "M19",
    "stop_name": "Bowery",
    "borough": "M",
    "structure": "Subway",
    "att_reception_frac": 0.0,
    "tmobile_reception_frac": 0.333,
    "verizon_reception_frac": 0.0,
    "sprint_reception_frac": 0.0,
    "n_carriers_majority": 0,
    "any_majority_reception": false
   }
  },
  {
   "type": "Feature",
   "geometry": {
    "type": "Point",
    "coordinates": [
     -73.999892,
     40.718092
    ]
   },
   "properties": {
    "line": "M",
    "stop_id": "M20",
    "stop_name": "Canal St",
    "borough": "M",
    "structure": "Subway",
    "att_reception_frac": 0.25,
    "tmobile_reception_frac": 0.0,
    "verizon_reception_frac": 0.25,
    "sprint_reception_frac": 0.25,
    "n_carriers_majority": 0,
    "any_majority_reception": false
   }
  },
  {
   "type": "Feature",
   "geometry": {
    "type": "Point",
    "coordinates": [
     -74.003401,
     40.713243
    ]
   },
   "properties": {
    "line": "M",
    "stop_id": "M21",
    "stop_name": "Chambers St",
    "borough": "M",
    "structure": "Subway",
    "att_reception_frac": 0.0,
    "tmobile_reception_frac": 0.667,
    "verizon_reception_frac": 0.333,
    "sprint_reception_frac": 0.0,
    "n_carriers_majority": 1,
    "any_majority_reception": true
   }
  },
  {
   "type": "Feature",
   "geometry": {
    "type": "Point",
    "coordinates": [
     -74.007582,
     40.710374
    ]
   },
   "properties": {
    "line": "M",
    "stop_id": "M22",
    "stop_name": "Fulton St",
    "borough": "M",
    "structure": "Subway",
    "att_reception_frac": 0.0,
    "tmobile_reception_frac": 0.333,
    "verizon_reception_frac": 0.0,
    "sprint_reception_frac": 0.0,
    "n_carriers_majority": 0,
    "any_majority_reception": false
   }
  },
  {
   "type": "Feature",
   "geometry": {
    "type": "Point",
    "coordinates": [
     -74.011056,
     40.706476
    ]
   },
   "properties": {
    "line": "M",
    "stop_id": "M23",
    "stop_name": "Broad St",
    "borough": "M",
    "structure": "Subway",
    "att_reception_frac": 0.0,
    "tmobile_reception_frac": 0.0,
    "verizon_reception_frac": 0.0,
    "sprint_reception_frac": 0.0,
    "n_carriers_majority": 0,
    "any_majority_reception": false
   }
  },
  {
   "type": "Feature",
   "geometry": {
    "type": "Point",
    "coordinates": [
     -73.994324,
     40.646292
    ]
   },
   "properties": {
    "line": "N",
    "stop_id": "B12",
    "stop_name": "9 Av",
    "borough": "Bk",
    "structure": "Open Cut",
    "att_reception_frac": 0.0,
    "tmobile_reception_frac": 0.25,
    "verizon_reception_frac": 0.75,
    "sprint_reception_frac": 0.25,
    "n_carriers_majority": 1,
    "any_majority_reception": true
   }
  },
  {
   "type": "Feature",
   "geometry": {
    "type": "Point",
    "coordinates": [
     -74.011719,
     40.635064
    ]
   },
   "properties": {
    "line": "N",
    "stop_id": "N02",
    "stop_name": "8 Av",
    "borough": "Bk",
    "structure": "Open Cut",
    "att_reception_frac": 0.0,
    "tmobile_reception_frac": 0.0,
    "verizon_reception_frac": 0.0,
    "sprint_reception_frac": 0.0,
    "n_carriers_majority": 0,
    "any_majority_reception": false
   }
  },
  {
   "type": "Feature",
   "geometry": {
    "type": "Point",
    "coordinates": [
     -74.005351,
     40.631386
    ]
   },
   "properties": {
    "line": "N",
    "stop_id": "N03",
    "stop_name": "Fort Hamilton Pkwy",
    "borough": "Bk",
    "structure": "Open Cut",
    "att_reception_frac": 0.0,
    "tmobile_reception_frac": 0.0,
    "verizon_reception_frac": 0.0,
    "sprint_reception_frac": 0.2,
    "n_carriers_majority": 0,
    "any_majority_reception": false
   }
  },
  {
   "type": "Feature",
   "geometry": {
    "type": "Point",
    "coordinates": [
     -73.996353,
     40.624842
    ]
   },
   "properties": {
    "line": "N",
    "stop_id": "N04",
    "stop_name": "New Utrecht Av",
    "borough": "Bk",
    "structure": "Open Cut",
    "att_reception_frac": 0.0,
    "tmobile_reception_frac": 0.2,
    "verizon_reception_frac": 0.6,
    "sprint_reception_frac": 0.2,
    "n_carriers_majority": 1,
    "any_majority_reception": true
   }
  },
  {
   "type": "Feature",
   "geometry": {
    "type": "Point",
    "coordinates": [
     -73.990414,
     40.620671
    ]
   },
   "properties": {
    "line": "N",
    "stop_id": "N05",
    "stop_name": "18 Av",
    "borough": "Bk",
    "structure": "Open Cut",
    "att_reception_frac": 0.25,
    "tmobile_reception_frac": 0.25,
    "verizon_reception_frac": 0.5,
    "sprint_reception_frac": 0.0,
    "n_carriers_majority": 0,
    "any_majority_reception": false
   }
  },
  {
   "type": "Feature",
   "geometry": {
    "type": "Point",
    "coordinates": [
     -73.985026,
     40.61741
    ]
   },
   "properties": {
    "line": "N",
    "stop_id": "N06",
    "stop_name": "20 Av",
    "borough": "Bk",
    "structure": "Open Cut",
    "att_reception_frac": 0.5,
    "tmobile_reception_frac": 0.0,
    "verizon_reception_frac": 0.0,
    "sprint_reception_frac": 0.25,
    "n_carriers_majority": 0,
    "any_majority_reception": false
   }
  },
  {
   "type": "Feature",
   "geometry": {
    "type": "Point",
    "coordinates": [
     -73.981848,
     40.611815
    ]
   },
   "properties": {
    "line": "N",
    "stop_id": "N07",
    "stop_name": "Bay Pkwy",
    "borough": "Bk",
    "structure": "Open Cut",
    "att_reception_frac": 0.0,
    "tmobile_reception_frac": 0.5,
    "verizon_reception_frac": 0.25,
    "sprint_reception_frac": 0.0,
    "n_carriers_majority": 0,
    "any_majority_reception": false
   }
  },
  {
   "type": "Feature",
   "geometry": {
    "type": "Point",
    "coordinates": [
     -73.980353,
     40.603923
    ]
   },
   "properties": {
    "line": "N",
    "stop_id": "N08",
    "stop_name": "Kings Hwy",
    "borough": "Bk",
    "structure": "Open Cut",
    "att_reception_frac": 0.2,
    "tmobile_reception_frac": 0.6,
    "verizon_reception_frac": 0.8,
    "sprint_reception_frac": 0.2,
    "n_carriers_majority": 2,
    "any_majority_reception": true
   }
  },
  {
   "type": "Feature",
   "geometry": {
    "type": "Point",
    "coordinates": [
     -73.979137,
     40.597473
    ]
   },
   "properties": {
    "line": "N",
    "stop_id": "N09",
    "stop_name": "Avenue U",
    "borough": "Bk",
    "structure": "Open Cut",
    "att_reception_frac": 0.75,
    "tmobile_reception_frac": 0.5,
    "verizon_reception_frac": 1.0,
    "sprint_reception_frac": 0.0,
    "n_carriers_majority": 2,
    "any_majority_reception": true
   }
  },
  {
   "type": "Feature",
   "geometry": {
    "type": "Point",
    "coordinates": [
     -73.97823,
     40.592721
    ]
   },
   "properties": {
    "line": "N",
    "stop_id": "N10",
    "stop_name": "86 St",
    "borough": "Bk",
    "structure": "Open Cut",
    "att_reception_frac": 0.2,
    "tmobile_reception_frac": 0.4,
    "verizon_reception_frac": 0.45,
    "sprint_reception_frac": 0.05,
    "n_carriers_majority": 0,
    "any_majority_reception": false
   }
  },
  {
   "type": "Feature",
   "geometry": {
    "type": "Point",
    "coordinates": [
     -73.912034,
     40.775036
    ]
   },
   "properties": {
    "line": "N",
    "stop_id": "R01",
    "stop_name": "Astoria-Ditmars Blvd",
    "borough": "Q",
    "structure": "Elevated",
    "att_reception_frac": 0.0,
    "tmobile_reception_frac": 0.0,
    "verizon_reception_frac": 0.0,
    "sprint_reception_frac": 0.667,
    "n_carriers_majority": 1,
    "any_majority_reception": true
   }
  },
  {
   "type": "Feature",
   "geometry": {
    "type": "Point",
    "coordinates": [
     -73.917843,
     40.770258
    ]
   },
   "properties": {
    "line": "N",
    "stop_id": "R03",
    "stop_name": "Astoria Blvd",
    "borough": "Q",
    "structure": "Elevated",
    "att_reception_frac": 0.0,
    "tmobile_reception_frac": 0.0,
    "verizon_reception_frac": 0.0,
    "sprint_reception_frac": 0.333,
    "n_carriers_majority": 0,
    "any_majority_reception": false
   }
  },
  {
   "type": "Feature",
   "geometry": {
    "type": "Point",
    "coordinates": [
     -73.921479,
     40.766779
    ]
   },
   "properties": {
    "line": "N",
    "stop_id": "R04",
    "stop_name": "30 Av",
    "borough": "Q",
    "structure": "Elevated",
    "att_reception_frac": 0.0,
    "tmobile_reception_frac": 0.0,
    "verizon_reception_frac": 0.0,
    "sprint_reception_frac": 0.0,
    "n_carriers_majority": 0,
    "any_majority_reception": false
   }
  },
  {
   "type": "Feature",
   "geometry": {
    "type": "Point",
    "coordinates": [
     -73.925508,
     40.76182
    ]
   },
   "properties": {
    "line": "N",
    "stop_id": "R05",
    "stop_name": "Broadway",
    "borough": "Q",
    "structure": "Elevated",
    "att_reception_frac": 0.0,
    "tmobile_reception_frac": 0.5,
    "verizon_reception_frac": 0.5,
    "sprint_reception_frac": 0.0,
    "n_carriers_majority": 0,
    "any_majority_reception": false
   }
  },
  {
   "type": "Feature",
   "geometry": {
    "type": "Point",
    "coordinates": [
     -73.929575,
     40.756804
    ]
   },
   "properties": {
    "line": "N",
    "stop_id": "R06",
    "stop_name": "36 Av",
    "borough": "Q",
    "structure": "Elevated",
    "att_reception_frac": 0.333,
    "tmobile_reception_frac": 0.0,
    "verizon_reception_frac": 0.333,
    "sprint_reception_frac": 0.333,
    "n_carriers_majority": 0,
    "any_majority_reception": false
   }
  },
  {
   "type": "Feature",
   "geometry": {
    "type": "Point",
    "coordinates": [
     -73.932755,
     40.752882
    ]
   },
   "properties": {
    "line": "N",
    "stop_id": "R08",
    "stop_name": "39 Av-Dutch Kills",
    "borough": "Q",
    "structure": "Elevated",
    "att_reception_frac": 0.25,
    "tmobile_reception_frac": 0.0,
    "verizon_reception_frac": 0.25,
    "sprint_reception_frac": 0.0,
    "n_carriers_majority": 0,
    "any_majority_reception": false
   }
  },
  {
   "type": "Feature",
   "geometry": {
    "type": "Point",
    "coordinates": [
     -73.940202,
     40.750582
    ]
   },
   "properties": {
    "line": "N",
    "stop_id": "R09",
    "stop_name": "Queensboro Plaza",
    "borough": "Q",
    "structure": "Elevated",
    "att_reception_frac": 0.556,
    "tmobile_reception_frac": 0.444,
    "verizon_reception_frac": 0.333,
    "sprint_reception_frac": 0.111,
    "n_carriers_majority": 1,
    "any_majority_reception": true
   }
  },
  {
   "type": "Feature",
   "geometry": {
    "type": "Point",
    "coordinates": [
     -73.967258,
     40.76266
    ]
   },
   "properties": {
    "line": "N",
    "stop_id": "R11",
    "stop_name": "Lexington Av/59 St",
    "borough": "M",
    "structure": "Subway",
    "att_reception_frac": 0.0,
    "tmobile_reception_frac": 0.3,
    "verizon_reception_frac": 0.5,
    "sprint_reception_frac": 0.2,
    "n_carriers_majority": 0,
    "any_majority_reception": false
   }
  },
  {
   "type": "Feature",
   "geometry": {
    "type": "Point",
    "coordinates": [
     -73.973347,
     40.764811
    ]
   },
   "properties": {
    "line": "N",
    "stop_id": "R13",
    "stop_name": "5 Av/59 St",
    "borough": "M",
    "structure": "Subway",
    "att_reception_frac": 0.0,
    "tmobile_reception_frac": 0.0,
    "verizon_reception_frac": 0.0,
    "sprint_reception_frac": 0.0,
    "n_carriers_majority": 0,
    "any_majority_reception": false
   }
  },
  {
   "type": "Feature",
   "geometry": {
    "type": "Point",
    "coordinates": [
     -73.980658,
     40.764664
    ]
   },
   "properties": {
    "line": "N",
    "stop_id": "R14",
    "stop_name": "57 St-7 Av",
    "borough": "M",
    "structure": "Subway",
    "att_reception_frac": 0.0,
    "tmobile_reception_frac": 0.0,
    "verizon_reception_frac": 0.0,
    "sprint_reception_frac": 0.0,
    "n_carriers_majority": 0,
    "any_majority_reception": false
   }
  },
  {
   "type": "Feature",
   "geometry": {
    "type": "Point",
    "coordinates": [
     -73.984139,
     40.759901
    ]
   },
   "properties": {
    "line": "N",
    "stop_id": "R15",
    "stop_name": "49 St",
    "borough": "M",
    "structure": "Subway",
    "att_reception_frac": 0.0,
    "tmobile_reception_frac": 0.0,
    "verizon_reception_frac": 0.0,
    "sprint_reception_frac": 0.0,
    "n_carriers_majority": 0,
    "any_majority_reception": false
   }
  },
  {
   "type": "Feature",
   "geometry": {
    "type": "Point",
    "coordinates": [
     -73.986754,
     40.754672
    ]
   },
   "properties": {
    "line": "N",
    "stop_id": "R16",
    "stop_name": "Times Sq-42 St",
    "borough": "M",
    "structure": "Subway",
    "att_reception_frac": 0.0,
    "tmobile_reception_frac": 0.333,
    "verizon_reception_frac": 0.667,
    "sprint_reception_frac": 0.0,
    "n_carriers_majority": 1,
    "any_majority_reception": true
   }
  },
  {
   "type": "Feature",
   "geometry": {
    "type": "Point",
    "coordinates": [
     -73.98795,
     40.749567
    ]
   },
   "properties": {
    "line": "N",
    "stop_id": "R17",
    "stop_name": "34 St-Herald Sq",
    "borough": "M",
    "structure": "Subway",
    "att_reception_frac": 0.0,
    "tmobile_reception_frac": 0.0,
    "verizon_reception_frac": 0.333,
    "sprint_reception_frac": 0.333,
    "n_carriers_majority": 0,
    "any_majority_reception": false
   }
  },
  {
   "type": "Feature",
   "geometry": {
    "type": "Point",
    "coordinates": [
     -73.988691,
     40.745494
    ]
   },
   "properties": {
    "line": "N",
    "stop_id": "R18",
    "stop_name": "28 St",
    "borough": "M",
    "structure": "Subway",
    "att_reception_frac": 0.0,
    "tmobile_reception_frac": 0.333,
    "verizon_reception_frac": 1.0,
    "sprint_reception_frac": 0.0,
    "n_carriers_majority": 1,
    "any_majority_reception": true
   }
  },
  {
   "type": "Feature",
   "geometry": {
    "type": "Point",
    "coordinates": [
     -73.989344,
     40.741303
    ]
   },
   "properties": {
    "line": "N",
    "stop_id": "R19",
    "stop_name": "23 St",
    "borough": "M",
    "structure": "Subway",
    "att_reception_frac": 0.0,
    "tmobile_reception_frac": 0.333,
    "verizon_reception_frac": 0.333,
    "sprint_reception_frac": 0.333,
    "n_carriers_majority": 0,
    "any_majority_reception": false
   }
  },
  {
   "type": "Feature",
   "geometry": {
    "type": "Point",
    "coordinates": [
     -73.990568,
     40.735736
    ]
   },
   "properties": {
    "line": "N",
    "stop_id": "R20",
    "stop_name": "14 St-Union Sq",
    "borough": "M",
    "structure": "Subway",
    "att_reception_frac": 0.0,
    "tmobile_reception_frac": 0.0,
    "verizon_reception_frac": 0.75,
    "sprint_reception_frac": 0.25,
    "n_carriers_majority": 1,
    "any_majority_reception": true
   }
  },
  {
   "type": "Feature",
   "geometry": {
    "type": "Point",
    "coordinates": [
     -73.992629,
     40.730328
    ]
   },
   "properties": {
    "line": "N",
    "stop_id": "R21",
    "stop_name": "8 St-NYU",
    "borough": "M",
    "structure": "Subway",
    "att_reception_frac": 0.0,
    "tmobile_reception_frac": 0.25,
    "verizon_reception_frac": 0.75,
    "sprint_reception_frac": 0.5,
    "n_carriers_majority": 1,
    "any_majority_reception": true
   }
  },
  {
   "type": "Feature",
   "geometry": {
    "type": "Point",
    "coordinates": [
     -73.997702,
     40.724329
    ]
   },
   "properties": {
    "line": "N",
    "stop_id": "R22",
    "stop_name": "Prince St",
    "borough": "M",
    "structure": "Subway",
    "att_reception_frac": 0.2,
    "tmobile_reception_frac": 0.2,
    "verizon_reception_frac": 0.6,
    "sprint_reception_frac": 0.4,
    "n_carriers_majority": 1,
    "any_majority_reception": true
   }
  },
  {
   "type": "Feature",
   "geometry": {
    "type": "Point",
    "coordinates": [
     -74.001775,
     40.719527
    ]
   },
   "properties": {
    "line": "N",
    "stop_id": "R23",
    "stop_name": "Canal St",
    "borough": "M",
    "structure": "Subway",
    "att_reception_frac": 0.0,
    "tmobile_reception_frac": 0.0,
    "verizon_reception_frac": 0.25,
    "sprint_reception_frac": 0.0,
    "n_carriers_majority": 0,
    "any_majority_reception": false
   }
  },
  {
   "type": "Feature",
   "geometry": {
    "type": "Point",
    "coordinates": [
     -74.006978,
     40.713282
    ]
   },
   "properties": {
    "line": "N",
    "stop_id": "R24",
    "stop_name": "City Hall",
    "borough": "M",
    "structure": "Subway",
    "att_reception_frac": 0.0,
    "tmobile_reception_frac": 0.25,
    "verizon_reception_frac": 0.25,
    "sprint_reception_frac": 0.5,
    "n_carriers_majority": 0,
    "any_majority_reception": false
   }
  },
  {
   "type": "Feature",
   "geometry": {
    "type": "Point",
    "coordinates": [
     -74.011029,
     40.710668
    ]
   },
   "properties": {
    "line": "N",
    "stop_id": "R25",
    "stop_name": "Cortlandt St",
    "borough": "M",
    "structure": "Subway",
    "att_reception_frac": 0.0,
    "tmobile_reception_frac": 0.0,
    "verizon_reception_frac": 0.5,
    "sprint_reception_frac": 0.0,
    "n_carriers_majority": 0,
    "any_majority_reception": false
   }
  },
  {
   "type": "Feature",
   "geometry": {
    "type": "Point",
    "coordinates": [
     -74.012994,
     40.703087
    ]
   },
   "properties": {
    "line": "N",
    "stop_id": "R27",
    "stop_name": "Whitehall St-South Ferry",
    "borough": "M",
    "structure": "Subway",
    "att_reception_frac": 0.375,
    "tmobile_reception_frac": 0.25,
    "verizon_reception_frac": 0.25,
    "sprint_reception_frac": 0.25,
    "n_carriers_majority": 0,
    "any_majority_reception": false
   }
  },
  {
   "type": "Feature",
   "geometry": {
    "type": "Point",
    "coordinates": [
     -73.991777,
     40.6941
    ]
   },
   "properties": {
    "line": "N",
    "stop_id": "R28",
    "stop_name": "Court St",
    "borough": "Bk",
    "structure": "Subway",
    "att_reception_frac": 0.333,
    "tmobile_reception_frac": 0.333,
    "verizon_reception_frac": 0.889,
    "sprint_reception_frac": 0.111,
    "n_carriers_majority": 1,
    "any_majority_reception": true
   }
  },
  {
   "type": "Feature",
   "geometry": {
    "type": "Point",
    "coordinates": [
     -73.981824,
     40.690635
    ]
   },
   "properties": {
    "line": "N",
    "stop_id": "R30",
    "stop_name": "DeKalb Av",
    "borough": "Bk",
    "structure": "Subway",
    "att_reception_frac": 0.0,
    "tmobile_reception_frac": 0.0,
    "verizon_reception_frac": 0.0,
    "sprint_reception_frac": 0.2,
    "n_carriers_majority": 0,
    "any_majority_reception": false
   }
  },
  {
   "type": "Feature",
   "geometry": {
    "type": "Point",
    "coordinates": [
     -73.97881,
     40.683666
    ]
   },
   "properties": {
    "line": "N",
    "stop_id": "R31",
    "stop_name": "Atlantic Av-Barclays Ctr",
    "borough": "Bk",
    "structure": "Subway",
    "att_reception_frac": 0.0,
    "tmobile_reception_frac": 0.0,
    "verizon_reception_frac": 0.2,
    "sprint_reception_frac": 0.2,
    "n_carriers_majority": 0,
    "any_majority_reception": false
   }
  },
  {
   "type": "Feature",
   "geometry": {
    "type": "Point",
    "coordinates": [
     -73.98311,
     40.677316
    ]
   },
   "properties": {
    "line": "N",
    "stop_id": "R32",
    "stop_name": "Union St",
    "borough": "Bk",
    "structure": "Subway",
    "att_reception_frac": 0.0,
    "tmobile_reception_frac": 0.0,
    "verizon_reception_frac": 0.0,
    "sprint_reception_frac": 0.0,
    "n_carriers_majority": 0,
    "any_majority_reception": false
   }
  },
  {
   "type": "Feature",
   "geometry": {
    "type": "Point",
    "coordinates": [
     -73.988302,
     40.670847
    ]
   },
   "properties": {
    "line": "N",
    "stop_id": "R33",
    "stop_name": "4 Av-9 St",
    "borough": "Bk",
    "structure": "Subway",
    "att_reception_frac": 0.0,
    "tmobile_reception_frac": 0.0,
    "verizon_reception_frac": 0.0,
    "sprint_reception_frac": 0.0,
    "n_carriers_majority": 0,
    "any_majority_reception": false
   }
  },
  {
   "type": "Feature",
   "geometry": {
    "type": "Point",
    "coordinates": [
     -73.97689,
     40.68446
    ]
   },
   "properties": {
    "line": "Q",
    "stop_id": "D24",
    "stop_name": "Atlantic Av-Barclays Ctr",
    "borough": "Bk",
    "structure": "Subway",
    "att_reception_frac": 0.2,
    "tmobile_reception_frac": 0.6,
    "verizon_reception_frac": 0.6,
    "sprint_reception_frac": 0.0,
    "n_carriers_majority": 2,
    "any_majority_reception": true
   }
  },
  {
   "type": "Feature",
   "geometry": {
    "type": "Point",
    "coordinates": [
     -73.972367,
     40.67705
    ]
   },
   "properties": {
    "line": "Q",
    "stop_id": "D25",
    "stop_name": "7 Av",
    "borough": "Bk",
    "structure": "Subway",
    "att_reception_frac": 0.0,
    "tmobile_reception_frac": 0.0,
    "verizon_reception_frac": 0.333,
    "sprint_reception_frac": 0.333,
    "n_carriers_majority": 0,
    "any_majority_reception": false
   }
  },
  {
   "type": "Feature",
   "geometry": {
    "type": "Point",
    "coordinates": [
     -73.962246,
     40.661614
    ]
   },
   "properties": {
    "line": "Q",
    "stop_id": "D26",
    "stop_name": "Prospect Park",
    "borough": "Bk",
    "structure": "Open Cut",
    "att_reception_frac": 0.0,
    "tmobile_reception_frac": 0.0,
    "verizon_reception_frac": 0.0,
    "sprint_reception_frac": 0.0,
    "n_carriers_majority": 0,
    "any_majority_reception": false
   }
  },
  {
   "type": "Feature",
   "geometry": {
    "type": "Point",
    "coordinates": [
     -73.961495,
     40.655292
    ]
   },
   "properties": {
    "line": "Q",
    "stop_id": "D27",
    "stop_name": "Parkside Av",
    "borough": "Bk",
    "structure": "Open Cut",
    "att_reception_frac": 0.0,
    "tmobile_reception_frac": 0.0,
    "verizon_reception_frac": 0.0,
    "sprint_reception_frac": 0.0,
    "n_carriers_majority": 0,
    "any_majority_reception": false
   }
  },
  {
   "type": "Feature",
   "geometry": {
    "type": "Point",
    "coordinates": [
     -73.962982,
     40.650527
    ]
   },
   "properties": {
    "line": "Q",
    "stop_id": "D28",
    "stop_name": "Church Av",
    "borough": "Bk",
    "structure": "Open Cut",
    "att_reception_frac": 0.0,
    "tmobile_reception_frac": 0.0,
    "verizon_reception_frac": 0.0,
    "sprint_reception_frac": 0.0,
    "n_carriers_majority": 0,
    "any_majority_reception": false
   }
  },
  {
   "type": "Feature",
   "geometry": {
    "type": "Point",
    "coordinates": [
     -73.964492,
     40.644031
    ]
   },
   "properties": {
    "line": "Q",
    "stop_id": "D29",
    "stop_name": "Beverley Rd",
    "borough": "Bk",
    "structure": "Open Cut",
    "att_reception_frac": 0.0,
    "tmobile_reception_frac": 0.0,
    "verizon_reception_frac": 0.0,
    "sprint_reception_frac": 0.0,
    "n_carriers_majority": 0,
    "any_majority_reception": false
   }
  },
  {
   "type": "Feature",
   "geometry": {
    "type": "Point",
    "coordinates": [
     -73.963891,
     40.640927
    ]
   },
   "properties": {
    "line": "Q",
    "stop_id": "D30",
    "stop_name": "Cortelyou Rd",
    "borough": "Bk",
    "structure": "Open Cut",
    "att_reception_frac": 0.0,
    "tmobile_reception_frac": 0.0,
    "verizon_reception_frac": 0.0,
    "sprint_reception_frac": 0.0,
    "n_carriers_majority": 0,
    "any_majority_reception": false
   }
  },
  {
   "type": "Feature",
   "geometry": {
    "type": "Point",
    "coordinates": [
     -73.962793,
     40.635082
    ]
   },
   "properties": {
    "line": "Q",
    "stop_id": "D31",
    "stop_name": "Newkirk Plaza",
    "borough": "Bk",
    "structure": "Open Cut",
    "att_reception_frac": 0.5,
    "tmobile_reception_frac": 0.5,
    "verizon_reception_frac": 0.5,
    "sprint_reception_frac": 0.0,
    "n_carriers_majority": 0,
    "any_majority_reception": false
   }
  },
  {
   "type": "Feature",
   "geometry": {
    "type": "Point",
    "coordinates": [
     -73.961639,
     40.62927
    ]
   },
   "properties": {
    "line": "Q",
    "stop_id": "D32",
    "stop_name": "Avenue H",
    "borough": "Bk",
    "structure": "Open Cut",
    "att_reception_frac": 0.0,
    "tmobile_reception_frac": 0.0,
    "verizon_reception_frac": 0.667,
    "sprint_reception_frac": 0.0,
    "n_carriers_majority": 1,
    "any_majority_reception": true
   }
  },
  {
   "type": "Feature",
   "geometry": {
    "type": "Point",
    "coordinates": [
     -73.960803,
     40.625039
    ]
   },
   "properties": {
    "line": "Q",
    "stop_id": "D33",
    "stop_name": "Avenue J",
    "borough": "Bk",
    "structure": "Open Cut",
    "att_reception_frac": 0.0,
    "tmobile_reception_frac": 0.25,
    "verizon_reception_frac": 0.25,
    "sprint_reception_frac": 0.25,
    "n_carriers_majority": 0,
    "any_majority_reception": false
   }
  },
  {
   "type": "Feature",
   "geometry": {
    "type": "Point",
    "coordinates": [
     -73.959399,
     40.617618
    ]
   },
   "properties": {
    "line": "Q",
    "stop_id": "D34",
    "stop_name": "Avenue M",
    "borough": "Bk",
    "structure": "Open Cut",
    "att_reception_frac": 0.0,
    "tmobile_reception_frac": 0.333,
    "verizon_reception_frac": 0.167,
    "sprint_reception_frac": 0.0,
    "n_carriers_majority": 0,
    "any_majority_reception": false
   }
  },
  {
   "type": "Feature",
   "geometry": {
    "type": "Point",
    "coordinates": [
     -73.957734,
     40.60867
    ]
   },
   "properties": {
    "line": "Q",
    "stop_id": "D35",
    "stop_name": "Kings Hwy",
    "borough": "Bk",
    "structure": "Open Cut",
    "att_reception_frac": 0.077,
    "tmobile_reception_frac": 0.462,
    "verizon_reception_frac": 0.308,
    "sprint_reception_frac": 0.231,
    "n_carriers_majority": 0,
    "any_majority_reception": false
   }
  },
  {
   "type": "Feature",
   "geometry": {
    "type": "Point",
    "coordinates": [
     -73.961376,
     40.577621
    ]
   },
   "properties": {
    "line": "Q",
    "stop_id": "D40",
    "stop_name": "Brighton Beach",
    "borough": "Bk",
    "structure": "Elevated",
    "att_reception_frac": 0.167,
    "tmobile_reception_frac": 0.5,
    "verizon_reception_frac": 0.25,
    "sprint_reception_frac": 0.083,
    "n_carriers_majority": 0,
    "any_majority_reception": false
   }
  },
  {
   "type": "Feature",
   "geometry": {
    "type": "Point",
    "coordinates": [
     -73.968501,
     40.576312
    ]
   },
   "properties": {
    "line": "Q",
    "stop_id": "D41",
    "stop_name": "Ocean Pkwy",
    "borough": "Bk",
    "structure": "Elevated",
    "att_reception_frac": 0.0,
    "tmobile_reception_frac": 0.25,
    "verizon_reception_frac": 0.75,
    "sprint_reception_frac": 0.0,
    "n_carriers_majority": 1,
    "any_majority_reception": true
   }
  },
  {
   "type": "Feature",
   "geometry": {
    "type": "Point",
    "coordinates": [
     -73.975939,
     40.576127
    ]
   },
   "properties": {
    "line": "Q",
    "stop_id": "D42",
    "stop_name": "W 8 St-NY Aquarium",
    "borough": "Bk",
    "structure": "Elevated",
    "att_reception_frac": 0.333,
    "tmobile_reception_frac": 0.333,
    "verizon_reception_frac": 0.0,
    "sprint_reception_frac": 0.0,
    "n_carriers_majority": 0,
    "any_majority_reception": false
   }
  },
  {
   "type": "Feature",
   "geometry": {
    "type": "Point",
    "coordinates": [
     -73.981233,
     40.577422
    ]
   },
   "properties": {
    "line": "Q",
    "stop_id": "D43",
    "stop_name": "Coney Island-Stillwell Av",
    "borough": "Bk",
    "structure": "Viaduct",
    "att_reception_frac": 0.136,
    "tmobile_reception_frac": 0.182,
    "verizon_reception_frac": 0.409,
    "sprint_reception_frac": 0.136,
    "n_carriers_majority": 0,
    "any_majority_reception": false
   }
  },
  {
   "type": "Feature",
   "geometry": {
    "type": "Point",
    "coordinates": [
     -73.958424,
     40.768799
    ]
   },
   "properties": {
    "line": "Q",
    "stop_id": "Q03",
    "stop_name": "72 St",
    "borough": "M",
    "structure": "Subway",
    "att_reception_frac": 0.333,
    "tmobile_reception_frac": 0.222,
    "verizon_reception_frac": 0.444,
    "sprint_reception_frac": 0.0,
    "n_carriers_majority": 0,
    "any_majority_reception": false
   }
  },
  {
   "type": "Feature",
   "geometry": {
    "type": "Point",
    "coordinates": [
     -73.951787,
     40.777891
    ]
   },
   "properties": {
    "line": "Q",
    "stop_id": "Q04",
    "stop_name": "86 St",
    "borough": "M",
    "structure": "Subway",
    "att_reception_frac": 0.0,
    "tmobile_reception_frac": 0.0,
    "verizon_reception_frac": 0.0,
    "sprint_reception_frac": 0.333,
    "n_carriers_majority": 0,
    "any_majority_reception": false
   }
  },
  {
   "type": "Feature",
   "geometry": {
    "type": "Point",
    "coordinates": [
     -73.947152,
     40.784318
    ]
   },
   "properties": {
    "line": "Q",
    "stop_id": "Q05",
    "stop_name": "96 St",
    "borough": "M",
    "structure": "Subway",
    "att_reception_frac": 0.0,
    "tmobile_reception_frac": 0.0,
    "verizon_reception_frac": 0.0,
    "sprint_reception_frac": 0.667,
    "n_carriers_majority": 1,
    "any_majority_reception": true
   }
  },
  {
   "type": "Feature",
   "geometry": {
    "type": "Point",
    "coordinates": [
     -73.980658,
     40.764664
    ]
   },
   "properties": {
    "line": "Q",
    "stop_id": "R14",
    "stop_name": "57 St-7 Av",
    "borough": "M",
    "structure": "Subway",
    "att_reception_frac": 0.375,
    "tmobile_reception_frac": 0.375,
    "verizon_reception_frac": 0.5,
    "sprint_reception_frac": 0.125,
    "n_carriers_majority": 0,
    "any_majority_reception": false
   }
  },
  {
   "type": "Feature",
   "geometry": {
    "type": "Point",
    "coordinates": [
     -73.984139,
     40.759901
    ]
   },
   "properties": {
    "line": "Q",
    "stop_id": "R15",
    "stop_name": "49 St",
    "borough": "M",
    "structure": "Subway",
    "att_reception_frac": 0.333,
    "tmobile_reception_frac": 0.0,
    "verizon_reception_frac": 0.667,
    "sprint_reception_frac": 0.333,
    "n_carriers_majority": 1,
    "any_majority_reception": true
   }
  },
  {
   "type": "Feature",
   "geometry": {
    "type": "Point",
    "coordinates": [
     -73.986754,
     40.754672
    ]
   },
   "properties": {
    "line": "Q",
    "stop_id": "R16",
    "stop_name": "Times Sq-42 St",
    "borough": "M",
    "structure": "Subway",
    "att_reception_frac": 0.25,
    "tmobile_reception_frac": 0.5,
    "verizon_reception_frac": 0.75,
    "sprint_reception_frac": 0.0,
    "n_carriers_majority": 1,
    "any_majority_reception": true
   }
  },
  {
   "type": "Feature",
   "geometry": {
    "type": "Point",
    "coordinates": [
     -73.98795,
     40.749567
    ]
   },
   "properties": {
    "line": "Q",
    "stop_id": "R17",
    "stop_name": "34 St-Herald Sq",
    "borough": "M",
    "structure": "Subway",
    "att_reception_frac": 0.0,
    "tmobile_reception_frac": 0.0,
    "verizon_reception_frac": 0.0,
    "sprint_reception_frac": 0.333,
    "n_carriers_majority": 0,
    "any_majority_reception": false
   }
  },
  {
   "type": "Feature",
   "geometry": {
    "type": "Point",
    "coordinates": [
     -73.988691,
     40.745494
    ]
   },
   "properties": {
    "line": "Q",
    "stop_id": "R18",
    "stop_name": "28 St",
    "borough": "M",
    "structure": "Subway",
    "att_reception_frac": 0.333,
    "tmobile_reception_frac": 0.333,
    "verizon_reception_frac": 0.667,
    "sprint_reception_frac": 0.0,
    "n_carriers_majority": 1,
    "any_majority_reception": true
   }
  },
  {
   "type": "Feature",
   "geometry": {
    "type": "Point",
    "coordinates": [
     -73.989344,
     40.741303
    ]
   },
   "properties": {
    "line": "Q",
    "stop_id": "R19",
    "stop_name": "23 St",
    "borough": "M",
    "structure": "Subway",
    "att_reception_frac": 0.0,
    "tmobile_reception_frac": 0.333,
    "verizon_reception_frac": 0.333,
    "sprint_reception_frac": 0.0,
    "n_carriers_majority": 0,
    "any_majority_reception": false
   }
  },
  {
   "type": "Feature",
   "geometry": {
    "type": "Point",
    "coordinates": [
     -73.990568,
     40.735736
    ]
   },
   "properties": {
    "line": "Q",
    "stop_id": "R20",
    "stop_name": "14 St-Union Sq",
    "borough": "M",
    "structure": "Subway",
    "att_reception_frac": 0.0,
    "tmobile_reception_frac": 0.0,
    "verizon_reception_frac": 0.0,
    "sprint_reception_frac": 0.0,
    "n_carriers_majority": 0,
    "any_majority_reception": false
   }
  },
  {
   "type": "Feature",
   "geometry": {
    "type": "Point",
    "coordinates": [
     -73.992629,
     40.730328
    ]
   },
   "properties": {
    "line": "Q",
    "stop_id": "R21",
    "stop_name": "8 St-NYU",
    "borough": "M",
    "structure": "Subway",
    "att_reception_frac": 0.0,
    "tmobile_reception_frac": 0.0,
    "verizon_reception_frac": 0.0,
    "sprint_reception_frac": 0.0,
    "n_carriers_majority": 0,
    "any_majority_reception": false
   }
  },
  {
   "type": "Feature",
   "geometry": {
    "type": "Point",
    "coordinates": [
     -73.997702,
     40.724329
    ]
   },
   "properties": {
    "line": "Q",
    "stop_id": "R22",
    "stop_name": "Prince St",
    "borough": "M",
    "structure": "Subway",
    "att_reception_frac": 0.0,
    "tmobile_reception_frac": 0.25,
    "verizon_reception_frac": 0.5,
    "sprint_reception_frac": 0.0,
    "n_carriers_majority": 0,
    "any_majority_reception": false
   }
  },
  {
   "type": "Feature",
   "geometry": {
    "type": "Point",
    "coordinates": [
     -74.001775,
     40.719527
    ]
   },
   "properties": {
    "line": "Q",
    "stop_id": "R23",
    "stop_name": "Canal St",
    "borough": "M",
    "structure": "Subway",
    "att_reception_frac": 0.0,
    "tmobile_reception_frac": 0.25,
    "verizon_reception_frac": 0.5,
    "sprint_reception_frac": 0.5,
    "n_carriers_majority": 0,
    "any_majority_reception": false
   }
  },
  {
   "type": "Feature",
   "geometry": {
    "type": "Point",
    "coordinates": [
     -74.006978,
     40.713282
    ]
   },
   "properties": {
    "line": "Q",
    "stop_id": "R24",
    "stop_name": "City Hall",
    "borough": "M",
    "structure": "Subway",
    "att_reception_frac": 0.0,
    "tmobile_reception_frac": 0.25,
    "verizon_reception_frac": 0.75,
    "sprint_reception_frac": 0.25,
    "n_carriers_majority": 1,
    "any_majority_reception": true
   }
  },
  {
   "type": "Feature",
   "geometry": {
    "type": "Point",
    "coordinates": [
     -74.011029,
     40.710668
    ]
   },
   "properties": {
    "line": "Q",
    "stop_id": "R25",
    "stop_name": "Cortlandt St",
    "borough": "M",
    "structure": "Subway",
    "att_reception_frac": 0.0,
    "tmobile_reception_frac": 0.0,
    "verizon_reception_frac": 0.5,
    "sprint_reception_frac": 0.25,
    "n_carriers_majority": 0,
    "any_majority_reception": false
   }
  },
  {
   "type": "Feature",
   "geometry": {
    "type": "Point",
    "coordinates": [
     -74.012994,
     40.703087
    ]
   },
   "properties": {
    "line": "Q",
    "stop_id": "R27",
    "stop_name": "Whitehall St-South Ferry",
    "borough": "M",
    "structure": "Subway",
    "att_reception_frac": 0.0,
    "tmobile_reception_frac": 0.444,
    "verizon_reception_frac": 0.556,
    "sprint_reception_frac": 0.333,
    "n_carriers_majority": 1,
    "any_majority_reception": true
   }
  },
  {
   "type": "Feature",
   "geometry": {
    "type": "Point",
    "coordinates": [
     -73.991777,
     40.6941
    ]
   },
   "properties": {
    "line": "Q",
    "stop_id": "R28",
    "stop_name": "Court St",
    "borough": "Bk",
    "structure": "Subway",
    "att_reception_frac": 0.0,
    "tmobile_reception_frac": 0.0,
    "verizon_reception_frac": 0.444,
    "sprint_reception_frac": 0.222,
    "n_carriers_majority": 0,
    "any_majority_reception": false
   }
  },
  {
   "type": "Feature",
   "geometry": {
    "type": "Point",
    "coordinates": [
     -73.981824,
     40.690635
    ]
   },
   "properties": {
    "line": "Q",
    "stop_id": "R30",
    "stop_name": "DeKalb Av",
    "borough": "Bk",
    "structure": "Subway",
    "att_reception_frac": 0.4,
    "tmobile_reception_frac": 0.2,
    "verizon_reception_frac": 1.0,
    "sprint_reception_frac": 0.2,
    "n_carriers_majority": 1,
    "any_majority_reception": true
   }
  },
  {
   "type": "Feature",
   "geometry": {
    "type": "Point",
    "coordinates": [
     -73.97881,
     40.683666
    ]
   },
   "properties": {
    "line": "Q",
    "stop_id": "R31",
    "stop_name": "Atlantic Av-Barclays Ctr",
    "borough": "Bk",
    "structure": "Subway",
    "att_reception_frac": 0.2,
    "tmobile_reception_frac": 0.0,
    "verizon_reception_frac": 0.0,
    "sprint_reception_frac": 0.2,
    "n_carriers_majority": 0,
    "any_majority_reception": false
   }
  },
  {
   "type": "Feature",
   "geometry": {
    "type": "Point",
    "coordinates": [
     -73.98311,
     40.677316
    ]
   },
   "properties": {
    "line": "Q",
    "stop_id": "R32",
    "stop_name": "Union St",
    "borough": "Bk",
    "structure": "Subway",
    "att_reception_frac": 0.2,
    "tmobile_reception_frac": 0.6,
    "verizon_reception_frac": 0.4,
    "sprint_reception_frac": 0.2,
    "n_carriers_majority": 1,
    "any_majority_reception": true
   }
  },
  {
   "type": "Feature",
   "geometry": {
    "type": "Point",
    "coordinates": [
     -73.946,
     40.747846
    ]
   },
   "properties": {
    "line": "R",
    "stop_id": "F09",
    "stop_name": "Court Sq-23 St",
    "borough": "Q",
    "structure": "Subway",
    "att_reception_frac": 0.143,
    "tmobile_reception_frac": 0.429,
    "verizon_reception_frac": 0.381,
    "sprint_reception_frac": 0.238,
    "n_carriers_majority": 0,
    "any_majority_reception": false
   }
  },
  {
   "type": "Feature",
   "geometry": {
    "type": "Point",
    "coordinates": [
     -73.969055,
     40.757552
    ]
   },
   "properties": {
    "line": "R",
    "stop_id": "F11",
    "stop_name": "Lexington Av/53 St",
    "borough": "M",
    "structure": "Subway",
    "att_reception_frac": 0.25,
    "tmobile_reception_frac": 0.25,
    "verizon_reception_frac": 0.5,
    "sprint_reception_frac": 0.25,
    "n_carriers_majority": 0,
    "any_majority_reception": false
   }
  },
  {
   "type": "Feature",
   "geometry": {
    "type": "Point",
    "coordinates": [
     -73.975224,
     40.760167
    ]
   },
   "properties": {
    "line": "R",
    "stop_id": "F12",
    "stop_name": "5 Av/53 St",
    "borough": "M",
    "structure": "Subway",
    "att_reception_frac": 0.0,
    "tmobile_reception_frac": 0.222,
    "verizon_reception_frac": 0.5,
    "sprint_reception_frac": 0.111,
    "n_carriers_majority": 0,
    "any_majority_reception": false
   }
  },
  {
   "type": "Feature",
   "geometry": {
    "type": "Point",
    "coordinates": [
     -73.891338,
     40.746644
    ]
   },
   "properties": {
    "line": "R",
    "stop_id": "G14",
    "stop_name": "Jackson Hts-Roosevelt Av",
    "borough": "Q",
    "structure": "Subway",
    "att_reception_frac": 0.0,
    "tmobile_reception_frac": 0.0,
    "verizon_reception_frac": 0.071,
    "sprint_reception_frac": 0.429,
    "n_carriers_majority": 0,
    "any_majority_reception": false
   }
  },
  {
   "type": "Feature",
   "geometry": {
    "type": "Point",
    "coordinates": [
     -73.912034,
     40.775036
    ]
   },
   "properties": {
    "line": "R",
    "stop_id": "R01",
    "stop_name": "Astoria-Ditmars Blvd",
    "borough": "Q",
    "structure": "Elevated",
    "att_reception_frac": 0.053,
    "tmobile_reception_frac": 0.316,
    "verizon_reception_frac": 0.211,
    "sprint_reception_frac": 0.0,
    "n_carriers_majority": 0,
    "any_majority_reception": false
   }
  },
  {
   "type": "Feature",
   "geometry": {
    "type": "Point",
    "coordinates": [
     -73.917843,
     40.770258
    ]
   },
   "properties": {
    "line": "R",
    "stop_id": "R03",
    "stop_name": "Astoria Blvd",
    "borough": "Q",
    "structure": "Elevated",
    "att_reception_frac": 0.0,
    "tmobile_reception_frac": 0.0,
    "verizon_reception_frac": 0.0,
    "sprint_reception_frac": 0.0,
    "n_carriers_majority": 0,
    "any_majority_reception": false
   }
  },
  {
   "type": "Feature",
   "geometry": {
    "type": "Point",
    "coordinates": [
     -73.921479,
     40.766779
    ]
   },
   "properties": {
    "line": "R",
    "stop_id": "R04",
    "stop_name": "30 Av",
    "borough": "Q",
    "structure": "Elevated",
    "att_reception_frac": 0.0,
    "tmobile_reception_frac": 0.0,
    "verizon_reception_frac": 0.0,
    "sprint_reception_frac": 0.0,
    "n_carriers_majority": 0,
    "any_majority_reception": false
   }
  },
  {
   "type": "Feature",
   "geometry": {
    "type": "Point",
    "coordinates": [
     -73.925508,
     40.76182
    ]
   },
   "properties": {
    "line": "R",
    "stop_id": "R05",
    "stop_name": "Broadway",
    "borough": "Q",
    "structure": "Elevated",
    "att_reception_frac": 0.0,
    "tmobile_reception_frac": 0.25,
    "verizon_reception_frac": 0.25,
    "sprint_reception_frac": 0.0,
    "n_carriers_majority": 0,
    "any_majority_reception": false
   }
  },
  {
   "type": "Feature",
   "geometry": {
    "type": "Point",
    "coordinates": [
     -73.929575,
     40.756804
    ]
   },
   "properties": {
    "line": "R",
    "stop_id": "R06",
    "stop_name": "36 Av",
    "borough": "Q",
    "structure": "Elevated",
    "att_reception_frac": 0.0,
    "tmobile_reception_frac": 0.333,
    "verizon_reception_frac": 0.333,
    "sprint_reception_frac": 0.333,
    "n_carriers_majority": 0,
    "any_majority_reception": false
   }
  },
  {
   "type": "Feature",
   "geometry": {
    "type": "Point",
    "coordinates": [
     -73.932755,
     40.752882
    ]
   },
   "properties": {
    "line": "R",
    "stop_id": "R08",
    "stop_name": "39 Av-Dutch Kills",
    "borough": "Q",
    "structure": "Elevated",
    "att_reception_frac": 0.25,
    "tmobile_reception_frac": 0.0,
    "verizon_reception_frac": 0.5,
    "sprint_reception_frac": 0.75,
    "n_carriers_majority": 1,
    "any_majority_reception": true
   }
  },
  {
   "type": "Feature",
   "geometry": {
    "type": "Point",
    "coordinates": [
     -73.940202,
     40.750582
    ]
   },
   "properties": {
    "line": "R",
    "stop_id": "R09",
    "stop_name": "Queensboro Plaza",
    "borough": "Q",
    "structure": "Elevated",
    "att_reception_frac": 0.1,
    "tmobile_reception_frac": 0.2,
    "verizon_reception_frac": 0.6,
    "sprint_reception_frac": 0.2,
    "n_carriers_majority": 1,
    "any_majority_reception": true
   }
  },
  {
   "type": "Feature",
   "geometry": {
    "type": "Point",
    "coordinates": [
     -73.967258,
     40.76266
    ]
   },
   "properties": {
    "line": "R",
    "stop_id": "R11",
    "stop_name": "Lexington Av/59 St",
    "borough": "M",
    "structure": "Subway",
    "att_reception_frac": 0.222,
    "tmobile_reception_frac": 0.111,
    "verizon_reception_frac": 0.667,
    "sprint_reception_frac": 0.333,
    "n_carriers_majority": 1,
    "any_majority_reception": true
   }
  },
  {
   "type": "Feature",
   "geometry": {
    "type": "Point",
    "coordinates": [
     -73.973347,
     40.764811
    ]
   },
   "properties": {
    "line": "R",
    "stop_id": "R13",
    "stop_name": "5 Av/59 St",
    "borough": "M",
    "structure": "Subway",
    "att_reception_frac": 0.0,
    "tmobile_reception_frac": 0.0,
    "verizon_reception_frac": 0.25,
    "sprint_reception_frac": 0.25,
    "n_carriers_majority": 0,
    "any_majority_reception": false
   }
  },
  {
   "type": "Feature",
   "geometry": {
    "type": "Point",
    "coordinates": [
     -73.980658,
     40.764664
    ]
   },
   "properties": {
    "line": "R",
    "stop_id": "R14",
    "stop_name": "57 St-7 Av",
    "borough": "M",
    "structure": "Subway",
    "att_reception_frac": 0.0,
    "tmobile_reception_frac": 0.0,
    "verizon_reception_frac": 1.0,
    "sprint_reception_frac": 0.25,
    "n_carriers_majority": 1,
    "any_majority_reception": true
   }
  },
  {
   "type": "Feature",
   "geometry": {
    "type": "Point",
    "coordinates": [
     -73.984139,
     40.759901
    ]
   },
   "properties": {
    "line": "R",
    "stop_id": "R15",
    "stop_name": "49 St",
    "borough": "M",
    "structure": "Subway",
    "att_reception_frac": 0.0,
    "tmobile_reception_frac": 0.0,
    "verizon_reception_frac": 0.333,
    "sprint_reception_frac": 0.667,
    "n_carriers_majority": 1,
    "any_majority_reception": true
   }
  },
  {
   "type": "Feature",
   "geometry": {
    "type": "Point",
    "coordinates": [
     -73.986754,
     40.754672
    ]
   },
   "properties": {
    "line": "R",
    "stop_id": "R16",
    "stop_name": "Times Sq-42 St",
    "borough": "M",
    "structure": "Subway",
    "att_reception_frac": 0.0,
    "tmobile_reception_frac": 0.25,
    "verizon_reception_frac": 0.75,
    "sprint_reception_frac": 0.25,
    "n_carriers_majority": 1,
    "any_majority_reception": true
   }
  },
  {
   "type": "Feature",
   "geometry": {
    "type": "Point",
    "coordinates": [
     -73.98795,
     40.749567
    ]
   },
   "properties": {
    "line": "R",
    "stop_id": "R17",
    "stop_name": "34 St-Herald Sq",
    "borough": "M",
    "structure": "Subway",
    "att_reception_frac": 0.0,
    "tmobile_reception_frac": 0.0,
    "verizon_reception_frac": 0.333,
    "sprint_reception_frac": 0.333,
    "n_carriers_majority": 0,
    "any_majority_reception": false
   }
  },
  {
   "type": "Feature",
   "geometry": {
    "type": "Point",
    "coordinates": [
     -73.988691,
     40.745494
    ]
   },
   "properties": {
    "line": "R",
    "stop_id": "R18",
    "stop_name": "28 St",
    "borough": "M",
    "structure": "Subway",
    "att_reception_frac": 0.0,
    "tmobile_reception_frac": 0.0,
    "verizon_reception_frac": 0.333,
    "sprint_reception_frac": 0.667,
    "n_carriers_majority": 1,
    "any_majority_reception": true
   }
  },
  {
   "type": "Feature",
   "geometry": {
    "type": "Point",
    "coordinates": [
     -73.989344,
     40.741303
    ]
   },
   "properties": {
    "line": "R",
    "stop_id": "R19",
    "stop_name": "23 St",
    "borough": "M",
    "structure": "Subway",
    "att_reception_frac": 0.0,
    "tmobile_reception_frac": 0.0,
    "verizon_reception_frac": 0.333,
    "sprint_reception_frac": 0.0,
    "n_carriers_majority": 0,
    "any_majority_reception": false
   }
  },
  {
   "type": "Feature",
   "geometry": {
    "type": "Point",
    "coordinates": [
     -73.990568,
     40.735736
    ]
   },
   "properties": {
    "line": "R",
    "stop_id": "R20",
    "stop_name": "14 St-Union Sq",
    "borough": "M",
    "structure": "Subway",
    "att_reception_frac": 0.0,
    "tmobile_reception_frac": 0.0,
    "verizon_reception_frac": 0.0,
    "sprint_reception_frac": 0.0,
    "n_carriers_majority": 0,
    "any_majority_reception": false
   }
  },
  {
   "type": "Feature",
   "geometry": {
    "type": "Point",
    "coordinates": [
     -73.992629,
     40.730328
    ]
   },
   "properties": {
    "line": "R",
    "stop_id": "R21",
    "stop_name": "8 St-NYU",
    "borough": "M",
    "structure": "Subway",
    "att_reception_frac": 0.0,
    "tmobile_reception_frac": 0.0,
    "verizon_reception_frac": 0.0,
    "sprint_reception_frac": 0.0,
    "n_carriers_majority": 0,
    "any_majority_reception": false
   }
  },
  {
   "type": "Feature",
   "geometry": {
    "type": "Point",
    "coordinates": [
     -73.997702,
     40.724329
    ]
   },
   "properties": {
    "line": "R",
    "stop_id": "R22",
    "stop_name": "Prince St",
    "borough": "M",
    "structure": "Subway",
    "att_reception_frac": 0.0,
    "tmobile_reception_frac": 0.0,
    "verizon_reception_frac": 0.0,
    "sprint_reception_frac": 0.0,
    "n_carriers_majority": 0,
    "any_majority_reception": false
   }
  },
  {
   "type": "Feature",
   "geometry": {
    "type": "Point",
    "coordinates": [
     -74.001775,
     40.719527
    ]
   },
   "properties": {
    "line": "R",
    "stop_id": "R23",
    "stop_name": "Canal St",
    "borough": "M",
    "structure": "Subway",
    "att_reception_frac": 0.0,
    "tmobile_reception_frac": 0.0,
    "verizon_reception_frac": 0.0,
    "sprint_reception_frac": 0.0,
    "n_carriers_majority": 0,
    "any_majority_reception": false
   }
  },
  {
   "type": "Feature",
   "geometry": {
    "type": "Point",
    "coordinates": [
     -74.006978,
     40.713282
    ]
   },
   "properties": {
    "line": "R",
    "stop_id": "R24",
    "stop_name": "City Hall",
    "borough": "M",
    "structure": "Subway",
    "att_reception_frac": 0.0,
    "tmobile_reception_frac": 0.0,
    "verizon_reception_frac": 0.0,
    "sprint_reception_frac": 0.0,
    "n_carriers_majority": 0,
    "any_majority_reception": false
   }
  },
  {
   "type": "Feature",
   "geometry": {
    "type": "Point",
    "coordinates": [
     -74.011029,
     40.710668
    ]
   },
   "properties": {
    "line": "R",
    "stop_id": "R25",
    "stop_name": "Cortlandt St",
    "borough": "M",
    "structure": "Subway",
    "att_reception_frac": 0.0,
    "tmobile_reception_frac": 0.0,
    "verizon_reception_frac": 0.333,
    "sprint_reception_frac": 0.0,
    "n_carriers_majority": 0,
    "any_majority_reception": false
   }
  },
  {
   "type": "Feature",
   "geometry": {
    "type": "Point",
    "coordinates": [
     -73.828294,
     40.700492
    ]
   },
   "properties": {
    "line": "Z",
    "stop_id": "J12",
    "stop_name": "121 St",
    "borough": "Q",
    "structure": "Elevated",
    "att_reception_frac": 0.0,
    "tmobile_reception_frac": 0.0,
    "verizon_reception_frac": 0.0,
    "sprint_reception_frac": 0.333,
    "n_carriers_majority": 0,
    "any_majority_reception": false
   }
  },
  {
   "type": "Feature",
   "geometry": {
    "type": "Point",
    "coordinates": [
     -73.836345,
     40.697418
    ]
   },
   "properties": {
    "line": "Z",
    "stop_id": "J13",
    "stop_name": "111 St",
    "borough": "Q",
    "structure": "Elevated",
    "att_reception_frac": 0.0,
    "tmobile_reception_frac": 0.0,
    "verizon_reception_frac": 0.0,
    "sprint_reception_frac": 0.0,
    "n_carriers_majority": 0,
    "any_majority_reception": false
   }
  },
  {
   "type": "Feature",
   "geometry": {
    "type": "Point",
    "coordinates": [
     -73.84433,
     40.695178
    ]
   },
   "properties": {
    "line": "Z",
    "stop_id": "J14",
    "stop_name": "104 St",
    "borough": "Q",
    "structure": "Elevated",
    "att_reception_frac": 0.25,
    "tmobile_reception_frac": 0.25,
    "verizon_reception_frac": 0.0,
    "sprint_reception_frac": 0.0,
    "n_carriers_majority": 0,
    "any_majority_reception": false
   }
  },
  {
   "type": "Feature",
   "geometry": {
    "type": "Point",
    "coordinates": [
     -73.851576,
     40.693879
    ]
   },
   "properties": {
    "line": "Z",
    "stop_id": "J15",
    "stop_name": "Woodhaven Blvd",
    "borough": "Q",
    "structure": "Elevated",
    "att_reception_frac": 0.25,
    "tmobile_reception_frac": 0.0,
    "verizon_reception_frac": 0.0,
    "sprint_reception_frac": 0.25,
    "n_carriers_majority": 0,
    "any_majority_reception": false
   }
  },
  {
   "type": "Feature",
   "geometry": {
    "type": "Point",
    "coordinates": [
     -73.86001,
     40.692435
    ]
   },
   "properties": {
    "line": "Z",
    "stop_id": "J16",
    "stop_name": "85 St-Forest Pkwy",
    "borough": "Q",
    "structure": "Elevated",
    "att_reception_frac": 0.0,
    "tmobile_reception_frac": 0.25,
    "verizon_reception_frac": 0.25,
    "sprint_reception_frac": 0.0,
    "n_carriers_majority": 0,
    "any_majority_reception": false
   }
  },
  {
   "type": "Feature",
   "geometry": {
    "type": "Point",
    "coordinates": [
     -73.867139,
     40.691324
    ]
   },
   "properties": {
    "line": "Z",
    "stop_id": "J17",
    "stop_name": "75 St-Elderts Ln",
    "borough": "Q",
    "structure": "Elevated",
    "att_reception_frac": 0.333,
    "tmobile_reception_frac": 0.667,
    "verizon_reception_frac": 0.0,
    "sprint_reception_frac": 0.0,
    "n_carriers_majority": 1,
    "any_majority_reception": true
   }
  },
  {
   "type": "Feature",
   "geometry": {
    "type": "Point",
    "coordinates": [
     -73.87255,
     40.689941
    ]
   },
   "properties": {
    "line": "Z",
    "stop_id": "J19",
    "stop_name": "Cypress Hills",
    "borough": "Bk",
    "structure": "Elevated",
    "att_reception_frac": 0.25,
    "tmobile_reception_frac": 0.5,
    "verizon_reception_frac": 0.0,
    "sprint_reception_frac": 0.0,
    "n_carriers_majority": 0,
    "any_majority_reception": false
   }
  },
  {
   "type": "Feature",
   "geometry": {
    "type": "Point",
    "coordinates": [
     -73.873785,
     40.683194
    ]
   },
   "properties": {
    "line": "Z",
    "stop_id": "J20",
    "stop_name": "Crescent St",
    "borough": "Bk",
    "structure": "Elevated",
    "att_reception_frac": 0.25,
    "tmobile_reception_frac": 0.0,
    "verizon_reception_frac": 0.5,
    "sprint_reception_frac": 0.0,
    "n_carriers_majority": 0,
    "any_majority_reception": false
   }
  },
  {
   "type": "Feature",
   "geometry": {
    "type": "Point",
    "coordinates": [
     -73.880039,
     40.68141
    ]
   },
   "properties": {
    "line": "Z",
    "stop_id": "J21",
    "stop_name": "Norwood Av",
    "borough": "Bk",
    "structure": "Elevated",
    "att_reception_frac": 0.333,
    "tmobile_reception_frac": 0.333,
    "verizon_reception_frac": 0.667,
    "sprint_reception_frac": 0.0,
    "n_carriers_majority": 1,
    "any_majority_reception": true
   }
  },
  {
   "type": "Feature",
   "geometry": {
    "type": "Point",
    "coordinates": [
     -73.884639,
     40.679947
    ]
   },
   "properties": {
    "line": "Z",
    "stop_id": "J22",
    "stop_name": "Cleveland St",
    "borough": "Bk",
    "structure": "Elevated",
    "att_reception_frac": 0.333,
    "tmobile_reception_frac": 0.0,
    "verizon_reception_frac": 0.0,
    "sprint_reception_frac": 0.0,
    "n_carriers_majority": 0,
    "any_majority_reception": false
   }
  },
  {
   "type": "Feature",
   "geometry": {
    "type": "Point",
    "coordinates": [
     -73.891688,
     40.678024
    ]
   },
   "properties": {
    "line": "Z",
    "stop_id": "J23",
    "stop_name": "Van Siclen Av",
    "borough": "Bk",
    "structure": "Elevated",
    "att_reception_frac": 0.5,
    "tmobile_reception_frac": 0.0,
    "verizon_reception_frac": 0.5,
    "sprint_reception_frac": 0.0,
    "n_carriers_majority": 0,
    "any_majority_reception": false
   }
  },
  {
   "type": "Feature",
   "geometry": {
    "type": "Point",
    "coordinates": [
     -73.898654,
     40.676992
    ]
   },
   "properties": {
    "line": "Z",
    "stop_id": "J24",
    "stop_name": "Alabama Av",
    "borough": "Bk",
    "structure": "Elevated",
    "att_reception_frac": 0.333,
    "tmobile_reception_frac": 0.333,
    "verizon_reception_frac": 0.333,
    "sprint_reception_frac": 0.333,
    "n_carriers_majority": 0,
    "any_majority_reception": false
   }
  },
  {
   "type": "Feature",
   "geometry": {
    "type": "Point",
    "coordinates": [
     -73.904512,
     40.679498
    ]
   },
   "properties": {
    "line": "Z",
    "stop_id": "J27",
    "stop_name": "Broadway Junction",
    "borough": "Bk",
    "structure": "Elevated",
    "att_reception_frac": 0.25,
    "tmobile_reception_frac": 0.25,
    "verizon_reception_frac": 0.5,
    "sprint_reception_frac": 0.0,
    "n_carriers_majority": 0,
    "any_majority_reception": false
   }
  },
  {
   "type": "Feature",
   "geometry": {
    "type": "Point",
    "coordinates": [
     -73.910456,
     40.682893
    ]
   },
   "properties": {
    "line": "Z",
    "stop_id": "J28",
    "stop_name": "Chauncey St",
    "borough": "Bk",
    "structure": "Elevated",
    "att_reception_frac": 0.25,
    "tmobile_reception_frac": 0.5,
    "verizon_reception_frac": 1.0,
    "sprint_reception_frac": 0.25,
    "n_carriers_majority": 1,
    "any_majority_reception": true
   }
  },
  {
   "type": "Feature",
   "geometry": {
    "type": "Point",
    "coordinates": [
     -73.916559,
     40.68637
    ]
   },
   "properties": {
    "line": "Z",
    "stop_id": "J29",
    "stop_name": "Halsey St",
    "borough": "Bk",
    "structure": "Elevated",
    "att_reception_frac": 0.0,
    "tmobile_reception_frac": 0.333,
    "verizon_reception_frac": 0.667,
    "sprint_reception_frac": 0.0,
    "n_carriers_majority": 1,
    "any_majority_reception": true
   }
  },
  {
   "type": "Feature",
   "geometry": {
    "type": "Point",
    "coordinates": [
     -73.92227,
     40.68963
    ]
   },
   "properties": {
    "line": "Z",
    "stop_id": "J30",
    "stop_name": "Gates Av",
    "borough": "Bk",
    "structure": "Elevated",
    "att_reception_frac": 0.5,
    "tmobile_reception_frac": 0.75,
    "verizon_reception_frac": 0.75,
    "sprint_reception_frac": 0.0,
    "n_carriers_majority": 2,
    "any_majority_reception": true
   }
  },
  {
   "type": "Feature",
   "geometry": {
    "type": "Point",
    "coordinates": [
     -73.928814,
     40.693342
    ]
   },
   "properties": {
    "line": "Z",
    "stop_id": "J31",
    "stop_name": "Kosciuszko St",
    "borough": "Bk",
    "structure": "Elevated",
    "att_reception_frac": 0.0,
    "tmobile_reception_frac": 1.0,
    "verizon_reception_frac": 0.75,
    "sprint_reception_frac": 0.25,
    "n_carriers_majority": 2,
    "any_majority_reception": true
   }
  },
  {
   "type": "Feature",
   "geometry": {
    "type": "Point",
    "coordinates": [
     -73.935657,
     40.697207
    ]
   },
   "properties": {
    "line": "Z",
    "stop_id": "M11",
    "stop_name": "Myrtle Av",
    "borough": "Bk",
    "structure": "Elevated",
    "att_reception_frac": 0.0,
    "tmobile_reception_frac": 0.25,
    "verizon_reception_frac": 0.75,
    "sprint_reception_frac": 0.0,
    "n_carriers_majority": 1,
    "any_majority_reception": true
   }
  },
  {
   "type": "Feature",
   "geometry": {
    "type": "Point",
    "coordinates": [
     -73.941126,
     40.70026
    ]
   },
   "properties": {
    "line": "Z",
    "stop_id": "M12",
    "stop_name": "Flushing Av",
    "borough": "Bk",
    "structure": "Elevated",
    "att_reception_frac": 0.25,
    "tmobile_reception_frac": 0.75,
    "verizon_reception_frac": 1.0,
    "sprint_reception_frac": 0.25,
    "n_carriers_majority": 2,
    "any_majority_reception": true
   }
  },
  {
   "type": "Feature",
   "geometry": {
    "type": "Point",
    "coordinates": [
     -73.947408,
     40.703869
    ]
   },
   "properties": {
    "line": "Z",
    "stop_id": "M13",
    "stop_name": "Lorimer St",
    "borough": "Bk",
    "structure": "Elevated",
    "att_reception_frac": 0.25,
    "tmobile_reception_frac": 0.25,
    "verizon_reception_frac": 0.25,
    "sprint_reception_frac": 0.0,
    "n_carriers_majority": 0,
    "any_majority_reception": false
   }
  },
  {
   "type": "Feature",
   "geometry": {
    "type": "Point",
    "coordinates": [
     -73.953431,
     40.70687
    ]
   },
   "properties": {
    "line": "Z",
    "stop_id": "M14",
    "stop_name": "Hewes St",
    "borough": "Bk",
    "structure": "Elevated",
    "att_reception_frac": 0.0,
    "tmobile_reception_frac": 0.667,
    "verizon_reception_frac": 0.667,
    "sprint_reception_frac": 0.333,
    "n_carriers_majority": 2,
    "any_majority_reception": true
   }
  },
  {
   "type": "Feature",
   "geometry": {
    "type": "Point",
    "coordinates": [
     -73.957757,
     40.708359
    ]
   },
   "properties": {
    "line": "Z",
    "stop_id": "M16",
    "stop_name": "Marcy Av",
    "borough": "Bk",
    "structure": "Elevated",
    "att_reception_frac": 0.333,
    "tmobile_reception_frac": 0.222,
    "verizon_reception_frac": 0.556,
    "sprint_reception_frac": 0.222,
    "n_carriers_majority": 1,
    "any_majority_reception": true
   }
  },
  {
   "type": "Feature",
   "geometry": {
    "type": "Point",
    "coordinates": [
     -73.987437,
     40.718315
    ]
   },
   "properties": {
    "line": "Z",
    "stop_id": "M18",
    "stop_name": "Delancey St-Essex St",
    "borough": "M",
    "structure": "Subway",
    "att_reception_frac": 0.1,
    "tmobile_reception_frac": 0.5,
    "verizon_reception_frac": 0.7,
    "sprint_reception_frac": 0.0,
    "n_carriers_majority": 1,
    "any_majority_reception": true
   }
  },
  {
   "type": "Feature",
   "geometry": {
    "type": "Point",
    "coordinates": [
     -73.993915,
     40.72028
    ]
   },
   "properties": {
    "line": "Z",
    "stop_id": "M19",
    "stop_name": "Bowery",
    "borough": "M",
    "structure": "Subway",
    "att_reception_frac": 0.0,
    "tmobile_reception_frac": 1.0,
    "verizon_reception_frac": 0.333,
    "sprint_reception_frac": 0.0,
    "n_carriers_majority": 1,
    "any_majority_reception": true
   }
  },
  {
   "type": "Feature",
   "geometry": {
    "type": "Point",
    "coordinates": [
     -73.999892,
     40.718092
    ]
   },
   "properties": {
    "line": "Z",
    "stop_id": "M20",
    "stop_name": "Canal St",
    "borough": "M",
    "structure": "Subway",
    "att_reception_frac": 0.0,
    "tmobile_reception_frac": 0.0,
    "verizon_reception_frac": 0.25,
    "sprint_reception_frac": 0.0,
    "n_carriers_majority": 0,
    "any_majority_reception": false
   }
  },
  {
   "type": "Feature",
   "geometry": {
    "type": "Point",
    "coordinates": [
     -74.003401,
     40.713243
    ]
   },
   "properties": {
    "line": "Z",
    "stop_id": "M21",
    "stop_name": "Chambers St",
    "borough": "M",
    "structure": "Subway",
    "att_reception_frac": 0.0,
    "tmobile_reception_frac": 0.667,
    "verizon_reception_frac": 0.333,
    "sprint_reception_frac": 0.0,
    "n_carriers_majority": 1,
    "any_majority_reception": true
   }
  },
  {
   "type": "Feature",
   "geometry": {
    "type": "Point",
    "coordinates": [
     -74.007582,
     40.710374
    ]
   },
   "properties": {
    "line": "Z",
    "stop_id": "M22",
    "stop_name": "Fulton St",
    "borough": "M",
    "structure": "Subway",
    "att_reception_frac": 0.667,
    "tmobile_reception_frac": 0.667,
    "verizon_reception_frac": 1.0,
    "sprint_reception_frac": 0.0,
    "n_carriers_majority": 3,
    "any_majority_reception": true
   }
  },
  {
   "type": "Feature",
   "geometry": {
    "type": "Point",
    "coordinates": [
     -74.011056,
     40.706476
    ]
   },
   "properties": {
    "line": "Z",
    "stop_id": "M23",
    "stop_name": "Broad St",
    "borough": "M",
    "structure": "Subway",
    "att_reception_frac": 0.08,
    "tmobile_reception_frac": 0.12,
    "verizon_reception_frac": 0.4,
    "sprint_reception_frac": 0.12,
    "n_carriers_majority": 0,
    "any_majority_reception": false
   }
  }
 ],
 "properties": {
  "source": "Subspotting.nyc System Explorer PNG (2017-01)",
  "note": "Reception values are the mean fraction of samples in the Subspotting artifact within +/- 0.1 mile of each MTA station where the given carrier's color was present. Values close to 0 mean no reception at that station in the 2017 artifact."
 }
}