line,band_idx,svg_x,mile_from_terminal,abs_mile,carrier,score,has_reception
1,0,44,0.0,-0.936,att,0.0,False
1,0,44,0.0,-0.936,tmobile,0.0,False
1,0,44,0.0,-0.936,verizon,0.0385,True
1,0,44,0.0,-0.936,sprint,0.0,False
1,0,49,0.104,-0.831,att,0.0,False
1,0,49,0.104,-0.831,tmobile,0.0385,True
1,0,49,0.104,-0.831,verizon,0.0769,True
1,0,49,0.104,-0.831,sprint,0.0,False
1,0,54,0.209,-0.727,att,0.0,False
1,0,54,0.209,-0.727,tmobile,0.0,False
1,0,54,0.209,-0.727,verizon,0.0385,True
1,0,54,0.209,-0.727,sprint,0.0,False
1,0,59,0.313,-0.623,att,0.0,False
1,0,59,0.313,-0.623,tmobile,0.0385,True
1,0,59,0.313,-0.623,verizon,0.0385,True
1,0,59,0.313,-0.623,sprint,0.0,False
1,0,64,0.417,-0.518,att,0.0,False
1,0,64,0.417,-0.518,tmobile,0.0385,True
1,0,64,0.417,-0.518,verizon,0.0385,True
1,0,64,0.417,-0.518,sprint,0.0,False
1,0,69,0.522,-0.414,att,0.0,False
1,0,69,0.522,-0.414,tmobile,0.0,False
1,0,69,0.522,-0.414,verizon,0.0,False
1,0,69,0.522,-0.414,sprint,0.0,False
1,0,74,0.626,-0.31,att,0.0,False
1,0,74,0.626,-0.31,tmobile,0.0,False
1,0,74,0.626,-0.31,verizon,0.0,False
1,0,74,0.626,-0.31,sprint,0.0,False
1,0,79,0.73,-0.205,att,0.0,False
1,0,79,0.73,-0.205,tmobile,0.0,False
1,0,79,0.73,-0.205,verizon,0.0,False
1,0,79,0.73,-0.205,sprint,0.0,False
1,0,84,0.835,-0.101,att,0.0,False
1,0,84,0.835,-0.101,tmobile,0.0,False
1,0,84,0.835,-0.101,verizon,0.0,False
1,0,84,0.835,-0.101,sprint,0.0,False
1,0,89,0.939,0.003,att,0.0,False
1,0,89,0.939,0.003,tmobile,0.0,False
1,0,89,0.939,0.003,verizon,0.0,False
1,0,89,0.939,0.003,sprint,0.0,False
1,0,94,1.043,0.108,att,0.0,False
1,0,94,1.043,0.108,tmobile,0.0,False
1,0,94,1.043,0.108,verizon,0.0385,True
1,0,94,1.043,0.108,sprint,0.0,False
1,0,99,1.148,0.212,att,0.0,False
1,0,99,1.148,0.212,tmobile,0.0769,True
1,0,99,1.148,0.212,verizon,0.0385,True
1,0,99,1.148,0.212,sprint,0.0,False
1,0,104,1.252,0.316,att,0.0,False
1,0,104,1.252,0.316,tmobile,0.0385,True
1,0,104,1.252,0.316,verizon,0.0,False
1,0,104,1.252,0.316,sprint,0.0,False
1,0,109,1.356,0.421,att,0.0,False
1,0,109,1.356,0.421,tmobile,0.0385,True
1,0,109,1.356,0.421,verizon,0.0769,True
1,0,109,1.356,0.421,sprint,0.0,False
1,0,114,1.461,0.525,att,0.0,False
1,0,114,1.461,0.525,tmobile,0.0,False
1,0,114,1.461,0.525,verizon,0.0385,True
1,0,114,1.461,0.525,sprint,0.0,False
1,0,119,1.565,0.629,att,0.0,False
1,0,119,1.565,0.629,tmobile,0.0,False
1,0,119,1.565,0.629,verizon,0.0,False
1,0,119,1.565,0.629,sprint,0.0,False
1,0,124,1.67,0.734,att,0.0385,True
1,0,124,1.67,0.734,tmobile,0.0385,True
1,0,124,1.67,0.734,verizon,0.0,False
1,0,124,1.67,0.734,sprint,0.0,False
1,0,129,1.774,0.838,att,0.0,False
1,0,129,1.774,0.838,tmobile,0.0,False
1,0,129,1.774,0.838,verizon,0.0,False
1,0,129,1.774,0.838,sprint,0.0,False
1,0,134,1.878,0.942,att,0.0,False
1,0,134,1.878,0.942,tmobile,0.0,False
1,0,134,1.878,0.942,verizon,0.0385,True
1,0,134,1.878,0.942,sprint,0.0,False
1,0,139,1.983,1.047,att,0.0,False
1,0,139,1.983,1.047,tmobile,0.0,False
1,0,139,1.983,1.047,verizon,0.0,False
1,0,139,1.983,1.047,sprint,0.0,False
1,0,144,2.087,1.151,att,0.0,False
1,0,144,2.087,1.151,tmobile,0.0385,True
1,0,144,2.087,1.151,verizon,0.0,False
1,0,144,2.087,1.151,sprint,0.0,False
1,0,149,2.191,1.255,att,0.0,False
1,0,149,2.191,1.255,tmobile,0.0385,True
1,0,149,2.191,1.255,verizon,0.1154,True
1,0,149,2.191,1.255,sprint,0.0,False
1,0,154,2.296,1.36,att,0.0,False
1,0,154,2.296,1.36,tmobile,0.0,False
1,0,154,2.296,1.36,verizon,0.0385,True
1,0,154,2.296,1.36,sprint,0.0,False
1,0,159,2.4,1.464,att,0.0,False
1,0,159,2.4,1.464,tmobile,0.0,False
1,0,159,2.4,1.464,verizon,0.0,False
1,0,159,2.4,1.464,sprint,0.0,False
1,0,164,2.504,1.569,att,0.0385,True
1,0,164,2.504,1.569,tmobile,0.0385,True
1,0,164,2.504,1.569,verizon,0.0385,True
1,0,164,2.504,1.569,sprint,0.0,False
1,0,169,2.609,1.673,att,0.0,False
1,0,169,2.609,1.673,tmobile,0.0,False
1,0,169,2.609,1.673,verizon,0.0,False
1,0,169,2.609,1.673,sprint,0.0,False
1,0,174,2.713,1.777,att,0.0,False
1,0,174,2.713,1.777,tmobile,0.0,False
1,0,174,2.713,1.777,verizon,0.0,False
1,0,174,2.713,1.777,sprint,0.0385,True
1,0,179,2.817,1.882,att,0.0,False
1,0,179,2.817,1.882,tmobile,0.0,False
1,0,179,2.817,1.882,verizon,0.0,False
1,0,179,2.817,1.882,sprint,0.0,False
1,0,184,2.922,1.986,att,0.0,False
1,0,184,2.922,1.986,tmobile,0.0,False
1,0,184,2.922,1.986,verizon,0.0,False
1,0,184,2.922,1.986,sprint,0.0,False
1,0,189,3.026,2.09,att,0.0,False
1,0,189,3.026,2.09,tmobile,0.0,False
1,0,189,3.026,2.09,verizon,0.0,False
1,0,189,3.026,2.09,sprint,0.0,False
1,0,194,3.13,2.195,att,0.0,False
1,0,194,3.13,2.195,tmobile,0.0,False
1,0,194,3.13,2.195,verizon,0.0,False
1,0,194,3.13,2.195,sprint,0.0,False
1,0,199,3.235,2.299,att,0.0,False
1,0,199,3.235,2.299,tmobile,0.0385,True
1,0,199,3.235,2.299,verizon,0.0,False
1,0,199,3.235,2.299,sprint,0.0,False
1,0,204,3.339,2.403,att,0.0385,True
1,0,204,3.339,2.403,tmobile,0.0769,True
1,0,204,3.339,2.403,verizon,0.0,False
1,0,204,3.339,2.403,sprint,0.0,False
1,0,209,3.443,2.508,att,0.0,False
1,0,209,3.443,2.508,tmobile,0.0385,True
1,0,209,3.443,2.508,verizon,0.0,False
1,0,209,3.443,2.508,sprint,0.0,False
1,0,214,3.548,2.612,att,0.0,False
1,0,214,3.548,2.612,tmobile,0.0,False
1,0,214,3.548,2.612,verizon,0.0,False
1,0,214,3.548,2.612,sprint,0.0,False
1,0,219,3.652,2.716,att,0.0,False
1,0,219,3.652,2.716,tmobile,0.0,False
1,0,219,3.652,2.716,verizon,0.0,False
1,0,219,3.652,2.716,sprint,0.0,False
1,0,224,3.756,2.821,att,0.0,False
1,0,224,3.756,2.821,tmobile,0.0385,True
1,0,224,3.756,2.821,verizon,0.0,False
1,0,224,3.756,2.821,sprint,0.0,False
1,0,229,3.861,2.925,att,0.0,False
1,0,229,3.861,2.925,tmobile,0.0,False
1,0,229,3.861,2.925,verizon,0.0,False
1,0,229,3.861,2.925,sprint,0.0385,True
1,0,234,3.965,3.029,att,0.0,False
1,0,234,3.965,3.029,tmobile,0.0,False
1,0,234,3.965,3.029,verizon,0.0385,True
1,0,234,3.965,3.029,sprint,0.0,False
1,0,239,4.069,3.134,att,0.0,False
1,0,239,4.069,3.134,tmobile,0.0,False
1,0,239,4.069,3.134,verizon,0.0,False
1,0,239,4.069,3.134,sprint,0.0,False
1,0,244,4.174,3.238,att,0.0,False
1,0,244,4.174,3.238,tmobile,0.0,False
1,0,244,4.174,3.238,verizon,0.0,False
1,0,244,4.174,3.238,sprint,0.0,False
1,0,249,4.278,3.342,att,0.0,False
1,0,249,4.278,3.342,tmobile,0.0,False
1,0,249,4.278,3.342,verizon,0.0,False
1,0,249,4.278,3.342,sprint,0.0,False
1,0,254,4.382,3.447,att,0.0,False
1,0,254,4.382,3.447,tmobile,0.0,False
1,0,254,4.382,3.447,verizon,0.0,False
1,0,254,4.382,3.447,sprint,0.0,False
1,0,259,4.487,3.551,att,0.0,False
1,0,259,4.487,3.551,tmobile,0.0,False
1,0,259,4.487,3.551,verizon,0.0,False
1,0,259,4.487,3.551,sprint,0.0,False
1,0,264,4.591,3.655,att,0.0,False
1,0,264,4.591,3.655,tmobile,0.0,False
1,0,264,4.591,3.655,verizon,0.0,False
1,0,264,4.591,3.655,sprint,0.0,False
1,0,269,4.695,3.76,att,0.0,False
1,0,269,4.695,3.76,tmobile,0.0,False
1,0,269,4.695,3.76,verizon,0.0,False
1,0,269,4.695,3.76,sprint,0.0,False
1,0,274,4.8,3.864,att,0.0,False
1,0,274,4.8,3.864,tmobile,0.0,False
1,0,274,4.8,3.864,verizon,0.0,False
1,0,274,4.8,3.864,sprint,0.0,False
1,0,279,4.904,3.968,att,0.0,False
1,0,279,4.904,3.968,tmobile,0.0,False
1,0,279,4.904,3.968,verizon,0.0,False
1,0,279,4.904,3.968,sprint,0.0,False
1,0,284,5.009,4.073,att,0.0,False
1,0,284,5.009,4.073,tmobile,0.0,False
1,0,284,5.009,4.073,verizon,0.0,False
1,0,284,5.009,4.073,sprint,0.0,False
1,0,289,5.113,4.177,att,0.0,False
1,0,289,5.113,4.177,tmobile,0.0,False
1,0,289,5.113,4.177,verizon,0.0,False
1,0,289,5.113,4.177,sprint,0.0,False
1,0,294,5.217,4.281,att,0.0,False
1,0,294,5.217,4.281,tmobile,0.0,False
1,0,294,5.217,4.281,verizon,0.0,False
1,0,294,5.217,4.281,sprint,0.0,False
1,0,299,5.322,4.386,att,0.0,False
1,0,299,5.322,4.386,tmobile,0.0,False
1,0,299,5.322,4.386,verizon,0.0,False
1,0,299,5.322,4.386,sprint,0.0,False
1,0,304,5.426,4.49,att,0.0,False
1,0,304,5.426,4.49,tmobile,0.0,False
1,0,304,5.426,4.49,verizon,0.0,False
1,0,304,5.426,4.49,sprint,0.0,False
1,0,309,5.53,4.594,att,0.0,False
1,0,309,5.53,4.594,tmobile,0.0,False
1,0,309,5.53,4.594,verizon,0.0,False
1,0,309,5.53,4.594,sprint,0.0,False
1,0,314,5.635,4.699,att,0.0,False
1,0,314,5.635,4.699,tmobile,0.0,False
1,0,314,5.635,4.699,verizon,0.0,False
1,0,314,5.635,4.699,sprint,0.0,False
1,0,319,5.739,4.803,att,0.0,False
1,0,319,5.739,4.803,tmobile,0.0,False
1,0,319,5.739,4.803,verizon,0.0,False
1,0,319,5.739,4.803,sprint,0.0,False
1,0,324,5.843,4.908,att,0.0,False
1,0,324,5.843,4.908,tmobile,0.0,False
1,0,324,5.843,4.908,verizon,0.0,False
1,0,324,5.843,4.908,sprint,0.0,False
1,0,329,5.948,5.012,att,0.0,False
1,0,329,5.948,5.012,tmobile,0.0,False
1,0,329,5.948,5.012,verizon,0.0,False
1,0,329,5.948,5.012,sprint,0.0,False
1,0,334,6.052,5.116,att,0.0,False
1,0,334,6.052,5.116,tmobile,0.0,False
1,0,334,6.052,5.116,verizon,0.0,False
1,0,334,6.052,5.116,sprint,0.0,False
1,0,339,6.156,5.221,att,0.0,False
1,0,339,6.156,5.221,tmobile,0.0,False
1,0,339,6.156,5.221,verizon,0.0,False
1,0,339,6.156,5.221,sprint,0.0,False
1,0,344,6.261,5.325,att,0.0,False
1,0,344,6.261,5.325,tmobile,0.0,False
1,0,344,6.261,5.325,verizon,0.0,False
1,0,344,6.261,5.325,sprint,0.0,False
1,0,349,6.365,5.429,att,0.0,False
1,0,349,6.365,5.429,tmobile,0.0,False
1,0,349,6.365,5.429,verizon,0.0,False
1,0,349,6.365,5.429,sprint,0.0,False
1,0,354,6.469,5.534,att,0.0,False
1,0,354,6.469,5.534,tmobile,0.0,False
1,0,354,6.469,5.534,verizon,0.0385,True
1,0,354,6.469,5.534,sprint,0.0,False
1,0,359,6.574,5.638,att,0.0,False
1,0,359,6.574,5.638,tmobile,0.0,False
1,0,359,6.574,5.638,verizon,0.0769,True
1,0,359,6.574,5.638,sprint,0.0385,True
1,0,364,6.678,5.742,att,0.0,False
1,0,364,6.678,5.742,tmobile,0.0,False
1,0,364,6.678,5.742,verizon,0.0,False
1,0,364,6.678,5.742,sprint,0.0,False
1,0,369,6.782,5.847,att,0.0,False
1,0,369,6.782,5.847,tmobile,0.0385,True
1,0,369,6.782,5.847,verizon,0.0385,True
1,0,369,6.782,5.847,sprint,0.0,False
1,0,374,6.887,5.951,att,0.0,False
1,0,374,6.887,5.951,tmobile,0.0,False
1,0,374,6.887,5.951,verizon,0.0385,True
1,0,374,6.887,5.951,sprint,0.0,False
1,0,379,6.991,6.055,att,0.0,False
1,0,379,6.991,6.055,tmobile,0.0385,True
1,0,379,6.991,6.055,verizon,0.0,False
1,0,379,6.991,6.055,sprint,0.0,False
1,0,384,7.095,6.16,att,0.0,False
1,0,384,7.095,6.16,tmobile,0.0,False
1,0,384,7.095,6.16,verizon,0.0,False
1,0,384,7.095,6.16,sprint,0.0,False
1,0,389,7.2,6.264,att,0.0,False
1,0,389,7.2,6.264,tmobile,0.0,False
1,0,389,7.2,6.264,verizon,0.0385,True
1,0,389,7.2,6.264,sprint,0.0,False
1,0,394,7.304,6.368,att,0.0,False
1,0,394,7.304,6.368,tmobile,0.0,False
1,0,394,7.304,6.368,verizon,0.0,False
1,0,394,7.304,6.368,sprint,0.0,False
1,0,399,7.408,6.473,att,0.0,False
1,0,399,7.408,6.473,tmobile,0.0,False
1,0,399,7.408,6.473,verizon,0.0,False
1,0,399,7.408,6.473,sprint,0.0,False
1,0,404,7.513,6.577,att,0.0,False
1,0,404,7.513,6.577,tmobile,0.0,False
1,0,404,7.513,6.577,verizon,0.0,False
1,0,404,7.513,6.577,sprint,0.0,False
1,0,409,7.617,6.681,att,0.0,False
1,0,409,7.617,6.681,tmobile,0.0,False
1,0,409,7.617,6.681,verizon,0.0,False
1,0,409,7.617,6.681,sprint,0.0,False
1,0,414,7.721,6.786,att,0.0,False
1,0,414,7.721,6.786,tmobile,0.0385,True
1,0,414,7.721,6.786,verizon,0.0385,True
1,0,414,7.721,6.786,sprint,0.0,False
1,0,419,7.826,6.89,att,0.0,False
1,0,419,7.826,6.89,tmobile,0.0,False
1,0,419,7.826,6.89,verizon,0.0,False
1,0,419,7.826,6.89,sprint,0.0,False
1,0,424,7.93,6.994,att,0.0,False
1,0,424,7.93,6.994,tmobile,0.0,False
1,0,424,7.93,6.994,verizon,0.0,False
1,0,424,7.93,6.994,sprint,0.0385,True
1,0,429,8.035,7.099,att,0.0,False
1,0,429,8.035,7.099,tmobile,0.0,False
1,0,429,8.035,7.099,verizon,0.0,False
1,0,429,8.035,7.099,sprint,0.1538,True
1,0,434,8.139,7.203,att,0.0,False
1,0,434,8.139,7.203,tmobile,0.0,False
1,0,434,8.139,7.203,verizon,0.0385,True
1,0,434,8.139,7.203,sprint,0.0,False
1,0,439,8.243,7.307,att,0.0,False
1,0,439,8.243,7.307,tmobile,0.0,False
1,0,439,8.243,7.307,verizon,0.0,False
1,0,439,8.243,7.307,sprint,0.0,False
1,0,444,8.348,7.412,att,0.0,False
1,0,444,8.348,7.412,tmobile,0.0,False
1,0,444,8.348,7.412,verizon,0.3462,True
1,0,444,8.348,7.412,sprint,0.0,False
1,0,449,8.452,7.516,att,0.0,False
1,0,449,8.452,7.516,tmobile,0.0,False
1,0,449,8.452,7.516,verizon,0.0,False
1,0,449,8.452,7.516,sprint,0.0,False
1,0,454,8.556,7.62,att,0.0,False
1,0,454,8.556,7.62,tmobile,0.1923,True
1,0,454,8.556,7.62,verizon,0.2308,True
1,0,454,8.556,7.62,sprint,0.0,False
1,0,459,8.661,7.725,att,0.0,False
1,0,459,8.661,7.725,tmobile,0.1923,True
1,0,459,8.661,7.725,verizon,0.0385,True
1,0,459,8.661,7.725,sprint,0.0,False
1,0,464,8.765,7.829,att,0.0,False
1,0,464,8.765,7.829,tmobile,0.0,False
1,0,464,8.765,7.829,verizon,0.2308,True
1,0,464,8.765,7.829,sprint,0.0,False
1,0,469,8.869,7.933,att,0.0,False
1,0,469,8.869,7.933,tmobile,0.0,False
1,0,469,8.869,7.933,verizon,0.0,False
1,0,469,8.869,7.933,sprint,0.0,False
1,0,474,8.974,8.038,att,0.0,False
1,0,474,8.974,8.038,tmobile,0.0,False
1,0,474,8.974,8.038,verizon,0.0769,True
1,0,474,8.974,8.038,sprint,0.0,False
1,0,479,9.078,8.142,att,0.0,False
1,0,479,9.078,8.142,tmobile,0.0,False
1,0,479,9.078,8.142,verizon,0.0,False
1,0,479,9.078,8.142,sprint,0.0,False
1,0,484,9.182,8.247,att,0.0,False
1,0,484,9.182,8.247,tmobile,0.0,False
1,0,484,9.182,8.247,verizon,0.0,False
1,0,484,9.182,8.247,sprint,0.0,False
1,0,489,9.287,8.351,att,0.0,False
1,0,489,9.287,8.351,tmobile,0.0,False
1,0,489,9.287,8.351,verizon,0.0,False
1,0,489,9.287,8.351,sprint,0.0,False
1,0,494,9.391,8.455,att,0.0,False
1,0,494,9.391,8.455,tmobile,0.0,False
1,0,494,9.391,8.455,verizon,0.0769,True
1,0,494,9.391,8.455,sprint,0.0,False
1,0,499,9.495,8.56,att,0.0,False
1,0,499,9.495,8.56,tmobile,0.0385,True
1,0,499,9.495,8.56,verizon,0.0,False
1,0,499,9.495,8.56,sprint,0.0,False
1,0,504,9.6,8.664,att,0.0,False
1,0,504,9.6,8.664,tmobile,0.0385,True
1,0,504,9.6,8.664,verizon,0.1154,True
1,0,504,9.6,8.664,sprint,0.0,False
1,0,509,9.704,8.768,att,0.0,False
1,0,509,9.704,8.768,tmobile,0.0,False
1,0,509,9.704,8.768,verizon,0.0,False
1,0,509,9.704,8.768,sprint,0.0769,True
1,0,514,9.808,8.873,att,0.0,False
1,0,514,9.808,8.873,tmobile,0.0385,True
1,0,514,9.808,8.873,verizon,0.0385,True
1,0,514,9.808,8.873,sprint,0.0,False
1,0,519,9.913,8.977,att,0.0,False
1,0,519,9.913,8.977,tmobile,0.0,False
1,0,519,9.913,8.977,verizon,0.0385,True
1,0,519,9.913,8.977,sprint,0.0,False
1,0,524,10.017,9.081,att,0.0,False
1,0,524,10.017,9.081,tmobile,0.0,False
1,0,524,10.017,9.081,verizon,0.0,False
1,0,524,10.017,9.081,sprint,0.0,False
1,0,529,10.121,9.186,att,0.0,False
1,0,529,10.121,9.186,tmobile,0.0,False
1,0,529,10.121,9.186,verizon,0.0,False
1,0,529,10.121,9.186,sprint,0.0,False
1,0,534,10.226,9.29,att,0.0,False
1,0,534,10.226,9.29,tmobile,0.0,False
1,0,534,10.226,9.29,verizon,0.0385,True
1,0,534,10.226,9.29,sprint,0.0,False
1,0,539,10.33,9.394,att,0.0,False
1,0,539,10.33,9.394,tmobile,0.0385,True
1,0,539,10.33,9.394,verizon,0.0385,True
1,0,539,10.33,9.394,sprint,0.0,False
1,0,544,10.434,9.499,att,0.0,False
1,0,544,10.434,9.499,tmobile,0.0,False
1,0,544,10.434,9.499,verizon,0.0,False
1,0,544,10.434,9.499,sprint,0.0,False
1,0,549,10.539,9.603,att,0.0,False
1,0,549,10.539,9.603,tmobile,0.0,False
1,0,549,10.539,9.603,verizon,0.1538,True
1,0,549,10.539,9.603,sprint,0.0,False
1,0,554,10.643,9.707,att,0.0,False
1,0,554,10.643,9.707,tmobile,0.0,False
1,0,554,10.643,9.707,verizon,0.0,False
1,0,554,10.643,9.707,sprint,0.0,False
1,0,559,10.747,9.812,att,0.0,False
1,0,559,10.747,9.812,tmobile,0.0385,True
1,0,559,10.747,9.812,verizon,0.0,False
1,0,559,10.747,9.812,sprint,0.0,False
1,0,564,10.852,9.916,att,0.0,False
1,0,564,10.852,9.916,tmobile,0.0,False
1,0,564,10.852,9.916,verizon,0.1538,True
1,0,564,10.852,9.916,sprint,0.0,False
1,0,569,10.956,10.02,att,0.0,False
1,0,569,10.956,10.02,tmobile,0.0,False
1,0,569,10.956,10.02,verizon,0.0385,True
1,0,569,10.956,10.02,sprint,0.1154,True
1,0,574,11.06,10.125,att,0.0,False
1,0,574,11.06,10.125,tmobile,0.0385,True
1,0,574,11.06,10.125,verizon,0.0,False
1,0,574,11.06,10.125,sprint,0.0,False
1,0,579,11.165,10.229,att,0.0,False
1,0,579,11.165,10.229,tmobile,0.0,False
1,0,579,11.165,10.229,verizon,0.0,False
1,0,579,11.165,10.229,sprint,0.0,False
1,0,584,11.269,10.333,att,0.0,False
1,0,584,11.269,10.333,tmobile,0.0,False
1,0,584,11.269,10.333,verizon,0.0,False
1,0,584,11.269,10.333,sprint,0.0385,True
1,0,589,11.374,10.438,att,0.0,False
1,0,589,11.374,10.438,tmobile,0.0,False
1,0,589,11.374,10.438,verizon,0.0385,True
1,0,589,11.374,10.438,sprint,0.0,False
1,0,594,11.478,10.542,att,0.0,False
1,0,594,11.478,10.542,tmobile,0.0385,True
1,0,594,11.478,10.542,verizon,0.0,False
1,0,594,11.478,10.542,sprint,0.0,False
1,0,599,11.582,10.646,att,0.0,False
1,0,599,11.582,10.646,tmobile,0.0385,True
1,0,599,11.582,10.646,verizon,0.0769,True
1,0,599,11.582,10.646,sprint,0.0,False
1,0,604,11.687,10.751,att,0.0,False
1,0,604,11.687,10.751,tmobile,0.0,False
1,0,604,11.687,10.751,verizon,0.0385,True
1,0,604,11.687,10.751,sprint,0.0769,True
1,0,609,11.791,10.855,att,0.0,False
1,0,609,11.791,10.855,tmobile,0.0385,True
1,0,609,11.791,10.855,verizon,0.0,False
1,0,609,11.791,10.855,sprint,0.0385,True
1,0,614,11.895,10.959,att,0.0,False
1,0,614,11.895,10.959,tmobile,0.0,False
1,0,614,11.895,10.959,verizon,0.0,False
1,0,614,11.895,10.959,sprint,0.0385,True
1,0,619,12.0,11.064,att,0.0,False
1,0,619,12.0,11.064,tmobile,0.0385,True
1,0,619,12.0,11.064,verizon,0.0769,True
1,0,619,12.0,11.064,sprint,0.0,False
1,0,624,12.104,11.168,att,0.0,False
1,0,624,12.104,11.168,tmobile,0.0,False
1,0,624,12.104,11.168,verizon,0.0385,True
1,0,624,12.104,11.168,sprint,0.0,False
1,0,629,12.208,11.273,att,0.0,False
1,0,629,12.208,11.273,tmobile,0.1538,True
1,0,629,12.208,11.273,verizon,0.1154,True
1,0,629,12.208,11.273,sprint,0.0,False
1,0,634,12.313,11.377,att,0.0,False
1,0,634,12.313,11.377,tmobile,0.0,False
1,0,634,12.313,11.377,verizon,0.0,False
1,0,634,12.313,11.377,sprint,0.0769,True
1,0,639,12.417,11.481,att,0.0,False
1,0,639,12.417,11.481,tmobile,0.0,False
1,0,639,12.417,11.481,verizon,0.0385,True
1,0,639,12.417,11.481,sprint,0.0,False
1,0,644,12.521,11.586,att,0.0,False
1,0,644,12.521,11.586,tmobile,0.0,False
1,0,644,12.521,11.586,verizon,0.1538,True
1,0,644,12.521,11.586,sprint,0.0,False
1,0,649,12.626,11.69,att,0.0,False
1,0,649,12.626,11.69,tmobile,0.0385,True
1,0,649,12.626,11.69,verizon,0.0769,True
1,0,649,12.626,11.69,sprint,0.0,False
1,0,654,12.73,11.794,att,0.0,False
1,0,654,12.73,11.794,tmobile,0.0,False
1,0,654,12.73,11.794,verizon,0.0769,True
1,0,654,12.73,11.794,sprint,0.0,False
1,0,659,12.834,11.899,att,0.0,False
1,0,659,12.834,11.899,tmobile,0.0,False
1,0,659,12.834,11.899,verizon,0.0,False
1,0,659,12.834,11.899,sprint,0.0385,True
1,0,664,12.939,12.003,att,0.0,False
1,0,664,12.939,12.003,tmobile,0.0385,True
1,0,664,12.939,12.003,verizon,0.0385,True
1,0,664,12.939,12.003,sprint,0.0,False
1,0,669,13.043,12.107,att,0.0,False
1,0,669,13.043,12.107,tmobile,0.0,False
1,0,669,13.043,12.107,verizon,0.0,False
1,0,669,13.043,12.107,sprint,0.0,False
1,0,674,13.147,12.212,att,0.0,False
1,0,674,13.147,12.212,tmobile,0.0769,True
1,0,674,13.147,12.212,verizon,0.1923,True
1,0,674,13.147,12.212,sprint,0.0,False
1,0,679,13.252,12.316,att,0.0,False
1,0,679,13.252,12.316,tmobile,0.0,False
1,0,679,13.252,12.316,verizon,0.0,False
1,0,679,13.252,12.316,sprint,0.0,False
1,0,684,13.356,12.42,att,0.0,False
1,0,684,13.356,12.42,tmobile,0.0,False
1,0,684,13.356,12.42,verizon,0.0769,True
1,0,684,13.356,12.42,sprint,0.0,False
1,0,689,13.46,12.525,att,0.0,False
1,0,689,13.46,12.525,tmobile,0.0,False
1,0,689,13.46,12.525,verizon,0.0,False
1,0,689,13.46,12.525,sprint,0.0,False
1,0,694,13.565,12.629,att,0.0,False
1,0,694,13.565,12.629,tmobile,0.0,False
1,0,694,13.565,12.629,verizon,0.0769,True
1,0,694,13.565,12.629,sprint,0.0,False
1,0,699,13.669,12.733,att,0.0,False
1,0,699,13.669,12.733,tmobile,0.0,False
1,0,699,13.669,12.733,verizon,0.0385,True
1,0,699,13.669,12.733,sprint,0.0,False
1,0,704,13.773,12.838,att,0.0,False
1,0,704,13.773,12.838,tmobile,0.0,False
1,0,704,13.773,12.838,verizon,0.0,False
1,0,704,13.773,12.838,sprint,0.0,False
1,0,709,13.878,12.942,att,0.0,False
1,0,709,13.878,12.942,tmobile,0.0,False
1,0,709,13.878,12.942,verizon,0.0,False
1,0,709,13.878,12.942,sprint,0.0,False
1,0,714,13.982,13.046,att,0.1154,True
1,0,714,13.982,13.046,tmobile,0.0385,True
1,0,714,13.982,13.046,verizon,0.0,False
1,0,714,13.982,13.046,sprint,0.0,False
1,0,719,14.086,13.151,att,0.0,False
1,0,719,14.086,13.151,tmobile,0.0,False
1,0,719,14.086,13.151,verizon,0.1154,True
1,0,719,14.086,13.151,sprint,0.0,False
1,0,724,14.191,13.255,att,0.0,False
1,0,724,14.191,13.255,tmobile,0.0,False
1,0,724,14.191,13.255,verizon,0.0,False
1,0,724,14.191,13.255,sprint,0.0,False
1,0,729,14.295,13.359,att,0.0,False
1,0,729,14.295,13.359,tmobile,0.0,False
1,0,729,14.295,13.359,verizon,0.0,False
1,0,729,14.295,13.359,sprint,0.0,False
1,0,734,14.399,13.464,att,0.0,False
1,0,734,14.399,13.464,tmobile,0.0,False
1,0,734,14.399,13.464,verizon,0.0,False
1,0,734,14.399,13.464,sprint,0.0,False
1,0,739,14.504,13.568,att,0.0,False
1,0,739,14.504,13.568,tmobile,0.0,False
1,0,739,14.504,13.568,verizon,0.0385,True
1,0,739,14.504,13.568,sprint,0.0,False
1,0,744,14.608,13.672,att,0.0,False
1,0,744,14.608,13.672,tmobile,0.0,False
1,0,744,14.608,13.672,verizon,0.4615,True
1,0,744,14.608,13.672,sprint,0.0,False
1,0,749,14.713,13.777,att,0.0,False
1,0,749,14.713,13.777,tmobile,0.0,False
1,0,749,14.713,13.777,verizon,0.0,False
1,0,749,14.713,13.777,sprint,0.0,False
1,0,754,14.817,13.881,att,0.0,False
1,0,754,14.817,13.881,tmobile,0.0,False
1,0,754,14.817,13.881,verizon,0.0385,True
1,0,754,14.817,13.881,sprint,0.0385,True
1,0,759,14.921,13.985,att,0.0,False
1,0,759,14.921,13.985,tmobile,0.0,False
1,0,759,14.921,13.985,verizon,0.0,False
1,0,759,14.921,13.985,sprint,0.0,False
1,0,764,15.026,14.09,att,0.0,False
1,0,764,15.026,14.09,tmobile,0.0,False
1,0,764,15.026,14.09,verizon,0.0769,True
1,0,764,15.026,14.09,sprint,0.0,False
1,0,769,15.13,14.194,att,0.0,False
1,0,769,15.13,14.194,tmobile,0.0,False
1,0,769,15.13,14.194,verizon,0.1154,True
1,0,769,15.13,14.194,sprint,0.0,False
1,0,774,15.234,14.298,att,0.0,False
1,0,774,15.234,14.298,tmobile,0.0,False
1,0,774,15.234,14.298,verizon,0.0,False
1,0,774,15.234,14.298,sprint,0.0385,True
1,0,779,15.339,14.403,att,0.0,False
1,0,779,15.339,14.403,tmobile,0.0385,True
1,0,779,15.339,14.403,verizon,0.1538,True
1,0,779,15.339,14.403,sprint,0.0,False
1,0,784,15.443,14.507,att,0.0,False
1,0,784,15.443,14.507,tmobile,0.0,False
1,0,784,15.443,14.507,verizon,0.1154,True
1,0,784,15.443,14.507,sprint,0.0,False
1,0,789,15.547,14.612,att,0.0,False
1,0,789,15.547,14.612,tmobile,0.0,False
1,0,789,15.547,14.612,verizon,0.0,False
1,0,789,15.547,14.612,sprint,0.0,False
1,0,794,15.652,14.716,att,0.0,False
1,0,794,15.652,14.716,tmobile,0.0,False
1,0,794,15.652,14.716,verizon,0.0,False
1,0,794,15.652,14.716,sprint,0.0769,True
1,0,799,15.756,14.82,att,0.0,False
1,0,799,15.756,14.82,tmobile,0.0,False
1,0,799,15.756,14.82,verizon,0.0,False
1,0,799,15.756,14.82,sprint,0.0,False
1,0,804,15.86,14.925,att,0.0,False
1,0,804,15.86,14.925,tmobile,0.0,False
1,0,804,15.86,14.925,verizon,0.0,False
1,0,804,15.86,14.925,sprint,0.0,False
1,0,809,15.965,15.029,att,0.0,False
1,0,809,15.965,15.029,tmobile,0.0,False
1,0,809,15.965,15.029,verizon,0.0,False
1,0,809,15.965,15.029,sprint,0.0,False
1,0,814,16.069,15.133,att,0.0,False
1,0,814,16.069,15.133,tmobile,0.0,False
1,0,814,16.069,15.133,verizon,0.0769,True
1,0,814,16.069,15.133,sprint,0.0,False
2,1,44,0.0,-0.936,att,0.0,False
2,1,44,0.0,-0.936,tmobile,0.0,False
2,1,44,0.0,-0.936,verizon,0.0,False
2,1,44,0.0,-0.936,sprint,0.0,False
2,1,49,0.104,-0.831,att,0.0,False
2,1,49,0.104,-0.831,tmobile,0.04,True
2,1,49,0.104,-0.831,verizon,0.08,True
2,1,49,0.104,-0.831,sprint,0.0,False
2,1,54,0.209,-0.727,att,0.0,False
2,1,54,0.209,-0.727,tmobile,0.04,True
2,1,54,0.209,-0.727,verizon,0.04,True
2,1,54,0.209,-0.727,sprint,0.0,False
2,1,59,0.313,-0.623,att,0.0,False
2,1,59,0.313,-0.623,tmobile,0.0,False
2,1,59,0.313,-0.623,verizon,0.04,True
2,1,59,0.313,-0.623,sprint,0.0,False
2,1,64,0.417,-0.518,att,0.0,False
2,1,64,0.417,-0.518,tmobile,0.0,False
2,1,64,0.417,-0.518,verizon,0.04,True
2,1,64,0.417,-0.518,sprint,0.0,False
2,1,69,0.522,-0.414,att,0.0,False
2,1,69,0.522,-0.414,tmobile,0.0,False
2,1,69,0.522,-0.414,verizon,0.0,False
2,1,69,0.522,-0.414,sprint,0.0,False
2,1,74,0.626,-0.31,att,0.0,False
2,1,74,0.626,-0.31,tmobile,0.0,False
2,1,74,0.626,-0.31,verizon,0.0,False
2,1,74,0.626,-0.31,sprint,0.0,False
2,1,79,0.73,-0.205,att,0.0,False
2,1,79,0.73,-0.205,tmobile,0.0,False
2,1,79,0.73,-0.205,verizon,0.0,False
2,1,79,0.73,-0.205,sprint,0.0,False
2,1,84,0.835,-0.101,att,0.0,False
2,1,84,0.835,-0.101,tmobile,0.0,False
2,1,84,0.835,-0.101,verizon,0.0,False
2,1,84,0.835,-0.101,sprint,0.0,False
2,1,89,0.939,0.003,att,0.0,False
2,1,89,0.939,0.003,tmobile,0.0,False
2,1,89,0.939,0.003,verizon,0.0,False
2,1,89,0.939,0.003,sprint,0.0,False
2,1,94,1.043,0.108,att,0.0,False
2,1,94,1.043,0.108,tmobile,0.0,False
2,1,94,1.043,0.108,verizon,0.0,False
2,1,94,1.043,0.108,sprint,0.0,False
2,1,99,1.148,0.212,att,0.04,True
2,1,99,1.148,0.212,tmobile,0.04,True
2,1,99,1.148,0.212,verizon,0.0,False
2,1,99,1.148,0.212,sprint,0.04,True
2,1,104,1.252,0.316,att,0.04,True
2,1,104,1.252,0.316,tmobile,0.04,True
2,1,104,1.252,0.316,verizon,0.12,True
2,1,104,1.252,0.316,sprint,0.0,False
2,1,109,1.356,0.421,att,0.0,False
2,1,109,1.356,0.421,tmobile,0.0,False
2,1,109,1.356,0.421,verizon,0.0,False
2,1,109,1.356,0.421,sprint,0.04,True
2,1,114,1.461,0.525,att,0.0,False
2,1,114,1.461,0.525,tmobile,0.0,False
2,1,114,1.461,0.525,verizon,0.0,False
2,1,114,1.461,0.525,sprint,0.04,True
2,1,119,1.565,0.629,att,0.0,False
2,1,119,1.565,0.629,tmobile,0.04,True
2,1,119,1.565,0.629,verizon,0.04,True
2,1,119,1.565,0.629,sprint,0.0,False
2,1,124,1.67,0.734,att,0.0,False
2,1,124,1.67,0.734,tmobile,0.0,False
2,1,124,1.67,0.734,verizon,0.0,False
2,1,124,1.67,0.734,sprint,0.0,False
2,1,129,1.774,0.838,att,0.0,False
2,1,129,1.774,0.838,tmobile,0.0,False
2,1,129,1.774,0.838,verizon,0.08,True
2,1,129,1.774,0.838,sprint,0.0,False
2,1,134,1.878,0.942,att,0.0,False
2,1,134,1.878,0.942,tmobile,0.04,True
2,1,134,1.878,0.942,verizon,0.04,True
2,1,134,1.878,0.942,sprint,0.0,False
2,1,139,1.983,1.047,att,0.0,False
2,1,139,1.983,1.047,tmobile,0.04,True
2,1,139,1.983,1.047,verizon,0.04,True
2,1,139,1.983,1.047,sprint,0.0,False
2,1,144,2.087,1.151,att,0.0,False
2,1,144,2.087,1.151,tmobile,0.0,False
2,1,144,2.087,1.151,verizon,0.04,True
2,1,144,2.087,1.151,sprint,0.0,False
2,1,149,2.191,1.255,att,0.12,True
2,1,149,2.191,1.255,tmobile,0.04,True
2,1,149,2.191,1.255,verizon,0.04,True
2,1,149,2.191,1.255,sprint,0.0,False
2,1,154,2.296,1.36,att,0.04,True
2,1,154,2.296,1.36,tmobile,0.04,True
2,1,154,2.296,1.36,verizon,0.08,True
2,1,154,2.296,1.36,sprint,0.0,False
2,1,159,2.4,1.464,att,0.0,False
2,1,159,2.4,1.464,tmobile,0.04,True
2,1,159,2.4,1.464,verizon,0.0,False
2,1,159,2.4,1.464,sprint,0.0,False
2,1,164,2.504,1.569,att,0.0,False
2,1,164,2.504,1.569,tmobile,0.04,True
2,1,164,2.504,1.569,verizon,0.04,True
2,1,164,2.504,1.569,sprint,0.0,False
2,1,169,2.609,1.673,att,0.04,True
2,1,169,2.609,1.673,tmobile,0.04,True
2,1,169,2.609,1.673,verizon,0.04,True
2,1,169,2.609,1.673,sprint,0.0,False
2,1,174,2.713,1.777,att,0.04,True
2,1,174,2.713,1.777,tmobile,0.0,False
2,1,174,2.713,1.777,verizon,0.04,True
2,1,174,2.713,1.777,sprint,0.0,False
2,1,179,2.817,1.882,att,0.0,False
2,1,179,2.817,1.882,tmobile,0.04,True
2,1,179,2.817,1.882,verizon,0.08,True
2,1,179,2.817,1.882,sprint,0.04,True
2,1,184,2.922,1.986,att,0.0,False
2,1,184,2.922,1.986,tmobile,0.04,True
2,1,184,2.922,1.986,verizon,0.12,True
2,1,184,2.922,1.986,sprint,0.0,False
2,1,189,3.026,2.09,att,0.0,False
2,1,189,3.026,2.09,tmobile,0.04,True
2,1,189,3.026,2.09,verizon,0.04,True
2,1,189,3.026,2.09,sprint,0.0,False
2,1,194,3.13,2.195,att,0.0,False
2,1,194,3.13,2.195,tmobile,0.04,True
2,1,194,3.13,2.195,verizon,0.04,True
2,1,194,3.13,2.195,sprint,0.0,False
2,1,199,3.235,2.299,att,0.0,False
2,1,199,3.235,2.299,tmobile,0.04,True
2,1,199,3.235,2.299,verizon,0.04,True
2,1,199,3.235,2.299,sprint,0.04,True
2,1,204,3.339,2.403,att,0.0,False
2,1,204,3.339,2.403,tmobile,0.0,False
2,1,204,3.339,2.403,verizon,0.04,True
2,1,204,3.339,2.403,sprint,0.0,False
2,1,209,3.443,2.508,att,0.0,False
2,1,209,3.443,2.508,tmobile,0.0,False
2,1,209,3.443,2.508,verizon,0.0,False
2,1,209,3.443,2.508,sprint,0.04,True
2,1,214,3.548,2.612,att,0.0,False
2,1,214,3.548,2.612,tmobile,0.0,False
2,1,214,3.548,2.612,verizon,0.0,False
2,1,214,3.548,2.612,sprint,0.0,False
2,1,219,3.652,2.716,att,0.0,False
2,1,219,3.652,2.716,tmobile,0.0,False
2,1,219,3.652,2.716,verizon,0.0,False
2,1,219,3.652,2.716,sprint,0.08,True
2,1,224,3.756,2.821,att,0.04,True
2,1,224,3.756,2.821,tmobile,0.0,False
2,1,224,3.756,2.821,verizon,0.0,False
2,1,224,3.756,2.821,sprint,0.0,False
2,1,229,3.861,2.925,att,0.0,False
2,1,229,3.861,2.925,tmobile,0.0,False
2,1,229,3.861,2.925,verizon,0.0,False
2,1,229,3.861,2.925,sprint,0.04,True
2,1,234,3.965,3.029,att,0.0,False
2,1,234,3.965,3.029,tmobile,0.04,True
2,1,234,3.965,3.029,verizon,0.04,True
2,1,234,3.965,3.029,sprint,0.0,False
2,1,239,4.069,3.134,att,0.0,False
2,1,239,4.069,3.134,tmobile,0.08,True
2,1,239,4.069,3.134,verizon,0.08,True
2,1,239,4.069,3.134,sprint,0.0,False
2,1,244,4.174,3.238,att,0.0,False
2,1,244,4.174,3.238,tmobile,0.0,False
2,1,244,4.174,3.238,verizon,0.0,False
2,1,244,4.174,3.238,sprint,0.0,False
2,1,249,4.278,3.342,att,0.0,False
2,1,249,4.278,3.342,tmobile,0.04,True
2,1,249,4.278,3.342,verizon,0.08,True
2,1,249,4.278,3.342,sprint,0.04,True
2,1,254,4.382,3.447,att,0.0,False
2,1,254,4.382,3.447,tmobile,0.08,True
2,1,254,4.382,3.447,verizon,0.0,False
2,1,254,4.382,3.447,sprint,0.04,True
2,1,259,4.487,3.551,att,0.0,False
2,1,259,4.487,3.551,tmobile,0.04,True
2,1,259,4.487,3.551,verizon,0.04,True
2,1,259,4.487,3.551,sprint,0.0,False
2,1,264,4.591,3.655,att,0.0,False
2,1,264,4.591,3.655,tmobile,0.0,False
2,1,264,4.591,3.655,verizon,0.0,False
2,1,264,4.591,3.655,sprint,0.0,False
2,1,269,4.695,3.76,att,0.0,False
2,1,269,4.695,3.76,tmobile,0.04,True
2,1,269,4.695,3.76,verizon,0.08,True
2,1,269,4.695,3.76,sprint,0.0,False
2,1,274,4.8,3.864,att,0.0,False
2,1,274,4.8,3.864,tmobile,0.04,True
2,1,274,4.8,3.864,verizon,0.08,True
2,1,274,4.8,3.864,sprint,0.0,False
2,1,279,4.904,3.968,att,0.0,False
2,1,279,4.904,3.968,tmobile,0.04,True
2,1,279,4.904,3.968,verizon,0.0,False
2,1,279,4.904,3.968,sprint,0.0,False
2,1,284,5.009,4.073,att,0.0,False
2,1,284,5.009,4.073,tmobile,0.04,True
2,1,284,5.009,4.073,verizon,0.0,False
2,1,284,5.009,4.073,sprint,0.0,False
2,1,289,5.113,4.177,att,0.0,False
2,1,289,5.113,4.177,tmobile,0.04,True
2,1,289,5.113,4.177,verizon,0.04,True
2,1,289,5.113,4.177,sprint,0.04,True
2,1,294,5.217,4.281,att,0.0,False
2,1,294,5.217,4.281,tmobile,0.04,True
2,1,294,5.217,4.281,verizon,0.0,False
2,1,294,5.217,4.281,sprint,0.0,False
2,1,299,5.322,4.386,att,0.0,False
2,1,299,5.322,4.386,tmobile,0.04,True
2,1,299,5.322,4.386,verizon,0.0,False
2,1,299,5.322,4.386,sprint,0.0,False
2,1,304,5.426,4.49,att,0.0,False
2,1,304,5.426,4.49,tmobile,0.08,True
2,1,304,5.426,4.49,verizon,0.08,True
2,1,304,5.426,4.49,sprint,0.0,False
2,1,309,5.53,4.594,att,0.0,False
2,1,309,5.53,4.594,tmobile,0.04,True
2,1,309,5.53,4.594,verizon,0.04,True
2,1,309,5.53,4.594,sprint,0.0,False
2,1,314,5.635,4.699,att,0.0,False
2,1,314,5.635,4.699,tmobile,0.0,False
2,1,314,5.635,4.699,verizon,0.0,False
2,1,314,5.635,4.699,sprint,0.0,False
2,1,319,5.739,4.803,att,0.0,False
2,1,319,5.739,4.803,tmobile,0.04,True
2,1,319,5.739,4.803,verizon,0.04,True
2,1,319,5.739,4.803,sprint,0.0,False
2,1,324,5.843,4.908,att,0.0,False
2,1,324,5.843,4.908,tmobile,0.04,True
2,1,324,5.843,4.908,verizon,0.04,True
2,1,324,5.843,4.908,sprint,0.04,True
2,1,329,5.948,5.012,att,0.0,False
2,1,329,5.948,5.012,tmobile,0.04,True
2,1,329,5.948,5.012,verizon,0.0,False
2,1,329,5.948,5.012,sprint,0.0,False
2,1,334,6.052,5.116,att,0.0,False
2,1,334,6.052,5.116,tmobile,0.04,True
2,1,334,6.052,5.116,verizon,0.0,False
2,1,334,6.052,5.116,sprint,0.04,True
2,1,339,6.156,5.221,att,0.0,False
2,1,339,6.156,5.221,tmobile,0.0,False
2,1,339,6.156,5.221,verizon,0.04,True
2,1,339,6.156,5.221,sprint,0.0,False
2,1,344,6.261,5.325,att,0.0,False
2,1,344,6.261,5.325,tmobile,0.0,False
2,1,344,6.261,5.325,verizon,0.04,True
2,1,344,6.261,5.325,sprint,0.0,False
2,1,349,6.365,5.429,att,0.0,False
2,1,349,6.365,5.429,tmobile,0.08,True
2,1,349,6.365,5.429,verizon,0.0,False
2,1,349,6.365,5.429,sprint,0.0,False
2,1,354,6.469,5.534,att,0.0,False
2,1,354,6.469,5.534,tmobile,0.0,False
2,1,354,6.469,5.534,verizon,0.04,True
2,1,354,6.469,5.534,sprint,0.0,False
2,1,359,6.574,5.638,att,0.04,True
2,1,359,6.574,5.638,tmobile,0.0,False
2,1,359,6.574,5.638,verizon,0.0,False
2,1,359,6.574,5.638,sprint,0.0,False
2,1,364,6.678,5.742,att,0.0,False
2,1,364,6.678,5.742,tmobile,0.0,False
2,1,364,6.678,5.742,verizon,0.12,True
2,1,364,6.678,5.742,sprint,0.0,False
2,1,369,6.782,5.847,att,0.0,False
2,1,369,6.782,5.847,tmobile,0.0,False
2,1,369,6.782,5.847,verizon,0.0,False
2,1,369,6.782,5.847,sprint,0.0,False
2,1,374,6.887,5.951,att,0.0,False
2,1,374,6.887,5.951,tmobile,0.0,False
2,1,374,6.887,5.951,verizon,0.0,False
2,1,374,6.887,5.951,sprint,0.0,False
2,1,379,6.991,6.055,att,0.0,False
2,1,379,6.991,6.055,tmobile,0.04,True
2,1,379,6.991,6.055,verizon,0.0,False
2,1,379,6.991,6.055,sprint,0.0,False
2,1,384,7.095,6.16,att,0.0,False
2,1,384,7.095,6.16,tmobile,0.0,False
2,1,384,7.095,6.16,verizon,0.0,False
2,1,384,7.095,6.16,sprint,0.0,False
2,1,389,7.2,6.264,att,0.0,False
2,1,389,7.2,6.264,tmobile,0.08,True
2,1,389,7.2,6.264,verizon,0.12,True
2,1,389,7.2,6.264,sprint,0.04,True
2,1,394,7.304,6.368,att,0.0,False
2,1,394,7.304,6.368,tmobile,0.04,True
2,1,394,7.304,6.368,verizon,0.04,True
2,1,394,7.304,6.368,sprint,0.04,True
2,1,399,7.408,6.473,att,0.04,True
2,1,399,7.408,6.473,tmobile,0.0,False
2,1,399,7.408,6.473,verizon,0.0,False
2,1,399,7.408,6.473,sprint,0.0,False
2,1,404,7.513,6.577,att,0.04,True
2,1,404,7.513,6.577,tmobile,0.04,True
2,1,404,7.513,6.577,verizon,0.0,False
2,1,404,7.513,6.577,sprint,0.04,True
2,1,409,7.617,6.681,att,0.0,False
2,1,409,7.617,6.681,tmobile,0.0,False
2,1,409,7.617,6.681,verizon,0.0,False
2,1,409,7.617,6.681,sprint,0.0,False
2,1,414,7.721,6.786,att,0.0,False
2,1,414,7.721,6.786,tmobile,0.0,False
2,1,414,7.721,6.786,verizon,0.0,False
2,1,414,7.721,6.786,sprint,0.0,False
2,1,419,7.826,6.89,att,0.0,False
2,1,419,7.826,6.89,tmobile,0.04,True
2,1,419,7.826,6.89,verizon,0.04,True
2,1,419,7.826,6.89,sprint,0.0,False
2,1,424,7.93,6.994,att,0.0,False
2,1,424,7.93,6.994,tmobile,0.0,False
2,1,424,7.93,6.994,verizon,0.0,False
2,1,424,7.93,6.994,sprint,0.0,False
2,1,429,8.035,7.099,att,0.0,False
2,1,429,8.035,7.099,tmobile,0.0,False
2,1,429,8.035,7.099,verizon,0.08,True
2,1,429,8.035,7.099,sprint,0.0,False
2,1,434,8.139,7.203,att,0.0,False
2,1,434,8.139,7.203,tmobile,0.04,True
2,1,434,8.139,7.203,verizon,0.04,True
2,1,434,8.139,7.203,sprint,0.04,True
2,1,439,8.243,7.307,att,0.0,False
2,1,439,8.243,7.307,tmobile,0.04,True
2,1,439,8.243,7.307,verizon,0.0,False
2,1,439,8.243,7.307,sprint,0.0,False
2,1,444,8.348,7.412,att,0.0,False
2,1,444,8.348,7.412,tmobile,0.0,False
2,1,444,8.348,7.412,verizon,0.04,True
2,1,444,8.348,7.412,sprint,0.0,False
2,1,449,8.452,7.516,att,0.0,False
2,1,449,8.452,7.516,tmobile,0.04,True
2,1,449,8.452,7.516,verizon,0.08,True
2,1,449,8.452,7.516,sprint,0.0,False
2,1,454,8.556,7.62,att,0.0,False
2,1,454,8.556,7.62,tmobile,0.0,False
2,1,454,8.556,7.62,verizon,0.04,True
2,1,454,8.556,7.62,sprint,0.0,False
2,1,459,8.661,7.725,att,0.0,False
2,1,459,8.661,7.725,tmobile,0.04,True
2,1,459,8.661,7.725,verizon,0.04,True
2,1,459,8.661,7.725,sprint,0.0,False
2,1,464,8.765,7.829,att,0.04,True
2,1,464,8.765,7.829,tmobile,0.04,True
2,1,464,8.765,7.829,verizon,0.04,True
2,1,464,8.765,7.829,sprint,0.0,False
2,1,469,8.869,7.933,att,0.0,False
2,1,469,8.869,7.933,tmobile,0.04,True
2,1,469,8.869,7.933,verizon,0.08,True
2,1,469,8.869,7.933,sprint,0.04,True
2,1,474,8.974,8.038,att,0.0,False
2,1,474,8.974,8.038,tmobile,0.16,True
2,1,474,8.974,8.038,verizon,0.36,True
2,1,474,8.974,8.038,sprint,0.0,False
2,1,479,9.078,8.142,att,0.0,False
2,1,479,9.078,8.142,tmobile,0.04,True
2,1,479,9.078,8.142,verizon,0.0,False
2,1,479,9.078,8.142,sprint,0.12,True
2,1,484,9.182,8.247,att,0.0,False
2,1,484,9.182,8.247,tmobile,0.0,False
2,1,484,9.182,8.247,verizon,0.0,False
2,1,484,9.182,8.247,sprint,0.0,False
2,1,489,9.287,8.351,att,0.0,False
2,1,489,9.287,8.351,tmobile,0.0,False
2,1,489,9.287,8.351,verizon,0.0,False
2,1,489,9.287,8.351,sprint,0.0,False
2,1,494,9.391,8.455,att,0.0,False
2,1,494,9.391,8.455,tmobile,0.0,False
2,1,494,9.391,8.455,verizon,0.0,False
2,1,494,9.391,8.455,sprint,0.0,False
2,1,499,9.495,8.56,att,0.0,False
2,1,499,9.495,8.56,tmobile,0.0,False
2,1,499,9.495,8.56,verizon,0.0,False
2,1,499,9.495,8.56,sprint,0.0,False
2,1,504,9.6,8.664,att,0.0,False
2,1,504,9.6,8.664,tmobile,0.0,False
2,1,504,9.6,8.664,verizon,0.0,False
2,1,504,9.6,8.664,sprint,0.0,False
2,1,509,9.704,8.768,att,0.0,False
2,1,509,9.704,8.768,tmobile,0.0,False
2,1,509,9.704,8.768,verizon,0.0,False
2,1,509,9.704,8.768,sprint,0.0,False
2,1,514,9.808,8.873,att,0.0,False
2,1,514,9.808,8.873,tmobile,0.0,False
2,1,514,9.808,8.873,verizon,0.0,False
2,1,514,9.808,8.873,sprint,0.0,False
2,1,519,9.913,8.977,att,0.0,False
2,1,519,9.913,8.977,tmobile,0.0,False
2,1,519,9.913,8.977,verizon,0.0,False
2,1,519,9.913,8.977,sprint,0.0,False
2,1,524,10.017,9.081,att,0.0,False
2,1,524,10.017,9.081,tmobile,0.0,False
2,1,524,10.017,9.081,verizon,0.0,False
2,1,524,10.017,9.081,sprint,0.0,False
2,1,529,10.121,9.186,att,0.0,False
2,1,529,10.121,9.186,tmobile,0.0,False
2,1,529,10.121,9.186,verizon,0.0,False
2,1,529,10.121,9.186,sprint,0.0,False
2,1,534,10.226,9.29,att,0.0,False
2,1,534,10.226,9.29,tmobile,0.0,False
2,1,534,10.226,9.29,verizon,0.0,False
2,1,534,10.226,9.29,sprint,0.0,False
2,1,539,10.33,9.394,att,0.0,False
2,1,539,10.33,9.394,tmobile,0.0,False
2,1,539,10.33,9.394,verizon,0.0,False
2,1,539,10.33,9.394,sprint,0.0,False
2,1,544,10.434,9.499,att,0.0,False
2,1,544,10.434,9.499,tmobile,0.0,False
2,1,544,10.434,9.499,verizon,0.0,False
2,1,544,10.434,9.499,sprint,0.0,False
2,1,549,10.539,9.603,att,0.0,False
2,1,549,10.539,9.603,tmobile,0.0,False
2,1,549,10.539,9.603,verizon,0.0,False
2,1,549,10.539,9.603,sprint,0.0,False
2,1,554,10.643,9.707,att,0.0,False
2,1,554,10.643,9.707,tmobile,0.08,True
2,1,554,10.643,9.707,verizon,0.08,True
2,1,554,10.643,9.707,sprint,0.0,False
2,1,559,10.747,9.812,att,0.04,True
2,1,559,10.747,9.812,tmobile,0.0,False
2,1,559,10.747,9.812,verizon,0.04,True
2,1,559,10.747,9.812,sprint,0.0,False
2,1,564,10.852,9.916,att,0.0,False
2,1,564,10.852,9.916,tmobile,0.0,False
2,1,564,10.852,9.916,verizon,0.0,False
2,1,564,10.852,9.916,sprint,0.0,False
2,1,569,10.956,10.02,att,0.0,False
2,1,569,10.956,10.02,tmobile,0.0,False
2,1,569,10.956,10.02,verizon,0.08,True
2,1,569,10.956,10.02,sprint,0.0,False
2,1,574,11.06,10.125,att,0.0,False
2,1,574,11.06,10.125,tmobile,0.0,False
2,1,574,11.06,10.125,verizon,0.0,False
2,1,574,11.06,10.125,sprint,0.0,False
2,1,579,11.165,10.229,att,0.0,False
2,1,579,11.165,10.229,tmobile,0.0,False
2,1,579,11.165,10.229,verizon,0.0,False
2,1,579,11.165,10.229,sprint,0.0,False
2,1,584,11.269,10.333,att,0.0,False
2,1,584,11.269,10.333,tmobile,0.0,False
2,1,584,11.269,10.333,verizon,0.04,True
2,1,584,11.269,10.333,sprint,0.0,False
2,1,589,11.374,10.438,att,0.0,False
2,1,589,11.374,10.438,tmobile,0.0,False
2,1,589,11.374,10.438,verizon,0.04,True
2,1,589,11.374,10.438,sprint,0.08,True
2,1,594,11.478,10.542,att,0.0,False
2,1,594,11.478,10.542,tmobile,0.0,False
2,1,594,11.478,10.542,verizon,0.04,True
2,1,594,11.478,10.542,sprint,0.0,False
2,1,599,11.582,10.646,att,0.0,False
2,1,599,11.582,10.646,tmobile,0.0,False
2,1,599,11.582,10.646,verizon,0.0,False
2,1,599,11.582,10.646,sprint,0.0,False
2,1,604,11.687,10.751,att,0.0,False
2,1,604,11.687,10.751,tmobile,0.0,False
2,1,604,11.687,10.751,verizon,0.0,False
2,1,604,11.687,10.751,sprint,0.0,False
2,1,609,11.791,10.855,att,0.0,False
2,1,609,11.791,10.855,tmobile,0.0,False
2,1,609,11.791,10.855,verizon,0.0,False
2,1,609,11.791,10.855,sprint,0.0,False
2,1,614,11.895,10.959,att,0.0,False
2,1,614,11.895,10.959,tmobile,0.0,False
2,1,614,11.895,10.959,verizon,0.0,False
2,1,614,11.895,10.959,sprint,0.0,False
2,1,619,12.0,11.064,att,0.0,False
2,1,619,12.0,11.064,tmobile,0.0,False
2,1,619,12.0,11.064,verizon,0.0,False
2,1,619,12.0,11.064,sprint,0.0,False
2,1,624,12.104,11.168,att,0.0,False
2,1,624,12.104,11.168,tmobile,0.0,False
2,1,624,12.104,11.168,verizon,0.0,False
2,1,624,12.104,11.168,sprint,0.0,False
2,1,629,12.208,11.273,att,0.0,False
2,1,629,12.208,11.273,tmobile,0.0,False
2,1,629,12.208,11.273,verizon,0.0,False
2,1,629,12.208,11.273,sprint,0.0,False
2,1,634,12.313,11.377,att,0.0,False
2,1,634,12.313,11.377,tmobile,0.0,False
2,1,634,12.313,11.377,verizon,0.0,False
2,1,634,12.313,11.377,sprint,0.0,False
2,1,639,12.417,11.481,att,0.0,False
2,1,639,12.417,11.481,tmobile,0.0,False
2,1,639,12.417,11.481,verizon,0.0,False
2,1,639,12.417,11.481,sprint,0.0,False
2,1,644,12.521,11.586,att,0.0,False
2,1,644,12.521,11.586,tmobile,0.0,False
2,1,644,12.521,11.586,verizon,0.0,False
2,1,644,12.521,11.586,sprint,0.0,False
2,1,649,12.626,11.69,att,0.16,True
2,1,649,12.626,11.69,tmobile,0.0,False
2,1,649,12.626,11.69,verizon,0.0,False
2,1,649,12.626,11.69,sprint,0.0,False
2,1,654,12.73,11.794,att,0.0,False
2,1,654,12.73,11.794,tmobile,0.0,False
2,1,654,12.73,11.794,verizon,0.24,True
2,1,654,12.73,11.794,sprint,0.0,False
2,1,659,12.834,11.899,att,0.0,False
2,1,659,12.834,11.899,tmobile,0.08,True
2,1,659,12.834,11.899,verizon,0.08,True
2,1,659,12.834,11.899,sprint,0.04,True
2,1,664,12.939,12.003,att,0.0,False
2,1,664,12.939,12.003,tmobile,0.04,True
2,1,664,12.939,12.003,verizon,0.04,True
2,1,664,12.939,12.003,sprint,0.0,False
2,1,669,13.043,12.107,att,0.0,False
2,1,669,13.043,12.107,tmobile,0.0,False
2,1,669,13.043,12.107,verizon,0.0,False
2,1,669,13.043,12.107,sprint,0.0,False
2,1,674,13.147,12.212,att,0.0,False
2,1,674,13.147,12.212,tmobile,0.0,False
2,1,674,13.147,12.212,verizon,0.04,True
2,1,674,13.147,12.212,sprint,0.0,False
2,1,679,13.252,12.316,att,0.04,True
2,1,679,13.252,12.316,tmobile,0.0,False
2,1,679,13.252,12.316,verizon,0.0,False
2,1,679,13.252,12.316,sprint,0.0,False
2,1,684,13.356,12.42,att,0.0,False
2,1,684,13.356,12.42,tmobile,0.04,True
2,1,684,13.356,12.42,verizon,0.0,False
2,1,684,13.356,12.42,sprint,0.0,False
2,1,689,13.46,12.525,att,0.0,False
2,1,689,13.46,12.525,tmobile,0.0,False
2,1,689,13.46,12.525,verizon,0.08,True
2,1,689,13.46,12.525,sprint,0.0,False
2,1,694,13.565,12.629,att,0.0,False
2,1,694,13.565,12.629,tmobile,0.0,False
2,1,694,13.565,12.629,verizon,0.12,True
2,1,694,13.565,12.629,sprint,0.12,True
2,1,699,13.669,12.733,att,0.0,False
2,1,699,13.669,12.733,tmobile,0.04,True
2,1,699,13.669,12.733,verizon,0.0,False
2,1,699,13.669,12.733,sprint,0.16,True
2,1,704,13.773,12.838,att,0.0,False
2,1,704,13.773,12.838,tmobile,0.0,False
2,1,704,13.773,12.838,verizon,0.0,False
2,1,704,13.773,12.838,sprint,0.0,False
2,1,709,13.878,12.942,att,0.0,False
2,1,709,13.878,12.942,tmobile,0.0,False
2,1,709,13.878,12.942,verizon,0.04,True
2,1,709,13.878,12.942,sprint,0.0,False
2,1,714,13.982,13.046,att,0.0,False
2,1,714,13.982,13.046,tmobile,0.0,False
2,1,714,13.982,13.046,verizon,0.0,False
2,1,714,13.982,13.046,sprint,0.0,False
2,1,719,14.086,13.151,att,0.04,True
2,1,719,14.086,13.151,tmobile,0.04,True
2,1,719,14.086,13.151,verizon,0.04,True
2,1,719,14.086,13.151,sprint,0.0,False
2,1,724,14.191,13.255,att,0.0,False
2,1,724,14.191,13.255,tmobile,0.0,False
2,1,724,14.191,13.255,verizon,0.0,False
2,1,724,14.191,13.255,sprint,0.0,False
2,1,729,14.295,13.359,att,0.0,False
2,1,729,14.295,13.359,tmobile,0.0,False
2,1,729,14.295,13.359,verizon,0.08,True
2,1,729,14.295,13.359,sprint,0.0,False
2,1,734,14.399,13.464,att,0.08,True
2,1,734,14.399,13.464,tmobile,0.12,True
2,1,734,14.399,13.464,verizon,0.0,False
2,1,734,14.399,13.464,sprint,0.0,False
2,1,739,14.504,13.568,att,0.08,True
2,1,739,14.504,13.568,tmobile,0.04,True
2,1,739,14.504,13.568,verizon,0.0,False
2,1,739,14.504,13.568,sprint,0.0,False
2,1,744,14.608,13.672,att,0.0,False
2,1,744,14.608,13.672,tmobile,0.0,False
2,1,744,14.608,13.672,verizon,0.04,True
2,1,744,14.608,13.672,sprint,0.0,False
2,1,749,14.713,13.777,att,0.0,False
2,1,749,14.713,13.777,tmobile,0.0,False
2,1,749,14.713,13.777,verizon,0.16,True
2,1,749,14.713,13.777,sprint,0.0,False
2,1,754,14.817,13.881,att,0.0,False
2,1,754,14.817,13.881,tmobile,0.08,True
2,1,754,14.817,13.881,verizon,0.2,True
2,1,754,14.817,13.881,sprint,0.0,False
2,1,759,14.921,13.985,att,0.0,False
2,1,759,14.921,13.985,tmobile,0.0,False
2,1,759,14.921,13.985,verizon,0.0,False
2,1,759,14.921,13.985,sprint,0.0,False
2,1,764,15.026,14.09,att,0.0,False
2,1,764,15.026,14.09,tmobile,0.0,False
2,1,764,15.026,14.09,verizon,0.0,False
2,1,764,15.026,14.09,sprint,0.0,False
2,1,769,15.13,14.194,att,0.0,False
2,1,769,15.13,14.194,tmobile,0.0,False
2,1,769,15.13,14.194,verizon,0.0,False
2,1,769,15.13,14.194,sprint,0.0,False
2,1,774,15.234,14.298,att,0.0,False
2,1,774,15.234,14.298,tmobile,0.36,True
2,1,774,15.234,14.298,verizon,0.04,True
2,1,774,15.234,14.298,sprint,0.0,False
2,1,779,15.339,14.403,att,0.0,False
2,1,779,15.339,14.403,tmobile,0.0,False
2,1,779,15.339,14.403,verizon,0.16,True
2,1,779,15.339,14.403,sprint,0.0,False
2,1,784,15.443,14.507,att,0.0,False
2,1,784,15.443,14.507,tmobile,0.0,False
2,1,784,15.443,14.507,verizon,0.04,True
2,1,784,15.443,14.507,sprint,0.0,False
2,1,789,15.547,14.612,att,0.0,False
2,1,789,15.547,14.612,tmobile,0.0,False
2,1,789,15.547,14.612,verizon,0.04,True
2,1,789,15.547,14.612,sprint,0.0,False
2,1,794,15.652,14.716,att,0.04,True
2,1,794,15.652,14.716,tmobile,0.0,False
2,1,794,15.652,14.716,verizon,0.04,True
2,1,794,15.652,14.716,sprint,0.0,False
2,1,799,15.756,14.82,att,0.0,False
2,1,799,15.756,14.82,tmobile,0.0,False
2,1,799,15.756,14.82,verizon,0.16,True
2,1,799,15.756,14.82,sprint,0.0,False
2,1,804,15.86,14.925,att,0.0,False
2,1,804,15.86,14.925,tmobile,0.32,True
2,1,804,15.86,14.925,verizon,0.0,False
2,1,804,15.86,14.925,sprint,0.0,False
2,1,809,15.965,15.029,att,0.0,False
2,1,809,15.965,15.029,tmobile,0.04,True
2,1,809,15.965,15.029,verizon,0.04,True
2,1,809,15.965,15.029,sprint,0.0,False
2,1,814,16.069,15.133,att,0.0,False
2,1,814,16.069,15.133,tmobile,0.0,False
2,1,814,16.069,15.133,verizon,0.0,False
2,1,814,16.069,15.133,sprint,0.0,False
2,1,819,16.173,15.238,att,0.0,False
2,1,819,16.173,15.238,tmobile,0.0,False
2,1,819,16.173,15.238,verizon,0.0,False
2,1,819,16.173,15.238,sprint,0.04,True
2,1,824,16.278,15.342,att,0.0,False
2,1,824,16.278,15.342,tmobile,0.0,False
2,1,824,16.278,15.342,verizon,0.0,False
2,1,824,16.278,15.342,sprint,0.04,True
2,1,829,16.382,15.446,att,0.08,True
2,1,829,16.382,15.446,tmobile,0.0,False
2,1,829,16.382,15.446,verizon,0.04,True
2,1,829,16.382,15.446,sprint,0.0,False
2,1,834,16.486,15.551,att,0.0,False
2,1,834,16.486,15.551,tmobile,0.04,True
2,1,834,16.486,15.551,verizon,0.0,False
2,1,834,16.486,15.551,sprint,0.0,False
2,1,839,16.591,15.655,att,0.0,False
2,1,839,16.591,15.655,tmobile,0.0,False
2,1,839,16.591,15.655,verizon,0.04,True
2,1,839,16.591,15.655,sprint,0.0,False
2,1,844,16.695,15.759,att,0.04,True
2,1,844,16.695,15.759,tmobile,0.08,True
2,1,844,16.695,15.759,verizon,0.04,True
2,1,844,16.695,15.759,sprint,0.0,False
2,1,849,16.799,15.864,att,0.0,False
2,1,849,16.799,15.864,tmobile,0.0,False
2,1,849,16.799,15.864,verizon,0.04,True
2,1,849,16.799,15.864,sprint,0.0,False
2,1,854,16.904,15.968,att,0.0,False
2,1,854,16.904,15.968,tmobile,0.36,True
2,1,854,16.904,15.968,verizon,0.12,True
2,1,854,16.904,15.968,sprint,0.0,False
2,1,859,17.008,16.072,att,0.0,False
2,1,859,17.008,16.072,tmobile,0.04,True
2,1,859,17.008,16.072,verizon,0.12,True
2,1,859,17.008,16.072,sprint,0.0,False
2,1,864,17.112,16.177,att,0.0,False
2,1,864,17.112,16.177,tmobile,0.0,False
2,1,864,17.112,16.177,verizon,0.0,False
2,1,864,17.112,16.177,sprint,0.0,False
2,1,869,17.217,16.281,att,0.0,False
2,1,869,17.217,16.281,tmobile,0.0,False
2,1,869,17.217,16.281,verizon,0.0,False
2,1,869,17.217,16.281,sprint,0.0,False
2,1,874,17.321,16.385,att,0.0,False
2,1,874,17.321,16.385,tmobile,0.04,True
2,1,874,17.321,16.385,verizon,0.08,True
2,1,874,17.321,16.385,sprint,0.0,False
2,1,879,17.425,16.49,att,0.0,False
2,1,879,17.425,16.49,tmobile,0.0,False
2,1,879,17.425,16.49,verizon,0.12,True
2,1,879,17.425,16.49,sprint,0.0,False
2,1,884,17.53,16.594,att,0.0,False
2,1,884,17.53,16.594,tmobile,0.0,False
2,1,884,17.53,16.594,verizon,0.08,True
2,1,884,17.53,16.594,sprint,0.04,True
2,1,889,17.634,16.698,att,0.0,False
2,1,889,17.634,16.698,tmobile,0.0,False
2,1,889,17.634,16.698,verizon,0.04,True
2,1,889,17.634,16.698,sprint,0.0,False
2,1,894,17.739,16.803,att,0.0,False
2,1,894,17.739,16.803,tmobile,0.0,False
2,1,894,17.739,16.803,verizon,0.24,True
2,1,894,17.739,16.803,sprint,0.0,False
2,1,899,17.843,16.907,att,0.0,False
2,1,899,17.843,16.907,tmobile,0.0,False
2,1,899,17.843,16.907,verizon,0.0,False
2,1,899,17.843,16.907,sprint,0.0,False
2,1,904,17.947,17.011,att,0.0,False
2,1,904,17.947,17.011,tmobile,0.0,False
2,1,904,17.947,17.011,verizon,0.0,False
2,1,904,17.947,17.011,sprint,0.0,False
2,1,909,18.052,17.116,att,0.0,False
2,1,909,18.052,17.116,tmobile,0.0,False
2,1,909,18.052,17.116,verizon,0.0,False
2,1,909,18.052,17.116,sprint,0.0,False
2,1,914,18.156,17.22,att,0.0,False
2,1,914,18.156,17.22,tmobile,0.0,False
2,1,914,18.156,17.22,verizon,0.0,False
2,1,914,18.156,17.22,sprint,0.0,False
2,1,919,18.26,17.324,att,0.0,False
2,1,919,18.26,17.324,tmobile,0.0,False
2,1,919,18.26,17.324,verizon,0.04,True
2,1,919,18.26,17.324,sprint,0.0,False
2,1,924,18.365,17.429,att,0.0,False
2,1,924,18.365,17.429,tmobile,0.0,False
2,1,924,18.365,17.429,verizon,0.04,True
2,1,924,18.365,17.429,sprint,0.0,False
2,1,929,18.469,17.533,att,0.0,False
2,1,929,18.469,17.533,tmobile,0.0,False
2,1,929,18.469,17.533,verizon,0.0,False
2,1,929,18.469,17.533,sprint,0.0,False
2,1,934,18.573,17.638,att,0.0,False
2,1,934,18.573,17.638,tmobile,0.0,False
2,1,934,18.573,17.638,verizon,0.04,True
2,1,934,18.573,17.638,sprint,0.04,True
2,1,939,18.678,17.742,att,0.0,False
2,1,939,18.678,17.742,tmobile,0.0,False
2,1,939,18.678,17.742,verizon,0.0,False
2,1,939,18.678,17.742,sprint,0.0,False
2,1,944,18.782,17.846,att,0.0,False
2,1,944,18.782,17.846,tmobile,0.08,True
2,1,944,18.782,17.846,verizon,0.2,True
2,1,944,18.782,17.846,sprint,0.0,False
2,1,949,18.886,17.951,att,0.0,False
2,1,949,18.886,17.951,tmobile,0.0,False
2,1,949,18.886,17.951,verizon,0.08,True
2,1,949,18.886,17.951,sprint,0.0,False
2,1,954,18.991,18.055,att,0.0,False
2,1,954,18.991,18.055,tmobile,0.0,False
2,1,954,18.991,18.055,verizon,0.32,True
2,1,954,18.991,18.055,sprint,0.0,False
2,1,959,19.095,18.159,att,0.0,False
2,1,959,19.095,18.159,tmobile,0.0,False
2,1,959,19.095,18.159,verizon,0.0,False
2,1,959,19.095,18.159,sprint,0.0,False
2,1,964,19.199,18.264,att,0.0,False
2,1,964,19.199,18.264,tmobile,0.0,False
2,1,964,19.199,18.264,verizon,0.0,False
2,1,964,19.199,18.264,sprint,0.0,False
2,1,969,19.304,18.368,att,0.0,False
2,1,969,19.304,18.368,tmobile,0.0,False
2,1,969,19.304,18.368,verizon,0.0,False
2,1,969,19.304,18.368,sprint,0.0,False
2,1,974,19.408,18.472,att,0.0,False
2,1,974,19.408,18.472,tmobile,0.0,False
2,1,974,19.408,18.472,verizon,0.0,False
2,1,974,19.408,18.472,sprint,0.0,False
2,1,979,19.512,18.577,att,0.0,False
2,1,979,19.512,18.577,tmobile,0.0,False
2,1,979,19.512,18.577,verizon,0.0,False
2,1,979,19.512,18.577,sprint,0.0,False
2,1,984,19.617,18.681,att,0.0,False
2,1,984,19.617,18.681,tmobile,0.0,False
2,1,984,19.617,18.681,verizon,0.0,False
2,1,984,19.617,18.681,sprint,0.0,False
2,1,989,19.721,18.785,att,0.0,False
2,1,989,19.721,18.785,tmobile,0.0,False
2,1,989,19.721,18.785,verizon,0.0,False
2,1,989,19.721,18.785,sprint,0.16,True
2,1,994,19.825,18.89,att,0.0,False
2,1,994,19.825,18.89,tmobile,0.0,False
2,1,994,19.825,18.89,verizon,0.0,False
2,1,994,19.825,18.89,sprint,0.0,False
2,1,999,19.93,18.994,att,0.0,False
2,1,999,19.93,18.994,tmobile,0.0,False
2,1,999,19.93,18.994,verizon,0.0,False
2,1,999,19.93,18.994,sprint,0.24,True
2,1,1004,20.034,19.098,att,0.0,False
2,1,1004,20.034,19.098,tmobile,0.0,False
2,1,1004,20.034,19.098,verizon,0.0,False
2,1,1004,20.034,19.098,sprint,0.0,False
2,1,1009,20.138,19.203,att,0.0,False
2,1,1009,20.138,19.203,tmobile,0.0,False
2,1,1009,20.138,19.203,verizon,0.0,False
2,1,1009,20.138,19.203,sprint,0.0,False
2,1,1014,20.243,19.307,att,0.0,False
2,1,1014,20.243,19.307,tmobile,0.0,False
2,1,1014,20.243,19.307,verizon,0.0,False
2,1,1014,20.243,19.307,sprint,0.0,False
2,1,1019,20.347,19.411,att,0.0,False
2,1,1019,20.347,19.411,tmobile,0.0,False
2,1,1019,20.347,19.411,verizon,0.0,False
2,1,1019,20.347,19.411,sprint,0.0,False
2,1,1024,20.451,19.516,att,0.0,False
2,1,1024,20.451,19.516,tmobile,0.0,False
2,1,1024,20.451,19.516,verizon,0.0,False
2,1,1024,20.451,19.516,sprint,0.0,False
2,1,1029,20.556,19.62,att,0.0,False
2,1,1029,20.556,19.62,tmobile,0.0,False
2,1,1029,20.556,19.62,verizon,0.0,False
2,1,1029,20.556,19.62,sprint,0.0,False
2,1,1034,20.66,19.724,att,0.0,False
2,1,1034,20.66,19.724,tmobile,0.0,False
2,1,1034,20.66,19.724,verizon,0.0,False
2,1,1034,20.66,19.724,sprint,0.0,False
2,1,1039,20.764,19.829,att,0.0,False
2,1,1039,20.764,19.829,tmobile,0.0,False
2,1,1039,20.764,19.829,verizon,0.0,False
2,1,1039,20.764,19.829,sprint,0.0,False
2,1,1044,20.869,19.933,att,0.0,False
2,1,1044,20.869,19.933,tmobile,0.0,False
2,1,1044,20.869,19.933,verizon,0.0,False
2,1,1044,20.869,19.933,sprint,0.0,False
2,1,1049,20.973,20.037,att,0.0,False
2,1,1049,20.973,20.037,tmobile,0.0,False
2,1,1049,20.973,20.037,verizon,0.0,False
2,1,1049,20.973,20.037,sprint,0.0,False
2,1,1054,21.078,20.142,att,0.0,False
2,1,1054,21.078,20.142,tmobile,0.0,False
2,1,1054,21.078,20.142,verizon,0.0,False
2,1,1054,21.078,20.142,sprint,0.0,False
2,1,1059,21.182,20.246,att,0.0,False
2,1,1059,21.182,20.246,tmobile,0.0,False
2,1,1059,21.182,20.246,verizon,0.0,False
2,1,1059,21.182,20.246,sprint,0.0,False
2,1,1064,21.286,20.35,att,0.0,False
2,1,1064,21.286,20.35,tmobile,0.0,False
2,1,1064,21.286,20.35,verizon,0.0,False
2,1,1064,21.286,20.35,sprint,0.0,False
2,1,1069,21.391,20.455,att,0.0,False
2,1,1069,21.391,20.455,tmobile,0.0,False
2,1,1069,21.391,20.455,verizon,0.08,True
2,1,1069,21.391,20.455,sprint,0.08,True
2,1,1074,21.495,20.559,att,0.0,False
2,1,1074,21.495,20.559,tmobile,0.0,False
2,1,1074,21.495,20.559,verizon,0.0,False
2,1,1074,21.495,20.559,sprint,0.12,True
2,1,1079,21.599,20.663,att,0.0,False
2,1,1079,21.599,20.663,tmobile,0.0,False
2,1,1079,21.599,20.663,verizon,0.04,True
2,1,1079,21.599,20.663,sprint,0.0,False
2,1,1084,21.704,20.768,att,0.0,False
2,1,1084,21.704,20.768,tmobile,0.0,False
2,1,1084,21.704,20.768,verizon,0.0,False
2,1,1084,21.704,20.768,sprint,0.08,True
2,1,1089,21.808,20.872,att,0.0,False
2,1,1089,21.808,20.872,tmobile,0.0,False
2,1,1089,21.808,20.872,verizon,0.0,False
2,1,1089,21.808,20.872,sprint,0.0,False
2,1,1094,21.912,20.977,att,0.0,False
2,1,1094,21.912,20.977,tmobile,0.0,False
2,1,1094,21.912,20.977,verizon,0.0,False
2,1,1094,21.912,20.977,sprint,0.0,False
2,1,1099,22.017,21.081,att,0.0,False
2,1,1099,22.017,21.081,tmobile,0.0,False
2,1,1099,22.017,21.081,verizon,0.0,False
2,1,1099,22.017,21.081,sprint,0.0,False
2,1,1104,22.121,21.185,att,0.0,False
2,1,1104,22.121,21.185,tmobile,0.0,False
2,1,1104,22.121,21.185,verizon,0.0,False
2,1,1104,22.121,21.185,sprint,0.0,False
2,1,1109,22.225,21.29,att,0.0,False
2,1,1109,22.225,21.29,tmobile,0.0,False
2,1,1109,22.225,21.29,verizon,0.0,False
2,1,1109,22.225,21.29,sprint,0.08,True
2,1,1114,22.33,21.394,att,0.0,False
2,1,1114,22.33,21.394,tmobile,0.0,False
2,1,1114,22.33,21.394,verizon,0.0,False
2,1,1114,22.33,21.394,sprint,0.0,False
2,1,1119,22.434,21.498,att,0.0,False
2,1,1119,22.434,21.498,tmobile,0.0,False
2,1,1119,22.434,21.498,verizon,0.0,False
2,1,1119,22.434,21.498,sprint,0.0,False
2,1,1124,22.538,21.603,att,0.0,False
2,1,1124,22.538,21.603,tmobile,0.0,False
2,1,1124,22.538,21.603,verizon,0.0,False
2,1,1124,22.538,21.603,sprint,0.0,False
2,1,1129,22.643,21.707,att,0.0,False
2,1,1129,22.643,21.707,tmobile,0.0,False
2,1,1129,22.643,21.707,verizon,0.0,False
2,1,1129,22.643,21.707,sprint,0.0,False
2,1,1134,22.747,21.811,att,0.0,False
2,1,1134,22.747,21.811,tmobile,0.0,False
2,1,1134,22.747,21.811,verizon,0.0,False
2,1,1134,22.747,21.811,sprint,0.0,False
2,1,1139,22.851,21.916,att,0.0,False
2,1,1139,22.851,21.916,tmobile,0.0,False
2,1,1139,22.851,21.916,verizon,0.0,False
2,1,1139,22.851,21.916,sprint,0.0,False
2,1,1144,22.956,22.02,att,0.0,False
2,1,1144,22.956,22.02,tmobile,0.0,False
2,1,1144,22.956,22.02,verizon,0.0,False
2,1,1144,22.956,22.02,sprint,0.0,False
2,1,1149,23.06,22.124,att,0.0,False
2,1,1149,23.06,22.124,tmobile,0.0,False
2,1,1149,23.06,22.124,verizon,0.0,False
2,1,1149,23.06,22.124,sprint,0.0,False
2,1,1154,23.164,22.229,att,0.0,False
2,1,1154,23.164,22.229,tmobile,0.0,False
2,1,1154,23.164,22.229,verizon,0.0,False
2,1,1154,23.164,22.229,sprint,0.0,False
2,1,1159,23.269,22.333,att,0.0,False
2,1,1159,23.269,22.333,tmobile,0.0,False
2,1,1159,23.269,22.333,verizon,0.0,False
2,1,1159,23.269,22.333,sprint,0.0,False
2,1,1164,23.373,22.437,att,0.0,False
2,1,1164,23.373,22.437,tmobile,0.0,False
2,1,1164,23.373,22.437,verizon,0.0,False
2,1,1164,23.373,22.437,sprint,0.0,False
2,1,1169,23.477,22.542,att,0.0,False
2,1,1169,23.477,22.542,tmobile,0.0,False
2,1,1169,23.477,22.542,verizon,0.0,False
2,1,1169,23.477,22.542,sprint,0.0,False
2,1,1174,23.582,22.646,att,0.0,False
2,1,1174,23.582,22.646,tmobile,0.0,False
2,1,1174,23.582,22.646,verizon,0.0,False
2,1,1174,23.582,22.646,sprint,0.0,False
2,1,1179,23.686,22.75,att,0.0,False
2,1,1179,23.686,22.75,tmobile,0.0,False
2,1,1179,23.686,22.75,verizon,0.0,False
2,1,1179,23.686,22.75,sprint,0.0,False
2,1,1184,23.79,22.855,att,0.0,False
2,1,1184,23.79,22.855,tmobile,0.0,False
2,1,1184,23.79,22.855,verizon,0.0,False
2,1,1184,23.79,22.855,sprint,0.0,False
2,1,1189,23.895,22.959,att,0.0,False
2,1,1189,23.895,22.959,tmobile,0.0,False
2,1,1189,23.895,22.959,verizon,0.0,False
2,1,1189,23.895,22.959,sprint,0.0,False
2,1,1194,23.999,23.063,att,0.0,False
2,1,1194,23.999,23.063,tmobile,0.0,False
2,1,1194,23.999,23.063,verizon,0.0,False
2,1,1194,23.999,23.063,sprint,0.0,False
2,1,1199,24.104,23.168,att,0.0,False
2,1,1199,24.104,23.168,tmobile,0.0,False
2,1,1199,24.104,23.168,verizon,0.0,False
2,1,1199,24.104,23.168,sprint,0.0,False
2,1,1204,24.208,23.272,att,0.0,False
2,1,1204,24.208,23.272,tmobile,0.0,False
2,1,1204,24.208,23.272,verizon,0.0,False
2,1,1204,24.208,23.272,sprint,0.0,False
2,1,1209,24.312,23.376,att,0.0,False
2,1,1209,24.312,23.376,tmobile,0.0,False
2,1,1209,24.312,23.376,verizon,0.08,True
2,1,1209,24.312,23.376,sprint,0.0,False
2,1,1214,24.417,23.481,att,0.0,False
2,1,1214,24.417,23.481,tmobile,0.0,False
2,1,1214,24.417,23.481,verizon,0.0,False
2,1,1214,24.417,23.481,sprint,0.0,False
2,1,1219,24.521,23.585,att,0.0,False
2,1,1219,24.521,23.585,tmobile,0.0,False
2,1,1219,24.521,23.585,verizon,0.0,False
2,1,1219,24.521,23.585,sprint,0.0,False
2,1,1224,24.625,23.689,att,0.0,False
2,1,1224,24.625,23.689,tmobile,0.0,False
2,1,1224,24.625,23.689,verizon,0.0,False
2,1,1224,24.625,23.689,sprint,0.0,False
2,1,1229,24.73,23.794,att,0.0,False
2,1,1229,24.73,23.794,tmobile,0.0,False
2,1,1229,24.73,23.794,verizon,0.0,False
2,1,1229,24.73,23.794,sprint,0.0,False
2,1,1234,24.834,23.898,att,0.0,False
2,1,1234,24.834,23.898,tmobile,0.0,False
2,1,1234,24.834,23.898,verizon,0.0,False
2,1,1234,24.834,23.898,sprint,0.0,False
2,1,1239,24.938,24.003,att,0.0,False
2,1,1239,24.938,24.003,tmobile,0.0,False
2,1,1239,24.938,24.003,verizon,0.0,False
2,1,1239,24.938,24.003,sprint,0.0,False
2,1,1244,25.043,24.107,att,0.0,False
2,1,1244,25.043,24.107,tmobile,0.0,False
2,1,1244,25.043,24.107,verizon,0.0,False
2,1,1244,25.043,24.107,sprint,0.0,False
2,1,1249,25.147,24.211,att,0.0,False
2,1,1249,25.147,24.211,tmobile,0.0,False
2,1,1249,25.147,24.211,verizon,0.0,False
2,1,1249,25.147,24.211,sprint,0.0,False
2,1,1254,25.251,24.316,att,0.0,False
2,1,1254,25.251,24.316,tmobile,0.0,False
2,1,1254,25.251,24.316,verizon,0.0,False
2,1,1254,25.251,24.316,sprint,0.0,False
2,1,1259,25.356,24.42,att,0.0,False
2,1,1259,25.356,24.42,tmobile,0.0,False
2,1,1259,25.356,24.42,verizon,0.0,False
2,1,1259,25.356,24.42,sprint,0.0,False
2,1,1264,25.46,24.524,att,0.0,False
2,1,1264,25.46,24.524,tmobile,0.0,False
2,1,1264,25.46,24.524,verizon,0.0,False
2,1,1264,25.46,24.524,sprint,0.0,False
2,1,1269,25.564,24.629,att,0.0,False
2,1,1269,25.564,24.629,tmobile,0.0,False
2,1,1269,25.564,24.629,verizon,0.0,False
2,1,1269,25.564,24.629,sprint,0.0,False
2,1,1274,25.669,24.733,att,0.0,False
2,1,1274,25.669,24.733,tmobile,0.0,False
2,1,1274,25.669,24.733,verizon,0.0,False
2,1,1274,25.669,24.733,sprint,0.0,False
2,1,1279,25.773,24.837,att,0.0,False
2,1,1279,25.773,24.837,tmobile,0.0,False
2,1,1279,25.773,24.837,verizon,0.0,False
2,1,1279,25.773,24.837,sprint,0.0,False
2,1,1284,25.877,24.942,att,0.0,False
2,1,1284,25.877,24.942,tmobile,0.0,False
2,1,1284,25.877,24.942,verizon,0.0,False
2,1,1284,25.877,24.942,sprint,0.0,False
2,1,1289,25.982,25.046,att,0.0,False
2,1,1289,25.982,25.046,tmobile,0.0,False
2,1,1289,25.982,25.046,verizon,0.0,False
2,1,1289,25.982,25.046,sprint,0.0,False
2,1,1294,26.086,25.15,att,0.0,False
2,1,1294,26.086,25.15,tmobile,0.0,False
2,1,1294,26.086,25.15,verizon,0.0,False
2,1,1294,26.086,25.15,sprint,0.0,False
2,1,1299,26.19,25.255,att,0.0,False
2,1,1299,26.19,25.255,tmobile,0.0,False
2,1,1299,26.19,25.255,verizon,0.0,False
2,1,1299,26.19,25.255,sprint,0.0,False
2,1,1304,26.295,25.359,att,0.0,False
2,1,1304,26.295,25.359,tmobile,0.0,False
2,1,1304,26.295,25.359,verizon,0.0,False
2,1,1304,26.295,25.359,sprint,0.0,False
2,1,1309,26.399,25.463,att,0.0,False
2,1,1309,26.399,25.463,tmobile,0.0,False
2,1,1309,26.399,25.463,verizon,0.2,True
2,1,1309,26.399,25.463,sprint,0.0,False
2,1,1314,26.503,25.568,att,0.0,False
2,1,1314,26.503,25.568,tmobile,0.0,False
2,1,1314,26.503,25.568,verizon,0.0,False
2,1,1314,26.503,25.568,sprint,0.0,False
3,2,44,0.0,-0.936,att,0.0,False
3,2,44,0.0,-0.936,tmobile,0.0,False
3,2,44,0.0,-0.936,verizon,0.0,False
3,2,44,0.0,-0.936,sprint,0.0,False
3,2,49,0.104,-0.831,att,0.0,False
3,2,49,0.104,-0.831,tmobile,0.0,False
3,2,49,0.104,-0.831,verizon,0.08,True
3,2,49,0.104,-0.831,sprint,0.0,False
3,2,54,0.209,-0.727,att,0.0,False
3,2,54,0.209,-0.727,tmobile,0.0,False
3,2,54,0.209,-0.727,verizon,0.04,True
3,2,54,0.209,-0.727,sprint,0.0,False
3,2,59,0.313,-0.623,att,0.0,False
3,2,59,0.313,-0.623,tmobile,0.0,False
3,2,59,0.313,-0.623,verizon,0.04,True
3,2,59,0.313,-0.623,sprint,0.0,False
3,2,64,0.417,-0.518,att,0.0,False
3,2,64,0.417,-0.518,tmobile,0.04,True
3,2,64,0.417,-0.518,verizon,0.08,True
3,2,64,0.417,-0.518,sprint,0.0,False
3,2,69,0.522,-0.414,att,0.0,False
3,2,69,0.522,-0.414,tmobile,0.0,False
3,2,69,0.522,-0.414,verizon,0.0,False
3,2,69,0.522,-0.414,sprint,0.0,False
3,2,74,0.626,-0.31,att,0.0,False
3,2,74,0.626,-0.31,tmobile,0.0,False
3,2,74,0.626,-0.31,verizon,0.0,False
3,2,74,0.626,-0.31,sprint,0.0,False
3,2,79,0.73,-0.205,att,0.0,False
3,2,79,0.73,-0.205,tmobile,0.0,False
3,2,79,0.73,-0.205,verizon,0.0,False
3,2,79,0.73,-0.205,sprint,0.0,False
3,2,84,0.835,-0.101,att,0.0,False
3,2,84,0.835,-0.101,tmobile,0.0,False
3,2,84,0.835,-0.101,verizon,0.0,False
3,2,84,0.835,-0.101,sprint,0.0,False
3,2,89,0.939,0.003,att,0.0,False
3,2,89,0.939,0.003,tmobile,0.0,False
3,2,89,0.939,0.003,verizon,0.0,False
3,2,89,0.939,0.003,sprint,0.0,False
3,2,94,1.043,0.108,att,0.0,False
3,2,94,1.043,0.108,tmobile,0.0,False
3,2,94,1.043,0.108,verizon,0.0,False
3,2,94,1.043,0.108,sprint,0.04,True
3,2,99,1.148,0.212,att,0.0,False
3,2,99,1.148,0.212,tmobile,0.12,True
3,2,99,1.148,0.212,verizon,0.08,True
3,2,99,1.148,0.212,sprint,0.0,False
3,2,104,1.252,0.316,att,0.0,False
3,2,104,1.252,0.316,tmobile,0.0,False
3,2,104,1.252,0.316,verizon,0.44,True
3,2,104,1.252,0.316,sprint,0.0,False
3,2,109,1.356,0.421,att,0.0,False
3,2,109,1.356,0.421,tmobile,0.0,False
3,2,109,1.356,0.421,verizon,0.0,False
3,2,109,1.356,0.421,sprint,0.0,False
3,2,114,1.461,0.525,att,0.0,False
3,2,114,1.461,0.525,tmobile,0.0,False
3,2,114,1.461,0.525,verizon,0.0,False
3,2,114,1.461,0.525,sprint,0.0,False
3,2,119,1.565,0.629,att,0.0,False
3,2,119,1.565,0.629,tmobile,0.0,False
3,2,119,1.565,0.629,verizon,0.0,False
3,2,119,1.565,0.629,sprint,0.0,False
3,2,124,1.67,0.734,att,0.0,False
3,2,124,1.67,0.734,tmobile,0.0,False
3,2,124,1.67,0.734,verizon,0.0,False
3,2,124,1.67,0.734,sprint,0.0,False
3,2,129,1.774,0.838,att,0.04,True
3,2,129,1.774,0.838,tmobile,0.0,False
3,2,129,1.774,0.838,verizon,0.0,False
3,2,129,1.774,0.838,sprint,0.0,False
3,2,134,1.878,0.942,att,0.0,False
3,2,134,1.878,0.942,tmobile,0.04,True
3,2,134,1.878,0.942,verizon,0.04,True
3,2,134,1.878,0.942,sprint,0.0,False
3,2,139,1.983,1.047,att,0.0,False
3,2,139,1.983,1.047,tmobile,0.0,False
3,2,139,1.983,1.047,verizon,0.04,True
3,2,139,1.983,1.047,sprint,0.0,False
3,2,144,2.087,1.151,att,0.0,False
3,2,144,2.087,1.151,tmobile,0.0,False
3,2,144,2.087,1.151,verizon,0.4,True
3,2,144,2.087,1.151,sprint,0.0,False
3,2,149,2.191,1.255,att,0.08,True
3,2,149,2.191,1.255,tmobile,0.0,False
3,2,149,2.191,1.255,verizon,0.0,False
3,2,149,2.191,1.255,sprint,0.0,False
3,2,154,2.296,1.36,att,0.0,False
3,2,154,2.296,1.36,tmobile,0.0,False
3,2,154,2.296,1.36,verizon,0.08,True
3,2,154,2.296,1.36,sprint,0.0,False
3,2,159,2.4,1.464,att,0.0,False
3,2,159,2.4,1.464,tmobile,0.04,True
3,2,159,2.4,1.464,verizon,0.04,True
3,2,159,2.4,1.464,sprint,0.08,True
3,2,164,2.504,1.569,att,0.0,False
3,2,164,2.504,1.569,tmobile,0.0,False
3,2,164,2.504,1.569,verizon,0.0,False
3,2,164,2.504,1.569,sprint,0.0,False
3,2,169,2.609,1.673,att,0.0,False
3,2,169,2.609,1.673,tmobile,0.0,False
3,2,169,2.609,1.673,verizon,0.0,False
3,2,169,2.609,1.673,sprint,0.0,False
3,2,174,2.713,1.777,att,0.0,False
3,2,174,2.713,1.777,tmobile,0.0,False
3,2,174,2.713,1.777,verizon,0.04,True
3,2,174,2.713,1.777,sprint,0.0,False
3,2,179,2.817,1.882,att,0.0,False
3,2,179,2.817,1.882,tmobile,0.0,False
3,2,179,2.817,1.882,verizon,0.04,True
3,2,179,2.817,1.882,sprint,0.0,False
3,2,184,2.922,1.986,att,0.0,False
3,2,184,2.922,1.986,tmobile,0.0,False
3,2,184,2.922,1.986,verizon,0.0,False
3,2,184,2.922,1.986,sprint,0.0,False
3,2,189,3.026,2.09,att,0.0,False
3,2,189,3.026,2.09,tmobile,0.0,False
3,2,189,3.026,2.09,verizon,0.08,True
3,2,189,3.026,2.09,sprint,0.04,True
3,2,194,3.13,2.195,att,0.16,True
3,2,194,3.13,2.195,tmobile,0.0,False
3,2,194,3.13,2.195,verizon,0.0,False
3,2,194,3.13,2.195,sprint,0.0,False
3,2,199,3.235,2.299,att,0.0,False
3,2,199,3.235,2.299,tmobile,0.0,False
3,2,199,3.235,2.299,verizon,0.0,False
3,2,199,3.235,2.299,sprint,0.0,False
3,2,204,3.339,2.403,att,0.0,False
3,2,204,3.339,2.403,tmobile,0.0,False
3,2,204,3.339,2.403,verizon,0.0,False
3,2,204,3.339,2.403,sprint,0.0,False
3,2,209,3.443,2.508,att,0.0,False
3,2,209,3.443,2.508,tmobile,0.0,False
3,2,209,3.443,2.508,verizon,0.0,False
3,2,209,3.443,2.508,sprint,0.0,False
3,2,214,3.548,2.612,att,0.0,False
3,2,214,3.548,2.612,tmobile,0.0,False
3,2,214,3.548,2.612,verizon,0.0,False
3,2,214,3.548,2.612,sprint,0.0,False
3,2,219,3.652,2.716,att,0.0,False
3,2,219,3.652,2.716,tmobile,0.0,False
3,2,219,3.652,2.716,verizon,0.0,False
3,2,219,3.652,2.716,sprint,0.0,False
3,2,224,3.756,2.821,att,0.0,False
3,2,224,3.756,2.821,tmobile,0.0,False
3,2,224,3.756,2.821,verizon,0.0,False
3,2,224,3.756,2.821,sprint,0.0,False
3,2,229,3.861,2.925,att,0.0,False
3,2,229,3.861,2.925,tmobile,0.0,False
3,2,229,3.861,2.925,verizon,0.0,False
3,2,229,3.861,2.925,sprint,0.0,False
3,2,234,3.965,3.029,att,0.0,False
3,2,234,3.965,3.029,tmobile,0.0,False
3,2,234,3.965,3.029,verizon,0.0,False
3,2,234,3.965,3.029,sprint,0.0,False
3,2,239,4.069,3.134,att,0.0,False
3,2,239,4.069,3.134,tmobile,0.0,False
3,2,239,4.069,3.134,verizon,0.04,True
3,2,239,4.069,3.134,sprint,0.0,False
3,2,244,4.174,3.238,att,0.0,False
3,2,244,4.174,3.238,tmobile,0.24,True
3,2,244,4.174,3.238,verizon,0.12,True
3,2,244,4.174,3.238,sprint,0.0,False
3,2,249,4.278,3.342,att,0.0,False
3,2,249,4.278,3.342,tmobile,0.04,True
3,2,249,4.278,3.342,verizon,0.0,False
3,2,249,4.278,3.342,sprint,0.0,False
3,2,254,4.382,3.447,att,0.0,False
3,2,254,4.382,3.447,tmobile,0.0,False
3,2,254,4.382,3.447,verizon,0.0,False
3,2,254,4.382,3.447,sprint,0.04,True
3,2,259,4.487,3.551,att,0.0,False
3,2,259,4.487,3.551,tmobile,0.0,False
3,2,259,4.487,3.551,verizon,0.08,True
3,2,259,4.487,3.551,sprint,0.04,True
3,2,264,4.591,3.655,att,0.0,False
3,2,264,4.591,3.655,tmobile,0.12,True
3,2,264,4.591,3.655,verizon,0.0,False
3,2,264,4.591,3.655,sprint,0.04,True
3,2,269,4.695,3.76,att,0.0,False
3,2,269,4.695,3.76,tmobile,0.0,False
3,2,269,4.695,3.76,verizon,0.0,False
3,2,269,4.695,3.76,sprint,0.16,True
3,2,274,4.8,3.864,att,0.0,False
3,2,274,4.8,3.864,tmobile,0.0,False
3,2,274,4.8,3.864,verizon,0.0,False
3,2,274,4.8,3.864,sprint,0.0,False
3,2,279,4.904,3.968,att,0.0,False
3,2,279,4.904,3.968,tmobile,0.0,False
3,2,279,4.904,3.968,verizon,0.04,True
3,2,279,4.904,3.968,sprint,0.08,True
3,2,284,5.009,4.073,att,0.0,False
3,2,284,5.009,4.073,tmobile,0.0,False
3,2,284,5.009,4.073,verizon,0.0,False
3,2,284,5.009,4.073,sprint,0.08,True
3,2,289,5.113,4.177,att,0.0,False
3,2,289,5.113,4.177,tmobile,0.0,False
3,2,289,5.113,4.177,verizon,0.08,True
3,2,289,5.113,4.177,sprint,0.0,False
3,2,294,5.217,4.281,att,0.0,False
3,2,294,5.217,4.281,tmobile,0.0,False
3,2,294,5.217,4.281,verizon,0.0,False
3,2,294,5.217,4.281,sprint,0.0,False
3,2,299,5.322,4.386,att,0.0,False
3,2,299,5.322,4.386,tmobile,0.0,False
3,2,299,5.322,4.386,verizon,0.0,False
3,2,299,5.322,4.386,sprint,0.0,False
3,2,304,5.426,4.49,att,0.0,False
3,2,304,5.426,4.49,tmobile,0.12,True
3,2,304,5.426,4.49,verizon,0.12,True
3,2,304,5.426,4.49,sprint,0.04,True
3,2,309,5.53,4.594,att,0.0,False
3,2,309,5.53,4.594,tmobile,0.0,False
3,2,309,5.53,4.594,verizon,0.0,False
3,2,309,5.53,4.594,sprint,0.0,False
3,2,314,5.635,4.699,att,0.0,False
3,2,314,5.635,4.699,tmobile,0.0,False
3,2,314,5.635,4.699,verizon,0.12,True
3,2,314,5.635,4.699,sprint,0.0,False
3,2,319,5.739,4.803,att,0.0,False
3,2,319,5.739,4.803,tmobile,0.0,False
3,2,319,5.739,4.803,verizon,0.04,True
3,2,319,5.739,4.803,sprint,0.0,False
3,2,324,5.843,4.908,att,0.0,False
3,2,324,5.843,4.908,tmobile,0.0,False
3,2,324,5.843,4.908,verizon,0.04,True
3,2,324,5.843,4.908,sprint,0.0,False
3,2,329,5.948,5.012,att,0.0,False
3,2,329,5.948,5.012,tmobile,0.0,False
3,2,329,5.948,5.012,verizon,0.0,False
3,2,329,5.948,5.012,sprint,0.24,True
3,2,334,6.052,5.116,att,0.04,True
3,2,334,6.052,5.116,tmobile,0.04,True
3,2,334,6.052,5.116,verizon,0.04,True
3,2,334,6.052,5.116,sprint,0.0,False
3,2,339,6.156,5.221,att,0.0,False
3,2,339,6.156,5.221,tmobile,0.0,False
3,2,339,6.156,5.221,verizon,0.0,False
3,2,339,6.156,5.221,sprint,0.08,True
3,2,344,6.261,5.325,att,0.0,False
3,2,344,6.261,5.325,tmobile,0.08,True
3,2,344,6.261,5.325,verizon,0.0,False
3,2,344,6.261,5.325,sprint,0.04,True
3,2,349,6.365,5.429,att,0.0,False
3,2,349,6.365,5.429,tmobile,0.0,False
3,2,349,6.365,5.429,verizon,0.08,True
3,2,349,6.365,5.429,sprint,0.04,True
3,2,354,6.469,5.534,att,0.0,False
3,2,354,6.469,5.534,tmobile,0.04,True
3,2,354,6.469,5.534,verizon,0.32,True
3,2,354,6.469,5.534,sprint,0.0,False
3,2,359,6.574,5.638,att,0.0,False
3,2,359,6.574,5.638,tmobile,0.0,False
3,2,359,6.574,5.638,verizon,0.0,False
3,2,359,6.574,5.638,sprint,0.0,False
3,2,364,6.678,5.742,att,0.0,False
3,2,364,6.678,5.742,tmobile,0.0,False
3,2,364,6.678,5.742,verizon,0.12,True
3,2,364,6.678,5.742,sprint,0.0,False
3,2,369,6.782,5.847,att,0.08,True
3,2,369,6.782,5.847,tmobile,0.0,False
3,2,369,6.782,5.847,verizon,0.04,True
3,2,369,6.782,5.847,sprint,0.0,False
3,2,374,6.887,5.951,att,0.0,False
3,2,374,6.887,5.951,tmobile,0.0,False
3,2,374,6.887,5.951,verizon,0.12,True
3,2,374,6.887,5.951,sprint,0.0,False
3,2,379,6.991,6.055,att,0.6,True
3,2,379,6.991,6.055,tmobile,0.0,False
3,2,379,6.991,6.055,verizon,0.04,True
3,2,379,6.991,6.055,sprint,0.12,True
3,2,384,7.095,6.16,att,0.0,False
3,2,384,7.095,6.16,tmobile,0.2,True
3,2,384,7.095,6.16,verizon,0.44,True
3,2,384,7.095,6.16,sprint,0.0,False
3,2,389,7.2,6.264,att,0.0,False
3,2,389,7.2,6.264,tmobile,0.2,True
3,2,389,7.2,6.264,verizon,0.52,True
3,2,389,7.2,6.264,sprint,0.0,False
3,2,394,7.304,6.368,att,0.0,False
3,2,394,7.304,6.368,tmobile,0.0,False
3,2,394,7.304,6.368,verizon,0.0,False
3,2,394,7.304,6.368,sprint,0.16,True
3,2,399,7.408,6.473,att,0.0,False
3,2,399,7.408,6.473,tmobile,0.24,True
3,2,399,7.408,6.473,verizon,0.0,False
3,2,399,7.408,6.473,sprint,0.24,True
3,2,404,7.513,6.577,att,0.0,False
3,2,404,7.513,6.577,tmobile,0.0,False
3,2,404,7.513,6.577,verizon,0.04,True
3,2,404,7.513,6.577,sprint,0.08,True
3,2,409,7.617,6.681,att,0.0,False
3,2,409,7.617,6.681,tmobile,0.0,False
3,2,409,7.617,6.681,verizon,0.12,True
3,2,409,7.617,6.681,sprint,0.0,False
3,2,414,7.721,6.786,att,0.0,False
3,2,414,7.721,6.786,tmobile,0.0,False
3,2,414,7.721,6.786,verizon,0.0,False
3,2,414,7.721,6.786,sprint,0.04,True
3,2,419,7.826,6.89,att,0.0,False
3,2,419,7.826,6.89,tmobile,0.04,True
3,2,419,7.826,6.89,verizon,0.04,True
3,2,419,7.826,6.89,sprint,0.0,False
3,2,424,7.93,6.994,att,0.0,False
3,2,424,7.93,6.994,tmobile,0.0,False
3,2,424,7.93,6.994,verizon,0.08,True
3,2,424,7.93,6.994,sprint,0.0,False
3,2,429,8.035,7.099,att,0.0,False
3,2,429,8.035,7.099,tmobile,0.0,False
3,2,429,8.035,7.099,verizon,0.04,True
3,2,429,8.035,7.099,sprint,0.0,False
3,2,434,8.139,7.203,att,0.0,False
3,2,434,8.139,7.203,tmobile,0.08,True
3,2,434,8.139,7.203,verizon,0.04,True
3,2,434,8.139,7.203,sprint,0.12,True
3,2,439,8.243,7.307,att,0.2,True
3,2,439,8.243,7.307,tmobile,0.0,False
3,2,439,8.243,7.307,verizon,0.0,False
3,2,439,8.243,7.307,sprint,0.0,False
3,2,444,8.348,7.412,att,0.0,False
3,2,444,8.348,7.412,tmobile,0.08,True
3,2,444,8.348,7.412,verizon,0.12,True
3,2,444,8.348,7.412,sprint,0.0,False
3,2,449,8.452,7.516,att,0.0,False
3,2,449,8.452,7.516,tmobile,0.0,False
3,2,449,8.452,7.516,verizon,0.0,False
3,2,449,8.452,7.516,sprint,0.04,True
3,2,454,8.556,7.62,att,0.0,False
3,2,454,8.556,7.62,tmobile,0.0,False
3,2,454,8.556,7.62,verizon,0.04,True
3,2,454,8.556,7.62,sprint,0.0,False
3,2,459,8.661,7.725,att,0.0,False
3,2,459,8.661,7.725,tmobile,0.0,False
3,2,459,8.661,7.725,verizon,0.04,True
3,2,459,8.661,7.725,sprint,0.0,False
3,2,464,8.765,7.829,att,0.0,False
3,2,464,8.765,7.829,tmobile,0.0,False
3,2,464,8.765,7.829,verizon,0.0,False
3,2,464,8.765,7.829,sprint,0.0,False
3,2,469,8.869,7.933,att,0.0,False
3,2,469,8.869,7.933,tmobile,0.0,False
3,2,469,8.869,7.933,verizon,0.0,False
3,2,469,8.869,7.933,sprint,0.0,False
3,2,474,8.974,8.038,att,0.0,False
3,2,474,8.974,8.038,tmobile,0.0,False
3,2,474,8.974,8.038,verizon,0.12,True
3,2,474,8.974,8.038,sprint,0.0,False
3,2,479,9.078,8.142,att,0.0,False
3,2,479,9.078,8.142,tmobile,0.0,False
3,2,479,9.078,8.142,verizon,0.0,False
3,2,479,9.078,8.142,sprint,0.0,False
3,2,484,9.182,8.247,att,0.0,False
3,2,484,9.182,8.247,tmobile,0.0,False
3,2,484,9.182,8.247,verizon,0.0,False
3,2,484,9.182,8.247,sprint,0.0,False
3,2,489,9.287,8.351,att,0.0,False
3,2,489,9.287,8.351,tmobile,0.04,True
3,2,489,9.287,8.351,verizon,0.16,True
3,2,489,9.287,8.351,sprint,0.0,False
3,2,494,9.391,8.455,att,0.0,False
3,2,494,9.391,8.455,tmobile,0.0,False
3,2,494,9.391,8.455,verizon,0.0,False
3,2,494,9.391,8.455,sprint,0.0,False
3,2,499,9.495,8.56,att,0.0,False
3,2,499,9.495,8.56,tmobile,0.0,False
3,2,499,9.495,8.56,verizon,0.08,True
3,2,499,9.495,8.56,sprint,0.0,False
3,2,504,9.6,8.664,att,0.0,False
3,2,504,9.6,8.664,tmobile,0.0,False
3,2,504,9.6,8.664,verizon,0.04,True
3,2,504,9.6,8.664,sprint,0.0,False
3,2,509,9.704,8.768,att,0.0,False
3,2,509,9.704,8.768,tmobile,0.0,False
3,2,509,9.704,8.768,verizon,0.0,False
3,2,509,9.704,8.768,sprint,0.0,False
3,2,514,9.808,8.873,att,0.0,False
3,2,514,9.808,8.873,tmobile,0.0,False
3,2,514,9.808,8.873,verizon,0.12,True
3,2,514,9.808,8.873,sprint,0.04,True
3,2,519,9.913,8.977,att,0.0,False
3,2,519,9.913,8.977,tmobile,0.0,False
3,2,519,9.913,8.977,verizon,0.12,True
3,2,519,9.913,8.977,sprint,0.0,False
3,2,524,10.017,9.081,att,0.0,False
3,2,524,10.017,9.081,tmobile,0.0,False
3,2,524,10.017,9.081,verizon,0.0,False
3,2,524,10.017,9.081,sprint,0.0,False
3,2,529,10.121,9.186,att,0.0,False
3,2,529,10.121,9.186,tmobile,0.24,True
3,2,529,10.121,9.186,verizon,0.08,True
3,2,529,10.121,9.186,sprint,0.04,True
3,2,534,10.226,9.29,att,0.0,False
3,2,534,10.226,9.29,tmobile,0.0,False
3,2,534,10.226,9.29,verizon,0.08,True
3,2,534,10.226,9.29,sprint,0.0,False
3,2,539,10.33,9.394,att,0.0,False
3,2,539,10.33,9.394,tmobile,0.0,False
3,2,539,10.33,9.394,verizon,0.32,True
3,2,539,10.33,9.394,sprint,0.0,False
3,2,544,10.434,9.499,att,0.0,False
3,2,544,10.434,9.499,tmobile,0.0,False
3,2,544,10.434,9.499,verizon,0.0,False
3,2,544,10.434,9.499,sprint,0.0,False
3,2,549,10.539,9.603,att,0.0,False
3,2,549,10.539,9.603,tmobile,0.0,False
3,2,549,10.539,9.603,verizon,0.0,False
3,2,549,10.539,9.603,sprint,0.0,False
3,2,554,10.643,9.707,att,0.0,False
3,2,554,10.643,9.707,tmobile,0.0,False
3,2,554,10.643,9.707,verizon,0.0,False
3,2,554,10.643,9.707,sprint,0.0,False
3,2,559,10.747,9.812,att,0.0,False
3,2,559,10.747,9.812,tmobile,0.0,False
3,2,559,10.747,9.812,verizon,0.0,False
3,2,559,10.747,9.812,sprint,0.0,False
3,2,564,10.852,9.916,att,0.0,False
3,2,564,10.852,9.916,tmobile,0.0,False
3,2,564,10.852,9.916,verizon,0.0,False
3,2,564,10.852,9.916,sprint,0.0,False
3,2,569,10.956,10.02,att,0.0,False
3,2,569,10.956,10.02,tmobile,0.0,False
3,2,569,10.956,10.02,verizon,0.0,False
3,2,569,10.956,10.02,sprint,0.0,False
3,2,574,11.06,10.125,att,0.0,False
3,2,574,11.06,10.125,tmobile,0.0,False
3,2,574,11.06,10.125,verizon,0.0,False
3,2,574,11.06,10.125,sprint,0.16,True
3,2,579,11.165,10.229,att,0.0,False
3,2,579,11.165,10.229,tmobile,0.0,False
3,2,579,11.165,10.229,verizon,0.0,False
3,2,579,11.165,10.229,sprint,0.0,False
3,2,584,11.269,10.333,att,0.0,False
3,2,584,11.269,10.333,tmobile,0.0,False
3,2,584,11.269,10.333,verizon,0.0,False
3,2,584,11.269,10.333,sprint,0.24,True
3,2,589,11.374,10.438,att,0.0,False
3,2,589,11.374,10.438,tmobile,0.0,False
3,2,589,11.374,10.438,verizon,0.0,False
3,2,589,11.374,10.438,sprint,0.0,False
3,2,594,11.478,10.542,att,0.0,False
3,2,594,11.478,10.542,tmobile,0.0,False
3,2,594,11.478,10.542,verizon,0.0,False
3,2,594,11.478,10.542,sprint,0.0,False
3,2,599,11.582,10.646,att,0.0,False
3,2,599,11.582,10.646,tmobile,0.0,False
3,2,599,11.582,10.646,verizon,0.0,False
3,2,599,11.582,10.646,sprint,0.0,False
3,2,604,11.687,10.751,att,0.0,False
3,2,604,11.687,10.751,tmobile,0.0,False
3,2,604,11.687,10.751,verizon,0.0,False
3,2,604,11.687,10.751,sprint,0.0,False
3,2,609,11.791,10.855,att,0.0,False
3,2,609,11.791,10.855,tmobile,0.0,False
3,2,609,11.791,10.855,verizon,0.0,False
3,2,609,11.791,10.855,sprint,0.0,False
3,2,614,11.895,10.959,att,0.0,False
3,2,614,11.895,10.959,tmobile,0.0,False
3,2,614,11.895,10.959,verizon,0.0,False
3,2,614,11.895,10.959,sprint,0.0,False
3,2,619,12.0,11.064,att,0.0,False
3,2,619,12.0,11.064,tmobile,0.0,False
3,2,619,12.0,11.064,verizon,0.0,False
3,2,619,12.0,11.064,sprint,0.0,False
3,2,624,12.104,11.168,att,0.0,False
3,2,624,12.104,11.168,tmobile,0.0,False
3,2,624,12.104,11.168,verizon,0.0,False
3,2,624,12.104,11.168,sprint,0.0,False
3,2,629,12.208,11.273,att,0.0,False
3,2,629,12.208,11.273,tmobile,0.0,False
3,2,629,12.208,11.273,verizon,0.0,False
3,2,629,12.208,11.273,sprint,0.0,False
3,2,634,12.313,11.377,att,0.0,False
3,2,634,12.313,11.377,tmobile,0.0,False
3,2,634,12.313,11.377,verizon,0.0,False
3,2,634,12.313,11.377,sprint,0.0,False
3,2,639,12.417,11.481,att,0.0,False
3,2,639,12.417,11.481,tmobile,0.0,False
3,2,639,12.417,11.481,verizon,0.0,False
3,2,639,12.417,11.481,sprint,0.0,False
3,2,644,12.521,11.586,att,0.0,False
3,2,644,12.521,11.586,tmobile,0.0,False
3,2,644,12.521,11.586,verizon,0.0,False
3,2,644,12.521,11.586,sprint,0.0,False
3,2,649,12.626,11.69,att,0.0,False
3,2,649,12.626,11.69,tmobile,0.0,False
3,2,649,12.626,11.69,verizon,0.0,False
3,2,649,12.626,11.69,sprint,0.0,False
3,2,654,12.73,11.794,att,0.0,False
3,2,654,12.73,11.794,tmobile,0.0,False
3,2,654,12.73,11.794,verizon,0.08,True
3,2,654,12.73,11.794,sprint,0.08,True
3,2,659,12.834,11.899,att,0.0,False
3,2,659,12.834,11.899,tmobile,0.0,False
3,2,659,12.834,11.899,verizon,0.0,False
3,2,659,12.834,11.899,sprint,0.12,True
3,2,664,12.939,12.003,att,0.0,False
3,2,664,12.939,12.003,tmobile,0.0,False
3,2,664,12.939,12.003,verizon,0.04,True
3,2,664,12.939,12.003,sprint,0.0,False
3,2,669,13.043,12.107,att,0.0,False
3,2,669,13.043,12.107,tmobile,0.0,False
3,2,669,13.043,12.107,verizon,0.0,False
3,2,669,13.043,12.107,sprint,0.08,True
3,2,674,13.147,12.212,att,0.0,False
3,2,674,13.147,12.212,tmobile,0.0,False
3,2,674,13.147,12.212,verizon,0.0,False
3,2,674,13.147,12.212,sprint,0.0,False
3,2,679,13.252,12.316,att,0.0,False
3,2,679,13.252,12.316,tmobile,0.0,False
3,2,679,13.252,12.316,verizon,0.0,False
3,2,679,13.252,12.316,sprint,0.0,False
3,2,684,13.356,12.42,att,0.0,False
3,2,684,13.356,12.42,tmobile,0.0,False
3,2,684,13.356,12.42,verizon,0.0,False
3,2,684,13.356,12.42,sprint,0.0,False
3,2,689,13.46,12.525,att,0.0,False
3,2,689,13.46,12.525,tmobile,0.0,False
3,2,689,13.46,12.525,verizon,0.0,False
3,2,689,13.46,12.525,sprint,0.0,False
3,2,694,13.565,12.629,att,0.0,False
3,2,694,13.565,12.629,tmobile,0.0,False
3,2,694,13.565,12.629,verizon,0.0,False
3,2,694,13.565,12.629,sprint,0.08,True
3,2,699,13.669,12.733,att,0.0,False
3,2,699,13.669,12.733,tmobile,0.0,False
3,2,699,13.669,12.733,verizon,0.0,False
3,2,699,13.669,12.733,sprint,0.0,False
3,2,704,13.773,12.838,att,0.0,False
3,2,704,13.773,12.838,tmobile,0.0,False
3,2,704,13.773,12.838,verizon,0.0,False
3,2,704,13.773,12.838,sprint,0.0,False
3,2,709,13.878,12.942,att,0.0,False
3,2,709,13.878,12.942,tmobile,0.0,False
3,2,709,13.878,12.942,verizon,0.0,False
3,2,709,13.878,12.942,sprint,0.0,False
3,2,714,13.982,13.046,att,0.04,True
3,2,714,13.982,13.046,tmobile,0.0,False
3,2,714,13.982,13.046,verizon,0.0,False
3,2,714,13.982,13.046,sprint,0.0,False
3,2,719,14.086,13.151,att,0.0,False
3,2,719,14.086,13.151,tmobile,0.0,False
3,2,719,14.086,13.151,verizon,0.0,False
3,2,719,14.086,13.151,sprint,0.0,False
3,2,724,14.191,13.255,att,0.0,False
3,2,724,14.191,13.255,tmobile,0.0,False
3,2,724,14.191,13.255,verizon,0.0,False
3,2,724,14.191,13.255,sprint,0.0,False
3,2,729,14.295,13.359,att,0.0,False
3,2,729,14.295,13.359,tmobile,0.0,False
3,2,729,14.295,13.359,verizon,0.0,False
3,2,729,14.295,13.359,sprint,0.0,False
3,2,734,14.399,13.464,att,0.0,False
3,2,734,14.399,13.464,tmobile,0.0,False
3,2,734,14.399,13.464,verizon,0.0,False
3,2,734,14.399,13.464,sprint,0.0,False
3,2,739,14.504,13.568,att,0.0,False
3,2,739,14.504,13.568,tmobile,0.0,False
3,2,739,14.504,13.568,verizon,0.0,False
3,2,739,14.504,13.568,sprint,0.0,False
3,2,744,14.608,13.672,att,0.0,False
3,2,744,14.608,13.672,tmobile,0.0,False
3,2,744,14.608,13.672,verizon,0.0,False
3,2,744,14.608,13.672,sprint,0.0,False
3,2,749,14.713,13.777,att,0.0,False
3,2,749,14.713,13.777,tmobile,0.0,False
3,2,749,14.713,13.777,verizon,0.0,False
3,2,749,14.713,13.777,sprint,0.0,False
3,2,754,14.817,13.881,att,0.0,False
3,2,754,14.817,13.881,tmobile,0.0,False
3,2,754,14.817,13.881,verizon,0.0,False
3,2,754,14.817,13.881,sprint,0.0,False
3,2,759,14.921,13.985,att,0.0,False
3,2,759,14.921,13.985,tmobile,0.0,False
3,2,759,14.921,13.985,verizon,0.0,False
3,2,759,14.921,13.985,sprint,0.0,False
3,2,764,15.026,14.09,att,0.0,False
3,2,764,15.026,14.09,tmobile,0.0,False
3,2,764,15.026,14.09,verizon,0.0,False
3,2,764,15.026,14.09,sprint,0.0,False
3,2,769,15.13,14.194,att,0.0,False
3,2,769,15.13,14.194,tmobile,0.0,False
3,2,769,15.13,14.194,verizon,0.0,False
3,2,769,15.13,14.194,sprint,0.0,False
3,2,774,15.234,14.298,att,0.0,False
3,2,774,15.234,14.298,tmobile,0.0,False
3,2,774,15.234,14.298,verizon,0.0,False
3,2,774,15.234,14.298,sprint,0.0,False
3,2,779,15.339,14.403,att,0.0,False
3,2,779,15.339,14.403,tmobile,0.0,False
3,2,779,15.339,14.403,verizon,0.0,False
3,2,779,15.339,14.403,sprint,0.0,False
3,2,784,15.443,14.507,att,0.0,False
3,2,784,15.443,14.507,tmobile,0.0,False
3,2,784,15.443,14.507,verizon,0.0,False
3,2,784,15.443,14.507,sprint,0.0,False
3,2,789,15.547,14.612,att,0.0,False
3,2,789,15.547,14.612,tmobile,0.0,False
3,2,789,15.547,14.612,verizon,0.0,False
3,2,789,15.547,14.612,sprint,0.0,False
3,2,794,15.652,14.716,att,0.0,False
3,2,794,15.652,14.716,tmobile,0.0,False
3,2,794,15.652,14.716,verizon,0.0,False
3,2,794,15.652,14.716,sprint,0.0,False
3,2,799,15.756,14.82,att,0.0,False
3,2,799,15.756,14.82,tmobile,0.0,False
3,2,799,15.756,14.82,verizon,0.0,False
3,2,799,15.756,14.82,sprint,0.0,False
3,2,804,15.86,14.925,att,0.0,False
3,2,804,15.86,14.925,tmobile,0.0,False
3,2,804,15.86,14.925,verizon,0.0,False
3,2,804,15.86,14.925,sprint,0.0,False
3,2,809,15.965,15.029,att,0.0,False
3,2,809,15.965,15.029,tmobile,0.0,False
3,2,809,15.965,15.029,verizon,0.0,False
3,2,809,15.965,15.029,sprint,0.0,False
3,2,814,16.069,15.133,att,0.0,False
3,2,814,16.069,15.133,tmobile,0.0,False
3,2,814,16.069,15.133,verizon,0.0,False
3,2,814,16.069,15.133,sprint,0.0,False
3,2,819,16.173,15.238,att,0.0,False
3,2,819,16.173,15.238,tmobile,0.0,False
3,2,819,16.173,15.238,verizon,0.0,False
3,2,819,16.173,15.238,sprint,0.0,False
3,2,824,16.278,15.342,att,0.0,False
3,2,824,16.278,15.342,tmobile,0.0,False
3,2,824,16.278,15.342,verizon,0.0,False
3,2,824,16.278,15.342,sprint,0.0,False
3,2,829,16.382,15.446,att,0.0,False
3,2,829,16.382,15.446,tmobile,0.0,False
3,2,829,16.382,15.446,verizon,0.0,False
3,2,829,16.382,15.446,sprint,0.0,False
3,2,834,16.486,15.551,att,0.0,False
3,2,834,16.486,15.551,tmobile,0.0,False
3,2,834,16.486,15.551,verizon,0.0,False
3,2,834,16.486,15.551,sprint,0.0,False
3,2,839,16.591,15.655,att,0.0,False
3,2,839,16.591,15.655,tmobile,0.04,True
3,2,839,16.591,15.655,verizon,0.12,True
3,2,839,16.591,15.655,sprint,0.0,False
3,2,844,16.695,15.759,att,0.2,True
3,2,844,16.695,15.759,tmobile,0.0,False
3,2,844,16.695,15.759,verizon,0.04,True
3,2,844,16.695,15.759,sprint,0.0,False
3,2,849,16.799,15.864,att,0.04,True
3,2,849,16.799,15.864,tmobile,0.0,False
3,2,849,16.799,15.864,verizon,0.04,True
3,2,849,16.799,15.864,sprint,0.0,False
3,2,854,16.904,15.968,att,0.0,False
3,2,854,16.904,15.968,tmobile,0.04,True
3,2,854,16.904,15.968,verizon,0.04,True
3,2,854,16.904,15.968,sprint,0.0,False
3,2,859,17.008,16.072,att,0.0,False
3,2,859,17.008,16.072,tmobile,0.04,True
3,2,859,17.008,16.072,verizon,0.04,True
3,2,859,17.008,16.072,sprint,0.0,False
3,2,864,17.112,16.177,att,0.08,True
3,2,864,17.112,16.177,tmobile,0.0,False
3,2,864,17.112,16.177,verizon,0.04,True
3,2,864,17.112,16.177,sprint,0.0,False
3,2,869,17.217,16.281,att,0.04,True
3,2,869,17.217,16.281,tmobile,0.0,False
3,2,869,17.217,16.281,verizon,0.0,False
3,2,869,17.217,16.281,sprint,0.0,False
3,2,874,17.321,16.385,att,0.0,False
3,2,874,17.321,16.385,tmobile,0.0,False
3,2,874,17.321,16.385,verizon,0.0,False
3,2,874,17.321,16.385,sprint,0.0,False
3,2,879,17.425,16.49,att,0.0,False
3,2,879,17.425,16.49,tmobile,0.04,True
3,2,879,17.425,16.49,verizon,0.04,True
3,2,879,17.425,16.49,sprint,0.0,False
3,2,884,17.53,16.594,att,0.0,False
3,2,884,17.53,16.594,tmobile,0.04,True
3,2,884,17.53,16.594,verizon,0.04,True
3,2,884,17.53,16.594,sprint,0.0,False
3,2,889,17.634,16.698,att,0.0,False
3,2,889,17.634,16.698,tmobile,0.0,False
3,2,889,17.634,16.698,verizon,0.04,True
3,2,889,17.634,16.698,sprint,0.0,False
3,2,894,17.739,16.803,att,0.0,False
3,2,894,17.739,16.803,tmobile,0.0,False
3,2,894,17.739,16.803,verizon,0.04,True
3,2,894,17.739,16.803,sprint,0.0,False
3,2,899,17.843,16.907,att,0.0,False
3,2,899,17.843,16.907,tmobile,0.0,False
3,2,899,17.843,16.907,verizon,0.0,False
3,2,899,17.843,16.907,sprint,0.08,True
3,2,904,17.947,17.011,att,0.04,True
3,2,904,17.947,17.011,tmobile,0.04,True
3,2,904,17.947,17.011,verizon,0.08,True
3,2,904,17.947,17.011,sprint,0.0,False
3,2,909,18.052,17.116,att,0.0,False
3,2,909,18.052,17.116,tmobile,0.04,True
3,2,909,18.052,17.116,verizon,0.04,True
3,2,909,18.052,17.116,sprint,0.0,False
3,2,914,18.156,17.22,att,0.0,False
3,2,914,18.156,17.22,tmobile,0.0,False
3,2,914,18.156,17.22,verizon,0.0,False
3,2,914,18.156,17.22,sprint,0.04,True
3,2,919,18.26,17.324,att,0.04,True
3,2,919,18.26,17.324,tmobile,0.04,True
3,2,919,18.26,17.324,verizon,0.0,False
3,2,919,18.26,17.324,sprint,0.0,False
3,2,924,18.365,17.429,att,0.0,False
3,2,924,18.365,17.429,tmobile,0.0,False
3,2,924,18.365,17.429,verizon,0.04,True
3,2,924,18.365,17.429,sprint,0.0,False
3,2,929,18.469,17.533,att,0.04,True
3,2,929,18.469,17.533,tmobile,0.04,True
3,2,929,18.469,17.533,verizon,0.0,False
3,2,929,18.469,17.533,sprint,0.0,False
3,2,934,18.573,17.638,att,0.0,False
3,2,934,18.573,17.638,tmobile,0.0,False
3,2,934,18.573,17.638,verizon,0.0,False
3,2,934,18.573,17.638,sprint,0.04,True
3,2,939,18.678,17.742,att,0.08,True
3,2,939,18.678,17.742,tmobile,0.08,True
3,2,939,18.678,17.742,verizon,0.08,True
3,2,939,18.678,17.742,sprint,0.04,True
3,2,944,18.782,17.846,att,0.0,False
3,2,944,18.782,17.846,tmobile,0.16,True
3,2,944,18.782,17.846,verizon,0.16,True
3,2,944,18.782,17.846,sprint,0.0,False
3,2,949,18.886,17.951,att,0.04,True
3,2,949,18.886,17.951,tmobile,0.0,False
3,2,949,18.886,17.951,verizon,0.0,False
3,2,949,18.886,17.951,sprint,0.0,False
3,2,954,18.991,18.055,att,0.04,True
3,2,954,18.991,18.055,tmobile,0.04,True
3,2,954,18.991,18.055,verizon,0.04,True
3,2,954,18.991,18.055,sprint,0.0,False
3,2,959,19.095,18.159,att,0.0,False
3,2,959,19.095,18.159,tmobile,0.0,False
3,2,959,19.095,18.159,verizon,0.0,False
3,2,959,19.095,18.159,sprint,0.0,False
4,3,45,0.0,-0.915,att,0.0,False
4,3,45,0.0,-0.915,tmobile,0.0,False
4,3,45,0.0,-0.915,verizon,0.0,False
4,3,45,0.0,-0.915,sprint,0.0,False
4,3,50,0.104,-0.811,att,0.0,False
4,3,50,0.104,-0.811,tmobile,0.0,False
4,3,50,0.104,-0.811,verizon,0.0,False
4,3,50,0.104,-0.811,sprint,0.0,False
4,3,55,0.209,-0.706,att,0.0,False
4,3,55,0.209,-0.706,tmobile,0.0,False
4,3,55,0.209,-0.706,verizon,0.0,False
4,3,55,0.209,-0.706,sprint,0.0,False
4,3,60,0.313,-0.602,att,0.0,False
4,3,60,0.313,-0.602,tmobile,0.0,False
4,3,60,0.313,-0.602,verizon,0.0,False
4,3,60,0.313,-0.602,sprint,0.0,False
4,3,65,0.417,-0.498,att,0.0,False
4,3,65,0.417,-0.498,tmobile,0.0,False
4,3,65,0.417,-0.498,verizon,0.0,False
4,3,65,0.417,-0.498,sprint,0.0,False
4,3,70,0.522,-0.393,att,0.0,False
4,3,70,0.522,-0.393,tmobile,0.0,False
4,3,70,0.522,-0.393,verizon,0.0,False
4,3,70,0.522,-0.393,sprint,0.0,False
4,3,75,0.626,-0.289,att,0.0,False
4,3,75,0.626,-0.289,tmobile,0.0,False
4,3,75,0.626,-0.289,verizon,0.0,False
4,3,75,0.626,-0.289,sprint,0.0,False
4,3,80,0.73,-0.184,att,0.0,False
4,3,80,0.73,-0.184,tmobile,0.0,False
4,3,80,0.73,-0.184,verizon,0.0,False
4,3,80,0.73,-0.184,sprint,0.0,False
4,3,85,0.835,-0.08,att,0.0,False
4,3,85,0.835,-0.08,tmobile,0.0,False
4,3,85,0.835,-0.08,verizon,0.0,False
4,3,85,0.835,-0.08,sprint,0.0,False
4,3,90,0.939,0.024,att,0.0,False
4,3,90,0.939,0.024,tmobile,0.0,False
4,3,90,0.939,0.024,verizon,0.0,False
4,3,90,0.939,0.024,sprint,0.0,False
4,3,95,1.043,0.129,att,0.0,False
4,3,95,1.043,0.129,tmobile,0.0,False
4,3,95,1.043,0.129,verizon,0.0,False
4,3,95,1.043,0.129,sprint,0.0,False
4,3,100,1.148,0.233,att,0.0,False
4,3,100,1.148,0.233,tmobile,0.04,True
4,3,100,1.148,0.233,verizon,0.04,True
4,3,100,1.148,0.233,sprint,0.0,False
4,3,105,1.252,0.337,att,0.0,False
4,3,105,1.252,0.337,tmobile,0.0,False
4,3,105,1.252,0.337,verizon,0.0,False
4,3,105,1.252,0.337,sprint,0.04,True
4,3,110,1.356,0.442,att,0.0,False
4,3,110,1.356,0.442,tmobile,0.08,True
4,3,110,1.356,0.442,verizon,0.0,False
4,3,110,1.356,0.442,sprint,0.0,False
4,3,115,1.461,0.546,att,0.0,False
4,3,115,1.461,0.546,tmobile,0.0,False
4,3,115,1.461,0.546,verizon,0.04,True
4,3,115,1.461,0.546,sprint,0.0,False
4,3,120,1.565,0.65,att,0.04,True
4,3,120,1.565,0.65,tmobile,0.0,False
4,3,120,1.565,0.65,verizon,0.0,False
4,3,120,1.565,0.65,sprint,0.0,False
4,3,125,1.67,0.755,att,0.0,False
4,3,125,1.67,0.755,tmobile,0.04,True
4,3,125,1.67,0.755,verizon,0.0,False
4,3,125,1.67,0.755,sprint,0.0,False
4,3,130,1.774,0.859,att,0.0,False
4,3,130,1.774,0.859,tmobile,0.08,True
4,3,130,1.774,0.859,verizon,0.04,True
4,3,130,1.774,0.859,sprint,0.0,False
4,3,135,1.878,0.963,att,0.0,False
4,3,135,1.878,0.963,tmobile,0.0,False
4,3,135,1.878,0.963,verizon,0.0,False
4,3,135,1.878,0.963,sprint,0.0,False
4,3,140,1.983,1.068,att,0.0,False
4,3,140,1.983,1.068,tmobile,0.04,True
4,3,140,1.983,1.068,verizon,0.0,False
4,3,140,1.983,1.068,sprint,0.0,False
4,3,145,2.087,1.172,att,0.0,False
4,3,145,2.087,1.172,tmobile,0.08,True
4,3,145,2.087,1.172,verizon,0.04,True
4,3,145,2.087,1.172,sprint,0.0,False
4,3,150,2.191,1.276,att,0.04,True
4,3,150,2.191,1.276,tmobile,0.0,False
4,3,150,2.191,1.276,verizon,0.04,True
4,3,150,2.191,1.276,sprint,0.0,False
4,3,155,2.296,1.381,att,0.0,False
4,3,155,2.296,1.381,tmobile,0.0,False
4,3,155,2.296,1.381,verizon,0.0,False
4,3,155,2.296,1.381,sprint,0.0,False
4,3,160,2.4,1.485,att,0.0,False
4,3,160,2.4,1.485,tmobile,0.0,False
4,3,160,2.4,1.485,verizon,0.0,False
4,3,160,2.4,1.485,sprint,0.0,False
4,3,165,2.504,1.589,att,0.04,True
4,3,165,2.504,1.589,tmobile,0.04,True
4,3,165,2.504,1.589,verizon,0.08,True
4,3,165,2.504,1.589,sprint,0.0,False
4,3,170,2.609,1.694,att,0.0,False
4,3,170,2.609,1.694,tmobile,0.0,False
4,3,170,2.609,1.694,verizon,0.0,False
4,3,170,2.609,1.694,sprint,0.04,True
4,3,175,2.713,1.798,att,0.0,False
4,3,175,2.713,1.798,tmobile,0.04,True
4,3,175,2.713,1.798,verizon,0.0,False
4,3,175,2.713,1.798,sprint,0.0,False
4,3,180,2.817,1.902,att,0.0,False
4,3,180,2.817,1.902,tmobile,0.04,True
4,3,180,2.817,1.902,verizon,0.0,False
4,3,180,2.817,1.902,sprint,0.0,False
4,3,185,2.922,2.007,att,0.04,True
4,3,185,2.922,2.007,tmobile,0.0,False
4,3,185,2.922,2.007,verizon,0.04,True
4,3,185,2.922,2.007,sprint,0.04,True
4,3,190,3.026,2.111,att,0.0,False
4,3,190,3.026,2.111,tmobile,0.0,False
4,3,190,3.026,2.111,verizon,0.0,False
4,3,190,3.026,2.111,sprint,0.0,False
4,3,195,3.13,2.215,att,0.0,False
4,3,195,3.13,2.215,tmobile,0.0,False
4,3,195,3.13,2.215,verizon,0.0,False
4,3,195,3.13,2.215,sprint,0.0,False
4,3,200,3.235,2.32,att,0.0,False
4,3,200,3.235,2.32,tmobile,0.0,False
4,3,200,3.235,2.32,verizon,0.0,False
4,3,200,3.235,2.32,sprint,0.04,True
4,3,205,3.339,2.424,att,0.0,False
4,3,205,3.339,2.424,tmobile,0.04,True
4,3,205,3.339,2.424,verizon,0.0,False
4,3,205,3.339,2.424,sprint,0.0,False
4,3,210,3.443,2.528,att,0.0,False
4,3,210,3.443,2.528,tmobile,0.0,False
4,3,210,3.443,2.528,verizon,0.0,False
4,3,210,3.443,2.528,sprint,0.0,False
4,3,215,3.548,2.633,att,0.04,True
4,3,215,3.548,2.633,tmobile,0.0,False
4,3,215,3.548,2.633,verizon,0.0,False
4,3,215,3.548,2.633,sprint,0.0,False
4,3,220,3.652,2.737,att,0.04,True
4,3,220,3.652,2.737,tmobile,0.04,True
4,3,220,3.652,2.737,verizon,0.04,True
4,3,220,3.652,2.737,sprint,0.0,False
4,3,225,3.756,2.842,att,0.0,False
4,3,225,3.756,2.842,tmobile,0.04,True
4,3,225,3.756,2.842,verizon,0.04,True
4,3,225,3.756,2.842,sprint,0.0,False
4,3,230,3.861,2.946,att,0.0,False
4,3,230,3.861,2.946,tmobile,0.0,False
4,3,230,3.861,2.946,verizon,0.0,False
4,3,230,3.861,2.946,sprint,0.0,False
4,3,235,3.965,3.05,att,0.04,True
4,3,235,3.965,3.05,tmobile,0.0,False
4,3,235,3.965,3.05,verizon,0.04,True
4,3,235,3.965,3.05,sprint,0.0,False
4,3,240,4.069,3.155,att,0.0,False
4,3,240,4.069,3.155,tmobile,0.0,False
4,3,240,4.069,3.155,verizon,0.0,False
4,3,240,4.069,3.155,sprint,0.0,False
4,3,245,4.174,3.259,att,0.0,False
4,3,245,4.174,3.259,tmobile,0.0,False
4,3,245,4.174,3.259,verizon,0.0,False
4,3,245,4.174,3.259,sprint,0.0,False
4,3,250,4.278,3.363,att,0.0,False
4,3,250,4.278,3.363,tmobile,0.0,False
4,3,250,4.278,3.363,verizon,0.04,True
4,3,250,4.278,3.363,sprint,0.0,False
4,3,255,4.382,3.468,att,0.0,False
4,3,255,4.382,3.468,tmobile,0.0,False
4,3,255,4.382,3.468,verizon,0.0,False
4,3,255,4.382,3.468,sprint,0.0,False
4,3,260,4.487,3.572,att,0.0,False
4,3,260,4.487,3.572,tmobile,0.0,False
4,3,260,4.487,3.572,verizon,0.0,False
4,3,260,4.487,3.572,sprint,0.0,False
4,3,265,4.591,3.676,att,0.0,False
4,3,265,4.591,3.676,tmobile,0.0,False
4,3,265,4.591,3.676,verizon,0.04,True
4,3,265,4.591,3.676,sprint,0.0,False
4,3,270,4.695,3.781,att,0.0,False
4,3,270,4.695,3.781,tmobile,0.04,True
4,3,270,4.695,3.781,verizon,0.04,True
4,3,270,4.695,3.781,sprint,0.04,True
4,3,275,4.8,3.885,att,0.0,False
4,3,275,4.8,3.885,tmobile,0.0,False
4,3,275,4.8,3.885,verizon,0.0,False
4,3,275,4.8,3.885,sprint,0.0,False
4,3,280,4.904,3.989,att,0.04,True
4,3,280,4.904,3.989,tmobile,0.04,True
4,3,280,4.904,3.989,verizon,0.04,True
4,3,280,4.904,3.989,sprint,0.0,False
4,3,285,5.009,4.094,att,0.0,False
4,3,285,5.009,4.094,tmobile,0.0,False
4,3,285,5.009,4.094,verizon,0.0,False
4,3,285,5.009,4.094,sprint,0.0,False
4,3,290,5.113,4.198,att,0.0,False
4,3,290,5.113,4.198,tmobile,0.04,True
4,3,290,5.113,4.198,verizon,0.04,True
4,3,290,5.113,4.198,sprint,0.0,False
4,3,295,5.217,4.302,att,0.0,False
4,3,295,5.217,4.302,tmobile,0.0,False
4,3,295,5.217,4.302,verizon,0.0,False
4,3,295,5.217,4.302,sprint,0.0,False
4,3,300,5.322,4.407,att,0.0,False
4,3,300,5.322,4.407,tmobile,0.0,False
4,3,300,5.322,4.407,verizon,0.0,False
4,3,300,5.322,4.407,sprint,0.04,True
4,3,305,5.426,4.511,att,0.04,True
4,3,305,5.426,4.511,tmobile,0.04,True
4,3,305,5.426,4.511,verizon,0.08,True
4,3,305,5.426,4.511,sprint,0.0,False
4,3,310,5.53,4.615,att,0.0,False
4,3,310,5.53,4.615,tmobile,0.0,False
4,3,310,5.53,4.615,verizon,0.0,False
4,3,310,5.53,4.615,sprint,0.0,False
4,3,315,5.635,4.72,att,0.04,True
4,3,315,5.635,4.72,tmobile,0.04,True
4,3,315,5.635,4.72,verizon,0.0,False
4,3,315,5.635,4.72,sprint,0.0,False
4,3,320,5.739,4.824,att,0.0,False
4,3,320,5.739,4.824,tmobile,0.0,False
4,3,320,5.739,4.824,verizon,0.04,True
4,3,320,5.739,4.824,sprint,0.0,False
4,3,325,5.843,4.928,att,0.04,True
4,3,325,5.843,4.928,tmobile,0.0,False
4,3,325,5.843,4.928,verizon,0.0,False
4,3,325,5.843,4.928,sprint,0.0,False
4,3,330,5.948,5.033,att,0.0,False
4,3,330,5.948,5.033,tmobile,0.0,False
4,3,330,5.948,5.033,verizon,0.0,False
4,3,330,5.948,5.033,sprint,0.0,False
4,3,335,6.052,5.137,att,0.0,False
4,3,335,6.052,5.137,tmobile,0.0,False
4,3,335,6.052,5.137,verizon,0.0,False
4,3,335,6.052,5.137,sprint,0.0,False
4,3,340,6.156,5.241,att,0.0,False
4,3,340,6.156,5.241,tmobile,0.0,False
4,3,340,6.156,5.241,verizon,0.0,False
4,3,340,6.156,5.241,sprint,0.0,False
4,3,345,6.261,5.346,att,0.0,False
4,3,345,6.261,5.346,tmobile,0.0,False
4,3,345,6.261,5.346,verizon,0.0,False
4,3,345,6.261,5.346,sprint,0.0,False
4,3,350,6.365,5.45,att,0.0,False
4,3,350,6.365,5.45,tmobile,0.0,False
4,3,350,6.365,5.45,verizon,0.0,False
4,3,350,6.365,5.45,sprint,0.0,False
4,3,355,6.469,5.554,att,0.0,False
4,3,355,6.469,5.554,tmobile,0.0,False
4,3,355,6.469,5.554,verizon,0.0,False
4,3,355,6.469,5.554,sprint,0.0,False
4,3,360,6.574,5.659,att,0.0,False
4,3,360,6.574,5.659,tmobile,0.0,False
4,3,360,6.574,5.659,verizon,0.0,False
4,3,360,6.574,5.659,sprint,0.0,False
4,3,365,6.678,5.763,att,0.0,False
4,3,365,6.678,5.763,tmobile,0.0,False
4,3,365,6.678,5.763,verizon,0.0,False
4,3,365,6.678,5.763,sprint,0.0,False
4,3,370,6.782,5.867,att,0.0,False
4,3,370,6.782,5.867,tmobile,0.0,False
4,3,370,6.782,5.867,verizon,0.0,False
4,3,370,6.782,5.867,sprint,0.0,False
4,3,375,6.887,5.972,att,0.0,False
4,3,375,6.887,5.972,tmobile,0.0,False
4,3,375,6.887,5.972,verizon,0.0,False
4,3,375,6.887,5.972,sprint,0.0,False
4,3,380,6.991,6.076,att,0.0,False
4,3,380,6.991,6.076,tmobile,0.0,False
4,3,380,6.991,6.076,verizon,0.0,False
4,3,380,6.991,6.076,sprint,0.0,False
4,3,385,7.095,6.181,att,0.0,False
4,3,385,7.095,6.181,tmobile,0.0,False
4,3,385,7.095,6.181,verizon,0.0,False
4,3,385,7.095,6.181,sprint,0.0,False
4,3,390,7.2,6.285,att,0.0,False
4,3,390,7.2,6.285,tmobile,0.0,False
4,3,390,7.2,6.285,verizon,0.0,False
4,3,390,7.2,6.285,sprint,0.0,False
4,3,395,7.304,6.389,att,0.0,False
4,3,395,7.304,6.389,tmobile,0.0,False
4,3,395,7.304,6.389,verizon,0.0,False
4,3,395,7.304,6.389,sprint,0.0,False
4,3,400,7.408,6.494,att,0.0,False
4,3,400,7.408,6.494,tmobile,0.0,False
4,3,400,7.408,6.494,verizon,0.0,False
4,3,400,7.408,6.494,sprint,0.0,False
4,3,405,7.513,6.598,att,0.0,False
4,3,405,7.513,6.598,tmobile,0.0,False
4,3,405,7.513,6.598,verizon,0.0,False
4,3,405,7.513,6.598,sprint,0.0,False
4,3,410,7.617,6.702,att,0.0,False
4,3,410,7.617,6.702,tmobile,0.0,False
4,3,410,7.617,6.702,verizon,0.0,False
4,3,410,7.617,6.702,sprint,0.0,False
4,3,415,7.721,6.807,att,0.0,False
4,3,415,7.721,6.807,tmobile,0.0,False
4,3,415,7.721,6.807,verizon,0.0,False
4,3,415,7.721,6.807,sprint,0.0,False
4,3,420,7.826,6.911,att,0.0,False
4,3,420,7.826,6.911,tmobile,0.0,False
4,3,420,7.826,6.911,verizon,0.0,False
4,3,420,7.826,6.911,sprint,0.08,True
4,3,425,7.93,7.015,att,0.0,False
4,3,425,7.93,7.015,tmobile,0.0,False
4,3,425,7.93,7.015,verizon,0.0,False
4,3,425,7.93,7.015,sprint,0.0,False
4,3,430,8.035,7.12,att,0.0,False
4,3,430,8.035,7.12,tmobile,0.0,False
4,3,430,8.035,7.12,verizon,0.0,False
4,3,430,8.035,7.12,sprint,0.0,False
4,3,435,8.139,7.224,att,0.0,False
4,3,435,8.139,7.224,tmobile,0.0,False
4,3,435,8.139,7.224,verizon,0.0,False
4,3,435,8.139,7.224,sprint,0.0,False
4,3,440,8.243,7.328,att,0.0,False
4,3,440,8.243,7.328,tmobile,0.0,False
4,3,440,8.243,7.328,verizon,0.0,False
4,3,440,8.243,7.328,sprint,0.0,False
4,3,445,8.348,7.433,att,0.0,False
4,3,445,8.348,7.433,tmobile,0.12,True
4,3,445,8.348,7.433,verizon,0.0,False
4,3,445,8.348,7.433,sprint,0.0,False
4,3,450,8.452,7.537,att,0.0,False
4,3,450,8.452,7.537,tmobile,0.08,True
4,3,450,8.452,7.537,verizon,0.0,False
4,3,450,8.452,7.537,sprint,0.0,False
4,3,455,8.556,7.641,att,0.0,False
4,3,455,8.556,7.641,tmobile,0.0,False
4,3,455,8.556,7.641,verizon,0.0,False
4,3,455,8.556,7.641,sprint,0.0,False
4,3,460,8.661,7.746,att,0.04,True
4,3,460,8.661,7.746,tmobile,0.0,False
4,3,460,8.661,7.746,verizon,0.0,False
4,3,460,8.661,7.746,sprint,0.0,False
4,3,465,8.765,7.85,att,0.0,False
4,3,465,8.765,7.85,tmobile,0.0,False
4,3,465,8.765,7.85,verizon,0.0,False
4,3,465,8.765,7.85,sprint,0.0,False
4,3,470,8.869,7.954,att,0.0,False
4,3,470,8.869,7.954,tmobile,0.0,False
4,3,470,8.869,7.954,verizon,0.04,True
4,3,470,8.869,7.954,sprint,0.0,False
4,3,475,8.974,8.059,att,0.0,False
4,3,475,8.974,8.059,tmobile,0.0,False
4,3,475,8.974,8.059,verizon,0.0,False
4,3,475,8.974,8.059,sprint,0.0,False
4,3,480,9.078,8.163,att,0.0,False
4,3,480,9.078,8.163,tmobile,0.0,False
4,3,480,9.078,8.163,verizon,0.0,False
4,3,480,9.078,8.163,sprint,0.0,False
4,3,485,9.182,8.267,att,0.04,True
4,3,485,9.182,8.267,tmobile,0.0,False
4,3,485,9.182,8.267,verizon,0.0,False
4,3,485,9.182,8.267,sprint,0.0,False
4,3,490,9.287,8.372,att,0.0,False
4,3,490,9.287,8.372,tmobile,0.0,False
4,3,490,9.287,8.372,verizon,0.0,False
4,3,490,9.287,8.372,sprint,0.0,False
4,3,495,9.391,8.476,att,0.0,False
4,3,495,9.391,8.476,tmobile,0.0,False
4,3,495,9.391,8.476,verizon,0.0,False
4,3,495,9.391,8.476,sprint,0.0,False
4,3,500,9.495,8.58,att,0.0,False
4,3,500,9.495,8.58,tmobile,0.0,False
4,3,500,9.495,8.58,verizon,0.0,False
4,3,500,9.495,8.58,sprint,0.0,False
4,3,505,9.6,8.685,att,0.0,False
4,3,505,9.6,8.685,tmobile,0.0,False
4,3,505,9.6,8.685,verizon,0.0,False
4,3,505,9.6,8.685,sprint,0.0,False
4,3,510,9.704,8.789,att,0.0,False
4,3,510,9.704,8.789,tmobile,0.0,False
4,3,510,9.704,8.789,verizon,0.0,False
4,3,510,9.704,8.789,sprint,0.0,False
4,3,515,9.808,8.893,att,0.0,False
4,3,515,9.808,8.893,tmobile,0.0,False
4,3,515,9.808,8.893,verizon,0.08,True
4,3,515,9.808,8.893,sprint,0.04,True
4,3,520,9.913,8.998,att,0.0,False
4,3,520,9.913,8.998,tmobile,0.0,False
4,3,520,9.913,8.998,verizon,0.0,False
4,3,520,9.913,8.998,sprint,0.0,False
4,3,525,10.017,9.102,att,0.0,False
4,3,525,10.017,9.102,tmobile,0.0,False
4,3,525,10.017,9.102,verizon,0.0,False
4,3,525,10.017,9.102,sprint,0.0,False
4,3,530,10.121,9.206,att,0.0,False
4,3,530,10.121,9.206,tmobile,0.0,False
4,3,530,10.121,9.206,verizon,0.0,False
4,3,530,10.121,9.206,sprint,0.0,False
4,3,535,10.226,9.311,att,0.0,False
4,3,535,10.226,9.311,tmobile,0.0,False
4,3,535,10.226,9.311,verizon,0.0,False
4,3,535,10.226,9.311,sprint,0.0,False
4,3,540,10.33,9.415,att,0.0,False
4,3,540,10.33,9.415,tmobile,0.0,False
4,3,540,10.33,9.415,verizon,0.0,False
4,3,540,10.33,9.415,sprint,0.0,False
4,3,545,10.434,9.52,att,0.0,False
4,3,545,10.434,9.52,tmobile,0.0,False
4,3,545,10.434,9.52,verizon,0.0,False
4,3,545,10.434,9.52,sprint,0.0,False
4,3,550,10.539,9.624,att,0.0,False
4,3,550,10.539,9.624,tmobile,0.0,False
4,3,550,10.539,9.624,verizon,0.0,False
4,3,550,10.539,9.624,sprint,0.0,False
4,3,555,10.643,9.728,att,0.0,False
4,3,555,10.643,9.728,tmobile,0.0,False
4,3,555,10.643,9.728,verizon,0.0,False
4,3,555,10.643,9.728,sprint,0.0,False
4,3,560,10.747,9.833,att,0.0,False
4,3,560,10.747,9.833,tmobile,0.0,False
4,3,560,10.747,9.833,verizon,0.0,False
4,3,560,10.747,9.833,sprint,0.04,True
4,3,565,10.852,9.937,att,0.0,False
4,3,565,10.852,9.937,tmobile,0.0,False
4,3,565,10.852,9.937,verizon,0.0,False
4,3,565,10.852,9.937,sprint,0.0,False
4,3,570,10.956,10.041,att,0.0,False
4,3,570,10.956,10.041,tmobile,0.0,False
4,3,570,10.956,10.041,verizon,0.0,False
4,3,570,10.956,10.041,sprint,0.0,False
4,3,575,11.06,10.146,att,0.0,False
4,3,575,11.06,10.146,tmobile,0.0,False
4,3,575,11.06,10.146,verizon,0.0,False
4,3,575,11.06,10.146,sprint,0.0,False
4,3,580,11.165,10.25,att,0.0,False
4,3,580,11.165,10.25,tmobile,0.0,False
4,3,580,11.165,10.25,verizon,0.0,False
4,3,580,11.165,10.25,sprint,0.0,False
4,3,585,11.269,10.354,att,0.0,False
4,3,585,11.269,10.354,tmobile,0.0,False
4,3,585,11.269,10.354,verizon,0.0,False
4,3,585,11.269,10.354,sprint,0.0,False
4,3,590,11.374,10.459,att,0.0,False
4,3,590,11.374,10.459,tmobile,0.0,False
4,3,590,11.374,10.459,verizon,0.0,False
4,3,590,11.374,10.459,sprint,0.0,False
4,3,595,11.478,10.563,att,0.0,False
4,3,595,11.478,10.563,tmobile,0.0,False
4,3,595,11.478,10.563,verizon,0.0,False
4,3,595,11.478,10.563,sprint,0.0,False
4,3,600,11.582,10.667,att,0.0,False
4,3,600,11.582,10.667,tmobile,0.0,False
4,3,600,11.582,10.667,verizon,0.0,False
4,3,600,11.582,10.667,sprint,0.0,False
4,3,605,11.687,10.772,att,0.0,False
4,3,605,11.687,10.772,tmobile,0.0,False
4,3,605,11.687,10.772,verizon,0.0,False
4,3,605,11.687,10.772,sprint,0.0,False
4,3,610,11.791,10.876,att,0.0,False
4,3,610,11.791,10.876,tmobile,0.0,False
4,3,610,11.791,10.876,verizon,0.0,False
4,3,610,11.791,10.876,sprint,0.0,False
4,3,615,11.895,10.98,att,0.0,False
4,3,615,11.895,10.98,tmobile,0.0,False
4,3,615,11.895,10.98,verizon,0.0,False
4,3,615,11.895,10.98,sprint,0.0,False
4,3,620,12.0,11.085,att,0.0,False
4,3,620,12.0,11.085,tmobile,0.0,False
4,3,620,12.0,11.085,verizon,0.0,False
4,3,620,12.0,11.085,sprint,0.0,False
4,3,625,12.104,11.189,att,0.0,False
4,3,625,12.104,11.189,tmobile,0.16,True
4,3,625,12.104,11.189,verizon,0.16,True
4,3,625,12.104,11.189,sprint,0.12,True
4,3,630,12.208,11.293,att,0.0,False
4,3,630,12.208,11.293,tmobile,0.48,True
4,3,630,12.208,11.293,verizon,0.08,True
4,3,630,12.208,11.293,sprint,0.0,False
4,3,635,12.313,11.398,att,0.0,False
4,3,635,12.313,11.398,tmobile,0.0,False
4,3,635,12.313,11.398,verizon,0.0,False
4,3,635,12.313,11.398,sprint,0.0,False
4,3,640,12.417,11.502,att,0.0,False
4,3,640,12.417,11.502,tmobile,0.0,False
4,3,640,12.417,11.502,verizon,0.08,True
4,3,640,12.417,11.502,sprint,0.0,False
4,3,645,12.521,11.606,att,0.0,False
4,3,645,12.521,11.606,tmobile,0.08,True
4,3,645,12.521,11.606,verizon,0.16,True
4,3,645,12.521,11.606,sprint,0.0,False
4,3,650,12.626,11.711,att,0.0,False
4,3,650,12.626,11.711,tmobile,0.0,False
4,3,650,12.626,11.711,verizon,0.0,False
4,3,650,12.626,11.711,sprint,0.04,True
4,3,655,12.73,11.815,att,0.0,False
4,3,655,12.73,11.815,tmobile,0.0,False
4,3,655,12.73,11.815,verizon,0.12,True
4,3,655,12.73,11.815,sprint,0.0,False
4,3,660,12.834,11.919,att,0.0,False
4,3,660,12.834,11.919,tmobile,0.04,True
4,3,660,12.834,11.919,verizon,0.0,False
4,3,660,12.834,11.919,sprint,0.08,True
4,3,665,12.939,12.024,att,0.0,False
4,3,665,12.939,12.024,tmobile,0.04,True
4,3,665,12.939,12.024,verizon,0.0,False
4,3,665,12.939,12.024,sprint,0.0,False
4,3,670,13.043,12.128,att,0.16,True
4,3,670,13.043,12.128,tmobile,0.08,True
4,3,670,13.043,12.128,verizon,0.12,True
4,3,670,13.043,12.128,sprint,0.0,False
4,3,675,13.147,12.232,att,0.0,False
4,3,675,13.147,12.232,tmobile,0.04,True
4,3,675,13.147,12.232,verizon,0.0,False
4,3,675,13.147,12.232,sprint,0.0,False
4,3,680,13.252,12.337,att,0.0,False
4,3,680,13.252,12.337,tmobile,0.0,False
4,3,680,13.252,12.337,verizon,0.0,False
4,3,680,13.252,12.337,sprint,0.04,True
4,3,685,13.356,12.441,att,0.0,False
4,3,685,13.356,12.441,tmobile,0.0,False
4,3,685,13.356,12.441,verizon,0.0,False
4,3,685,13.356,12.441,sprint,0.0,False
4,3,690,13.46,12.546,att,0.0,False
4,3,690,13.46,12.546,tmobile,0.0,False
4,3,690,13.46,12.546,verizon,0.0,False
4,3,690,13.46,12.546,sprint,0.0,False
4,3,695,13.565,12.65,att,0.0,False
4,3,695,13.565,12.65,tmobile,0.0,False
4,3,695,13.565,12.65,verizon,0.0,False
4,3,695,13.565,12.65,sprint,0.0,False
4,3,700,13.669,12.754,att,0.0,False
4,3,700,13.669,12.754,tmobile,0.0,False
4,3,700,13.669,12.754,verizon,0.0,False
4,3,700,13.669,12.754,sprint,0.0,False
4,3,705,13.773,12.859,att,0.0,False
4,3,705,13.773,12.859,tmobile,0.0,False
4,3,705,13.773,12.859,verizon,0.0,False
4,3,705,13.773,12.859,sprint,0.0,False
4,3,710,13.878,12.963,att,0.0,False
4,3,710,13.878,12.963,tmobile,0.24,True
4,3,710,13.878,12.963,verizon,0.08,True
4,3,710,13.878,12.963,sprint,0.0,False
4,3,715,13.982,13.067,att,0.04,True
4,3,715,13.982,13.067,tmobile,0.08,True
4,3,715,13.982,13.067,verizon,0.0,False
4,3,715,13.982,13.067,sprint,0.0,False
4,3,720,14.086,13.172,att,0.0,False
4,3,720,14.086,13.172,tmobile,0.0,False
4,3,720,14.086,13.172,verizon,0.0,False
4,3,720,14.086,13.172,sprint,0.0,False
4,3,725,14.191,13.276,att,0.0,False
4,3,725,14.191,13.276,tmobile,0.0,False
4,3,725,14.191,13.276,verizon,0.12,True
4,3,725,14.191,13.276,sprint,0.0,False
4,3,730,14.295,13.38,att,0.0,False
4,3,730,14.295,13.38,tmobile,0.0,False
4,3,730,14.295,13.38,verizon,0.0,False
4,3,730,14.295,13.38,sprint,0.0,False
4,3,735,14.399,13.485,att,0.0,False
4,3,735,14.399,13.485,tmobile,0.0,False
4,3,735,14.399,13.485,verizon,0.0,False
4,3,735,14.399,13.485,sprint,0.0,False
4,3,740,14.504,13.589,att,0.0,False
4,3,740,14.504,13.589,tmobile,0.0,False
4,3,740,14.504,13.589,verizon,0.0,False
4,3,740,14.504,13.589,sprint,0.0,False
4,3,745,14.608,13.693,att,0.04,True
4,3,745,14.608,13.693,tmobile,0.0,False
4,3,745,14.608,13.693,verizon,0.0,False
4,3,745,14.608,13.693,sprint,0.32,True
4,3,750,14.713,13.798,att,0.0,False
4,3,750,14.713,13.798,tmobile,0.0,False
4,3,750,14.713,13.798,verizon,0.0,False
4,3,750,14.713,13.798,sprint,0.08,True
4,3,755,14.817,13.902,att,0.0,False
4,3,755,14.817,13.902,tmobile,0.0,False
4,3,755,14.817,13.902,verizon,0.0,False
4,3,755,14.817,13.902,sprint,0.0,False
4,3,760,14.921,14.006,att,0.0,False
4,3,760,14.921,14.006,tmobile,0.0,False
4,3,760,14.921,14.006,verizon,0.12,True
4,3,760,14.921,14.006,sprint,0.0,False
4,3,765,15.026,14.111,att,0.0,False
4,3,765,15.026,14.111,tmobile,0.0,False
4,3,765,15.026,14.111,verizon,0.24,True
4,3,765,15.026,14.111,sprint,0.0,False
4,3,770,15.13,14.215,att,0.0,False
4,3,770,15.13,14.215,tmobile,0.0,False
4,3,770,15.13,14.215,verizon,0.44,True
4,3,770,15.13,14.215,sprint,0.0,False
4,3,775,15.234,14.319,att,0.0,False
4,3,775,15.234,14.319,tmobile,0.0,False
4,3,775,15.234,14.319,verizon,0.0,False
4,3,775,15.234,14.319,sprint,0.08,True
4,3,780,15.339,14.424,att,0.0,False
4,3,780,15.339,14.424,tmobile,0.0,False
4,3,780,15.339,14.424,verizon,0.0,False
4,3,780,15.339,14.424,sprint,0.0,False
4,3,785,15.443,14.528,att,0.0,False
4,3,785,15.443,14.528,tmobile,0.0,False
4,3,785,15.443,14.528,verizon,0.0,False
4,3,785,15.443,14.528,sprint,0.0,False
4,3,790,15.547,14.632,att,0.0,False
4,3,790,15.547,14.632,tmobile,0.0,False
4,3,790,15.547,14.632,verizon,0.04,True
4,3,790,15.547,14.632,sprint,0.16,True
4,3,795,15.652,14.737,att,0.0,False
4,3,795,15.652,14.737,tmobile,0.0,False
4,3,795,15.652,14.737,verizon,0.0,False
4,3,795,15.652,14.737,sprint,0.04,True
4,3,800,15.756,14.841,att,0.0,False
4,3,800,15.756,14.841,tmobile,0.0,False
4,3,800,15.756,14.841,verizon,0.0,False
4,3,800,15.756,14.841,sprint,0.0,False
4,3,805,15.86,14.945,att,0.0,False
4,3,805,15.86,14.945,tmobile,0.0,False
4,3,805,15.86,14.945,verizon,0.0,False
4,3,805,15.86,14.945,sprint,0.0,False
4,3,810,15.965,15.05,att,0.0,False
4,3,810,15.965,15.05,tmobile,0.0,False
4,3,810,15.965,15.05,verizon,0.0,False
4,3,810,15.965,15.05,sprint,0.0,False
4,3,815,16.069,15.154,att,0.0,False
4,3,815,16.069,15.154,tmobile,0.0,False
4,3,815,16.069,15.154,verizon,0.12,True
4,3,815,16.069,15.154,sprint,0.0,False
4,3,820,16.173,15.258,att,0.0,False
4,3,820,16.173,15.258,tmobile,0.0,False
4,3,820,16.173,15.258,verizon,0.04,True
4,3,820,16.173,15.258,sprint,0.04,True
4,3,825,16.278,15.363,att,0.0,False
4,3,825,16.278,15.363,tmobile,0.0,False
4,3,825,16.278,15.363,verizon,0.0,False
4,3,825,16.278,15.363,sprint,0.0,False
4,3,830,16.382,15.467,att,0.0,False
4,3,830,16.382,15.467,tmobile,0.0,False
4,3,830,16.382,15.467,verizon,0.0,False
4,3,830,16.382,15.467,sprint,0.0,False
4,3,835,16.486,15.571,att,0.0,False
4,3,835,16.486,15.571,tmobile,0.0,False
4,3,835,16.486,15.571,verizon,0.0,False
4,3,835,16.486,15.571,sprint,0.0,False
4,3,840,16.591,15.676,att,0.0,False
4,3,840,16.591,15.676,tmobile,0.0,False
4,3,840,16.591,15.676,verizon,0.04,True
4,3,840,16.591,15.676,sprint,0.0,False
4,3,845,16.695,15.78,att,0.0,False
4,3,845,16.695,15.78,tmobile,0.0,False
4,3,845,16.695,15.78,verizon,0.0,False
4,3,845,16.695,15.78,sprint,0.0,False
4,3,850,16.799,15.885,att,0.0,False
4,3,850,16.799,15.885,tmobile,0.0,False
4,3,850,16.799,15.885,verizon,0.0,False
4,3,850,16.799,15.885,sprint,0.0,False
4,3,855,16.904,15.989,att,0.0,False
4,3,855,16.904,15.989,tmobile,0.0,False
4,3,855,16.904,15.989,verizon,0.0,False
4,3,855,16.904,15.989,sprint,0.0,False
4,3,860,17.008,16.093,att,0.0,False
4,3,860,17.008,16.093,tmobile,0.0,False
4,3,860,17.008,16.093,verizon,0.0,False
4,3,860,17.008,16.093,sprint,0.0,False
4,3,865,17.112,16.198,att,0.0,False
4,3,865,17.112,16.198,tmobile,0.0,False
4,3,865,17.112,16.198,verizon,0.0,False
4,3,865,17.112,16.198,sprint,0.0,False
4,3,870,17.217,16.302,att,0.0,False
4,3,870,17.217,16.302,tmobile,0.0,False
4,3,870,17.217,16.302,verizon,0.0,False
4,3,870,17.217,16.302,sprint,0.0,False
4,3,875,17.321,16.406,att,0.0,False
4,3,875,17.321,16.406,tmobile,0.0,False
4,3,875,17.321,16.406,verizon,0.0,False
4,3,875,17.321,16.406,sprint,0.0,False
4,3,880,17.425,16.511,att,0.0,False
4,3,880,17.425,16.511,tmobile,0.0,False
4,3,880,17.425,16.511,verizon,0.0,False
4,3,880,17.425,16.511,sprint,0.0,False
4,3,885,17.53,16.615,att,0.0,False
4,3,885,17.53,16.615,tmobile,0.0,False
4,3,885,17.53,16.615,verizon,0.0,False
4,3,885,17.53,16.615,sprint,0.0,False
4,3,890,17.634,16.719,att,0.0,False
4,3,890,17.634,16.719,tmobile,0.0,False
4,3,890,17.634,16.719,verizon,0.0,False
4,3,890,17.634,16.719,sprint,0.0,False
4,3,895,17.739,16.824,att,0.0,False
4,3,895,17.739,16.824,tmobile,0.0,False
4,3,895,17.739,16.824,verizon,0.0,False
4,3,895,17.739,16.824,sprint,0.0,False
4,3,900,17.843,16.928,att,0.0,False
4,3,900,17.843,16.928,tmobile,0.0,False
4,3,900,17.843,16.928,verizon,0.0,False
4,3,900,17.843,16.928,sprint,0.0,False
4,3,905,17.947,17.032,att,0.0,False
4,3,905,17.947,17.032,tmobile,0.04,True
4,3,905,17.947,17.032,verizon,0.4,True
4,3,905,17.947,17.032,sprint,0.0,False
4,3,910,18.052,17.137,att,0.0,False
4,3,910,18.052,17.137,tmobile,0.0,False
4,3,910,18.052,17.137,verizon,0.28,True
4,3,910,18.052,17.137,sprint,0.04,True
4,3,915,18.156,17.241,att,0.0,False
4,3,915,18.156,17.241,tmobile,0.0,False
4,3,915,18.156,17.241,verizon,0.0,False
4,3,915,18.156,17.241,sprint,0.0,False
4,3,920,18.26,17.345,att,0.04,True
4,3,920,18.26,17.345,tmobile,0.0,False
4,3,920,18.26,17.345,verizon,0.0,False
4,3,920,18.26,17.345,sprint,0.0,False
4,3,925,18.365,17.45,att,0.0,False
4,3,925,18.365,17.45,tmobile,0.0,False
4,3,925,18.365,17.45,verizon,0.24,True
4,3,925,18.365,17.45,sprint,0.0,False
4,3,930,18.469,17.554,att,0.0,False
4,3,930,18.469,17.554,tmobile,0.0,False
4,3,930,18.469,17.554,verizon,0.04,True
4,3,930,18.469,17.554,sprint,0.0,False
4,3,935,18.573,17.658,att,0.0,False
4,3,935,18.573,17.658,tmobile,0.04,True
4,3,935,18.573,17.658,verizon,0.08,True
4,3,935,18.573,17.658,sprint,0.0,False
4,3,940,18.678,17.763,att,0.04,True
4,3,940,18.678,17.763,tmobile,0.0,False
4,3,940,18.678,17.763,verizon,0.0,False
4,3,940,18.678,17.763,sprint,0.0,False
4,3,945,18.782,17.867,att,0.0,False
4,3,945,18.782,17.867,tmobile,0.0,False
4,3,945,18.782,17.867,verizon,0.0,False
4,3,945,18.782,17.867,sprint,0.0,False
4,3,950,18.886,17.971,att,0.0,False
4,3,950,18.886,17.971,tmobile,0.0,False
4,3,950,18.886,17.971,verizon,0.0,False
4,3,950,18.886,17.971,sprint,0.0,False
4,3,955,18.991,18.076,att,0.0,False
4,3,955,18.991,18.076,tmobile,0.0,False
4,3,955,18.991,18.076,verizon,0.0,False
4,3,955,18.991,18.076,sprint,0.0,False
4,3,960,19.095,18.18,att,0.0,False
4,3,960,19.095,18.18,tmobile,0.0,False
4,3,960,19.095,18.18,verizon,0.0,False
4,3,960,19.095,18.18,sprint,0.0,False
4,3,965,19.199,18.284,att,0.0,False
4,3,965,19.199,18.284,tmobile,0.0,False
4,3,965,19.199,18.284,verizon,0.0,False
4,3,965,19.199,18.284,sprint,0.0,False
4,3,970,19.304,18.389,att,0.0,False
4,3,970,19.304,18.389,tmobile,0.0,False
4,3,970,19.304,18.389,verizon,0.0,False
4,3,970,19.304,18.389,sprint,0.0,False
4,3,975,19.408,18.493,att,0.0,False
4,3,975,19.408,18.493,tmobile,0.0,False
4,3,975,19.408,18.493,verizon,0.0,False
4,3,975,19.408,18.493,sprint,0.0,False
4,3,980,19.512,18.597,att,0.0,False
4,3,980,19.512,18.597,tmobile,0.0,False
4,3,980,19.512,18.597,verizon,0.0,False
4,3,980,19.512,18.597,sprint,0.0,False
4,3,985,19.617,18.702,att,0.0,False
4,3,985,19.617,18.702,tmobile,0.0,False
4,3,985,19.617,18.702,verizon,0.0,False
4,3,985,19.617,18.702,sprint,0.0,False
4,3,990,19.721,18.806,att,0.0,False
4,3,990,19.721,18.806,tmobile,0.0,False
4,3,990,19.721,18.806,verizon,0.08,True
4,3,990,19.721,18.806,sprint,0.0,False
4,3,995,19.825,18.911,att,0.0,False
4,3,995,19.825,18.911,tmobile,0.0,False
4,3,995,19.825,18.911,verizon,0.0,False
4,3,995,19.825,18.911,sprint,0.0,False
4,3,1000,19.93,19.015,att,0.0,False
4,3,1000,19.93,19.015,tmobile,0.0,False
4,3,1000,19.93,19.015,verizon,0.0,False
4,3,1000,19.93,19.015,sprint,0.08,True
5,4,45,0.0,-0.915,att,0.0,False
5,4,45,0.0,-0.915,tmobile,0.0,False
5,4,45,0.0,-0.915,verizon,0.0,False
5,4,45,0.0,-0.915,sprint,0.0,False
5,4,50,0.104,-0.811,att,0.0,False
5,4,50,0.104,-0.811,tmobile,0.0,False
5,4,50,0.104,-0.811,verizon,0.0,False
5,4,50,0.104,-0.811,sprint,0.0,False
5,4,55,0.209,-0.706,att,0.0,False
5,4,55,0.209,-0.706,tmobile,0.0,False
5,4,55,0.209,-0.706,verizon,0.0,False
5,4,55,0.209,-0.706,sprint,0.0,False
5,4,60,0.313,-0.602,att,0.0,False
5,4,60,0.313,-0.602,tmobile,0.0,False
5,4,60,0.313,-0.602,verizon,0.0,False
5,4,60,0.313,-0.602,sprint,0.0,False
5,4,65,0.417,-0.498,att,0.0,False
5,4,65,0.417,-0.498,tmobile,0.0,False
5,4,65,0.417,-0.498,verizon,0.0,False
5,4,65,0.417,-0.498,sprint,0.0,False
5,4,70,0.522,-0.393,att,0.0,False
5,4,70,0.522,-0.393,tmobile,0.0,False
5,4,70,0.522,-0.393,verizon,0.0,False
5,4,70,0.522,-0.393,sprint,0.0,False
5,4,75,0.626,-0.289,att,0.0,False
5,4,75,0.626,-0.289,tmobile,0.0,False
5,4,75,0.626,-0.289,verizon,0.0,False
5,4,75,0.626,-0.289,sprint,0.0,False
5,4,80,0.73,-0.184,att,0.0,False
5,4,80,0.73,-0.184,tmobile,0.0,False
5,4,80,0.73,-0.184,verizon,0.0,False
5,4,80,0.73,-0.184,sprint,0.0,False
5,4,85,0.835,-0.08,att,0.0,False
5,4,85,0.835,-0.08,tmobile,0.0,False
5,4,85,0.835,-0.08,verizon,0.0,False
5,4,85,0.835,-0.08,sprint,0.0,False
5,4,90,0.939,0.024,att,0.0,False
5,4,90,0.939,0.024,tmobile,0.0,False
5,4,90,0.939,0.024,verizon,0.0,False
5,4,90,0.939,0.024,sprint,0.0,False
5,4,95,1.043,0.129,att,0.0,False
5,4,95,1.043,0.129,tmobile,0.037,True
5,4,95,1.043,0.129,verizon,0.037,True
5,4,95,1.043,0.129,sprint,0.037,True
5,4,100,1.148,0.233,att,0.037,True
5,4,100,1.148,0.233,tmobile,0.037,True
5,4,100,1.148,0.233,verizon,0.0741,True
5,4,100,1.148,0.233,sprint,0.0,False
5,4,105,1.252,0.337,att,0.037,True
5,4,105,1.252,0.337,tmobile,0.037,True
5,4,105,1.252,0.337,verizon,0.0,False
5,4,105,1.252,0.337,sprint,0.0,False
5,4,110,1.356,0.442,att,0.0,False
5,4,110,1.356,0.442,tmobile,0.0,False
5,4,110,1.356,0.442,verizon,0.0,False
5,4,110,1.356,0.442,sprint,0.0,False
5,4,115,1.461,0.546,att,0.0,False
5,4,115,1.461,0.546,tmobile,0.037,True
5,4,115,1.461,0.546,verizon,0.0,False
5,4,115,1.461,0.546,sprint,0.0,False
5,4,120,1.565,0.65,att,0.0,False
5,4,120,1.565,0.65,tmobile,0.0741,True
5,4,120,1.565,0.65,verizon,0.1111,True
5,4,120,1.565,0.65,sprint,0.0,False
5,4,125,1.67,0.755,att,0.0,False
5,4,125,1.67,0.755,tmobile,0.037,True
5,4,125,1.67,0.755,verizon,0.0,False
5,4,125,1.67,0.755,sprint,0.0,False
5,4,130,1.774,0.859,att,0.0,False
5,4,130,1.774,0.859,tmobile,0.037,True
5,4,130,1.774,0.859,verizon,0.037,True
5,4,130,1.774,0.859,sprint,0.0,False
5,4,135,1.878,0.963,att,0.0,False
5,4,135,1.878,0.963,tmobile,0.037,True
5,4,135,1.878,0.963,verizon,0.037,True
5,4,135,1.878,0.963,sprint,0.0,False
5,4,140,1.983,1.068,att,0.0,False
5,4,140,1.983,1.068,tmobile,0.0,False
5,4,140,1.983,1.068,verizon,0.1111,True
5,4,140,1.983,1.068,sprint,0.0,False
5,4,145,2.087,1.172,att,0.0,False
5,4,145,2.087,1.172,tmobile,0.0,False
5,4,145,2.087,1.172,verizon,0.0,False
5,4,145,2.087,1.172,sprint,0.0,False
5,4,150,2.191,1.276,att,0.0,False
5,4,150,2.191,1.276,tmobile,0.0,False
5,4,150,2.191,1.276,verizon,0.037,True
5,4,150,2.191,1.276,sprint,0.0,False
5,4,155,2.296,1.381,att,0.0,False
5,4,155,2.296,1.381,tmobile,0.0,False
5,4,155,2.296,1.381,verizon,0.0,False
5,4,155,2.296,1.381,sprint,0.0,False
5,4,160,2.4,1.485,att,0.037,True
5,4,160,2.4,1.485,tmobile,0.0,False
5,4,160,2.4,1.485,verizon,0.037,True
5,4,160,2.4,1.485,sprint,0.037,True
5,4,165,2.504,1.589,att,0.0,False
5,4,165,2.504,1.589,tmobile,0.037,True
5,4,165,2.504,1.589,verizon,0.037,True
5,4,165,2.504,1.589,sprint,0.0,False
5,4,170,2.609,1.694,att,0.0,False
5,4,170,2.609,1.694,tmobile,0.0,False
5,4,170,2.609,1.694,verizon,0.0,False
5,4,170,2.609,1.694,sprint,0.037,True
5,4,175,2.713,1.798,att,0.0,False
5,4,175,2.713,1.798,tmobile,0.037,True
5,4,175,2.713,1.798,verizon,0.037,True
5,4,175,2.713,1.798,sprint,0.0,False
5,4,180,2.817,1.902,att,0.0,False
5,4,180,2.817,1.902,tmobile,0.0,False
5,4,180,2.817,1.902,verizon,0.0,False
5,4,180,2.817,1.902,sprint,0.0,False
5,4,185,2.922,2.007,att,0.037,True
5,4,185,2.922,2.007,tmobile,0.0,False
5,4,185,2.922,2.007,verizon,0.0741,True
5,4,185,2.922,2.007,sprint,0.0,False
5,4,190,3.026,2.111,att,0.0,False
5,4,190,3.026,2.111,tmobile,0.0,False
5,4,190,3.026,2.111,verizon,0.1852,True
5,4,190,3.026,2.111,sprint,0.0,False
5,4,195,3.13,2.215,att,0.0,False
5,4,195,3.13,2.215,tmobile,0.0,False
5,4,195,3.13,2.215,verizon,0.037,True
5,4,195,3.13,2.215,sprint,0.0,False
5,4,200,3.235,2.32,att,0.0,False
5,4,200,3.235,2.32,tmobile,0.0,False
5,4,200,3.235,2.32,verizon,0.037,True
5,4,200,3.235,2.32,sprint,0.0,False
5,4,205,3.339,2.424,att,0.0,False
5,4,205,3.339,2.424,tmobile,0.0,False
5,4,205,3.339,2.424,verizon,0.0,False
5,4,205,3.339,2.424,sprint,0.0,False
5,4,210,3.443,2.528,att,0.0,False
5,4,210,3.443,2.528,tmobile,0.0,False
5,4,210,3.443,2.528,verizon,0.2222,True
5,4,210,3.443,2.528,sprint,0.0,False
5,4,215,3.548,2.633,att,0.2222,True
5,4,215,3.548,2.633,tmobile,0.037,True
5,4,215,3.548,2.633,verizon,0.037,True
5,4,215,3.548,2.633,sprint,0.0,False
5,4,220,3.652,2.737,att,0.0,False
5,4,220,3.652,2.737,tmobile,0.0,False
5,4,220,3.652,2.737,verizon,0.0,False
5,4,220,3.652,2.737,sprint,0.0,False
5,4,225,3.756,2.842,att,0.0,False
5,4,225,3.756,2.842,tmobile,0.037,True
5,4,225,3.756,2.842,verizon,0.0,False
5,4,225,3.756,2.842,sprint,0.0,False
5,4,230,3.861,2.946,att,0.0,False
5,4,230,3.861,2.946,tmobile,0.037,True
5,4,230,3.861,2.946,verizon,0.0,False
5,4,230,3.861,2.946,sprint,0.037,True
5,4,235,3.965,3.05,att,0.0,False
5,4,235,3.965,3.05,tmobile,0.037,True
5,4,235,3.965,3.05,verizon,0.0741,True
5,4,235,3.965,3.05,sprint,0.0,False
5,4,240,4.069,3.155,att,0.0,False
5,4,240,4.069,3.155,tmobile,0.0,False
5,4,240,4.069,3.155,verizon,0.0,False
5,4,240,4.069,3.155,sprint,0.0,False
5,4,245,4.174,3.259,att,0.0,False
5,4,245,4.174,3.259,tmobile,0.0,False
5,4,245,4.174,3.259,verizon,0.0,False
5,4,245,4.174,3.259,sprint,0.037,True
5,4,250,4.278,3.363,att,0.0,False
5,4,250,4.278,3.363,tmobile,0.1481,True
5,4,250,4.278,3.363,verizon,0.037,True
5,4,250,4.278,3.363,sprint,0.037,True
5,4,255,4.382,3.468,att,0.0,False
5,4,255,4.382,3.468,tmobile,0.0,False
5,4,255,4.382,3.468,verizon,0.037,True
5,4,255,4.382,3.468,sprint,0.0,False
5,4,260,4.487,3.572,att,0.0,False
5,4,260,4.487,3.572,tmobile,0.037,True
5,4,260,4.487,3.572,verizon,0.0,False
5,4,260,4.487,3.572,sprint,0.0,False
5,4,265,4.591,3.676,att,0.0,False
5,4,265,4.591,3.676,tmobile,0.037,True
5,4,265,4.591,3.676,verizon,0.0,False
5,4,265,4.591,3.676,sprint,0.0,False
5,4,270,4.695,3.781,att,0.0,False
5,4,270,4.695,3.781,tmobile,0.0,False
5,4,270,4.695,3.781,verizon,0.037,True
5,4,270,4.695,3.781,sprint,0.0,False
5,4,275,4.8,3.885,att,0.037,True
5,4,275,4.8,3.885,tmobile,0.0,False
5,4,275,4.8,3.885,verizon,0.0,False
5,4,275,4.8,3.885,sprint,0.0,False
5,4,280,4.904,3.989,att,0.0,False
5,4,280,4.904,3.989,tmobile,0.0,False
5,4,280,4.904,3.989,verizon,0.0,False
5,4,280,4.904,3.989,sprint,0.0,False
5,4,285,5.009,4.094,att,0.0,False
5,4,285,5.009,4.094,tmobile,0.0,False
5,4,285,5.009,4.094,verizon,0.0,False
5,4,285,5.009,4.094,sprint,0.037,True
5,4,290,5.113,4.198,att,0.1481,True
5,4,290,5.113,4.198,tmobile,0.037,True
5,4,290,5.113,4.198,verizon,0.037,True
5,4,290,5.113,4.198,sprint,0.0,False
5,4,295,5.217,4.302,att,0.0,False
5,4,295,5.217,4.302,tmobile,0.0741,True
5,4,295,5.217,4.302,verizon,0.0741,True
5,4,295,5.217,4.302,sprint,0.0,False
5,4,300,5.322,4.407,att,0.0,False
5,4,300,5.322,4.407,tmobile,0.037,True
5,4,300,5.322,4.407,verizon,0.037,True
5,4,300,5.322,4.407,sprint,0.037,True
5,4,305,5.426,4.511,att,0.0,False
5,4,305,5.426,4.511,tmobile,0.037,True
5,4,305,5.426,4.511,verizon,0.1111,True
5,4,305,5.426,4.511,sprint,0.0,False
5,4,310,5.53,4.615,att,0.0,False
5,4,310,5.53,4.615,tmobile,0.0,False
5,4,310,5.53,4.615,verizon,0.037,True
5,4,310,5.53,4.615,sprint,0.0,False
5,4,315,5.635,4.72,att,0.0,False
5,4,315,5.635,4.72,tmobile,0.0741,True
5,4,315,5.635,4.72,verizon,0.0,False
5,4,315,5.635,4.72,sprint,0.037,True
5,4,320,5.739,4.824,att,0.0,False
5,4,320,5.739,4.824,tmobile,0.037,True
5,4,320,5.739,4.824,verizon,0.037,True
5,4,320,5.739,4.824,sprint,0.0,False
5,4,325,5.843,4.928,att,0.037,True
5,4,325,5.843,4.928,tmobile,0.0,False
5,4,325,5.843,4.928,verizon,0.0741,True
5,4,325,5.843,4.928,sprint,0.0,False
5,4,330,5.948,5.033,att,0.0,False
5,4,330,5.948,5.033,tmobile,0.0,False
5,4,330,5.948,5.033,verizon,0.0,False
5,4,330,5.948,5.033,sprint,0.0,False
5,4,335,6.052,5.137,att,0.0,False
5,4,335,6.052,5.137,tmobile,0.0,False
5,4,335,6.052,5.137,verizon,0.0,False
5,4,335,6.052,5.137,sprint,0.0,False
5,4,340,6.156,5.241,att,0.0,False
5,4,340,6.156,5.241,tmobile,0.0,False
5,4,340,6.156,5.241,verizon,0.0,False
5,4,340,6.156,5.241,sprint,0.0,False
5,4,345,6.261,5.346,att,0.0,False
5,4,345,6.261,5.346,tmobile,0.0,False
5,4,345,6.261,5.346,verizon,0.0,False
5,4,345,6.261,5.346,sprint,0.0,False
5,4,350,6.365,5.45,att,0.0,False
5,4,350,6.365,5.45,tmobile,0.0,False
5,4,350,6.365,5.45,verizon,0.0,False
5,4,350,6.365,5.45,sprint,0.0,False
5,4,355,6.469,5.554,att,0.0,False
5,4,355,6.469,5.554,tmobile,0.0741,True
5,4,355,6.469,5.554,verizon,0.0,False
5,4,355,6.469,5.554,sprint,0.0,False
5,4,360,6.574,5.659,att,0.0,False
5,4,360,6.574,5.659,tmobile,0.0741,True
5,4,360,6.574,5.659,verizon,0.037,True
5,4,360,6.574,5.659,sprint,0.0,False
5,4,365,6.678,5.763,att,0.0,False
5,4,365,6.678,5.763,tmobile,0.037,True
5,4,365,6.678,5.763,verizon,0.037,True
5,4,365,6.678,5.763,sprint,0.0,False
5,4,370,6.782,5.867,att,0.0,False
5,4,370,6.782,5.867,tmobile,0.037,True
5,4,370,6.782,5.867,verizon,0.0,False
5,4,370,6.782,5.867,sprint,0.0,False
5,4,375,6.887,5.972,att,0.0,False
5,4,375,6.887,5.972,tmobile,0.0741,True
5,4,375,6.887,5.972,verizon,0.037,True
5,4,375,6.887,5.972,sprint,0.0,False
5,4,380,6.991,6.076,att,0.0,False
5,4,380,6.991,6.076,tmobile,0.037,True
5,4,380,6.991,6.076,verizon,0.0,False
5,4,380,6.991,6.076,sprint,0.0,False
5,4,385,7.095,6.181,att,0.0,False
5,4,385,7.095,6.181,tmobile,0.0,False
5,4,385,7.095,6.181,verizon,0.0,False
5,4,385,7.095,6.181,sprint,0.0,False
5,4,390,7.2,6.285,att,0.0,False
5,4,390,7.2,6.285,tmobile,0.0,False
5,4,390,7.2,6.285,verizon,0.0,False
5,4,390,7.2,6.285,sprint,0.0,False
5,4,395,7.304,6.389,att,0.0,False
5,4,395,7.304,6.389,tmobile,0.0,False
5,4,395,7.304,6.389,verizon,0.037,True
5,4,395,7.304,6.389,sprint,0.0,False
5,4,400,7.408,6.494,att,0.0,False
5,4,400,7.408,6.494,tmobile,0.0741,True
5,4,400,7.408,6.494,verizon,0.1111,True
5,4,400,7.408,6.494,sprint,0.0,False
5,4,405,7.513,6.598,att,0.0,False
5,4,405,7.513,6.598,tmobile,0.0,False
5,4,405,7.513,6.598,verizon,0.0,False
5,4,405,7.513,6.598,sprint,0.0,False
5,4,410,7.617,6.702,att,0.0,False
5,4,410,7.617,6.702,tmobile,0.037,True
5,4,410,7.617,6.702,verizon,0.0,False
5,4,410,7.617,6.702,sprint,0.0,False
5,4,415,7.721,6.807,att,0.0,False
5,4,415,7.721,6.807,tmobile,0.0,False
5,4,415,7.721,6.807,verizon,0.037,True
5,4,415,7.721,6.807,sprint,0.0,False
5,4,420,7.826,6.911,att,0.0,False
5,4,420,7.826,6.911,tmobile,0.0,False
5,4,420,7.826,6.911,verizon,0.0,False
5,4,420,7.826,6.911,sprint,0.0,False
5,4,425,7.93,7.015,att,0.0,False
5,4,425,7.93,7.015,tmobile,0.1481,True
5,4,425,7.93,7.015,verizon,0.037,True
5,4,425,7.93,7.015,sprint,0.0,False
5,4,430,8.035,7.12,att,0.0,False
5,4,430,8.035,7.12,tmobile,0.0741,True
5,4,430,8.035,7.12,verizon,0.3704,True
5,4,430,8.035,7.12,sprint,0.0,False
5,4,435,8.139,7.224,att,0.0,False
5,4,435,8.139,7.224,tmobile,0.0,False
5,4,435,8.139,7.224,verizon,0.0,False
5,4,435,8.139,7.224,sprint,0.0,False
5,4,440,8.243,7.328,att,0.0,False
5,4,440,8.243,7.328,tmobile,0.0,False
5,4,440,8.243,7.328,verizon,0.0,False
5,4,440,8.243,7.328,sprint,0.0,False
5,4,445,8.348,7.433,att,0.0,False
5,4,445,8.348,7.433,tmobile,0.0,False
5,4,445,8.348,7.433,verizon,0.0,False
5,4,445,8.348,7.433,sprint,0.0,False
5,4,450,8.452,7.537,att,0.0,False
5,4,450,8.452,7.537,tmobile,0.0,False
5,4,450,8.452,7.537,verizon,0.0,False
5,4,450,8.452,7.537,sprint,0.0,False
5,4,455,8.556,7.641,att,0.0,False
5,4,455,8.556,7.641,tmobile,0.0,False
5,4,455,8.556,7.641,verizon,0.0,False
5,4,455,8.556,7.641,sprint,0.0,False
5,4,460,8.661,7.746,att,0.0,False
5,4,460,8.661,7.746,tmobile,0.0,False
5,4,460,8.661,7.746,verizon,0.0,False
5,4,460,8.661,7.746,sprint,0.0,False
5,4,465,8.765,7.85,att,0.0,False
5,4,465,8.765,7.85,tmobile,0.0,False
5,4,465,8.765,7.85,verizon,0.0,False
5,4,465,8.765,7.85,sprint,0.0,False
5,4,470,8.869,7.954,att,0.0,False
5,4,470,8.869,7.954,tmobile,0.0,False
5,4,470,8.869,7.954,verizon,0.0,False
5,4,470,8.869,7.954,sprint,0.0,False
5,4,475,8.974,8.059,att,0.0,False
5,4,475,8.974,8.059,tmobile,0.0,False
5,4,475,8.974,8.059,verizon,0.0,False
5,4,475,8.974,8.059,sprint,0.0,False
5,4,480,9.078,8.163,att,0.0,False
5,4,480,9.078,8.163,tmobile,0.0,False
5,4,480,9.078,8.163,verizon,0.0,False
5,4,480,9.078,8.163,sprint,0.0,False
5,4,485,9.182,8.267,att,0.0,False
5,4,485,9.182,8.267,tmobile,0.0,False
5,4,485,9.182,8.267,verizon,0.0,False
5,4,485,9.182,8.267,sprint,0.0,False
5,4,490,9.287,8.372,att,0.0,False
5,4,490,9.287,8.372,tmobile,0.0,False
5,4,490,9.287,8.372,verizon,0.0,False
5,4,490,9.287,8.372,sprint,0.0,False
5,4,495,9.391,8.476,att,0.0,False
5,4,495,9.391,8.476,tmobile,0.0,False
5,4,495,9.391,8.476,verizon,0.0,False
5,4,495,9.391,8.476,sprint,0.0,False
5,4,500,9.495,8.58,att,0.0,False
5,4,500,9.495,8.58,tmobile,0.0,False
5,4,500,9.495,8.58,verizon,0.0,False
5,4,500,9.495,8.58,sprint,0.0,False
5,4,505,9.6,8.685,att,0.0,False
5,4,505,9.6,8.685,tmobile,0.0,False
5,4,505,9.6,8.685,verizon,0.0,False
5,4,505,9.6,8.685,sprint,0.0,False
5,4,510,9.704,8.789,att,0.0,False
5,4,510,9.704,8.789,tmobile,0.0,False
5,4,510,9.704,8.789,verizon,0.0,False
5,4,510,9.704,8.789,sprint,0.0,False
5,4,515,9.808,8.893,att,0.0,False
5,4,515,9.808,8.893,tmobile,0.0,False
5,4,515,9.808,8.893,verizon,0.0,False
5,4,515,9.808,8.893,sprint,0.0,False
5,4,520,9.913,8.998,att,0.0,False
5,4,520,9.913,8.998,tmobile,0.0,False
5,4,520,9.913,8.998,verizon,0.0,False
5,4,520,9.913,8.998,sprint,0.0,False
5,4,525,10.017,9.102,att,0.0,False
5,4,525,10.017,9.102,tmobile,0.0,False
5,4,525,10.017,9.102,verizon,0.0,False
5,4,525,10.017,9.102,sprint,0.0,False
5,4,530,10.121,9.206,att,0.0,False
5,4,530,10.121,9.206,tmobile,0.0,False
5,4,530,10.121,9.206,verizon,0.0,False
5,4,530,10.121,9.206,sprint,0.0,False
5,4,535,10.226,9.311,att,0.0,False
5,4,535,10.226,9.311,tmobile,0.0,False
5,4,535,10.226,9.311,verizon,0.4444,True
5,4,535,10.226,9.311,sprint,0.0,False
5,4,540,10.33,9.415,att,0.0,False
5,4,540,10.33,9.415,tmobile,0.0,False
5,4,540,10.33,9.415,verizon,0.0,False
5,4,540,10.33,9.415,sprint,0.0,False
5,4,545,10.434,9.52,att,0.0,False
5,4,545,10.434,9.52,tmobile,0.0,False
5,4,545,10.434,9.52,verizon,0.0,False
5,4,545,10.434,9.52,sprint,0.0,False
5,4,550,10.539,9.624,att,0.0,False
5,4,550,10.539,9.624,tmobile,0.037,True
5,4,550,10.539,9.624,verizon,0.0741,True
5,4,550,10.539,9.624,sprint,0.0,False
5,4,555,10.643,9.728,att,0.0,False
5,4,555,10.643,9.728,tmobile,0.0,False
5,4,555,10.643,9.728,verizon,0.0,False
5,4,555,10.643,9.728,sprint,0.0,False
5,4,560,10.747,9.833,att,0.0,False
5,4,560,10.747,9.833,tmobile,0.0,False
5,4,560,10.747,9.833,verizon,0.0,False
5,4,560,10.747,9.833,sprint,0.0,False
5,4,565,10.852,9.937,att,0.0,False
5,4,565,10.852,9.937,tmobile,0.1481,True
5,4,565,10.852,9.937,verizon,0.0,False
5,4,565,10.852,9.937,sprint,0.4074,True
5,4,570,10.956,10.041,att,0.037,True
5,4,570,10.956,10.041,tmobile,0.0,False
5,4,570,10.956,10.041,verizon,0.0,False
5,4,570,10.956,10.041,sprint,0.1111,True
5,4,575,11.06,10.146,att,0.0,False
5,4,575,11.06,10.146,tmobile,0.0,False
5,4,575,11.06,10.146,verizon,0.0,False
5,4,575,11.06,10.146,sprint,0.0,False
5,4,580,11.165,10.25,att,0.0,False
5,4,580,11.165,10.25,tmobile,0.0,False
5,4,580,11.165,10.25,verizon,0.2963,True
5,4,580,11.165,10.25,sprint,0.0,False
5,4,585,11.269,10.354,att,0.1111,True
5,4,585,11.269,10.354,tmobile,0.0,False
5,4,585,11.269,10.354,verizon,0.0,False
5,4,585,11.269,10.354,sprint,0.037,True
5,4,590,11.374,10.459,att,0.0,False
5,4,590,11.374,10.459,tmobile,0.0,False
5,4,590,11.374,10.459,verizon,0.0,False
5,4,590,11.374,10.459,sprint,0.3333,True
5,4,595,11.478,10.563,att,0.0,False
5,4,595,11.478,10.563,tmobile,0.0,False
5,4,595,11.478,10.563,verizon,0.0,False
5,4,595,11.478,10.563,sprint,0.0,False
5,4,600,11.582,10.667,att,0.0,False
5,4,600,11.582,10.667,tmobile,0.0,False
5,4,600,11.582,10.667,verizon,0.0,False
5,4,600,11.582,10.667,sprint,0.0,False
5,4,605,11.687,10.772,att,0.0,False
5,4,605,11.687,10.772,tmobile,0.0,False
5,4,605,11.687,10.772,verizon,0.0,False
5,4,605,11.687,10.772,sprint,0.0,False
5,4,610,11.791,10.876,att,0.0,False
5,4,610,11.791,10.876,tmobile,0.0,False
5,4,610,11.791,10.876,verizon,0.0,False
5,4,610,11.791,10.876,sprint,0.0,False
5,4,615,11.895,10.98,att,0.0,False
5,4,615,11.895,10.98,tmobile,0.0,False
5,4,615,11.895,10.98,verizon,0.0,False
5,4,615,11.895,10.98,sprint,0.0,False
5,4,620,12.0,11.085,att,0.0,False
5,4,620,12.0,11.085,tmobile,0.0,False
5,4,620,12.0,11.085,verizon,0.0,False
5,4,620,12.0,11.085,sprint,0.0,False
5,4,625,12.104,11.189,att,0.1481,True
5,4,625,12.104,11.189,tmobile,0.037,True
5,4,625,12.104,11.189,verizon,0.0741,True
5,4,625,12.104,11.189,sprint,0.0,False
5,4,630,12.208,11.293,att,0.0,False
5,4,630,12.208,11.293,tmobile,0.0,False
5,4,630,12.208,11.293,verizon,0.0,False
5,4,630,12.208,11.293,sprint,0.0,False
5,4,635,12.313,11.398,att,0.0,False
5,4,635,12.313,11.398,tmobile,0.0,False
5,4,635,12.313,11.398,verizon,0.0,False
5,4,635,12.313,11.398,sprint,0.0,False
5,4,640,12.417,11.502,att,0.0,False
5,4,640,12.417,11.502,tmobile,0.0,False
5,4,640,12.417,11.502,verizon,0.0,False
5,4,640,12.417,11.502,sprint,0.0,False
5,4,645,12.521,11.606,att,0.0,False
5,4,645,12.521,11.606,tmobile,0.0,False
5,4,645,12.521,11.606,verizon,0.0,False
5,4,645,12.521,11.606,sprint,0.0,False
5,4,650,12.626,11.711,att,0.0,False
5,4,650,12.626,11.711,tmobile,0.0,False
5,4,650,12.626,11.711,verizon,0.0,False
5,4,650,12.626,11.711,sprint,0.0,False
5,4,655,12.73,11.815,att,0.0,False
5,4,655,12.73,11.815,tmobile,0.0,False
5,4,655,12.73,11.815,verizon,0.0,False
5,4,655,12.73,11.815,sprint,0.037,True
5,4,660,12.834,11.919,att,0.0,False
5,4,660,12.834,11.919,tmobile,0.0,False
5,4,660,12.834,11.919,verizon,0.0,False
5,4,660,12.834,11.919,sprint,0.2963,True
5,4,665,12.939,12.024,att,0.0,False
5,4,665,12.939,12.024,tmobile,0.0,False
5,4,665,12.939,12.024,verizon,0.0,False
5,4,665,12.939,12.024,sprint,0.0,False
5,4,670,13.043,12.128,att,0.0,False
5,4,670,13.043,12.128,tmobile,0.0,False
5,4,670,13.043,12.128,verizon,0.0,False
5,4,670,13.043,12.128,sprint,0.0,False
5,4,675,13.147,12.232,att,0.0,False
5,4,675,13.147,12.232,tmobile,0.0,False
5,4,675,13.147,12.232,verizon,0.0,False
5,4,675,13.147,12.232,sprint,0.0,False
5,4,680,13.252,12.337,att,0.0,False
5,4,680,13.252,12.337,tmobile,0.0,False
5,4,680,13.252,12.337,verizon,0.0,False
5,4,680,13.252,12.337,sprint,0.0,False
5,4,685,13.356,12.441,att,0.0,False
5,4,685,13.356,12.441,tmobile,0.0,False
5,4,685,13.356,12.441,verizon,0.0,False
5,4,685,13.356,12.441,sprint,0.0,False
5,4,690,13.46,12.546,att,0.0,False
5,4,690,13.46,12.546,tmobile,0.0,False
5,4,690,13.46,12.546,verizon,0.0,False
5,4,690,13.46,12.546,sprint,0.0,False
5,4,695,13.565,12.65,att,0.0,False
5,4,695,13.565,12.65,tmobile,0.0,False
5,4,695,13.565,12.65,verizon,0.0741,True
5,4,695,13.565,12.65,sprint,0.0,False
5,4,700,13.669,12.754,att,0.0,False
5,4,700,13.669,12.754,tmobile,0.0,False
5,4,700,13.669,12.754,verizon,0.0,False
5,4,700,13.669,12.754,sprint,0.0,False
5,4,705,13.773,12.859,att,0.0,False
5,4,705,13.773,12.859,tmobile,0.0,False
5,4,705,13.773,12.859,verizon,0.0741,True
5,4,705,13.773,12.859,sprint,0.0,False
5,4,710,13.878,12.963,att,0.0,False
5,4,710,13.878,12.963,tmobile,0.0,False
5,4,710,13.878,12.963,verizon,0.037,True
5,4,710,13.878,12.963,sprint,0.0,False
5,4,715,13.982,13.067,att,0.0,False
5,4,715,13.982,13.067,tmobile,0.0,False
5,4,715,13.982,13.067,verizon,0.0,False
5,4,715,13.982,13.067,sprint,0.0,False
5,4,720,14.086,13.172,att,0.0,False
5,4,720,14.086,13.172,tmobile,0.0,False
5,4,720,14.086,13.172,verizon,0.0,False
5,4,720,14.086,13.172,sprint,0.0,False
5,4,725,14.191,13.276,att,0.0,False
5,4,725,14.191,13.276,tmobile,0.0,False
5,4,725,14.191,13.276,verizon,0.0,False
5,4,725,14.191,13.276,sprint,0.0,False
5,4,730,14.295,13.38,att,0.0,False
5,4,730,14.295,13.38,tmobile,0.0,False
5,4,730,14.295,13.38,verizon,0.037,True
5,4,730,14.295,13.38,sprint,0.0,False
5,4,735,14.399,13.485,att,0.0,False
5,4,735,14.399,13.485,tmobile,0.0,False
5,4,735,14.399,13.485,verizon,0.0,False
5,4,735,14.399,13.485,sprint,0.0741,True
5,4,740,14.504,13.589,att,0.0741,True
5,4,740,14.504,13.589,tmobile,0.0,False
5,4,740,14.504,13.589,verizon,0.0741,True
5,4,740,14.504,13.589,sprint,0.1111,True
5,4,745,14.608,13.693,att,0.0,False
5,4,745,14.608,13.693,tmobile,0.0,False
5,4,745,14.608,13.693,verizon,0.0,False
5,4,745,14.608,13.693,sprint,0.0,False
5,4,750,14.713,13.798,att,0.0,False
5,4,750,14.713,13.798,tmobile,0.0,False
5,4,750,14.713,13.798,verizon,0.1111,True
5,4,750,14.713,13.798,sprint,0.0,False
5,4,755,14.817,13.902,att,0.037,True
5,4,755,14.817,13.902,tmobile,0.0,False
5,4,755,14.817,13.902,verizon,0.0,False
5,4,755,14.817,13.902,sprint,0.0,False
5,4,760,14.921,14.006,att,0.0,False
5,4,760,14.921,14.006,tmobile,0.0,False
5,4,760,14.921,14.006,verizon,0.0,False
5,4,760,14.921,14.006,sprint,0.0,False
5,4,765,15.026,14.111,att,0.1481,True
5,4,765,15.026,14.111,tmobile,0.0,False
5,4,765,15.026,14.111,verizon,0.0,False
5,4,765,15.026,14.111,sprint,0.0,False
5,4,770,15.13,14.215,att,0.0,False
5,4,770,15.13,14.215,tmobile,0.0,False
5,4,770,15.13,14.215,verizon,0.0,False
5,4,770,15.13,14.215,sprint,0.0,False
5,4,775,15.234,14.319,att,0.0,False
5,4,775,15.234,14.319,tmobile,0.0,False
5,4,775,15.234,14.319,verizon,0.0,False
5,4,775,15.234,14.319,sprint,0.0741,True
5,4,780,15.339,14.424,att,0.0,False
5,4,780,15.339,14.424,tmobile,0.0,False
5,4,780,15.339,14.424,verizon,0.0,False
5,4,780,15.339,14.424,sprint,0.0,False
5,4,785,15.443,14.528,att,0.0741,True
5,4,785,15.443,14.528,tmobile,0.037,True
5,4,785,15.443,14.528,verizon,0.037,True
5,4,785,15.443,14.528,sprint,0.0,False
5,4,790,15.547,14.632,att,0.0,False
5,4,790,15.547,14.632,tmobile,0.0,False
5,4,790,15.547,14.632,verizon,0.2593,True
5,4,790,15.547,14.632,sprint,0.037,True
5,4,795,15.652,14.737,att,0.037,True
5,4,795,15.652,14.737,tmobile,0.0,False
5,4,795,15.652,14.737,verizon,0.0,False
5,4,795,15.652,14.737,sprint,0.0,False
5,4,800,15.756,14.841,att,0.0,False
5,4,800,15.756,14.841,tmobile,0.0,False
5,4,800,15.756,14.841,verizon,0.0,False
5,4,800,15.756,14.841,sprint,0.0,False
5,4,805,15.86,14.945,att,0.0,False
5,4,805,15.86,14.945,tmobile,0.0,False
5,4,805,15.86,14.945,verizon,0.0,False
5,4,805,15.86,14.945,sprint,0.0,False
5,4,810,15.965,15.05,att,0.0,False
5,4,810,15.965,15.05,tmobile,0.0,False
5,4,810,15.965,15.05,verizon,0.0,False
5,4,810,15.965,15.05,sprint,0.0,False
5,4,815,16.069,15.154,att,0.0,False
5,4,815,16.069,15.154,tmobile,0.0,False
5,4,815,16.069,15.154,verizon,0.0,False
5,4,815,16.069,15.154,sprint,0.0,False
5,4,820,16.173,15.258,att,0.0,False
5,4,820,16.173,15.258,tmobile,0.037,True
5,4,820,16.173,15.258,verizon,0.037,True
5,4,820,16.173,15.258,sprint,0.037,True
5,4,825,16.278,15.363,att,0.0,False
5,4,825,16.278,15.363,tmobile,0.1481,True
5,4,825,16.278,15.363,verizon,0.037,True
5,4,825,16.278,15.363,sprint,0.0,False
5,4,830,16.382,15.467,att,0.0,False
5,4,830,16.382,15.467,tmobile,0.0,False
5,4,830,16.382,15.467,verizon,0.0,False
5,4,830,16.382,15.467,sprint,0.0,False
5,4,835,16.486,15.571,att,0.0,False
5,4,835,16.486,15.571,tmobile,0.0,False
5,4,835,16.486,15.571,verizon,0.0,False
5,4,835,16.486,15.571,sprint,0.1111,True
5,4,840,16.591,15.676,att,0.0,False
5,4,840,16.591,15.676,tmobile,0.0,False
5,4,840,16.591,15.676,verizon,0.0,False
5,4,840,16.591,15.676,sprint,0.037,True
5,4,845,16.695,15.78,att,0.0,False
5,4,845,16.695,15.78,tmobile,0.0,False
5,4,845,16.695,15.78,verizon,0.0,False
5,4,845,16.695,15.78,sprint,0.0,False
5,4,850,16.799,15.885,att,0.0,False
5,4,850,16.799,15.885,tmobile,0.0,False
5,4,850,16.799,15.885,verizon,0.0,False
5,4,850,16.799,15.885,sprint,0.0,False
5,4,855,16.904,15.989,att,0.0,False
5,4,855,16.904,15.989,tmobile,0.037,True
5,4,855,16.904,15.989,verizon,0.037,True
5,4,855,16.904,15.989,sprint,0.0,False
5,4,860,17.008,16.093,att,0.0,False
5,4,860,17.008,16.093,tmobile,0.0,False
5,4,860,17.008,16.093,verizon,0.1481,True
5,4,860,17.008,16.093,sprint,0.0,False
5,4,865,17.112,16.198,att,0.0,False
5,4,865,17.112,16.198,tmobile,0.0,False
5,4,865,17.112,16.198,verizon,0.2222,True
5,4,865,17.112,16.198,sprint,0.0,False
5,4,870,17.217,16.302,att,0.0,False
5,4,870,17.217,16.302,tmobile,0.1111,True
5,4,870,17.217,16.302,verizon,0.0,False
5,4,870,17.217,16.302,sprint,0.0,False
5,4,875,17.321,16.406,att,0.037,True
5,4,875,17.321,16.406,tmobile,0.0,False
5,4,875,17.321,16.406,verizon,0.0741,True
5,4,875,17.321,16.406,sprint,0.0,False
5,4,880,17.425,16.511,att,0.0,False
5,4,880,17.425,16.511,tmobile,0.0,False
5,4,880,17.425,16.511,verizon,0.0,False
5,4,880,17.425,16.511,sprint,0.0,False
5,4,885,17.53,16.615,att,0.0,False
5,4,885,17.53,16.615,tmobile,0.0,False
5,4,885,17.53,16.615,verizon,0.037,True
5,4,885,17.53,16.615,sprint,0.0,False
5,4,890,17.634,16.719,att,0.0,False
5,4,890,17.634,16.719,tmobile,0.0,False
5,4,890,17.634,16.719,verizon,0.0,False
5,4,890,17.634,16.719,sprint,0.0,False
5,4,895,17.739,16.824,att,0.0,False
5,4,895,17.739,16.824,tmobile,0.0,False
5,4,895,17.739,16.824,verizon,0.0,False
5,4,895,17.739,16.824,sprint,0.0,False
5,4,900,17.843,16.928,att,0.0,False
5,4,900,17.843,16.928,tmobile,0.0,False
5,4,900,17.843,16.928,verizon,0.0,False
5,4,900,17.843,16.928,sprint,0.0,False
5,4,905,17.947,17.032,att,0.0,False
5,4,905,17.947,17.032,tmobile,0.0,False
5,4,905,17.947,17.032,verizon,0.0,False
5,4,905,17.947,17.032,sprint,0.0,False
5,4,910,18.052,17.137,att,0.0,False
5,4,910,18.052,17.137,tmobile,0.0,False
5,4,910,18.052,17.137,verizon,0.0,False
5,4,910,18.052,17.137,sprint,0.0,False
5,4,915,18.156,17.241,att,0.0,False
5,4,915,18.156,17.241,tmobile,0.0,False
5,4,915,18.156,17.241,verizon,0.0,False
5,4,915,18.156,17.241,sprint,0.037,True
5,4,920,18.26,17.345,att,0.0,False
5,4,920,18.26,17.345,tmobile,0.0,False
5,4,920,18.26,17.345,verizon,0.0,False
5,4,920,18.26,17.345,sprint,0.0,False
5,4,925,18.365,17.45,att,0.0,False
5,4,925,18.365,17.45,tmobile,0.0,False
5,4,925,18.365,17.45,verizon,0.0,False
5,4,925,18.365,17.45,sprint,0.037,True
5,4,930,18.469,17.554,att,0.0,False
5,4,930,18.469,17.554,tmobile,0.0,False
5,4,930,18.469,17.554,verizon,0.0,False
5,4,930,18.469,17.554,sprint,0.0,False
5,4,935,18.573,17.658,att,0.0,False
5,4,935,18.573,17.658,tmobile,0.0,False
5,4,935,18.573,17.658,verizon,0.0,False
5,4,935,18.573,17.658,sprint,0.0,False
5,4,940,18.678,17.763,att,0.0,False
5,4,940,18.678,17.763,tmobile,0.0,False
5,4,940,18.678,17.763,verizon,0.0,False
5,4,940,18.678,17.763,sprint,0.0,False
5,4,945,18.782,17.867,att,0.0,False
5,4,945,18.782,17.867,tmobile,0.0,False
5,4,945,18.782,17.867,verizon,0.0,False
5,4,945,18.782,17.867,sprint,0.0,False
5,4,950,18.886,17.971,att,0.0,False
5,4,950,18.886,17.971,tmobile,0.0,False
5,4,950,18.886,17.971,verizon,0.0,False
5,4,950,18.886,17.971,sprint,0.0,False
5,4,955,18.991,18.076,att,0.0,False
5,4,955,18.991,18.076,tmobile,0.0,False
5,4,955,18.991,18.076,verizon,0.0,False
5,4,955,18.991,18.076,sprint,0.0,False
5,4,960,19.095,18.18,att,0.0,False
5,4,960,19.095,18.18,tmobile,0.0,False
5,4,960,19.095,18.18,verizon,0.0,False
5,4,960,19.095,18.18,sprint,0.0,False
5,4,965,19.199,18.284,att,0.0,False
5,4,965,19.199,18.284,tmobile,0.0,False
5,4,965,19.199,18.284,verizon,0.0,False
5,4,965,19.199,18.284,sprint,0.0,False
5,4,970,19.304,18.389,att,0.0,False
5,4,970,19.304,18.389,tmobile,0.0,False
5,4,970,19.304,18.389,verizon,0.0,False
5,4,970,19.304,18.389,sprint,0.0,False
5,4,975,19.408,18.493,att,0.0,False
5,4,975,19.408,18.493,tmobile,0.0,False
5,4,975,19.408,18.493,verizon,0.0,False
5,4,975,19.408,18.493,sprint,0.0,False
5,4,980,19.512,18.597,att,0.0,False
5,4,980,19.512,18.597,tmobile,0.0,False
5,4,980,19.512,18.597,verizon,0.0,False
5,4,980,19.512,18.597,sprint,0.0,False
5,4,985,19.617,18.702,att,0.0,False
5,4,985,19.617,18.702,tmobile,0.0,False
5,4,985,19.617,18.702,verizon,0.0,False
5,4,985,19.617,18.702,sprint,0.0,False
5,4,990,19.721,18.806,att,0.0,False
5,4,990,19.721,18.806,tmobile,0.0,False
5,4,990,19.721,18.806,verizon,0.0,False
5,4,990,19.721,18.806,sprint,0.0,False
5,4,995,19.825,18.911,att,0.0,False
5,4,995,19.825,18.911,tmobile,0.0,False
5,4,995,19.825,18.911,verizon,0.0,False
5,4,995,19.825,18.911,sprint,0.0,False
5,4,1000,19.93,19.015,att,0.0,False
5,4,1000,19.93,19.015,tmobile,0.0,False
5,4,1000,19.93,19.015,verizon,0.0,False
5,4,1000,19.93,19.015,sprint,0.0,False
5,4,1005,20.034,19.119,att,0.0,False
5,4,1005,20.034,19.119,tmobile,0.0,False
5,4,1005,20.034,19.119,verizon,0.0,False
5,4,1005,20.034,19.119,sprint,0.2222,True
5,4,1010,20.138,19.224,att,0.0,False
5,4,1010,20.138,19.224,tmobile,0.0,False
5,4,1010,20.138,19.224,verizon,0.0,False
5,4,1010,20.138,19.224,sprint,0.3704,True
5,4,1015,20.243,19.328,att,0.0,False
5,4,1015,20.243,19.328,tmobile,0.0,False
5,4,1015,20.243,19.328,verizon,0.0,False
5,4,1015,20.243,19.328,sprint,0.0,False
5,4,1020,20.347,19.432,att,0.0,False
5,4,1020,20.347,19.432,tmobile,0.0,False
5,4,1020,20.347,19.432,verizon,0.0,False
5,4,1020,20.347,19.432,sprint,0.0,False
5,4,1025,20.451,19.537,att,0.037,True
5,4,1025,20.451,19.537,tmobile,0.0,False
5,4,1025,20.451,19.537,verizon,0.0,False
5,4,1025,20.451,19.537,sprint,0.1111,True
5,4,1030,20.556,19.641,att,0.0,False
5,4,1030,20.556,19.641,tmobile,0.0,False
5,4,1030,20.556,19.641,verizon,0.0,False
5,4,1030,20.556,19.641,sprint,0.0,False
5,4,1035,20.66,19.745,att,0.0,False
5,4,1035,20.66,19.745,tmobile,0.0,False
5,4,1035,20.66,19.745,verizon,0.0,False
5,4,1035,20.66,19.745,sprint,0.0741,True
5,4,1040,20.764,19.85,att,0.0,False
5,4,1040,20.764,19.85,tmobile,0.0,False
5,4,1040,20.764,19.85,verizon,0.0,False
5,4,1040,20.764,19.85,sprint,0.0,False
5,4,1045,20.869,19.954,att,0.0,False
5,4,1045,20.869,19.954,tmobile,0.0,False
5,4,1045,20.869,19.954,verizon,0.0,False
5,4,1045,20.869,19.954,sprint,0.0,False
5,4,1050,20.973,20.058,att,0.0,False
5,4,1050,20.973,20.058,tmobile,0.1111,True
5,4,1050,20.973,20.058,verizon,0.0,False
5,4,1050,20.973,20.058,sprint,0.037,True
5,4,1055,21.078,20.163,att,0.0,False
5,4,1055,21.078,20.163,tmobile,0.0,False
5,4,1055,21.078,20.163,verizon,0.0,False
5,4,1055,21.078,20.163,sprint,0.0,False
5,4,1060,21.182,20.267,att,0.0,False
5,4,1060,21.182,20.267,tmobile,0.0,False
5,4,1060,21.182,20.267,verizon,0.0,False
5,4,1060,21.182,20.267,sprint,0.0,False
5,4,1065,21.286,20.371,att,0.0,False
5,4,1065,21.286,20.371,tmobile,0.0,False
5,4,1065,21.286,20.371,verizon,0.0,False
5,4,1065,21.286,20.371,sprint,0.0,False
5,4,1070,21.391,20.476,att,0.0,False
5,4,1070,21.391,20.476,tmobile,0.0,False
5,4,1070,21.391,20.476,verizon,0.0,False
5,4,1070,21.391,20.476,sprint,0.0,False
5,4,1075,21.495,20.58,att,0.0,False
5,4,1075,21.495,20.58,tmobile,0.0,False
5,4,1075,21.495,20.58,verizon,0.0,False
5,4,1075,21.495,20.58,sprint,0.0,False
5,4,1080,21.599,20.684,att,0.0,False
5,4,1080,21.599,20.684,tmobile,0.0,False
5,4,1080,21.599,20.684,verizon,0.0,False
5,4,1080,21.599,20.684,sprint,0.0,False
5,4,1085,21.704,20.789,att,0.0,False
5,4,1085,21.704,20.789,tmobile,0.0,False
5,4,1085,21.704,20.789,verizon,0.0,False
5,4,1085,21.704,20.789,sprint,0.0,False
5,4,1090,21.808,20.893,att,0.0,False
5,4,1090,21.808,20.893,tmobile,0.0,False
5,4,1090,21.808,20.893,verizon,0.0,False
5,4,1090,21.808,20.893,sprint,0.0,False
5,4,1095,21.912,20.997,att,0.0,False
5,4,1095,21.912,20.997,tmobile,0.0,False
5,4,1095,21.912,20.997,verizon,0.0,False
5,4,1095,21.912,20.997,sprint,0.0,False
5,4,1100,22.017,21.102,att,0.0,False
5,4,1100,22.017,21.102,tmobile,0.0,False
5,4,1100,22.017,21.102,verizon,0.0,False
5,4,1100,22.017,21.102,sprint,0.0,False
5,4,1105,22.121,21.206,att,0.0,False
5,4,1105,22.121,21.206,tmobile,0.0,False
5,4,1105,22.121,21.206,verizon,0.0,False
5,4,1105,22.121,21.206,sprint,0.0,False
5,4,1110,22.225,21.31,att,0.0,False
5,4,1110,22.225,21.31,tmobile,0.0,False
5,4,1110,22.225,21.31,verizon,0.0,False
5,4,1110,22.225,21.31,sprint,0.0,False
5,4,1115,22.33,21.415,att,0.0,False
5,4,1115,22.33,21.415,tmobile,0.0,False
5,4,1115,22.33,21.415,verizon,0.0,False
5,4,1115,22.33,21.415,sprint,0.0,False
5,4,1120,22.434,21.519,att,0.0,False
5,4,1120,22.434,21.519,tmobile,0.0,False
5,4,1120,22.434,21.519,verizon,0.0,False
5,4,1120,22.434,21.519,sprint,0.0,False
5,4,1125,22.538,21.623,att,0.0,False
5,4,1125,22.538,21.623,tmobile,0.0,False
5,4,1125,22.538,21.623,verizon,0.0,False
5,4,1125,22.538,21.623,sprint,0.0,False
5,4,1130,22.643,21.728,att,0.0,False
5,4,1130,22.643,21.728,tmobile,0.0,False
5,4,1130,22.643,21.728,verizon,0.0,False
5,4,1130,22.643,21.728,sprint,0.0,False
5,4,1135,22.747,21.832,att,0.0,False
5,4,1135,22.747,21.832,tmobile,0.0,False
5,4,1135,22.747,21.832,verizon,0.0,False
5,4,1135,22.747,21.832,sprint,0.0,False
5,4,1140,22.851,21.936,att,0.0,False
5,4,1140,22.851,21.936,tmobile,0.0,False
5,4,1140,22.851,21.936,verizon,0.0,False
5,4,1140,22.851,21.936,sprint,0.0,False
5,4,1145,22.956,22.041,att,0.0,False
5,4,1145,22.956,22.041,tmobile,0.0,False
5,4,1145,22.956,22.041,verizon,0.0,False
5,4,1145,22.956,22.041,sprint,0.0,False
5,4,1150,23.06,22.145,att,0.0,False
5,4,1150,23.06,22.145,tmobile,0.0,False
5,4,1150,23.06,22.145,verizon,0.0,False
5,4,1150,23.06,22.145,sprint,0.0,False
5,4,1155,23.164,22.25,att,0.0,False
5,4,1155,23.164,22.25,tmobile,0.0,False
5,4,1155,23.164,22.25,verizon,0.0,False
5,4,1155,23.164,22.25,sprint,0.0,False
5,4,1160,23.269,22.354,att,0.0,False
5,4,1160,23.269,22.354,tmobile,0.0,False
5,4,1160,23.269,22.354,verizon,0.0,False
5,4,1160,23.269,22.354,sprint,0.0,False
5,4,1165,23.373,22.458,att,0.0,False
5,4,1165,23.373,22.458,tmobile,0.0,False
5,4,1165,23.373,22.458,verizon,0.0,False
5,4,1165,23.373,22.458,sprint,0.0,False
5,4,1170,23.477,22.563,att,0.0,False
5,4,1170,23.477,22.563,tmobile,0.0,False
5,4,1170,23.477,22.563,verizon,0.0,False
5,4,1170,23.477,22.563,sprint,0.0,False
5,4,1175,23.582,22.667,att,0.0,False
5,4,1175,23.582,22.667,tmobile,0.0,False
5,4,1175,23.582,22.667,verizon,0.0,False
5,4,1175,23.582,22.667,sprint,0.0,False
5,4,1180,23.686,22.771,att,0.0,False
5,4,1180,23.686,22.771,tmobile,0.0,False
5,4,1180,23.686,22.771,verizon,0.0,False
5,4,1180,23.686,22.771,sprint,0.0,False
5,4,1185,23.79,22.876,att,0.0,False
5,4,1185,23.79,22.876,tmobile,0.0,False
5,4,1185,23.79,22.876,verizon,0.0,False
5,4,1185,23.79,22.876,sprint,0.0,False
5,4,1190,23.895,22.98,att,0.0,False
5,4,1190,23.895,22.98,tmobile,0.0,False
5,4,1190,23.895,22.98,verizon,0.0,False
5,4,1190,23.895,22.98,sprint,0.0,False
5,4,1195,23.999,23.084,att,0.0,False
5,4,1195,23.999,23.084,tmobile,0.0,False
5,4,1195,23.999,23.084,verizon,0.0,False
5,4,1195,23.999,23.084,sprint,0.0,False
5,4,1200,24.104,23.189,att,0.0,False
5,4,1200,24.104,23.189,tmobile,0.0,False
5,4,1200,24.104,23.189,verizon,0.0,False
5,4,1200,24.104,23.189,sprint,0.0,False
5,4,1205,24.208,23.293,att,0.0,False
5,4,1205,24.208,23.293,tmobile,0.0,False
5,4,1205,24.208,23.293,verizon,0.0,False
5,4,1205,24.208,23.293,sprint,0.0,False
5,4,1210,24.312,23.397,att,0.0,False
5,4,1210,24.312,23.397,tmobile,0.0,False
5,4,1210,24.312,23.397,verizon,0.0,False
5,4,1210,24.312,23.397,sprint,0.0,False
5,4,1215,24.417,23.502,att,0.0,False
5,4,1215,24.417,23.502,tmobile,0.0,False
5,4,1215,24.417,23.502,verizon,0.0,False
5,4,1215,24.417,23.502,sprint,0.0,False
5,4,1220,24.521,23.606,att,0.0,False
5,4,1220,24.521,23.606,tmobile,0.0,False
5,4,1220,24.521,23.606,verizon,0.0,False
5,4,1220,24.521,23.606,sprint,0.0,False
5,4,1225,24.625,23.71,att,0.0,False
5,4,1225,24.625,23.71,tmobile,0.0,False
5,4,1225,24.625,23.71,verizon,0.0,False
5,4,1225,24.625,23.71,sprint,0.0,False
5,4,1230,24.73,23.815,att,0.0,False
5,4,1230,24.73,23.815,tmobile,0.0,False
5,4,1230,24.73,23.815,verizon,0.0,False
5,4,1230,24.73,23.815,sprint,0.0,False
5,4,1235,24.834,23.919,att,0.0,False
5,4,1235,24.834,23.919,tmobile,0.0,False
5,4,1235,24.834,23.919,verizon,0.0,False
5,4,1235,24.834,23.919,sprint,0.0,False
5,4,1240,24.938,24.023,att,0.0,False
5,4,1240,24.938,24.023,tmobile,0.0,False
5,4,1240,24.938,24.023,verizon,0.0741,True
5,4,1240,24.938,24.023,sprint,0.0,False
5,4,1245,25.043,24.128,att,0.0,False
5,4,1245,25.043,24.128,tmobile,0.037,True
5,4,1245,25.043,24.128,verizon,0.037,True
5,4,1245,25.043,24.128,sprint,0.0,False
5,4,1250,25.147,24.232,att,0.0,False
5,4,1250,25.147,24.232,tmobile,0.0,False
5,4,1250,25.147,24.232,verizon,0.037,True
5,4,1250,25.147,24.232,sprint,0.0,False
5,4,1255,25.251,24.336,att,0.0,False
5,4,1255,25.251,24.336,tmobile,0.0,False
5,4,1255,25.251,24.336,verizon,0.0,False
5,4,1255,25.251,24.336,sprint,0.0,False
6,5,44,0.0,-0.936,att,0.0,False
6,5,44,0.0,-0.936,tmobile,0.0,False
6,5,44,0.0,-0.936,verizon,0.0,False
6,5,44,0.0,-0.936,sprint,0.0,False
6,5,49,0.104,-0.831,att,0.0,False
6,5,49,0.104,-0.831,tmobile,0.0,False
6,5,49,0.104,-0.831,verizon,0.0,False
6,5,49,0.104,-0.831,sprint,0.0,False
6,5,54,0.209,-0.727,att,0.0,False
6,5,54,0.209,-0.727,tmobile,0.0,False
6,5,54,0.209,-0.727,verizon,0.0,False
6,5,54,0.209,-0.727,sprint,0.0,False
6,5,59,0.313,-0.623,att,0.0,False
6,5,59,0.313,-0.623,tmobile,0.0,False
6,5,59,0.313,-0.623,verizon,0.0,False
6,5,59,0.313,-0.623,sprint,0.0,False
6,5,64,0.417,-0.518,att,0.0,False
6,5,64,0.417,-0.518,tmobile,0.0,False
6,5,64,0.417,-0.518,verizon,0.0,False
6,5,64,0.417,-0.518,sprint,0.0,False
6,5,69,0.522,-0.414,att,0.0,False
6,5,69,0.522,-0.414,tmobile,0.0,False
6,5,69,0.522,-0.414,verizon,0.0,False
6,5,69,0.522,-0.414,sprint,0.0,False
6,5,74,0.626,-0.31,att,0.0,False
6,5,74,0.626,-0.31,tmobile,0.0,False
6,5,74,0.626,-0.31,verizon,0.0,False
6,5,74,0.626,-0.31,sprint,0.0,False
6,5,79,0.73,-0.205,att,0.0,False
6,5,79,0.73,-0.205,tmobile,0.0,False
6,5,79,0.73,-0.205,verizon,0.0,False
6,5,79,0.73,-0.205,sprint,0.0,False
6,5,84,0.835,-0.101,att,0.0,False
6,5,84,0.835,-0.101,tmobile,0.0,False
6,5,84,0.835,-0.101,verizon,0.0,False
6,5,84,0.835,-0.101,sprint,0.0,False
6,5,89,0.939,0.003,att,0.0,False
6,5,89,0.939,0.003,tmobile,0.0,False
6,5,89,0.939,0.003,verizon,0.0,False
6,5,89,0.939,0.003,sprint,0.0,False
6,5,94,1.043,0.108,att,0.0,False
6,5,94,1.043,0.108,tmobile,0.0455,True
6,5,94,1.043,0.108,verizon,0.0455,True
6,5,94,1.043,0.108,sprint,0.0,False
6,5,99,1.148,0.212,att,0.0,False
6,5,99,1.148,0.212,tmobile,0.0,False
6,5,99,1.148,0.212,verizon,0.0455,True
6,5,99,1.148,0.212,sprint,0.0,False
6,5,104,1.252,0.316,att,0.0,False
6,5,104,1.252,0.316,tmobile,0.0455,True
6,5,104,1.252,0.316,verizon,0.0455,True
6,5,104,1.252,0.316,sprint,0.0,False
6,5,109,1.356,0.421,att,0.0,False
6,5,109,1.356,0.421,tmobile,0.0455,True
6,5,109,1.356,0.421,verizon,0.0455,True
6,5,109,1.356,0.421,sprint,0.0,False
6,5,114,1.461,0.525,att,0.0455,True
6,5,114,1.461,0.525,tmobile,0.0,False
6,5,114,1.461,0.525,verizon,0.0,False
6,5,114,1.461,0.525,sprint,0.0,False
6,5,119,1.565,0.629,att,0.0,False
6,5,119,1.565,0.629,tmobile,0.0,False
6,5,119,1.565,0.629,verizon,0.0455,True
6,5,119,1.565,0.629,sprint,0.0455,True
6,5,124,1.67,0.734,att,0.0,False
6,5,124,1.67,0.734,tmobile,0.0455,True
6,5,124,1.67,0.734,verizon,0.1364,True
6,5,124,1.67,0.734,sprint,0.0,False
6,5,129,1.774,0.838,att,0.0,False
6,5,129,1.774,0.838,tmobile,0.0,False
6,5,129,1.774,0.838,verizon,0.0,False
6,5,129,1.774,0.838,sprint,0.0,False
6,5,134,1.878,0.942,att,0.0,False
6,5,134,1.878,0.942,tmobile,0.0,False
6,5,134,1.878,0.942,verizon,0.0,False
6,5,134,1.878,0.942,sprint,0.0,False
6,5,139,1.983,1.047,att,0.0,False
6,5,139,1.983,1.047,tmobile,0.0,False
6,5,139,1.983,1.047,verizon,0.0,False
6,5,139,1.983,1.047,sprint,0.0455,True
6,5,144,2.087,1.151,att,0.0,False
6,5,144,2.087,1.151,tmobile,0.0455,True
6,5,144,2.087,1.151,verizon,0.0,False
6,5,144,2.087,1.151,sprint,0.0,False
6,5,149,2.191,1.255,att,0.0455,True
6,5,149,2.191,1.255,tmobile,0.0,False
6,5,149,2.191,1.255,verizon,0.0,False
6,5,149,2.191,1.255,sprint,0.0455,True
6,5,154,2.296,1.36,att,0.0,False
6,5,154,2.296,1.36,tmobile,0.0455,True
6,5,154,2.296,1.36,verizon,0.0455,True
6,5,154,2.296,1.36,sprint,0.0,False
6,5,159,2.4,1.464,att,0.0,False
6,5,159,2.4,1.464,tmobile,0.0,False
6,5,159,2.4,1.464,verizon,0.0455,True
6,5,159,2.4,1.464,sprint,0.0909,True
6,5,164,2.504,1.569,att,0.0,False
6,5,164,2.504,1.569,tmobile,0.0455,True
6,5,164,2.504,1.569,verizon,0.0455,True
6,5,164,2.504,1.569,sprint,0.0,False
6,5,169,2.609,1.673,att,0.0455,True
6,5,169,2.609,1.673,tmobile,0.0,False
6,5,169,2.609,1.673,verizon,0.0,False
6,5,169,2.609,1.673,sprint,0.0,False
6,5,174,2.713,1.777,att,0.0,False
6,5,174,2.713,1.777,tmobile,0.0,False
6,5,174,2.713,1.777,verizon,0.0,False
6,5,174,2.713,1.777,sprint,0.0,False
6,5,179,2.817,1.882,att,0.0455,True
6,5,179,2.817,1.882,tmobile,0.0,False
6,5,179,2.817,1.882,verizon,0.0,False
6,5,179,2.817,1.882,sprint,0.0,False
6,5,184,2.922,1.986,att,0.0,False
6,5,184,2.922,1.986,tmobile,0.0455,True
6,5,184,2.922,1.986,verizon,0.1364,True
6,5,184,2.922,1.986,sprint,0.0,False
6,5,189,3.026,2.09,att,0.0,False
6,5,189,3.026,2.09,tmobile,0.0,False
6,5,189,3.026,2.09,verizon,0.0,False
6,5,189,3.026,2.09,sprint,0.0,False
6,5,194,3.13,2.195,att,0.0,False
6,5,194,3.13,2.195,tmobile,0.0,False
6,5,194,3.13,2.195,verizon,0.0,False
6,5,194,3.13,2.195,sprint,0.0,False
6,5,199,3.235,2.299,att,0.0,False
6,5,199,3.235,2.299,tmobile,0.0909,True
6,5,199,3.235,2.299,verizon,0.0455,True
6,5,199,3.235,2.299,sprint,0.3636,True
6,5,204,3.339,2.403,att,0.0,False
6,5,204,3.339,2.403,tmobile,0.0455,True
6,5,204,3.339,2.403,verizon,0.0,False
6,5,204,3.339,2.403,sprint,0.0,False
6,5,209,3.443,2.508,att,0.0,False
6,5,209,3.443,2.508,tmobile,0.0,False
6,5,209,3.443,2.508,verizon,0.0455,True
6,5,209,3.443,2.508,sprint,0.0,False
6,5,214,3.548,2.612,att,0.0455,True
6,5,214,3.548,2.612,tmobile,0.0,False
6,5,214,3.548,2.612,verizon,0.0,False
6,5,214,3.548,2.612,sprint,0.0,False
6,5,219,3.652,2.716,att,0.0,False
6,5,219,3.652,2.716,tmobile,0.0,False
6,5,219,3.652,2.716,verizon,0.0,False
6,5,219,3.652,2.716,sprint,0.0,False
6,5,224,3.756,2.821,att,0.0,False
6,5,224,3.756,2.821,tmobile,0.0,False
6,5,224,3.756,2.821,verizon,0.2273,True
6,5,224,3.756,2.821,sprint,0.0,False
6,5,229,3.861,2.925,att,0.0,False
6,5,229,3.861,2.925,tmobile,0.0,False
6,5,229,3.861,2.925,verizon,0.0,False
6,5,229,3.861,2.925,sprint,0.0,False
6,5,234,3.965,3.029,att,0.0455,True
6,5,234,3.965,3.029,tmobile,0.0,False
6,5,234,3.965,3.029,verizon,0.0,False
6,5,234,3.965,3.029,sprint,0.0,False
6,5,239,4.069,3.134,att,0.0455,True
6,5,239,4.069,3.134,tmobile,0.0,False
6,5,239,4.069,3.134,verizon,0.0,False
6,5,239,4.069,3.134,sprint,0.0,False
6,5,244,4.174,3.238,att,0.0,False
6,5,244,4.174,3.238,tmobile,0.0,False
6,5,244,4.174,3.238,verizon,0.0,False
6,5,244,4.174,3.238,sprint,0.0,False
6,5,249,4.278,3.342,att,0.0,False
6,5,249,4.278,3.342,tmobile,0.0,False
6,5,249,4.278,3.342,verizon,0.0,False
6,5,249,4.278,3.342,sprint,0.0,False
6,5,254,4.382,3.447,att,0.0,False
6,5,254,4.382,3.447,tmobile,0.0909,True
6,5,254,4.382,3.447,verizon,0.0,False
6,5,254,4.382,3.447,sprint,0.0,False
6,5,259,4.487,3.551,att,0.0,False
6,5,259,4.487,3.551,tmobile,0.0,False
6,5,259,4.487,3.551,verizon,0.0,False
6,5,259,4.487,3.551,sprint,0.0,False
6,5,264,4.591,3.655,att,0.0,False
6,5,264,4.591,3.655,tmobile,0.0,False
6,5,264,4.591,3.655,verizon,0.0,False
6,5,264,4.591,3.655,sprint,0.0,False
6,5,269,4.695,3.76,att,0.0,False
6,5,269,4.695,3.76,tmobile,0.0,False
6,5,269,4.695,3.76,verizon,0.0909,True
6,5,269,4.695,3.76,sprint,0.0,False
6,5,274,4.8,3.864,att,0.0455,True
6,5,274,4.8,3.864,tmobile,0.0,False
6,5,274,4.8,3.864,verizon,0.0,False
6,5,274,4.8,3.864,sprint,0.0,False
6,5,279,4.904,3.968,att,0.0,False
6,5,279,4.904,3.968,tmobile,0.0455,True
6,5,279,4.904,3.968,verizon,0.0455,True
6,5,279,4.904,3.968,sprint,0.0,False
6,5,284,5.009,4.073,att,0.0,False
6,5,284,5.009,4.073,tmobile,0.0,False
6,5,284,5.009,4.073,verizon,0.0,False
6,5,284,5.009,4.073,sprint,0.0,False
6,5,289,5.113,4.177,att,0.0,False
6,5,289,5.113,4.177,tmobile,0.0,False
6,5,289,5.113,4.177,verizon,0.0,False
6,5,289,5.113,4.177,sprint,0.0,False
6,5,294,5.217,4.281,att,0.0,False
6,5,294,5.217,4.281,tmobile,0.0,False
6,5,294,5.217,4.281,verizon,0.0,False
6,5,294,5.217,4.281,sprint,0.0,False
6,5,299,5.322,4.386,att,0.0,False
6,5,299,5.322,4.386,tmobile,0.0,False
6,5,299,5.322,4.386,verizon,0.0,False
6,5,299,5.322,4.386,sprint,0.0,False
6,5,304,5.426,4.49,att,0.0,False
6,5,304,5.426,4.49,tmobile,0.0,False
6,5,304,5.426,4.49,verizon,0.3182,True
6,5,304,5.426,4.49,sprint,0.0,False
6,5,309,5.53,4.594,att,0.0,False
6,5,309,5.53,4.594,tmobile,0.0,False
6,5,309,5.53,4.594,verizon,0.0,False
6,5,309,5.53,4.594,sprint,0.0,False
6,5,314,5.635,4.699,att,0.0,False
6,5,314,5.635,4.699,tmobile,0.0,False
6,5,314,5.635,4.699,verizon,0.0,False
6,5,314,5.635,4.699,sprint,0.0,False
6,5,319,5.739,4.803,att,0.0,False
6,5,319,5.739,4.803,tmobile,0.0,False
6,5,319,5.739,4.803,verizon,0.0,False
6,5,319,5.739,4.803,sprint,0.0,False
6,5,324,5.843,4.908,att,0.0,False
6,5,324,5.843,4.908,tmobile,0.0,False
6,5,324,5.843,4.908,verizon,0.0,False
6,5,324,5.843,4.908,sprint,0.0,False
6,5,329,5.948,5.012,att,0.0,False
6,5,329,5.948,5.012,tmobile,0.0,False
6,5,329,5.948,5.012,verizon,0.0,False
6,5,329,5.948,5.012,sprint,0.0,False
6,5,334,6.052,5.116,att,0.0,False
6,5,334,6.052,5.116,tmobile,0.0,False
6,5,334,6.052,5.116,verizon,0.0,False
6,5,334,6.052,5.116,sprint,0.0,False
6,5,339,6.156,5.221,att,0.0,False
6,5,339,6.156,5.221,tmobile,0.0,False
6,5,339,6.156,5.221,verizon,0.0,False
6,5,339,6.156,5.221,sprint,0.0,False
6,5,344,6.261,5.325,att,0.0,False
6,5,344,6.261,5.325,tmobile,0.0,False
6,5,344,6.261,5.325,verizon,0.0,False
6,5,344,6.261,5.325,sprint,0.0,False
6,5,349,6.365,5.429,att,0.0,False
6,5,349,6.365,5.429,tmobile,0.0,False
6,5,349,6.365,5.429,verizon,0.0,False
6,5,349,6.365,5.429,sprint,0.0,False
6,5,354,6.469,5.534,att,0.0,False
6,5,354,6.469,5.534,tmobile,0.0,False
6,5,354,6.469,5.534,verizon,0.0,False
6,5,354,6.469,5.534,sprint,0.0,False
6,5,359,6.574,5.638,att,0.0,False
6,5,359,6.574,5.638,tmobile,0.0,False
6,5,359,6.574,5.638,verizon,0.0,False
6,5,359,6.574,5.638,sprint,0.0,False
6,5,364,6.678,5.742,att,0.0,False
6,5,364,6.678,5.742,tmobile,0.0,False
6,5,364,6.678,5.742,verizon,0.0,False
6,5,364,6.678,5.742,sprint,0.0,False
6,5,369,6.782,5.847,att,0.0,False
6,5,369,6.782,5.847,tmobile,0.0,False
6,5,369,6.782,5.847,verizon,0.0,False
6,5,369,6.782,5.847,sprint,0.0,False
6,5,374,6.887,5.951,att,0.0,False
6,5,374,6.887,5.951,tmobile,0.0,False
6,5,374,6.887,5.951,verizon,0.0,False
6,5,374,6.887,5.951,sprint,0.0,False
6,5,379,6.991,6.055,att,0.0,False
6,5,379,6.991,6.055,tmobile,0.0,False
6,5,379,6.991,6.055,verizon,0.0,False
6,5,379,6.991,6.055,sprint,0.0,False
6,5,384,7.095,6.16,att,0.0,False
6,5,384,7.095,6.16,tmobile,0.0,False
6,5,384,7.095,6.16,verizon,0.0,False
6,5,384,7.095,6.16,sprint,0.0,False
6,5,389,7.2,6.264,att,0.0,False
6,5,389,7.2,6.264,tmobile,0.0,False
6,5,389,7.2,6.264,verizon,0.0,False
6,5,389,7.2,6.264,sprint,0.0,False
6,5,394,7.304,6.368,att,0.0,False
6,5,394,7.304,6.368,tmobile,0.0,False
6,5,394,7.304,6.368,verizon,0.0,False
6,5,394,7.304,6.368,sprint,0.0,False
6,5,399,7.408,6.473,att,0.0,False
6,5,399,7.408,6.473,tmobile,0.0,False
6,5,399,7.408,6.473,verizon,0.0,False
6,5,399,7.408,6.473,sprint,0.0,False
6,5,404,7.513,6.577,att,0.0,False
6,5,404,7.513,6.577,tmobile,0.0,False
6,5,404,7.513,6.577,verizon,0.0,False
6,5,404,7.513,6.577,sprint,0.0,False
6,5,409,7.617,6.681,att,0.0,False
6,5,409,7.617,6.681,tmobile,0.0,False
6,5,409,7.617,6.681,verizon,0.0,False
6,5,409,7.617,6.681,sprint,0.0,False
6,5,414,7.721,6.786,att,0.0,False
6,5,414,7.721,6.786,tmobile,0.0,False
6,5,414,7.721,6.786,verizon,0.0,False
6,5,414,7.721,6.786,sprint,0.0,False
6,5,419,7.826,6.89,att,0.0,False
6,5,419,7.826,6.89,tmobile,0.0,False
6,5,419,7.826,6.89,verizon,0.0909,True
6,5,419,7.826,6.89,sprint,0.0,False
6,5,424,7.93,6.994,att,0.0,False
6,5,424,7.93,6.994,tmobile,0.0,False
6,5,424,7.93,6.994,verizon,0.0,False
6,5,424,7.93,6.994,sprint,0.0,False
6,5,429,8.035,7.099,att,0.0,False
6,5,429,8.035,7.099,tmobile,0.0,False
6,5,429,8.035,7.099,verizon,0.0,False
6,5,429,8.035,7.099,sprint,0.0,False
6,5,434,8.139,7.203,att,0.0,False
6,5,434,8.139,7.203,tmobile,0.0,False
6,5,434,8.139,7.203,verizon,0.0,False
6,5,434,8.139,7.203,sprint,0.0,False
6,5,439,8.243,7.307,att,0.0,False
6,5,439,8.243,7.307,tmobile,0.0,False
6,5,439,8.243,7.307,verizon,0.0,False
6,5,439,8.243,7.307,sprint,0.0,False
6,5,444,8.348,7.412,att,0.0,False
6,5,444,8.348,7.412,tmobile,0.0,False
6,5,444,8.348,7.412,verizon,0.0,False
6,5,444,8.348,7.412,sprint,0.0,False
6,5,449,8.452,7.516,att,0.0,False
6,5,449,8.452,7.516,tmobile,0.0,False
6,5,449,8.452,7.516,verizon,0.0,False
6,5,449,8.452,7.516,sprint,0.0,False
6,5,454,8.556,7.62,att,0.0455,True
6,5,454,8.556,7.62,tmobile,0.0,False
6,5,454,8.556,7.62,verizon,0.0,False
6,5,454,8.556,7.62,sprint,0.0,False
6,5,459,8.661,7.725,att,0.0,False
6,5,459,8.661,7.725,tmobile,0.0,False
6,5,459,8.661,7.725,verizon,0.0,False
6,5,459,8.661,7.725,sprint,0.0,False
6,5,464,8.765,7.829,att,0.0,False
6,5,464,8.765,7.829,tmobile,0.0,False
6,5,464,8.765,7.829,verizon,0.0,False
6,5,464,8.765,7.829,sprint,0.0,False
6,5,469,8.869,7.933,att,0.0,False
6,5,469,8.869,7.933,tmobile,0.0,False
6,5,469,8.869,7.933,verizon,0.0,False
6,5,469,8.869,7.933,sprint,0.0,False
6,5,474,8.974,8.038,att,0.0,False
6,5,474,8.974,8.038,tmobile,0.0,False
6,5,474,8.974,8.038,verizon,0.0,False
6,5,474,8.974,8.038,sprint,0.0,False
6,5,479,9.078,8.142,att,0.0,False
6,5,479,9.078,8.142,tmobile,0.0,False
6,5,479,9.078,8.142,verizon,0.0,False
6,5,479,9.078,8.142,sprint,0.0,False
6,5,484,9.182,8.247,att,0.0,False
6,5,484,9.182,8.247,tmobile,0.0,False
6,5,484,9.182,8.247,verizon,0.0,False
6,5,484,9.182,8.247,sprint,0.0,False
6,5,489,9.287,8.351,att,0.0455,True
6,5,489,9.287,8.351,tmobile,0.1364,True
6,5,489,9.287,8.351,verizon,0.0,False
6,5,489,9.287,8.351,sprint,0.0,False
6,5,494,9.391,8.455,att,0.0,False
6,5,494,9.391,8.455,tmobile,0.0,False
6,5,494,9.391,8.455,verizon,0.0,False
6,5,494,9.391,8.455,sprint,0.0,False
6,5,499,9.495,8.56,att,0.0,False
6,5,499,9.495,8.56,tmobile,0.0455,True
6,5,499,9.495,8.56,verizon,0.0,False
6,5,499,9.495,8.56,sprint,0.0,False
6,5,504,9.6,8.664,att,0.0,False
6,5,504,9.6,8.664,tmobile,0.0,False
6,5,504,9.6,8.664,verizon,0.1818,True
6,5,504,9.6,8.664,sprint,0.2727,True
6,5,509,9.704,8.768,att,0.0455,True
6,5,509,9.704,8.768,tmobile,0.0,False
6,5,509,9.704,8.768,verizon,0.0,False
6,5,509,9.704,8.768,sprint,0.0,False
6,5,514,9.808,8.873,att,0.0,False
6,5,514,9.808,8.873,tmobile,0.0,False
6,5,514,9.808,8.873,verizon,0.0,False
6,5,514,9.808,8.873,sprint,0.0,False
6,5,519,9.913,8.977,att,0.0,False
6,5,519,9.913,8.977,tmobile,0.0,False
6,5,519,9.913,8.977,verizon,0.0,False
6,5,519,9.913,8.977,sprint,0.0,False
6,5,524,10.017,9.081,att,0.0,False
6,5,524,10.017,9.081,tmobile,0.0,False
6,5,524,10.017,9.081,verizon,0.0,False
6,5,524,10.017,9.081,sprint,0.0,False
6,5,529,10.121,9.186,att,0.0,False
6,5,529,10.121,9.186,tmobile,0.0,False
6,5,529,10.121,9.186,verizon,0.0,False
6,5,529,10.121,9.186,sprint,0.0,False
6,5,534,10.226,9.29,att,0.0,False
6,5,534,10.226,9.29,tmobile,0.0,False
6,5,534,10.226,9.29,verizon,0.0,False
6,5,534,10.226,9.29,sprint,0.0,False
6,5,539,10.33,9.394,att,0.0,False
6,5,539,10.33,9.394,tmobile,0.0,False
6,5,539,10.33,9.394,verizon,0.0,False
6,5,539,10.33,9.394,sprint,0.0,False
6,5,544,10.434,9.499,att,0.0,False
6,5,544,10.434,9.499,tmobile,0.0,False
6,5,544,10.434,9.499,verizon,0.0,False
6,5,544,10.434,9.499,sprint,0.0,False
6,5,549,10.539,9.603,att,0.0,False
6,5,549,10.539,9.603,tmobile,0.0,False
6,5,549,10.539,9.603,verizon,0.0,False
6,5,549,10.539,9.603,sprint,0.0,False
6,5,554,10.643,9.707,att,0.0,False
6,5,554,10.643,9.707,tmobile,0.0,False
6,5,554,10.643,9.707,verizon,0.1818,True
6,5,554,10.643,9.707,sprint,0.0,False
6,5,559,10.747,9.812,att,0.0,False
6,5,559,10.747,9.812,tmobile,0.0,False
6,5,559,10.747,9.812,verizon,0.0,False
6,5,559,10.747,9.812,sprint,0.0,False
6,5,564,10.852,9.916,att,0.0,False
6,5,564,10.852,9.916,tmobile,0.0,False
6,5,564,10.852,9.916,verizon,0.0,False
6,5,564,10.852,9.916,sprint,0.0,False
6,5,569,10.956,10.02,att,0.0,False
6,5,569,10.956,10.02,tmobile,0.0,False
6,5,569,10.956,10.02,verizon,0.0,False
6,5,569,10.956,10.02,sprint,0.0,False
6,5,574,11.06,10.125,att,0.0,False
6,5,574,11.06,10.125,tmobile,0.0,False
6,5,574,11.06,10.125,verizon,0.0,False
6,5,574,11.06,10.125,sprint,0.0,False
6,5,579,11.165,10.229,att,0.0,False
6,5,579,11.165,10.229,tmobile,0.0,False
6,5,579,11.165,10.229,verizon,0.0,False
6,5,579,11.165,10.229,sprint,0.0,False
6,5,584,11.269,10.333,att,0.0,False
6,5,584,11.269,10.333,tmobile,0.0,False
6,5,584,11.269,10.333,verizon,0.0,False
6,5,584,11.269,10.333,sprint,0.0,False
6,5,589,11.374,10.438,att,0.0,False
6,5,589,11.374,10.438,tmobile,0.0,False
6,5,589,11.374,10.438,verizon,0.0,False
6,5,589,11.374,10.438,sprint,0.0,False
6,5,594,11.478,10.542,att,0.0,False
6,5,594,11.478,10.542,tmobile,0.0,False
6,5,594,11.478,10.542,verizon,0.0,False
6,5,594,11.478,10.542,sprint,0.0,False
6,5,599,11.582,10.646,att,0.0,False
6,5,599,11.582,10.646,tmobile,0.0,False
6,5,599,11.582,10.646,verizon,0.0,False
6,5,599,11.582,10.646,sprint,0.0,False
6,5,604,11.687,10.751,att,0.0,False
6,5,604,11.687,10.751,tmobile,0.0,False
6,5,604,11.687,10.751,verizon,0.0,False
6,5,604,11.687,10.751,sprint,0.0,False
6,5,609,11.791,10.855,att,0.0,False
6,5,609,11.791,10.855,tmobile,0.0,False
6,5,609,11.791,10.855,verizon,0.0,False
6,5,609,11.791,10.855,sprint,0.0,False
6,5,614,11.895,10.959,att,0.0,False
6,5,614,11.895,10.959,tmobile,0.0,False
6,5,614,11.895,10.959,verizon,0.0,False
6,5,614,11.895,10.959,sprint,0.0,False
6,5,619,12.0,11.064,att,0.0,False
6,5,619,12.0,11.064,tmobile,0.0,False
6,5,619,12.0,11.064,verizon,0.0,False
6,5,619,12.0,11.064,sprint,0.0,False
6,5,624,12.104,11.168,att,0.0,False
6,5,624,12.104,11.168,tmobile,0.0,False
6,5,624,12.104,11.168,verizon,0.0,False
6,5,624,12.104,11.168,sprint,0.0,False
6,5,629,12.208,11.273,att,0.0,False
6,5,629,12.208,11.273,tmobile,0.0,False
6,5,629,12.208,11.273,verizon,0.0,False
6,5,629,12.208,11.273,sprint,0.0,False
6,5,634,12.313,11.377,att,0.0,False
6,5,634,12.313,11.377,tmobile,0.0,False
6,5,634,12.313,11.377,verizon,0.0,False
6,5,634,12.313,11.377,sprint,0.0,False
6,5,639,12.417,11.481,att,0.0,False
6,5,639,12.417,11.481,tmobile,0.0,False
6,5,639,12.417,11.481,verizon,0.0,False
6,5,639,12.417,11.481,sprint,0.0,False
6,5,644,12.521,11.586,att,0.0,False
6,5,644,12.521,11.586,tmobile,0.0,False
6,5,644,12.521,11.586,verizon,0.0,False
6,5,644,12.521,11.586,sprint,0.0,False
6,5,649,12.626,11.69,att,0.0,False
6,5,649,12.626,11.69,tmobile,0.0,False
6,5,649,12.626,11.69,verizon,0.0,False
6,5,649,12.626,11.69,sprint,0.0,False
6,5,654,12.73,11.794,att,0.0,False
6,5,654,12.73,11.794,tmobile,0.0,False
6,5,654,12.73,11.794,verizon,0.0,False
6,5,654,12.73,11.794,sprint,0.0,False
6,5,659,12.834,11.899,att,0.0,False
6,5,659,12.834,11.899,tmobile,0.0,False
6,5,659,12.834,11.899,verizon,0.0455,True
6,5,659,12.834,11.899,sprint,0.0,False
6,5,664,12.939,12.003,att,0.0,False
6,5,664,12.939,12.003,tmobile,0.0455,True
6,5,664,12.939,12.003,verizon,0.0455,True
6,5,664,12.939,12.003,sprint,0.0,False
6,5,669,13.043,12.107,att,0.0,False
6,5,669,13.043,12.107,tmobile,0.0,False
6,5,669,13.043,12.107,verizon,0.0,False
6,5,669,13.043,12.107,sprint,0.0,False
6,5,674,13.147,12.212,att,0.0,False
6,5,674,13.147,12.212,tmobile,0.0,False
6,5,674,13.147,12.212,verizon,0.0,False
6,5,674,13.147,12.212,sprint,0.0,False
6,5,679,13.252,12.316,att,0.0,False
6,5,679,13.252,12.316,tmobile,0.0,False
6,5,679,13.252,12.316,verizon,0.0,False
6,5,679,13.252,12.316,sprint,0.0,False
6,5,684,13.356,12.42,att,0.0,False
6,5,684,13.356,12.42,tmobile,0.0,False
6,5,684,13.356,12.42,verizon,0.0,False
6,5,684,13.356,12.42,sprint,0.0909,True
6,5,689,13.46,12.525,att,0.0,False
6,5,689,13.46,12.525,tmobile,0.0,False
6,5,689,13.46,12.525,verizon,0.0,False
6,5,689,13.46,12.525,sprint,0.7273,True
6,5,694,13.565,12.629,att,0.0,False
6,5,694,13.565,12.629,tmobile,0.0,False
6,5,694,13.565,12.629,verizon,0.0455,True
6,5,694,13.565,12.629,sprint,0.0455,True
6,5,699,13.669,12.733,att,0.0,False
6,5,699,13.669,12.733,tmobile,0.0455,True
6,5,699,13.669,12.733,verizon,0.0909,True
6,5,699,13.669,12.733,sprint,0.0,False
6,5,704,13.773,12.838,att,0.1364,True
6,5,704,13.773,12.838,tmobile,0.0455,True
6,5,704,13.773,12.838,verizon,0.0455,True
6,5,704,13.773,12.838,sprint,0.0,False
6,5,709,13.878,12.942,att,0.0,False
6,5,709,13.878,12.942,tmobile,0.0455,True
6,5,709,13.878,12.942,verizon,0.5909,True
6,5,709,13.878,12.942,sprint,0.0,False
6,5,714,13.982,13.046,att,0.0,False
6,5,714,13.982,13.046,tmobile,0.0,False
6,5,714,13.982,13.046,verizon,0.0,False
6,5,714,13.982,13.046,sprint,0.0,False
6,5,719,14.086,13.151,att,0.0,False
6,5,719,14.086,13.151,tmobile,0.0,False
6,5,719,14.086,13.151,verizon,0.0455,True
6,5,719,14.086,13.151,sprint,0.0,False
6,5,724,14.191,13.255,att,0.0,False
6,5,724,14.191,13.255,tmobile,0.0,False
6,5,724,14.191,13.255,verizon,0.0,False
6,5,724,14.191,13.255,sprint,0.0,False
6,5,729,14.295,13.359,att,0.0,False
6,5,729,14.295,13.359,tmobile,0.0,False
6,5,729,14.295,13.359,verizon,0.0,False
6,5,729,14.295,13.359,sprint,0.0,False
6,5,734,14.399,13.464,att,0.0,False
6,5,734,14.399,13.464,tmobile,0.0,False
6,5,734,14.399,13.464,verizon,0.0,False
6,5,734,14.399,13.464,sprint,0.0,False
6,5,739,14.504,13.568,att,0.0,False
6,5,739,14.504,13.568,tmobile,0.0,False
6,5,739,14.504,13.568,verizon,0.0,False
6,5,739,14.504,13.568,sprint,0.0,False
6,5,744,14.608,13.672,att,0.0,False
6,5,744,14.608,13.672,tmobile,0.2727,True
6,5,744,14.608,13.672,verizon,0.1364,True
6,5,744,14.608,13.672,sprint,0.0,False
6,5,749,14.713,13.777,att,0.0,False
6,5,749,14.713,13.777,tmobile,0.0,False
6,5,749,14.713,13.777,verizon,0.0,False
6,5,749,14.713,13.777,sprint,0.0,False
6,5,754,14.817,13.881,att,0.0,False
6,5,754,14.817,13.881,tmobile,0.0,False
6,5,754,14.817,13.881,verizon,0.0,False
6,5,754,14.817,13.881,sprint,0.0,False
6,5,759,14.921,13.985,att,0.0,False
6,5,759,14.921,13.985,tmobile,0.0,False
6,5,759,14.921,13.985,verizon,0.0,False
6,5,759,14.921,13.985,sprint,0.0,False
6,5,764,15.026,14.09,att,0.0,False
6,5,764,15.026,14.09,tmobile,0.3636,True
6,5,764,15.026,14.09,verizon,0.4091,True
6,5,764,15.026,14.09,sprint,0.0,False
6,5,769,15.13,14.194,att,0.0,False
6,5,769,15.13,14.194,tmobile,0.0,False
6,5,769,15.13,14.194,verizon,0.0,False
6,5,769,15.13,14.194,sprint,0.0,False
6,5,774,15.234,14.298,att,0.0,False
6,5,774,15.234,14.298,tmobile,0.0,False
6,5,774,15.234,14.298,verizon,0.0,False
6,5,774,15.234,14.298,sprint,0.0,False
6,5,779,15.339,14.403,att,0.0,False
6,5,779,15.339,14.403,tmobile,0.0,False
6,5,779,15.339,14.403,verizon,0.0,False
6,5,779,15.339,14.403,sprint,0.1364,True
6,5,784,15.443,14.507,att,0.0,False
6,5,784,15.443,14.507,tmobile,0.0,False
6,5,784,15.443,14.507,verizon,0.0,False
6,5,784,15.443,14.507,sprint,0.0455,True
6,5,789,15.547,14.612,att,0.0,False
6,5,789,15.547,14.612,tmobile,0.0,False
6,5,789,15.547,14.612,verizon,0.0,False
6,5,789,15.547,14.612,sprint,0.0,False
6,5,794,15.652,14.716,att,0.0,False
6,5,794,15.652,14.716,tmobile,0.0,False
6,5,794,15.652,14.716,verizon,0.1364,True
6,5,794,15.652,14.716,sprint,0.0,False
6,5,799,15.756,14.82,att,0.0,False
6,5,799,15.756,14.82,tmobile,0.0,False
6,5,799,15.756,14.82,verizon,0.0,False
6,5,799,15.756,14.82,sprint,0.0,False
6,5,804,15.86,14.925,att,0.0,False
6,5,804,15.86,14.925,tmobile,0.0,False
6,5,804,15.86,14.925,verizon,0.0,False
6,5,804,15.86,14.925,sprint,0.0,False
6,5,809,15.965,15.029,att,0.0,False
6,5,809,15.965,15.029,tmobile,0.0,False
6,5,809,15.965,15.029,verizon,0.0,False
6,5,809,15.965,15.029,sprint,0.0,False
7,6,45,0.0,-0.915,att,0.0,False
7,6,45,0.0,-0.915,tmobile,0.0,False
7,6,45,0.0,-0.915,verizon,0.0,False
7,6,45,0.0,-0.915,sprint,0.0,False
7,6,50,0.104,-0.811,att,0.0,False
7,6,50,0.104,-0.811,tmobile,0.0,False
7,6,50,0.104,-0.811,verizon,0.0,False
7,6,50,0.104,-0.811,sprint,0.0,False
7,6,55,0.209,-0.706,att,0.0,False
7,6,55,0.209,-0.706,tmobile,0.0,False
7,6,55,0.209,-0.706,verizon,0.0,False
7,6,55,0.209,-0.706,sprint,0.0,False
7,6,60,0.313,-0.602,att,0.0,False
7,6,60,0.313,-0.602,tmobile,0.0,False
7,6,60,0.313,-0.602,verizon,0.0,False
7,6,60,0.313,-0.602,sprint,0.0,False
7,6,65,0.417,-0.498,att,0.0,False
7,6,65,0.417,-0.498,tmobile,0.0,False
7,6,65,0.417,-0.498,verizon,0.0,False
7,6,65,0.417,-0.498,sprint,0.0,False
7,6,70,0.522,-0.393,att,0.0,False
7,6,70,0.522,-0.393,tmobile,0.0,False
7,6,70,0.522,-0.393,verizon,0.0,False
7,6,70,0.522,-0.393,sprint,0.0,False
7,6,75,0.626,-0.289,att,0.0,False
7,6,75,0.626,-0.289,tmobile,0.0,False
7,6,75,0.626,-0.289,verizon,0.0,False
7,6,75,0.626,-0.289,sprint,0.0,False
7,6,80,0.73,-0.184,att,0.0,False
7,6,80,0.73,-0.184,tmobile,0.0,False
7,6,80,0.73,-0.184,verizon,0.0,False
7,6,80,0.73,-0.184,sprint,0.0,False
7,6,85,0.835,-0.08,att,0.0,False
7,6,85,0.835,-0.08,tmobile,0.0,False
7,6,85,0.835,-0.08,verizon,0.0,False
7,6,85,0.835,-0.08,sprint,0.0,False
7,6,90,0.939,0.024,att,0.0,False
7,6,90,0.939,0.024,tmobile,0.0,False
7,6,90,0.939,0.024,verizon,0.0,False
7,6,90,0.939,0.024,sprint,0.0,False
7,6,95,1.043,0.129,att,0.0,False
7,6,95,1.043,0.129,tmobile,0.0,False
7,6,95,1.043,0.129,verizon,0.0,False
7,6,95,1.043,0.129,sprint,0.0,False
7,6,100,1.148,0.233,att,0.0,False
7,6,100,1.148,0.233,tmobile,0.0,False
7,6,100,1.148,0.233,verizon,0.0,False
7,6,100,1.148,0.233,sprint,0.0435,True
7,6,105,1.252,0.337,att,0.0,False
7,6,105,1.252,0.337,tmobile,0.0,False
7,6,105,1.252,0.337,verizon,0.0,False
7,6,105,1.252,0.337,sprint,0.0,False
7,6,110,1.356,0.442,att,0.0,False
7,6,110,1.356,0.442,tmobile,0.0,False
7,6,110,1.356,0.442,verizon,0.0,False
7,6,110,1.356,0.442,sprint,0.0,False
7,6,115,1.461,0.546,att,0.0,False
7,6,115,1.461,0.546,tmobile,0.0435,True
7,6,115,1.461,0.546,verizon,0.0,False
7,6,115,1.461,0.546,sprint,0.0435,True
7,6,120,1.565,0.65,att,0.0,False
7,6,120,1.565,0.65,tmobile,0.0435,True
7,6,120,1.565,0.65,verizon,0.0,False
7,6,120,1.565,0.65,sprint,0.0,False
7,6,125,1.67,0.755,att,0.0435,True
7,6,125,1.67,0.755,tmobile,0.0435,True
7,6,125,1.67,0.755,verizon,0.0435,True
7,6,125,1.67,0.755,sprint,0.0,False
7,6,130,1.774,0.859,att,0.0435,True
7,6,130,1.774,0.859,tmobile,0.0,False
7,6,130,1.774,0.859,verizon,0.087,True
7,6,130,1.774,0.859,sprint,0.0,False
7,6,135,1.878,0.963,att,0.0,False
7,6,135,1.878,0.963,tmobile,0.0,False
7,6,135,1.878,0.963,verizon,0.0,False
7,6,135,1.878,0.963,sprint,0.0,False
7,6,140,1.983,1.068,att,0.0,False
7,6,140,1.983,1.068,tmobile,0.0435,True
7,6,140,1.983,1.068,verizon,0.0,False
7,6,140,1.983,1.068,sprint,0.0,False
7,6,145,2.087,1.172,att,0.0,False
7,6,145,2.087,1.172,tmobile,0.0435,True
7,6,145,2.087,1.172,verizon,0.0,False
7,6,145,2.087,1.172,sprint,0.0,False
7,6,150,2.191,1.276,att,0.0435,True
7,6,150,2.191,1.276,tmobile,0.087,True
7,6,150,2.191,1.276,verizon,0.0,False
7,6,150,2.191,1.276,sprint,0.0,False
7,6,155,2.296,1.381,att,0.0,False
7,6,155,2.296,1.381,tmobile,0.0,False
7,6,155,2.296,1.381,verizon,0.0,False
7,6,155,2.296,1.381,sprint,0.0,False
7,6,160,2.4,1.485,att,0.0,False
7,6,160,2.4,1.485,tmobile,0.0,False
7,6,160,2.4,1.485,verizon,0.0,False
7,6,160,2.4,1.485,sprint,0.0,False
7,6,165,2.504,1.589,att,0.0,False
7,6,165,2.504,1.589,tmobile,0.0,False
7,6,165,2.504,1.589,verizon,0.0,False
7,6,165,2.504,1.589,sprint,0.0,False
7,6,170,2.609,1.694,att,0.0435,True
7,6,170,2.609,1.694,tmobile,0.0,False
7,6,170,2.609,1.694,verizon,0.0,False
7,6,170,2.609,1.694,sprint,0.0,False
7,6,175,2.713,1.798,att,0.0,False
7,6,175,2.713,1.798,tmobile,0.0,False
7,6,175,2.713,1.798,verizon,0.0435,True
7,6,175,2.713,1.798,sprint,0.0435,True
7,6,180,2.817,1.902,att,0.0,False
7,6,180,2.817,1.902,tmobile,0.0435,True
7,6,180,2.817,1.902,verizon,0.0,False
7,6,180,2.817,1.902,sprint,0.087,True
7,6,185,2.922,2.007,att,0.0,False
7,6,185,2.922,2.007,tmobile,0.0,False
7,6,185,2.922,2.007,verizon,0.0,False
7,6,185,2.922,2.007,sprint,0.0,False
7,6,190,3.026,2.111,att,0.0,False
7,6,190,3.026,2.111,tmobile,0.0,False
7,6,190,3.026,2.111,verizon,0.1304,True
7,6,190,3.026,2.111,sprint,0.0,False
7,6,195,3.13,2.215,att,0.0435,True
7,6,195,3.13,2.215,tmobile,0.0,False
7,6,195,3.13,2.215,verizon,0.0435,True
7,6,195,3.13,2.215,sprint,0.0,False
7,6,200,3.235,2.32,att,0.0,False
7,6,200,3.235,2.32,tmobile,0.087,True
7,6,200,3.235,2.32,verizon,0.0435,True
7,6,200,3.235,2.32,sprint,0.0,False
7,6,205,3.339,2.424,att,0.0,False
7,6,205,3.339,2.424,tmobile,0.087,True
7,6,205,3.339,2.424,verizon,0.0,False
7,6,205,3.339,2.424,sprint,0.1304,True
7,6,210,3.443,2.528,att,0.0,False
7,6,210,3.443,2.528,tmobile,0.0,False
7,6,210,3.443,2.528,verizon,0.0435,True
7,6,210,3.443,2.528,sprint,0.0,False
7,6,215,3.548,2.633,att,0.0,False
7,6,215,3.548,2.633,tmobile,0.0,False
7,6,215,3.548,2.633,verizon,0.0435,True
7,6,215,3.548,2.633,sprint,0.0,False
7,6,220,3.652,2.737,att,0.0,False
7,6,220,3.652,2.737,tmobile,0.0435,True
7,6,220,3.652,2.737,verizon,0.0435,True
7,6,220,3.652,2.737,sprint,0.0,False
7,6,225,3.756,2.842,att,0.0,False
7,6,225,3.756,2.842,tmobile,0.0435,True
7,6,225,3.756,2.842,verizon,0.0435,True
7,6,225,3.756,2.842,sprint,0.0,False
7,6,230,3.861,2.946,att,0.0,False
7,6,230,3.861,2.946,tmobile,0.0435,True
7,6,230,3.861,2.946,verizon,0.0,False
7,6,230,3.861,2.946,sprint,0.0,False
7,6,235,3.965,3.05,att,0.0,False
7,6,235,3.965,3.05,tmobile,0.0435,True
7,6,235,3.965,3.05,verizon,0.0,False
7,6,235,3.965,3.05,sprint,0.0,False
7,6,240,4.069,3.155,att,0.0,False
7,6,240,4.069,3.155,tmobile,0.0,False
7,6,240,4.069,3.155,verizon,0.0,False
7,6,240,4.069,3.155,sprint,0.0,False
7,6,245,4.174,3.259,att,0.0435,True
7,6,245,4.174,3.259,tmobile,0.0,False
7,6,245,4.174,3.259,verizon,0.0,False
7,6,245,4.174,3.259,sprint,0.0,False
7,6,250,4.278,3.363,att,0.0,False
7,6,250,4.278,3.363,tmobile,0.0435,True
7,6,250,4.278,3.363,verizon,0.0435,True
7,6,250,4.278,3.363,sprint,0.0,False
7,6,255,4.382,3.468,att,0.0,False
7,6,255,4.382,3.468,tmobile,0.0435,True
7,6,255,4.382,3.468,verizon,0.0,False
7,6,255,4.382,3.468,sprint,0.0,False
7,6,260,4.487,3.572,att,0.0,False
7,6,260,4.487,3.572,tmobile,0.0435,True
7,6,260,4.487,3.572,verizon,0.0435,True
7,6,260,4.487,3.572,sprint,0.0,False
7,6,265,4.591,3.676,att,0.0,False
7,6,265,4.591,3.676,tmobile,0.0,False
7,6,265,4.591,3.676,verizon,0.0435,True
7,6,265,4.591,3.676,sprint,0.0,False
7,6,270,4.695,3.781,att,0.0,False
7,6,270,4.695,3.781,tmobile,0.0,False
7,6,270,4.695,3.781,verizon,0.0,False
7,6,270,4.695,3.781,sprint,0.0,False
7,6,275,4.8,3.885,att,0.0,False
7,6,275,4.8,3.885,tmobile,0.0435,True
7,6,275,4.8,3.885,verizon,0.0435,True
7,6,275,4.8,3.885,sprint,0.0435,True
7,6,280,4.904,3.989,att,0.0435,True
7,6,280,4.904,3.989,tmobile,0.0435,True
7,6,280,4.904,3.989,verizon,0.0,False
7,6,280,4.904,3.989,sprint,0.0,False
7,6,285,5.009,4.094,att,0.0,False
7,6,285,5.009,4.094,tmobile,0.0,False
7,6,285,5.009,4.094,verizon,0.0,False
7,6,285,5.009,4.094,sprint,0.1739,True
7,6,290,5.113,4.198,att,0.0,False
7,6,290,5.113,4.198,tmobile,0.0,False
7,6,290,5.113,4.198,verizon,0.1739,True
7,6,290,5.113,4.198,sprint,0.0,False
7,6,295,5.217,4.302,att,0.0,False
7,6,295,5.217,4.302,tmobile,0.0,False
7,6,295,5.217,4.302,verizon,0.0,False
7,6,295,5.217,4.302,sprint,0.1304,True
7,6,300,5.322,4.407,att,0.0435,True
7,6,300,5.322,4.407,tmobile,0.0,False
7,6,300,5.322,4.407,verizon,0.0435,True
7,6,300,5.322,4.407,sprint,0.0,False
7,6,305,5.426,4.511,att,0.0435,True
7,6,305,5.426,4.511,tmobile,0.0,False
7,6,305,5.426,4.511,verizon,0.0,False
7,6,305,5.426,4.511,sprint,0.0,False
7,6,310,5.53,4.615,att,0.0435,True
7,6,310,5.53,4.615,tmobile,0.0435,True
7,6,310,5.53,4.615,verizon,0.0435,True
7,6,310,5.53,4.615,sprint,0.0,False
7,6,315,5.635,4.72,att,0.0435,True
7,6,315,5.635,4.72,tmobile,0.0,False
7,6,315,5.635,4.72,verizon,0.0,False
7,6,315,5.635,4.72,sprint,0.0,False
7,6,320,5.739,4.824,att,0.0435,True
7,6,320,5.739,4.824,tmobile,0.0,False
7,6,320,5.739,4.824,verizon,0.0435,True
7,6,320,5.739,4.824,sprint,0.0,False
7,6,325,5.843,4.928,att,0.0,False
7,6,325,5.843,4.928,tmobile,0.0,False
7,6,325,5.843,4.928,verizon,0.0435,True
7,6,325,5.843,4.928,sprint,0.0,False
7,6,330,5.948,5.033,att,0.0,False
7,6,330,5.948,5.033,tmobile,0.0435,True
7,6,330,5.948,5.033,verizon,0.0,False
7,6,330,5.948,5.033,sprint,0.0,False
7,6,335,6.052,5.137,att,0.0,False
7,6,335,6.052,5.137,tmobile,0.0435,True
7,6,335,6.052,5.137,verizon,0.0,False
7,6,335,6.052,5.137,sprint,0.0,False
7,6,340,6.156,5.241,att,0.087,True
7,6,340,6.156,5.241,tmobile,0.0,False
7,6,340,6.156,5.241,verizon,0.1304,True
7,6,340,6.156,5.241,sprint,0.0,False
7,6,345,6.261,5.346,att,0.0,False
7,6,345,6.261,5.346,tmobile,0.0,False
7,6,345,6.261,5.346,verizon,0.0435,True
7,6,345,6.261,5.346,sprint,0.0,False
7,6,350,6.365,5.45,att,0.0435,True
7,6,350,6.365,5.45,tmobile,0.0,False
7,6,350,6.365,5.45,verizon,0.0,False
7,6,350,6.365,5.45,sprint,0.0,False
7,6,355,6.469,5.554,att,0.0,False
7,6,355,6.469,5.554,tmobile,0.0435,True
7,6,355,6.469,5.554,verizon,0.0,False
7,6,355,6.469,5.554,sprint,0.0,False
7,6,360,6.574,5.659,att,0.0,False
7,6,360,6.574,5.659,tmobile,0.0435,True
7,6,360,6.574,5.659,verizon,0.0,False
7,6,360,6.574,5.659,sprint,0.0,False
7,6,365,6.678,5.763,att,0.0435,True
7,6,365,6.678,5.763,tmobile,0.0435,True
7,6,365,6.678,5.763,verizon,0.0,False
7,6,365,6.678,5.763,sprint,0.0,False
7,6,370,6.782,5.867,att,0.0,False
7,6,370,6.782,5.867,tmobile,0.087,True
7,6,370,6.782,5.867,verizon,0.1304,True
7,6,370,6.782,5.867,sprint,0.0,False
7,6,375,6.887,5.972,att,0.0,False
7,6,375,6.887,5.972,tmobile,0.0,False
7,6,375,6.887,5.972,verizon,0.0,False
7,6,375,6.887,5.972,sprint,0.0,False
7,6,380,6.991,6.076,att,0.0,False
7,6,380,6.991,6.076,tmobile,0.0435,True
7,6,380,6.991,6.076,verizon,0.0435,True
7,6,380,6.991,6.076,sprint,0.0,False
7,6,385,7.095,6.181,att,0.0,False
7,6,385,7.095,6.181,tmobile,0.0435,True
7,6,385,7.095,6.181,verizon,0.0435,True
7,6,385,7.095,6.181,sprint,0.0,False
7,6,390,7.2,6.285,att,0.0435,True
7,6,390,7.2,6.285,tmobile,0.0,False
7,6,390,7.2,6.285,verizon,0.0,False
7,6,390,7.2,6.285,sprint,0.0,False
7,6,395,7.304,6.389,att,0.0,False
7,6,395,7.304,6.389,tmobile,0.0,False
7,6,395,7.304,6.389,verizon,0.0,False
7,6,395,7.304,6.389,sprint,0.0,False
7,6,400,7.408,6.494,att,0.2174,True
7,6,400,7.408,6.494,tmobile,0.0435,True
7,6,400,7.408,6.494,verizon,0.0,False
7,6,400,7.408,6.494,sprint,0.0435,True
7,6,405,7.513,6.598,att,0.0,False
7,6,405,7.513,6.598,tmobile,0.0,False
7,6,405,7.513,6.598,verizon,0.0,False
7,6,405,7.513,6.598,sprint,0.0435,True
7,6,410,7.617,6.702,att,0.0435,True
7,6,410,7.617,6.702,tmobile,0.0435,True
7,6,410,7.617,6.702,verizon,0.0435,True
7,6,410,7.617,6.702,sprint,0.0,False
7,6,415,7.721,6.807,att,0.0,False
7,6,415,7.721,6.807,tmobile,0.0,False
7,6,415,7.721,6.807,verizon,0.0435,True
7,6,415,7.721,6.807,sprint,0.0,False
7,6,420,7.826,6.911,att,0.0,False
7,6,420,7.826,6.911,tmobile,0.1304,True
7,6,420,7.826,6.911,verizon,0.0,False
7,6,420,7.826,6.911,sprint,0.0,False
7,6,425,7.93,7.015,att,0.0,False
7,6,425,7.93,7.015,tmobile,0.0,False
7,6,425,7.93,7.015,verizon,0.0,False
7,6,425,7.93,7.015,sprint,0.0,False
7,6,430,8.035,7.12,att,0.0,False
7,6,430,8.035,7.12,tmobile,0.0435,True
7,6,430,8.035,7.12,verizon,0.087,True
7,6,430,8.035,7.12,sprint,0.2174,True
7,6,435,8.139,7.224,att,0.2174,True
7,6,435,8.139,7.224,tmobile,0.0,False
7,6,435,8.139,7.224,verizon,0.1739,True
7,6,435,8.139,7.224,sprint,0.0,False
7,6,440,8.243,7.328,att,0.0,False
7,6,440,8.243,7.328,tmobile,0.0435,True
7,6,440,8.243,7.328,verizon,0.0,False
7,6,440,8.243,7.328,sprint,0.1739,True
7,6,445,8.348,7.433,att,0.0,False
7,6,445,8.348,7.433,tmobile,0.0435,True
7,6,445,8.348,7.433,verizon,0.087,True
7,6,445,8.348,7.433,sprint,0.2609,True
7,6,450,8.452,7.537,att,0.0,False
7,6,450,8.452,7.537,tmobile,0.0,False
7,6,450,8.452,7.537,verizon,0.0,False
7,6,450,8.452,7.537,sprint,0.0,False
7,6,455,8.556,7.641,att,0.0,False
7,6,455,8.556,7.641,tmobile,0.0,False
7,6,455,8.556,7.641,verizon,0.0,False
7,6,455,8.556,7.641,sprint,0.0,False
7,6,460,8.661,7.746,att,0.0,False
7,6,460,8.661,7.746,tmobile,0.0,False
7,6,460,8.661,7.746,verizon,0.0,False
7,6,460,8.661,7.746,sprint,0.0,False
7,6,465,8.765,7.85,att,0.0,False
7,6,465,8.765,7.85,tmobile,0.0,False
7,6,465,8.765,7.85,verizon,0.0,False
7,6,465,8.765,7.85,sprint,0.0,False
7,6,470,8.869,7.954,att,0.0,False
7,6,470,8.869,7.954,tmobile,0.0,False
7,6,470,8.869,7.954,verizon,0.0,False
7,6,470,8.869,7.954,sprint,0.0,False
7,6,475,8.974,8.059,att,0.0,False
7,6,475,8.974,8.059,tmobile,0.0,False
7,6,475,8.974,8.059,verizon,0.0,False
7,6,475,8.974,8.059,sprint,0.0,False
7,6,480,9.078,8.163,att,0.0,False
7,6,480,9.078,8.163,tmobile,0.0,False
7,6,480,9.078,8.163,verizon,0.0,False
7,6,480,9.078,8.163,sprint,0.0,False
7,6,485,9.182,8.267,att,0.0,False
7,6,485,9.182,8.267,tmobile,0.0,False
7,6,485,9.182,8.267,verizon,0.0,False
7,6,485,9.182,8.267,sprint,0.0,False
7,6,490,9.287,8.372,att,0.0,False
7,6,490,9.287,8.372,tmobile,0.0,False
7,6,490,9.287,8.372,verizon,0.0,False
7,6,490,9.287,8.372,sprint,0.0,False
7,6,495,9.391,8.476,att,0.0,False
7,6,495,9.391,8.476,tmobile,0.0,False
7,6,495,9.391,8.476,verizon,0.0,False
7,6,495,9.391,8.476,sprint,0.0,False
7,6,500,9.495,8.58,att,0.0,False
7,6,500,9.495,8.58,tmobile,0.0,False
7,6,500,9.495,8.58,verizon,0.0,False
7,6,500,9.495,8.58,sprint,0.0,False
7,6,505,9.6,8.685,att,0.0,False
7,6,505,9.6,8.685,tmobile,0.0435,True
7,6,505,9.6,8.685,verizon,0.2609,True
7,6,505,9.6,8.685,sprint,0.0,False
7,6,510,9.704,8.789,att,0.0,False
7,6,510,9.704,8.789,tmobile,0.087,True
7,6,510,9.704,8.789,verizon,0.1304,True
7,6,510,9.704,8.789,sprint,0.0,False
7,6,515,9.808,8.893,att,0.0,False
7,6,515,9.808,8.893,tmobile,0.0,False
7,6,515,9.808,8.893,verizon,0.4348,True
7,6,515,9.808,8.893,sprint,0.0,False
7,6,520,9.913,8.998,att,0.0,False
7,6,520,9.913,8.998,tmobile,0.0,False
7,6,520,9.913,8.998,verizon,0.0,False
7,6,520,9.913,8.998,sprint,0.0,False
7,6,525,10.017,9.102,att,0.0435,True
7,6,525,10.017,9.102,tmobile,0.0435,True
7,6,525,10.017,9.102,verizon,0.0,False
7,6,525,10.017,9.102,sprint,0.0,False
7,6,530,10.121,9.206,att,0.0,False
7,6,530,10.121,9.206,tmobile,0.6087,True
7,6,530,10.121,9.206,verizon,0.6087,True
7,6,530,10.121,9.206,sprint,0.0,False
7,6,535,10.226,9.311,att,0.0,False
7,6,535,10.226,9.311,tmobile,0.0,False
7,6,535,10.226,9.311,verizon,0.3043,True
7,6,535,10.226,9.311,sprint,0.0,False
7,6,540,10.33,9.415,att,0.0,False
7,6,540,10.33,9.415,tmobile,0.0,False
7,6,540,10.33,9.415,verizon,0.0,False
7,6,540,10.33,9.415,sprint,0.0,False
7,6,545,10.434,9.52,att,0.0,False
7,6,545,10.434,9.52,tmobile,0.087,True
7,6,545,10.434,9.52,verizon,0.1304,True
7,6,545,10.434,9.52,sprint,0.0,False
A,7,45,0.0,-0.915,att,0.0833,True
A,7,45,0.0,-0.915,tmobile,0.0,False
A,7,45,0.0,-0.915,verizon,0.0,False
A,7,45,0.0,-0.915,sprint,0.0,False
A,7,50,0.104,-0.811,att,0.4167,True
A,7,50,0.104,-0.811,tmobile,0.0,False
A,7,50,0.104,-0.811,verizon,0.0,False
A,7,50,0.104,-0.811,sprint,0.0,False
A,7,55,0.209,-0.706,att,0.2083,True
A,7,55,0.209,-0.706,tmobile,0.0,False
A,7,55,0.209,-0.706,verizon,0.0,False
A,7,55,0.209,-0.706,sprint,0.0,False
A,7,60,0.313,-0.602,att,0.4583,True
A,7,60,0.313,-0.602,tmobile,0.0,False
A,7,60,0.313,-0.602,verizon,0.0,False
A,7,60,0.313,-0.602,sprint,0.0,False
A,7,65,0.417,-0.498,att,0.2917,True
A,7,65,0.417,-0.498,tmobile,0.0,False
A,7,65,0.417,-0.498,verizon,0.0,False
A,7,65,0.417,-0.498,sprint,0.0,False
A,7,70,0.522,-0.393,att,0.0,False
A,7,70,0.522,-0.393,tmobile,0.0,False
A,7,70,0.522,-0.393,verizon,0.0,False
A,7,70,0.522,-0.393,sprint,0.0,False
A,7,75,0.626,-0.289,att,0.0,False
A,7,75,0.626,-0.289,tmobile,0.0,False
A,7,75,0.626,-0.289,verizon,0.0,False
A,7,75,0.626,-0.289,sprint,0.0,False
A,7,80,0.73,-0.184,att,0.0,False
A,7,80,0.73,-0.184,tmobile,0.0,False
A,7,80,0.73,-0.184,verizon,0.0,False
A,7,80,0.73,-0.184,sprint,0.0,False
A,7,85,0.835,-0.08,att,0.0,False
A,7,85,0.835,-0.08,tmobile,0.0,False
A,7,85,0.835,-0.08,verizon,0.0,False
A,7,85,0.835,-0.08,sprint,0.0,False
A,7,90,0.939,0.024,att,0.0,False
A,7,90,0.939,0.024,tmobile,0.0,False
A,7,90,0.939,0.024,verizon,0.0,False
A,7,90,0.939,0.024,sprint,0.0,False
A,7,95,1.043,0.129,att,0.0,False
A,7,95,1.043,0.129,tmobile,0.0,False
A,7,95,1.043,0.129,verizon,0.0,False
A,7,95,1.043,0.129,sprint,0.0833,True
A,7,100,1.148,0.233,att,0.0,False
A,7,100,1.148,0.233,tmobile,0.0,False
A,7,100,1.148,0.233,verizon,0.0,False
A,7,100,1.148,0.233,sprint,0.0,False
A,7,105,1.252,0.337,att,0.0,False
A,7,105,1.252,0.337,tmobile,0.0,False
A,7,105,1.252,0.337,verizon,0.0,False
A,7,105,1.252,0.337,sprint,0.0,False
A,7,110,1.356,0.442,att,0.0,False
A,7,110,1.356,0.442,tmobile,0.0,False
A,7,110,1.356,0.442,verizon,0.0,False
A,7,110,1.356,0.442,sprint,0.0,False
A,7,115,1.461,0.546,att,0.0,False
A,7,115,1.461,0.546,tmobile,0.0,False
A,7,115,1.461,0.546,verizon,0.0,False
A,7,115,1.461,0.546,sprint,0.0,False
A,7,120,1.565,0.65,att,0.0,False
A,7,120,1.565,0.65,tmobile,0.0,False
A,7,120,1.565,0.65,verizon,0.0,False
A,7,120,1.565,0.65,sprint,0.0,False
A,7,125,1.67,0.755,att,0.0,False
A,7,125,1.67,0.755,tmobile,0.0,False
A,7,125,1.67,0.755,verizon,0.0,False
A,7,125,1.67,0.755,sprint,0.0,False
A,7,130,1.774,0.859,att,0.0,False
A,7,130,1.774,0.859,tmobile,0.0,False
A,7,130,1.774,0.859,verizon,0.0,False
A,7,130,1.774,0.859,sprint,0.0,False
A,7,135,1.878,0.963,att,0.0,False
A,7,135,1.878,0.963,tmobile,0.0,False
A,7,135,1.878,0.963,verizon,0.0,False
A,7,135,1.878,0.963,sprint,0.0,False
A,7,140,1.983,1.068,att,0.0,False
A,7,140,1.983,1.068,tmobile,0.0,False
A,7,140,1.983,1.068,verizon,0.0,False
A,7,140,1.983,1.068,sprint,0.0,False
A,7,145,2.087,1.172,att,0.0,False
A,7,145,2.087,1.172,tmobile,0.0,False
A,7,145,2.087,1.172,verizon,0.0,False
A,7,145,2.087,1.172,sprint,0.0,False
A,7,150,2.191,1.276,att,0.0,False
A,7,150,2.191,1.276,tmobile,0.0,False
A,7,150,2.191,1.276,verizon,0.0,False
A,7,150,2.191,1.276,sprint,0.0,False
A,7,155,2.296,1.381,att,0.0,False
A,7,155,2.296,1.381,tmobile,0.0,False
A,7,155,2.296,1.381,verizon,0.0,False
A,7,155,2.296,1.381,sprint,0.0,False
A,7,160,2.4,1.485,att,0.0,False
A,7,160,2.4,1.485,tmobile,0.0,False
A,7,160,2.4,1.485,verizon,0.0,False
A,7,160,2.4,1.485,sprint,0.0,False
A,7,165,2.504,1.589,att,0.0,False
A,7,165,2.504,1.589,tmobile,0.0,False
A,7,165,2.504,1.589,verizon,0.0,False
A,7,165,2.504,1.589,sprint,0.0,False
A,7,170,2.609,1.694,att,0.0,False
A,7,170,2.609,1.694,tmobile,0.0,False
A,7,170,2.609,1.694,verizon,0.0,False
A,7,170,2.609,1.694,sprint,0.0,False
A,7,175,2.713,1.798,att,0.0,False
A,7,175,2.713,1.798,tmobile,0.0,False
A,7,175,2.713,1.798,verizon,0.0,False
A,7,175,2.713,1.798,sprint,0.0,False
A,7,180,2.817,1.902,att,0.0,False
A,7,180,2.817,1.902,tmobile,0.0,False
A,7,180,2.817,1.902,verizon,0.0,False
A,7,180,2.817,1.902,sprint,0.0,False
A,7,185,2.922,2.007,att,0.0,False
A,7,185,2.922,2.007,tmobile,0.0,False
A,7,185,2.922,2.007,verizon,0.0,False
A,7,185,2.922,2.007,sprint,0.0,False
A,7,190,3.026,2.111,att,0.0,False
A,7,190,3.026,2.111,tmobile,0.0,False
A,7,190,3.026,2.111,verizon,0.0,False
A,7,190,3.026,2.111,sprint,0.0,False
A,7,195,3.13,2.215,att,0.0,False
A,7,195,3.13,2.215,tmobile,0.0,False
A,7,195,3.13,2.215,verizon,0.0,False
A,7,195,3.13,2.215,sprint,0.0,False
A,7,200,3.235,2.32,att,0.0,False
A,7,200,3.235,2.32,tmobile,0.0,False
A,7,200,3.235,2.32,verizon,0.0,False
A,7,200,3.235,2.32,sprint,0.0,False
A,7,205,3.339,2.424,att,0.0,False
A,7,205,3.339,2.424,tmobile,0.0,False
A,7,205,3.339,2.424,verizon,0.0417,True
A,7,205,3.339,2.424,sprint,0.0,False
A,7,210,3.443,2.528,att,0.0,False
A,7,210,3.443,2.528,tmobile,0.0,False
A,7,210,3.443,2.528,verizon,0.0833,True
A,7,210,3.443,2.528,sprint,0.0,False
A,7,215,3.548,2.633,att,0.0,False
A,7,215,3.548,2.633,tmobile,0.0,False
A,7,215,3.548,2.633,verizon,0.0,False
A,7,215,3.548,2.633,sprint,0.0,False
A,7,220,3.652,2.737,att,0.0,False
A,7,220,3.652,2.737,tmobile,0.0,False
A,7,220,3.652,2.737,verizon,0.0,False
A,7,220,3.652,2.737,sprint,0.0,False
A,7,225,3.756,2.842,att,0.0,False
A,7,225,3.756,2.842,tmobile,0.0,False
A,7,225,3.756,2.842,verizon,0.0,False
A,7,225,3.756,2.842,sprint,0.0,False
A,7,230,3.861,2.946,att,0.0,False
A,7,230,3.861,2.946,tmobile,0.0,False
A,7,230,3.861,2.946,verizon,0.0,False
A,7,230,3.861,2.946,sprint,0.0,False
A,7,235,3.965,3.05,att,0.0,False
A,7,235,3.965,3.05,tmobile,0.0,False
A,7,235,3.965,3.05,verizon,0.0,False
A,7,235,3.965,3.05,sprint,0.0,False
A,7,240,4.069,3.155,att,0.0,False
A,7,240,4.069,3.155,tmobile,0.0,False
A,7,240,4.069,3.155,verizon,0.0,False
A,7,240,4.069,3.155,sprint,0.0,False
A,7,245,4.174,3.259,att,0.0,False
A,7,245,4.174,3.259,tmobile,0.0,False
A,7,245,4.174,3.259,verizon,0.0,False
A,7,245,4.174,3.259,sprint,0.0,False
A,7,250,4.278,3.363,att,0.0,False
A,7,250,4.278,3.363,tmobile,0.0,False
A,7,250,4.278,3.363,verizon,0.0,False
A,7,250,4.278,3.363,sprint,0.0,False
A,7,255,4.382,3.468,att,0.0,False
A,7,255,4.382,3.468,tmobile,0.0,False
A,7,255,4.382,3.468,verizon,0.0,False
A,7,255,4.382,3.468,sprint,0.0,False
A,7,260,4.487,3.572,att,0.0,False
A,7,260,4.487,3.572,tmobile,0.0,False
A,7,260,4.487,3.572,verizon,0.0,False
A,7,260,4.487,3.572,sprint,0.0,False
A,7,265,4.591,3.676,att,0.0,False
A,7,265,4.591,3.676,tmobile,0.0,False
A,7,265,4.591,3.676,verizon,0.0,False
A,7,265,4.591,3.676,sprint,0.0,False
A,7,270,4.695,3.781,att,0.0,False
A,7,270,4.695,3.781,tmobile,0.0,False
A,7,270,4.695,3.781,verizon,0.0,False
A,7,270,4.695,3.781,sprint,0.2083,True
A,7,275,4.8,3.885,att,0.0,False
A,7,275,4.8,3.885,tmobile,0.0,False
A,7,275,4.8,3.885,verizon,0.0,False
A,7,275,4.8,3.885,sprint,0.0,False
A,7,280,4.904,3.989,att,0.0417,True
A,7,280,4.904,3.989,tmobile,0.0,False
A,7,280,4.904,3.989,verizon,0.0,False
A,7,280,4.904,3.989,sprint,0.0,False
A,7,285,5.009,4.094,att,0.0833,True
A,7,285,5.009,4.094,tmobile,0.0,False
A,7,285,5.009,4.094,verizon,0.0,False
A,7,285,5.009,4.094,sprint,0.0,False
A,7,290,5.113,4.198,att,0.0417,True
A,7,290,5.113,4.198,tmobile,0.0,False
A,7,290,5.113,4.198,verizon,0.0,False
A,7,290,5.113,4.198,sprint,0.0,False
A,7,295,5.217,4.302,att,0.0,False
A,7,295,5.217,4.302,tmobile,0.0,False
A,7,295,5.217,4.302,verizon,0.0,False
A,7,295,5.217,4.302,sprint,0.0,False
A,7,300,5.322,4.407,att,0.0833,True
A,7,300,5.322,4.407,tmobile,0.0,False
A,7,300,5.322,4.407,verizon,0.0,False
A,7,300,5.322,4.407,sprint,0.0,False
A,7,305,5.426,4.511,att,0.125,True
A,7,305,5.426,4.511,tmobile,0.0,False
A,7,305,5.426,4.511,verizon,0.0,False
A,7,305,5.426,4.511,sprint,0.0,False
A,7,310,5.53,4.615,att,0.0,False
A,7,310,5.53,4.615,tmobile,0.0,False
A,7,310,5.53,4.615,verizon,0.0,False
A,7,310,5.53,4.615,sprint,0.0,False
A,7,315,5.635,4.72,att,0.0,False
A,7,315,5.635,4.72,tmobile,0.0,False
A,7,315,5.635,4.72,verizon,0.0,False
A,7,315,5.635,4.72,sprint,0.0,False
A,7,320,5.739,4.824,att,0.0,False
A,7,320,5.739,4.824,tmobile,0.0,False
A,7,320,5.739,4.824,verizon,0.0,False
A,7,320,5.739,4.824,sprint,0.0,False
A,7,325,5.843,4.928,att,0.0,False
A,7,325,5.843,4.928,tmobile,0.0,False
A,7,325,5.843,4.928,verizon,0.0,False
A,7,325,5.843,4.928,sprint,0.0,False
A,7,330,5.948,5.033,att,0.0,False
A,7,330,5.948,5.033,tmobile,0.0,False
A,7,330,5.948,5.033,verizon,0.0,False
A,7,330,5.948,5.033,sprint,0.0,False
A,7,335,6.052,5.137,att,0.0,False
A,7,335,6.052,5.137,tmobile,0.0,False
A,7,335,6.052,5.137,verizon,0.0,False
A,7,335,6.052,5.137,sprint,0.0,False
A,7,340,6.156,5.241,att,0.0,False
A,7,340,6.156,5.241,tmobile,0.0,False
A,7,340,6.156,5.241,verizon,0.0,False
A,7,340,6.156,5.241,sprint,0.0,False
A,7,345,6.261,5.346,att,0.0,False
A,7,345,6.261,5.346,tmobile,0.0,False
A,7,345,6.261,5.346,verizon,0.0,False
A,7,345,6.261,5.346,sprint,0.0,False
A,7,350,6.365,5.45,att,0.0,False
A,7,350,6.365,5.45,tmobile,0.0,False
A,7,350,6.365,5.45,verizon,0.0,False
A,7,350,6.365,5.45,sprint,0.0,False
A,7,355,6.469,5.554,att,0.0,False
A,7,355,6.469,5.554,tmobile,0.0,False
A,7,355,6.469,5.554,verizon,0.0,False
A,7,355,6.469,5.554,sprint,0.0,False
A,7,360,6.574,5.659,att,0.0,False
A,7,360,6.574,5.659,tmobile,0.0,False
A,7,360,6.574,5.659,verizon,0.0,False
A,7,360,6.574,5.659,sprint,0.0,False
A,7,365,6.678,5.763,att,0.0,False
A,7,365,6.678,5.763,tmobile,0.0,False
A,7,365,6.678,5.763,verizon,0.0,False
A,7,365,6.678,5.763,sprint,0.0,False
A,7,370,6.782,5.867,att,0.0,False
A,7,370,6.782,5.867,tmobile,0.0,False
A,7,370,6.782,5.867,verizon,0.0,False
A,7,370,6.782,5.867,sprint,0.0,False
A,7,375,6.887,5.972,att,0.0,False
A,7,375,6.887,5.972,tmobile,0.0,False
A,7,375,6.887,5.972,verizon,0.0,False
A,7,375,6.887,5.972,sprint,0.0,False
A,7,380,6.991,6.076,att,0.375,True
A,7,380,6.991,6.076,tmobile,0.0,False
A,7,380,6.991,6.076,verizon,0.0,False
A,7,380,6.991,6.076,sprint,0.0,False
A,7,385,7.095,6.181,att,0.0,False
A,7,385,7.095,6.181,tmobile,0.0417,True
A,7,385,7.095,6.181,verizon,0.0417,True
A,7,385,7.095,6.181,sprint,0.0,False
A,7,390,7.2,6.285,att,0.0,False
A,7,390,7.2,6.285,tmobile,0.0417,True
A,7,390,7.2,6.285,verizon,0.0,False
A,7,390,7.2,6.285,sprint,0.0,False
A,7,395,7.304,6.389,att,0.0,False
A,7,395,7.304,6.389,tmobile,0.0,False
A,7,395,7.304,6.389,verizon,0.0417,True
A,7,395,7.304,6.389,sprint,0.0,False
A,7,400,7.408,6.494,att,0.0,False
A,7,400,7.408,6.494,tmobile,0.0,False
A,7,400,7.408,6.494,verizon,0.0,False
A,7,400,7.408,6.494,sprint,0.0,False
A,7,405,7.513,6.598,att,0.0,False
A,7,405,7.513,6.598,tmobile,0.2083,True
A,7,405,7.513,6.598,verizon,0.375,True
A,7,405,7.513,6.598,sprint,0.0,False
A,7,410,7.617,6.702,att,0.0,False
A,7,410,7.617,6.702,tmobile,0.0417,True
A,7,410,7.617,6.702,verizon,0.0417,True
A,7,410,7.617,6.702,sprint,0.0,False
A,7,415,7.721,6.807,att,0.0,False
A,7,415,7.721,6.807,tmobile,0.2083,True
A,7,415,7.721,6.807,verizon,0.0,False
A,7,415,7.721,6.807,sprint,0.0,False
A,7,420,7.826,6.911,att,0.0,False
A,7,420,7.826,6.911,tmobile,0.125,True
A,7,420,7.826,6.911,verizon,0.125,True
A,7,420,7.826,6.911,sprint,0.0,False
A,7,425,7.93,7.015,att,0.0,False
A,7,425,7.93,7.015,tmobile,0.0,False
A,7,425,7.93,7.015,verizon,0.0,False
A,7,425,7.93,7.015,sprint,0.0,False
A,7,430,8.035,7.12,att,0.0,False
A,7,430,8.035,7.12,tmobile,0.0417,True
A,7,430,8.035,7.12,verizon,0.0833,True
A,7,430,8.035,7.12,sprint,0.0,False
A,7,435,8.139,7.224,att,0.0,False
A,7,435,8.139,7.224,tmobile,0.0417,True
A,7,435,8.139,7.224,verizon,0.0833,True
A,7,435,8.139,7.224,sprint,0.0,False
A,7,440,8.243,7.328,att,0.0,False
A,7,440,8.243,7.328,tmobile,0.0,False
A,7,440,8.243,7.328,verizon,0.0,False
A,7,440,8.243,7.328,sprint,0.1667,True
A,7,445,8.348,7.433,att,0.0,False
A,7,445,8.348,7.433,tmobile,0.0,False
A,7,445,8.348,7.433,verizon,0.0,False
A,7,445,8.348,7.433,sprint,0.0,False
A,7,450,8.452,7.537,att,0.0,False
A,7,450,8.452,7.537,tmobile,0.1667,True
A,7,450,8.452,7.537,verizon,0.0,False
A,7,450,8.452,7.537,sprint,0.125,True
A,7,455,8.556,7.641,att,0.0,False
A,7,455,8.556,7.641,tmobile,0.0,False
A,7,455,8.556,7.641,verizon,0.0417,True
A,7,455,8.556,7.641,sprint,0.0,False
A,7,460,8.661,7.746,att,0.0833,True
A,7,460,8.661,7.746,tmobile,0.0,False
A,7,460,8.661,7.746,verizon,0.0833,True
A,7,460,8.661,7.746,sprint,0.0,False
A,7,465,8.765,7.85,att,0.0,False
A,7,465,8.765,7.85,tmobile,0.0,False
A,7,465,8.765,7.85,verizon,0.0,False
A,7,465,8.765,7.85,sprint,0.0,False
A,7,470,8.869,7.954,att,0.0,False
A,7,470,8.869,7.954,tmobile,0.0,False
A,7,470,8.869,7.954,verizon,0.0,False
A,7,470,8.869,7.954,sprint,0.0,False
A,7,475,8.974,8.059,att,0.0,False
A,7,475,8.974,8.059,tmobile,0.0,False
A,7,475,8.974,8.059,verizon,0.0,False
A,7,475,8.974,8.059,sprint,0.0,False
A,7,480,9.078,8.163,att,0.0,False
A,7,480,9.078,8.163,tmobile,0.0,False
A,7,480,9.078,8.163,verizon,0.0833,True
A,7,480,9.078,8.163,sprint,0.0,False
A,7,485,9.182,8.267,att,0.0417,True
A,7,485,9.182,8.267,tmobile,0.0,False
A,7,485,9.182,8.267,verizon,0.0,False
A,7,485,9.182,8.267,sprint,0.0,False
A,7,490,9.287,8.372,att,0.0,False
A,7,490,9.287,8.372,tmobile,0.0,False
A,7,490,9.287,8.372,verizon,0.0,False
A,7,490,9.287,8.372,sprint,0.0,False
A,7,495,9.391,8.476,att,0.0,False
A,7,495,9.391,8.476,tmobile,0.0417,True
A,7,495,9.391,8.476,verizon,0.0417,True
A,7,495,9.391,8.476,sprint,0.0,False
A,7,500,9.495,8.58,att,0.0417,True
A,7,500,9.495,8.58,tmobile,0.0,False
A,7,500,9.495,8.58,verizon,0.0,False
A,7,500,9.495,8.58,sprint,0.0,False
A,7,505,9.6,8.685,att,0.0,False
A,7,505,9.6,8.685,tmobile,0.0,False
A,7,505,9.6,8.685,verizon,0.0417,True
A,7,505,9.6,8.685,sprint,0.0,False
A,7,510,9.704,8.789,att,0.0,False
A,7,510,9.704,8.789,tmobile,0.0,False
A,7,510,9.704,8.789,verizon,0.0833,True
A,7,510,9.704,8.789,sprint,0.0,False
A,7,515,9.808,8.893,att,0.0,False
A,7,515,9.808,8.893,tmobile,0.0,False
A,7,515,9.808,8.893,verizon,0.0417,True
A,7,515,9.808,8.893,sprint,0.0417,True
A,7,520,9.913,8.998,att,0.0,False
A,7,520,9.913,8.998,tmobile,0.0,False
A,7,520,9.913,8.998,verizon,0.0,False
A,7,520,9.913,8.998,sprint,0.0,False
A,7,525,10.017,9.102,att,0.0,False
A,7,525,10.017,9.102,tmobile,0.0417,True
A,7,525,10.017,9.102,verizon,0.0833,True
A,7,525,10.017,9.102,sprint,0.0,False
A,7,530,10.121,9.206,att,0.0,False
A,7,530,10.121,9.206,tmobile,0.0,False
A,7,530,10.121,9.206,verizon,0.0,False
A,7,530,10.121,9.206,sprint,0.0417,True
A,7,535,10.226,9.311,att,0.0,False
A,7,535,10.226,9.311,tmobile,0.0,False
A,7,535,10.226,9.311,verizon,0.375,True
A,7,535,10.226,9.311,sprint,0.0,False
A,7,540,10.33,9.415,att,0.0,False
A,7,540,10.33,9.415,tmobile,0.0833,True
A,7,540,10.33,9.415,verizon,0.0833,True
A,7,540,10.33,9.415,sprint,0.0,False
A,7,545,10.434,9.52,att,0.0,False
A,7,545,10.434,9.52,tmobile,0.0,False
A,7,545,10.434,9.52,verizon,0.0,False
A,7,545,10.434,9.52,sprint,0.0,False
A,7,550,10.539,9.624,att,0.0,False
A,7,550,10.539,9.624,tmobile,0.0,False
A,7,550,10.539,9.624,verizon,0.0833,True
A,7,550,10.539,9.624,sprint,0.0,False
A,7,555,10.643,9.728,att,0.0,False
A,7,555,10.643,9.728,tmobile,0.0,False
A,7,555,10.643,9.728,verizon,0.0833,True
A,7,555,10.643,9.728,sprint,0.0,False
A,7,560,10.747,9.833,att,0.0,False
A,7,560,10.747,9.833,tmobile,0.0,False
A,7,560,10.747,9.833,verizon,0.0,False
A,7,560,10.747,9.833,sprint,0.0,False
A,7,565,10.852,9.937,att,0.0,False
A,7,565,10.852,9.937,tmobile,0.0,False
A,7,565,10.852,9.937,verizon,0.0,False
A,7,565,10.852,9.937,sprint,0.0417,True
A,7,570,10.956,10.041,att,0.0,False
A,7,570,10.956,10.041,tmobile,0.0417,True
A,7,570,10.956,10.041,verizon,0.0,False
A,7,570,10.956,10.041,sprint,0.0417,True
A,7,575,11.06,10.146,att,0.0,False
A,7,575,11.06,10.146,tmobile,0.0,False
A,7,575,11.06,10.146,verizon,0.0,False
A,7,575,11.06,10.146,sprint,0.0,False
A,7,580,11.165,10.25,att,0.0,False
A,7,580,11.165,10.25,tmobile,0.0,False
A,7,580,11.165,10.25,verizon,0.0,False
A,7,580,11.165,10.25,sprint,0.0,False
A,7,585,11.269,10.354,att,0.0417,True
A,7,585,11.269,10.354,tmobile,0.0,False
A,7,585,11.269,10.354,verizon,0.0,False
A,7,585,11.269,10.354,sprint,0.0,False
A,7,590,11.374,10.459,att,0.0,False
A,7,590,11.374,10.459,tmobile,0.0,False
A,7,590,11.374,10.459,verizon,0.0,False
A,7,590,11.374,10.459,sprint,0.5,True
A,7,595,11.478,10.563,att,0.0,False
A,7,595,11.478,10.563,tmobile,0.0,False
A,7,595,11.478,10.563,verizon,0.0833,True
A,7,595,11.478,10.563,sprint,0.0,False
A,7,600,11.582,10.667,att,0.0,False
A,7,600,11.582,10.667,tmobile,0.0,False
A,7,600,11.582,10.667,verizon,0.0,False
A,7,600,11.582,10.667,sprint,0.0,False
A,7,605,11.687,10.772,att,0.0,False
A,7,605,11.687,10.772,tmobile,0.0,False
A,7,605,11.687,10.772,verizon,0.0,False
A,7,605,11.687,10.772,sprint,0.0,False
A,7,610,11.791,10.876,att,0.0,False
A,7,610,11.791,10.876,tmobile,0.0,False
A,7,610,11.791,10.876,verizon,0.1667,True
A,7,610,11.791,10.876,sprint,0.0,False
A,7,615,11.895,10.98,att,0.0,False
A,7,615,11.895,10.98,tmobile,0.0,False
A,7,615,11.895,10.98,verizon,0.0,False
A,7,615,11.895,10.98,sprint,0.0,False
A,7,620,12.0,11.085,att,0.0,False
A,7,620,12.0,11.085,tmobile,0.0,False
A,7,620,12.0,11.085,verizon,0.0833,True
A,7,620,12.0,11.085,sprint,0.0,False
A,7,625,12.104,11.189,att,0.0,False
A,7,625,12.104,11.189,tmobile,0.0,False
A,7,625,12.104,11.189,verizon,0.0,False
A,7,625,12.104,11.189,sprint,0.0,False
A,7,630,12.208,11.293,att,0.0,False
A,7,630,12.208,11.293,tmobile,0.0,False
A,7,630,12.208,11.293,verizon,0.0,False
A,7,630,12.208,11.293,sprint,0.0,False
A,7,635,12.313,11.398,att,0.0,False
A,7,635,12.313,11.398,tmobile,0.0,False
A,7,635,12.313,11.398,verizon,0.0,False
A,7,635,12.313,11.398,sprint,0.0,False
A,7,640,12.417,11.502,att,0.0,False
A,7,640,12.417,11.502,tmobile,0.0,False
A,7,640,12.417,11.502,verizon,0.0,False
A,7,640,12.417,11.502,sprint,0.0,False
A,7,645,12.521,11.606,att,0.0,False
A,7,645,12.521,11.606,tmobile,0.0,False
A,7,645,12.521,11.606,verizon,0.0,False
A,7,645,12.521,11.606,sprint,0.0,False
A,7,650,12.626,11.711,att,0.0,False
A,7,650,12.626,11.711,tmobile,0.0,False
A,7,650,12.626,11.711,verizon,0.0,False
A,7,650,12.626,11.711,sprint,0.0,False
A,7,655,12.73,11.815,att,0.0,False
A,7,655,12.73,11.815,tmobile,0.0,False
A,7,655,12.73,11.815,verizon,0.0,False
A,7,655,12.73,11.815,sprint,0.0,False
A,7,660,12.834,11.919,att,0.0,False
A,7,660,12.834,11.919,tmobile,0.0,False
A,7,660,12.834,11.919,verizon,0.0,False
A,7,660,12.834,11.919,sprint,0.0,False
A,7,665,12.939,12.024,att,0.0,False
A,7,665,12.939,12.024,tmobile,0.0,False
A,7,665,12.939,12.024,verizon,0.0,False
A,7,665,12.939,12.024,sprint,0.0,False
A,7,670,13.043,12.128,att,0.0,False
A,7,670,13.043,12.128,tmobile,0.0,False
A,7,670,13.043,12.128,verizon,0.0,False
A,7,670,13.043,12.128,sprint,0.0,False
A,7,675,13.147,12.232,att,0.0,False
A,7,675,13.147,12.232,tmobile,0.0,False
A,7,675,13.147,12.232,verizon,0.0,False
A,7,675,13.147,12.232,sprint,0.0,False
A,7,680,13.252,12.337,att,0.0,False
A,7,680,13.252,12.337,tmobile,0.0,False
A,7,680,13.252,12.337,verizon,0.0,False
A,7,680,13.252,12.337,sprint,0.0,False
A,7,685,13.356,12.441,att,0.0,False
A,7,685,13.356,12.441,tmobile,0.0,False
A,7,685,13.356,12.441,verizon,0.0,False
A,7,685,13.356,12.441,sprint,0.0,False
A,7,690,13.46,12.546,att,0.0,False
A,7,690,13.46,12.546,tmobile,0.0,False
A,7,690,13.46,12.546,verizon,0.0,False
A,7,690,13.46,12.546,sprint,0.0,False
A,7,695,13.565,12.65,att,0.0,False
A,7,695,13.565,12.65,tmobile,0.0,False
A,7,695,13.565,12.65,verizon,0.0,False
A,7,695,13.565,12.65,sprint,0.0,False
A,7,700,13.669,12.754,att,0.0,False
A,7,700,13.669,12.754,tmobile,0.0,False
A,7,700,13.669,12.754,verizon,0.0,False
A,7,700,13.669,12.754,sprint,0.0,False
A,7,705,13.773,12.859,att,0.0,False
A,7,705,13.773,12.859,tmobile,0.0,False
A,7,705,13.773,12.859,verizon,0.0,False
A,7,705,13.773,12.859,sprint,0.0,False
A,7,710,13.878,12.963,att,0.0,False
A,7,710,13.878,12.963,tmobile,0.0,False
A,7,710,13.878,12.963,verizon,0.0,False
A,7,710,13.878,12.963,sprint,0.0,False
A,7,715,13.982,13.067,att,0.0,False
A,7,715,13.982,13.067,tmobile,0.0,False
A,7,715,13.982,13.067,verizon,0.0,False
A,7,715,13.982,13.067,sprint,0.0,False
A,7,720,14.086,13.172,att,0.0,False
A,7,720,14.086,13.172,tmobile,0.0,False
A,7,720,14.086,13.172,verizon,0.0,False
A,7,720,14.086,13.172,sprint,0.0,False
A,7,725,14.191,13.276,att,0.0,False
A,7,725,14.191,13.276,tmobile,0.0,False
A,7,725,14.191,13.276,verizon,0.0,False
A,7,725,14.191,13.276,sprint,0.0,False
A,7,730,14.295,13.38,att,0.0,False
A,7,730,14.295,13.38,tmobile,0.0,False
A,7,730,14.295,13.38,verizon,0.0,False
A,7,730,14.295,13.38,sprint,0.0,False
A,7,735,14.399,13.485,att,0.0,False
A,7,735,14.399,13.485,tmobile,0.0,False
A,7,735,14.399,13.485,verizon,0.0,False
A,7,735,14.399,13.485,sprint,0.0,False
A,7,740,14.504,13.589,att,0.0,False
A,7,740,14.504,13.589,tmobile,0.0,False
A,7,740,14.504,13.589,verizon,0.0,False
A,7,740,14.504,13.589,sprint,0.0,False
A,7,745,14.608,13.693,att,0.0,False
A,7,745,14.608,13.693,tmobile,0.0,False
A,7,745,14.608,13.693,verizon,0.0,False
A,7,745,14.608,13.693,sprint,0.0,False
A,7,750,14.713,13.798,att,0.0,False
A,7,750,14.713,13.798,tmobile,0.0,False
A,7,750,14.713,13.798,verizon,0.0,False
A,7,750,14.713,13.798,sprint,0.0,False
A,7,755,14.817,13.902,att,0.0,False
A,7,755,14.817,13.902,tmobile,0.0,False
A,7,755,14.817,13.902,verizon,0.0,False
A,7,755,14.817,13.902,sprint,0.0,False
A,7,760,14.921,14.006,att,0.0,False
A,7,760,14.921,14.006,tmobile,0.0,False
A,7,760,14.921,14.006,verizon,0.0,False
A,7,760,14.921,14.006,sprint,0.0,False
A,7,765,15.026,14.111,att,0.0,False
A,7,765,15.026,14.111,tmobile,0.0,False
A,7,765,15.026,14.111,verizon,0.0,False
A,7,765,15.026,14.111,sprint,0.0,False
A,7,770,15.13,14.215,att,0.0,False
A,7,770,15.13,14.215,tmobile,0.0,False
A,7,770,15.13,14.215,verizon,0.0,False
A,7,770,15.13,14.215,sprint,0.0,False
A,7,775,15.234,14.319,att,0.0,False
A,7,775,15.234,14.319,tmobile,0.0,False
A,7,775,15.234,14.319,verizon,0.0,False
A,7,775,15.234,14.319,sprint,0.0,False
A,7,780,15.339,14.424,att,0.0,False
A,7,780,15.339,14.424,tmobile,0.0,False
A,7,780,15.339,14.424,verizon,0.125,True
A,7,780,15.339,14.424,sprint,0.0,False
A,7,785,15.443,14.528,att,0.0,False
A,7,785,15.443,14.528,tmobile,0.0,False
A,7,785,15.443,14.528,verizon,0.2917,True
A,7,785,15.443,14.528,sprint,0.0,False
A,7,790,15.547,14.632,att,0.0,False
A,7,790,15.547,14.632,tmobile,0.0,False
A,7,790,15.547,14.632,verizon,0.0,False
A,7,790,15.547,14.632,sprint,0.0,False
A,7,795,15.652,14.737,att,0.0,False
A,7,795,15.652,14.737,tmobile,0.0,False
A,7,795,15.652,14.737,verizon,0.0,False
A,7,795,15.652,14.737,sprint,0.0,False
A,7,800,15.756,14.841,att,0.0,False
A,7,800,15.756,14.841,tmobile,0.0,False
A,7,800,15.756,14.841,verizon,0.0,False
A,7,800,15.756,14.841,sprint,0.0,False
A,7,805,15.86,14.945,att,0.0,False
A,7,805,15.86,14.945,tmobile,0.0,False
A,7,805,15.86,14.945,verizon,0.0,False
A,7,805,15.86,14.945,sprint,0.0,False
A,7,810,15.965,15.05,att,0.0,False
A,7,810,15.965,15.05,tmobile,0.0,False
A,7,810,15.965,15.05,verizon,0.0,False
A,7,810,15.965,15.05,sprint,0.0,False
A,7,815,16.069,15.154,att,0.0,False
A,7,815,16.069,15.154,tmobile,0.0,False
A,7,815,16.069,15.154,verizon,0.0,False
A,7,815,16.069,15.154,sprint,0.0,False
A,7,820,16.173,15.258,att,0.0,False
A,7,820,16.173,15.258,tmobile,0.0,False
A,7,820,16.173,15.258,verizon,0.0,False
A,7,820,16.173,15.258,sprint,0.0,False
A,7,825,16.278,15.363,att,0.0,False
A,7,825,16.278,15.363,tmobile,0.0,False
A,7,825,16.278,15.363,verizon,0.0,False
A,7,825,16.278,15.363,sprint,0.0,False
A,7,830,16.382,15.467,att,0.0,False
A,7,830,16.382,15.467,tmobile,0.0,False
A,7,830,16.382,15.467,verizon,0.0,False
A,7,830,16.382,15.467,sprint,0.0,False
A,7,835,16.486,15.571,att,0.0,False
A,7,835,16.486,15.571,tmobile,0.0,False
A,7,835,16.486,15.571,verizon,0.0,False
A,7,835,16.486,15.571,sprint,0.0,False
A,7,840,16.591,15.676,att,0.0,False
A,7,840,16.591,15.676,tmobile,0.0,False
A,7,840,16.591,15.676,verizon,0.0,False
A,7,840,16.591,15.676,sprint,0.0,False
A,7,845,16.695,15.78,att,0.0,False
A,7,845,16.695,15.78,tmobile,0.0,False
A,7,845,16.695,15.78,verizon,0.0,False
A,7,845,16.695,15.78,sprint,0.0,False
A,7,850,16.799,15.885,att,0.0,False
A,7,850,16.799,15.885,tmobile,0.0,False
A,7,850,16.799,15.885,verizon,0.0,False
A,7,850,16.799,15.885,sprint,0.0,False
A,7,855,16.904,15.989,att,0.0,False
A,7,855,16.904,15.989,tmobile,0.0,False
A,7,855,16.904,15.989,verizon,0.0,False
A,7,855,16.904,15.989,sprint,0.0,False
A,7,860,17.008,16.093,att,0.0,False
A,7,860,17.008,16.093,tmobile,0.0,False
A,7,860,17.008,16.093,verizon,0.0,False
A,7,860,17.008,16.093,sprint,0.0,False
A,7,865,17.112,16.198,att,0.0,False
A,7,865,17.112,16.198,tmobile,0.0,False
A,7,865,17.112,16.198,verizon,0.0,False
A,7,865,17.112,16.198,sprint,0.0,False
A,7,870,17.217,16.302,att,0.0,False
A,7,870,17.217,16.302,tmobile,0.0,False
A,7,870,17.217,16.302,verizon,0.0,False
A,7,870,17.217,16.302,sprint,0.0,False
A,7,875,17.321,16.406,att,0.125,True
A,7,875,17.321,16.406,tmobile,0.0,False
A,7,875,17.321,16.406,verizon,0.0,False
A,7,875,17.321,16.406,sprint,0.0,False
A,7,880,17.425,16.511,att,0.0833,True
A,7,880,17.425,16.511,tmobile,0.0,False
A,7,880,17.425,16.511,verizon,0.0,False
A,7,880,17.425,16.511,sprint,0.0,False
A,7,885,17.53,16.615,att,0.0,False
A,7,885,17.53,16.615,tmobile,0.0,False
A,7,885,17.53,16.615,verizon,0.0,False
A,7,885,17.53,16.615,sprint,0.0,False
A,7,890,17.634,16.719,att,0.0,False
A,7,890,17.634,16.719,tmobile,0.0,False
A,7,890,17.634,16.719,verizon,0.0,False
A,7,890,17.634,16.719,sprint,0.0,False
A,7,895,17.739,16.824,att,0.0,False
A,7,895,17.739,16.824,tmobile,0.0,False
A,7,895,17.739,16.824,verizon,0.0,False
A,7,895,17.739,16.824,sprint,0.0,False
A,7,900,17.843,16.928,att,0.0,False
A,7,900,17.843,16.928,tmobile,0.0,False
A,7,900,17.843,16.928,verizon,0.0,False
A,7,900,17.843,16.928,sprint,0.0,False
A,7,905,17.947,17.032,att,0.0,False
A,7,905,17.947,17.032,tmobile,0.0,False
A,7,905,17.947,17.032,verizon,0.0,False
A,7,905,17.947,17.032,sprint,0.0,False
A,7,910,18.052,17.137,att,0.0,False
A,7,910,18.052,17.137,tmobile,0.0,False
A,7,910,18.052,17.137,verizon,0.0,False
A,7,910,18.052,17.137,sprint,0.1667,True
A,7,915,18.156,17.241,att,0.0,False
A,7,915,18.156,17.241,tmobile,0.0,False
A,7,915,18.156,17.241,verizon,0.0,False
A,7,915,18.156,17.241,sprint,0.0,False
A,7,920,18.26,17.345,att,0.0,False
A,7,920,18.26,17.345,tmobile,0.0,False
A,7,920,18.26,17.345,verizon,0.0,False
A,7,920,18.26,17.345,sprint,0.0,False
A,7,925,18.365,17.45,att,0.0,False
A,7,925,18.365,17.45,tmobile,0.0,False
A,7,925,18.365,17.45,verizon,0.0,False
A,7,925,18.365,17.45,sprint,0.0,False
A,7,930,18.469,17.554,att,0.0,False
A,7,930,18.469,17.554,tmobile,0.0,False
A,7,930,18.469,17.554,verizon,0.0,False
A,7,930,18.469,17.554,sprint,0.0,False
A,7,935,18.573,17.658,att,0.0,False
A,7,935,18.573,17.658,tmobile,0.0,False
A,7,935,18.573,17.658,verizon,0.0,False
A,7,935,18.573,17.658,sprint,0.0,False
A,7,940,18.678,17.763,att,0.0,False
A,7,940,18.678,17.763,tmobile,0.0,False
A,7,940,18.678,17.763,verizon,0.0,False
A,7,940,18.678,17.763,sprint,0.0,False
A,7,945,18.782,17.867,att,0.0,False
A,7,945,18.782,17.867,tmobile,0.0,False
A,7,945,18.782,17.867,verizon,0.0,False
A,7,945,18.782,17.867,sprint,0.0,False
A,7,950,18.886,17.971,att,0.0,False
A,7,950,18.886,17.971,tmobile,0.0,False
A,7,950,18.886,17.971,verizon,0.0,False
A,7,950,18.886,17.971,sprint,0.0,False
A,7,955,18.991,18.076,att,0.0,False
A,7,955,18.991,18.076,tmobile,0.0,False
A,7,955,18.991,18.076,verizon,0.0,False
A,7,955,18.991,18.076,sprint,0.1667,True
A,7,960,19.095,18.18,att,0.0,False
A,7,960,19.095,18.18,tmobile,0.0,False
A,7,960,19.095,18.18,verizon,0.0,False
A,7,960,19.095,18.18,sprint,0.0,False
A,7,965,19.199,18.284,att,0.0,False
A,7,965,19.199,18.284,tmobile,0.0,False
A,7,965,19.199,18.284,verizon,0.0,False
A,7,965,19.199,18.284,sprint,0.0,False
A,7,970,19.304,18.389,att,0.0,False
A,7,970,19.304,18.389,tmobile,0.0,False
A,7,970,19.304,18.389,verizon,0.0,False
A,7,970,19.304,18.389,sprint,0.0,False
A,7,975,19.408,18.493,att,0.0,False
A,7,975,19.408,18.493,tmobile,0.0,False
A,7,975,19.408,18.493,verizon,0.0,False
A,7,975,19.408,18.493,sprint,0.0,False
A,7,980,19.512,18.597,att,0.0,False
A,7,980,19.512,18.597,tmobile,0.0,False
A,7,980,19.512,18.597,verizon,0.0,False
A,7,980,19.512,18.597,sprint,0.3333,True
A,7,985,19.617,18.702,att,0.0,False
A,7,985,19.617,18.702,tmobile,0.0,False
A,7,985,19.617,18.702,verizon,0.0,False
A,7,985,19.617,18.702,sprint,0.0,False
A,7,990,19.721,18.806,att,0.0,False
A,7,990,19.721,18.806,tmobile,0.0,False
A,7,990,19.721,18.806,verizon,0.0,False
A,7,990,19.721,18.806,sprint,0.0,False
A,7,995,19.825,18.911,att,0.0,False
A,7,995,19.825,18.911,tmobile,0.0,False
A,7,995,19.825,18.911,verizon,0.0,False
A,7,995,19.825,18.911,sprint,0.0417,True
A,7,1000,19.93,19.015,att,0.0,False
A,7,1000,19.93,19.015,tmobile,0.0,False
A,7,1000,19.93,19.015,verizon,0.0,False
A,7,1000,19.93,19.015,sprint,0.0,False
A,7,1005,20.034,19.119,att,0.0,False
A,7,1005,20.034,19.119,tmobile,0.0,False
A,7,1005,20.034,19.119,verizon,0.0,False
A,7,1005,20.034,19.119,sprint,0.0,False
A,7,1010,20.138,19.224,att,0.0,False
A,7,1010,20.138,19.224,tmobile,0.0,False
A,7,1010,20.138,19.224,verizon,0.0417,True
A,7,1010,20.138,19.224,sprint,0.1667,True
A,7,1015,20.243,19.328,att,0.0,False
A,7,1015,20.243,19.328,tmobile,0.0,False
A,7,1015,20.243,19.328,verizon,0.0,False
A,7,1015,20.243,19.328,sprint,0.0,False
A,7,1020,20.347,19.432,att,0.0,False
A,7,1020,20.347,19.432,tmobile,0.0,False
A,7,1020,20.347,19.432,verizon,0.0,False
A,7,1020,20.347,19.432,sprint,0.0,False
A,7,1025,20.451,19.537,att,0.0,False
A,7,1025,20.451,19.537,tmobile,0.0,False
A,7,1025,20.451,19.537,verizon,0.0,False
A,7,1025,20.451,19.537,sprint,0.0,False
A,7,1030,20.556,19.641,att,0.0,False
A,7,1030,20.556,19.641,tmobile,0.0,False
A,7,1030,20.556,19.641,verizon,0.0,False
A,7,1030,20.556,19.641,sprint,0.0,False
A,7,1035,20.66,19.745,att,0.0,False
A,7,1035,20.66,19.745,tmobile,0.0,False
A,7,1035,20.66,19.745,verizon,0.0,False
A,7,1035,20.66,19.745,sprint,0.0,False
A,7,1040,20.764,19.85,att,0.0,False
A,7,1040,20.764,19.85,tmobile,0.0,False
A,7,1040,20.764,19.85,verizon,0.0,False
A,7,1040,20.764,19.85,sprint,0.0,False
A,7,1045,20.869,19.954,att,0.0,False
A,7,1045,20.869,19.954,tmobile,0.0,False
A,7,1045,20.869,19.954,verizon,0.0,False
A,7,1045,20.869,19.954,sprint,0.0,False
A,7,1050,20.973,20.058,att,0.0,False
A,7,1050,20.973,20.058,tmobile,0.0,False
A,7,1050,20.973,20.058,verizon,0.0,False
A,7,1050,20.973,20.058,sprint,0.0,False
A,7,1055,21.078,20.163,att,0.0,False
A,7,1055,21.078,20.163,tmobile,0.0,False
A,7,1055,21.078,20.163,verizon,0.0,False
A,7,1055,21.078,20.163,sprint,0.0,False
A,7,1060,21.182,20.267,att,0.0,False
A,7,1060,21.182,20.267,tmobile,0.0,False
A,7,1060,21.182,20.267,verizon,0.0,False
A,7,1060,21.182,20.267,sprint,0.0,False
A,7,1065,21.286,20.371,att,0.0,False
A,7,1065,21.286,20.371,tmobile,0.0,False
A,7,1065,21.286,20.371,verizon,0.0,False
A,7,1065,21.286,20.371,sprint,0.0,False
A,7,1070,21.391,20.476,att,0.0,False
A,7,1070,21.391,20.476,tmobile,0.0,False
A,7,1070,21.391,20.476,verizon,0.0,False
A,7,1070,21.391,20.476,sprint,0.0,False
A,7,1075,21.495,20.58,att,0.0,False
A,7,1075,21.495,20.58,tmobile,0.0,False
A,7,1075,21.495,20.58,verizon,0.0,False
A,7,1075,21.495,20.58,sprint,0.0,False
A,7,1080,21.599,20.684,att,0.0,False
A,7,1080,21.599,20.684,tmobile,0.0,False
A,7,1080,21.599,20.684,verizon,0.0,False
A,7,1080,21.599,20.684,sprint,0.0,False
A,7,1085,21.704,20.789,att,0.0,False
A,7,1085,21.704,20.789,tmobile,0.0,False
A,7,1085,21.704,20.789,verizon,0.0,False
A,7,1085,21.704,20.789,sprint,0.0,False
A,7,1090,21.808,20.893,att,0.0,False
A,7,1090,21.808,20.893,tmobile,0.0,False
A,7,1090,21.808,20.893,verizon,0.0,False
A,7,1090,21.808,20.893,sprint,0.0,False
A,7,1095,21.912,20.997,att,0.0,False
A,7,1095,21.912,20.997,tmobile,0.0,False
A,7,1095,21.912,20.997,verizon,0.0,False
A,7,1095,21.912,20.997,sprint,0.0,False
A,7,1100,22.017,21.102,att,0.0,False
A,7,1100,22.017,21.102,tmobile,0.0417,True
A,7,1100,22.017,21.102,verizon,0.0,False
A,7,1100,22.017,21.102,sprint,0.0,False
A,7,1105,22.121,21.206,att,0.0417,True
A,7,1105,22.121,21.206,tmobile,0.0,False
A,7,1105,22.121,21.206,verizon,0.0,False
A,7,1105,22.121,21.206,sprint,0.0,False
A,7,1110,22.225,21.31,att,0.0,False
A,7,1110,22.225,21.31,tmobile,0.0417,True
A,7,1110,22.225,21.31,verizon,0.0,False
A,7,1110,22.225,21.31,sprint,0.0,False
A,7,1115,22.33,21.415,att,0.0,False
A,7,1115,22.33,21.415,tmobile,0.0,False
A,7,1115,22.33,21.415,verizon,0.0,False
A,7,1115,22.33,21.415,sprint,0.0,False
A,7,1120,22.434,21.519,att,0.0,False
A,7,1120,22.434,21.519,tmobile,0.0,False
A,7,1120,22.434,21.519,verizon,0.0417,True
A,7,1120,22.434,21.519,sprint,0.0,False
A,7,1125,22.538,21.623,att,0.0,False
A,7,1125,22.538,21.623,tmobile,0.0833,True
A,7,1125,22.538,21.623,verizon,0.125,True
A,7,1125,22.538,21.623,sprint,0.0,False
A,7,1130,22.643,21.728,att,0.0417,True
A,7,1130,22.643,21.728,tmobile,0.0417,True
A,7,1130,22.643,21.728,verizon,0.125,True
A,7,1130,22.643,21.728,sprint,0.0,False
A,7,1135,22.747,21.832,att,0.0,False
A,7,1135,22.747,21.832,tmobile,0.0417,True
A,7,1135,22.747,21.832,verizon,0.0833,True
A,7,1135,22.747,21.832,sprint,0.0,False
A,7,1140,22.851,21.936,att,0.0,False
A,7,1140,22.851,21.936,tmobile,0.0,False
A,7,1140,22.851,21.936,verizon,0.0417,True
A,7,1140,22.851,21.936,sprint,0.0,False
A,7,1145,22.956,22.041,att,0.0,False
A,7,1145,22.956,22.041,tmobile,0.125,True
A,7,1145,22.956,22.041,verizon,0.1667,True
A,7,1145,22.956,22.041,sprint,0.0,False
A,7,1150,23.06,22.145,att,0.0,False
A,7,1150,23.06,22.145,tmobile,0.0,False
A,7,1150,23.06,22.145,verizon,0.0,False
A,7,1150,23.06,22.145,sprint,0.0,False
A,7,1155,23.164,22.25,att,0.0417,True
A,7,1155,23.164,22.25,tmobile,0.0,False
A,7,1155,23.164,22.25,verizon,0.0833,True
A,7,1155,23.164,22.25,sprint,0.0,False
A,7,1160,23.269,22.354,att,0.0417,True
A,7,1160,23.269,22.354,tmobile,0.1667,True
A,7,1160,23.269,22.354,verizon,0.1667,True
A,7,1160,23.269,22.354,sprint,0.0,False
A,7,1165,23.373,22.458,att,0.0,False
A,7,1165,23.373,22.458,tmobile,0.0,False
A,7,1165,23.373,22.458,verizon,0.0417,True
A,7,1165,23.373,22.458,sprint,0.0,False
A,7,1170,23.477,22.563,att,0.0,False
A,7,1170,23.477,22.563,tmobile,0.0417,True
A,7,1170,23.477,22.563,verizon,0.0417,True
A,7,1170,23.477,22.563,sprint,0.0833,True
A,7,1175,23.582,22.667,att,0.0,False
A,7,1175,23.582,22.667,tmobile,0.0,False
A,7,1175,23.582,22.667,verizon,0.0417,True
A,7,1175,23.582,22.667,sprint,0.0,False
A,7,1180,23.686,22.771,att,0.0,False
A,7,1180,23.686,22.771,tmobile,0.0,False
A,7,1180,23.686,22.771,verizon,0.0,False
A,7,1180,23.686,22.771,sprint,0.0,False
A,7,1185,23.79,22.876,att,0.0417,True
A,7,1185,23.79,22.876,tmobile,0.0,False
A,7,1185,23.79,22.876,verizon,0.0,False
A,7,1185,23.79,22.876,sprint,0.0,False
A,7,1190,23.895,22.98,att,0.0,False
A,7,1190,23.895,22.98,tmobile,0.0,False
A,7,1190,23.895,22.98,verizon,0.0,False
A,7,1190,23.895,22.98,sprint,0.0,False
A,7,1195,23.999,23.084,att,0.0,False
A,7,1195,23.999,23.084,tmobile,0.0,False
A,7,1195,23.999,23.084,verizon,0.0,False
A,7,1195,23.999,23.084,sprint,0.0,False
A,7,1200,24.104,23.189,att,0.0,False
A,7,1200,24.104,23.189,tmobile,0.0417,True
A,7,1200,24.104,23.189,verizon,0.0417,True
A,7,1200,24.104,23.189,sprint,0.0,False
A,7,1205,24.208,23.293,att,0.0,False
A,7,1205,24.208,23.293,tmobile,0.0,False
A,7,1205,24.208,23.293,verizon,0.0,False
A,7,1205,24.208,23.293,sprint,0.0,False
A,7,1210,24.312,23.397,att,0.0,False
A,7,1210,24.312,23.397,tmobile,0.0,False
A,7,1210,24.312,23.397,verizon,0.0,False
A,7,1210,24.312,23.397,sprint,0.0,False
A,7,1215,24.417,23.502,att,0.0,False
A,7,1215,24.417,23.502,tmobile,0.0417,True
A,7,1215,24.417,23.502,verizon,0.0,False
A,7,1215,24.417,23.502,sprint,0.0,False
A,7,1220,24.521,23.606,att,0.0,False
A,7,1220,24.521,23.606,tmobile,0.0,False
A,7,1220,24.521,23.606,verizon,0.0,False
A,7,1220,24.521,23.606,sprint,0.0,False
A,7,1225,24.625,23.71,att,0.0417,True
A,7,1225,24.625,23.71,tmobile,0.0417,True
A,7,1225,24.625,23.71,verizon,0.0833,True
A,7,1225,24.625,23.71,sprint,0.0417,True
A,7,1230,24.73,23.815,att,0.0417,True
A,7,1230,24.73,23.815,tmobile,0.0,False
A,7,1230,24.73,23.815,verizon,0.0417,True
A,7,1230,24.73,23.815,sprint,0.0,False
A,7,1235,24.834,23.919,att,0.0,False
A,7,1235,24.834,23.919,tmobile,0.0417,True
A,7,1235,24.834,23.919,verizon,0.0417,True
A,7,1235,24.834,23.919,sprint,0.0,False
A,7,1240,24.938,24.023,att,0.0,False
A,7,1240,24.938,24.023,tmobile,0.0,False
A,7,1240,24.938,24.023,verizon,0.0,False
A,7,1240,24.938,24.023,sprint,0.0,False
A,7,1245,25.043,24.128,att,0.0,False
A,7,1245,25.043,24.128,tmobile,0.0,False
A,7,1245,25.043,24.128,verizon,0.0,False
A,7,1245,25.043,24.128,sprint,0.0,False
A,7,1250,25.147,24.232,att,0.0417,True
A,7,1250,25.147,24.232,tmobile,0.0,False
A,7,1250,25.147,24.232,verizon,0.0417,True
A,7,1250,25.147,24.232,sprint,0.0,False
A,7,1255,25.251,24.336,att,0.0,False
A,7,1255,25.251,24.336,tmobile,0.0,False
A,7,1255,25.251,24.336,verizon,0.0,False
A,7,1255,25.251,24.336,sprint,0.0,False
A,7,1260,25.356,24.441,att,0.0417,True
A,7,1260,25.356,24.441,tmobile,0.0,False
A,7,1260,25.356,24.441,verizon,0.0,False
A,7,1260,25.356,24.441,sprint,0.0,False
A,7,1265,25.46,24.545,att,0.0,False
A,7,1265,25.46,24.545,tmobile,0.0,False
A,7,1265,25.46,24.545,verizon,0.0,False
A,7,1265,25.46,24.545,sprint,0.0,False
A,7,1270,25.564,24.649,att,0.0,False
A,7,1270,25.564,24.649,tmobile,0.0,False
A,7,1270,25.564,24.649,verizon,0.0,False
A,7,1270,25.564,24.649,sprint,0.0,False
A,7,1275,25.669,24.754,att,0.0,False
A,7,1275,25.669,24.754,tmobile,0.0417,True
A,7,1275,25.669,24.754,verizon,0.0,False
A,7,1275,25.669,24.754,sprint,0.0417,True
A,7,1280,25.773,24.858,att,0.0,False
A,7,1280,25.773,24.858,tmobile,0.0417,True
A,7,1280,25.773,24.858,verizon,0.0,False
A,7,1280,25.773,24.858,sprint,0.0,False
A,7,1285,25.877,24.962,att,0.0,False
A,7,1285,25.877,24.962,tmobile,0.0,False
A,7,1285,25.877,24.962,verizon,0.0,False
A,7,1285,25.877,24.962,sprint,0.0417,True
A,7,1290,25.982,25.067,att,0.0833,True
A,7,1290,25.982,25.067,tmobile,0.0,False
A,7,1290,25.982,25.067,verizon,0.0,False
A,7,1290,25.982,25.067,sprint,0.0,False
A,7,1295,26.086,25.171,att,0.0,False
A,7,1295,26.086,25.171,tmobile,0.0,False
A,7,1295,26.086,25.171,verizon,0.0,False
A,7,1295,26.086,25.171,sprint,0.0833,True
A,7,1300,26.19,25.276,att,0.0,False
A,7,1300,26.19,25.276,tmobile,0.0,False
A,7,1300,26.19,25.276,verizon,0.0,False
A,7,1300,26.19,25.276,sprint,0.0,False
A,7,1305,26.295,25.38,att,0.0,False
A,7,1305,26.295,25.38,tmobile,0.0417,True
A,7,1305,26.295,25.38,verizon,0.0,False
A,7,1305,26.295,25.38,sprint,0.0,False
A,7,1310,26.399,25.484,att,0.0,False
A,7,1310,26.399,25.484,tmobile,0.0,False
A,7,1310,26.399,25.484,verizon,0.0,False
A,7,1310,26.399,25.484,sprint,0.0,False
A,7,1315,26.503,25.589,att,0.0,False
A,7,1315,26.503,25.589,tmobile,0.0,False
A,7,1315,26.503,25.589,verizon,0.0,False
A,7,1315,26.503,25.589,sprint,0.0,False
A,7,1320,26.608,25.693,att,0.0,False
A,7,1320,26.608,25.693,tmobile,0.0,False
A,7,1320,26.608,25.693,verizon,0.0,False
A,7,1320,26.608,25.693,sprint,0.0,False
A,7,1325,26.712,25.797,att,0.0,False
A,7,1325,26.712,25.797,tmobile,0.0,False
A,7,1325,26.712,25.797,verizon,0.0,False
A,7,1325,26.712,25.797,sprint,0.0,False
A,7,1330,26.816,25.902,att,0.0,False
A,7,1330,26.816,25.902,tmobile,0.0417,True
A,7,1330,26.816,25.902,verizon,0.0,False
A,7,1330,26.816,25.902,sprint,0.0,False
A,7,1335,26.921,26.006,att,0.0,False
A,7,1335,26.921,26.006,tmobile,0.0417,True
A,7,1335,26.921,26.006,verizon,0.0,False
A,7,1335,26.921,26.006,sprint,0.0,False
A,7,1340,27.025,26.11,att,0.0,False
A,7,1340,27.025,26.11,tmobile,0.0417,True
A,7,1340,27.025,26.11,verizon,0.0417,True
A,7,1340,27.025,26.11,sprint,0.0,False
A,7,1345,27.129,26.215,att,0.0,False
A,7,1345,27.129,26.215,tmobile,0.0,False
A,7,1345,27.129,26.215,verizon,0.0,False
A,7,1345,27.129,26.215,sprint,0.0,False
A,7,1350,27.234,26.319,att,0.0,False
A,7,1350,27.234,26.319,tmobile,0.0,False
A,7,1350,27.234,26.319,verizon,0.0417,True
A,7,1350,27.234,26.319,sprint,0.0,False
A,7,1355,27.338,26.423,att,0.0,False
A,7,1355,27.338,26.423,tmobile,0.0833,True
A,7,1355,27.338,26.423,verizon,0.0417,True
A,7,1355,27.338,26.423,sprint,0.0,False
A,7,1360,27.443,26.528,att,0.0,False
A,7,1360,27.443,26.528,tmobile,0.0,False
A,7,1360,27.443,26.528,verizon,0.0833,True
A,7,1360,27.443,26.528,sprint,0.0,False
A,7,1365,27.547,26.632,att,0.0,False
A,7,1365,27.547,26.632,tmobile,0.0,False
A,7,1365,27.547,26.632,verizon,0.0,False
A,7,1365,27.547,26.632,sprint,0.0,False
A,7,1370,27.651,26.736,att,0.0,False
A,7,1370,27.651,26.736,tmobile,0.0,False
A,7,1370,27.651,26.736,verizon,0.0,False
A,7,1370,27.651,26.736,sprint,0.0,False
A,7,1375,27.756,26.841,att,0.0,False
A,7,1375,27.756,26.841,tmobile,0.0,False
A,7,1375,27.756,26.841,verizon,0.0,False
A,7,1375,27.756,26.841,sprint,0.0,False
A,7,1380,27.86,26.945,att,0.0,False
A,7,1380,27.86,26.945,tmobile,0.0,False
A,7,1380,27.86,26.945,verizon,0.0,False
A,7,1380,27.86,26.945,sprint,0.0,False
A,7,1385,27.964,27.049,att,0.0,False
A,7,1385,27.964,27.049,tmobile,0.0,False
A,7,1385,27.964,27.049,verizon,0.0,False
A,7,1385,27.964,27.049,sprint,0.0,False
A,7,1390,28.069,27.154,att,0.0,False
A,7,1390,28.069,27.154,tmobile,0.0,False
A,7,1390,28.069,27.154,verizon,0.0,False
A,7,1390,28.069,27.154,sprint,0.0,False
A,7,1395,28.173,27.258,att,0.0,False
A,7,1395,28.173,27.258,tmobile,0.0,False
A,7,1395,28.173,27.258,verizon,0.0,False
A,7,1395,28.173,27.258,sprint,0.0,False
A,7,1400,28.277,27.362,att,0.0,False
A,7,1400,28.277,27.362,tmobile,0.0417,True
A,7,1400,28.277,27.362,verizon,0.0417,True
A,7,1400,28.277,27.362,sprint,0.0,False
A,7,1405,28.382,27.467,att,0.0,False
A,7,1405,28.382,27.467,tmobile,0.0,False
A,7,1405,28.382,27.467,verizon,0.0417,True
A,7,1405,28.382,27.467,sprint,0.0,False
A,7,1410,28.486,27.571,att,0.0,False
A,7,1410,28.486,27.571,tmobile,0.0,False
A,7,1410,28.486,27.571,verizon,0.0,False
A,7,1410,28.486,27.571,sprint,0.0,False
A,7,1415,28.59,27.675,att,0.0,False
A,7,1415,28.59,27.675,tmobile,0.0,False
A,7,1415,28.59,27.675,verizon,0.0,False
A,7,1415,28.59,27.675,sprint,0.0,False
A,7,1420,28.695,27.78,att,0.0,False
A,7,1420,28.695,27.78,tmobile,0.0,False
A,7,1420,28.695,27.78,verizon,0.0,False
A,7,1420,28.695,27.78,sprint,0.0,False
A,7,1425,28.799,27.884,att,0.0,False
A,7,1425,28.799,27.884,tmobile,0.0,False
A,7,1425,28.799,27.884,verizon,0.0,False
A,7,1425,28.799,27.884,sprint,0.0,False
A,7,1430,28.903,27.988,att,0.0,False
A,7,1430,28.903,27.988,tmobile,0.0,False
A,7,1430,28.903,27.988,verizon,0.0833,True
A,7,1430,28.903,27.988,sprint,0.0,False
A,7,1435,29.008,28.093,att,0.0417,True
A,7,1435,29.008,28.093,tmobile,0.0,False
A,7,1435,29.008,28.093,verizon,0.0417,True
A,7,1435,29.008,28.093,sprint,0.0,False
A,7,1440,29.112,28.197,att,0.0,False
A,7,1440,29.112,28.197,tmobile,0.0833,True
A,7,1440,29.112,28.197,verizon,0.2083,True
A,7,1440,29.112,28.197,sprint,0.0,False
A,7,1445,29.216,28.301,att,0.0,False
A,7,1445,29.216,28.301,tmobile,0.0,False
A,7,1445,29.216,28.301,verizon,0.0,False
A,7,1445,29.216,28.301,sprint,0.0417,True
A,7,1450,29.321,28.406,att,0.0,False
A,7,1450,29.321,28.406,tmobile,0.0,False
A,7,1450,29.321,28.406,verizon,0.0,False
A,7,1450,29.321,28.406,sprint,0.0,False
A,7,1455,29.425,28.51,att,0.0,False
A,7,1455,29.425,28.51,tmobile,0.0,False
A,7,1455,29.425,28.51,verizon,0.0417,True
A,7,1455,29.425,28.51,sprint,0.0,False
A,7,1460,29.529,28.615,att,0.0,False
A,7,1460,29.529,28.615,tmobile,0.0417,True
A,7,1460,29.529,28.615,verizon,0.0417,True
A,7,1460,29.529,28.615,sprint,0.0,False
A,7,1465,29.634,28.719,att,0.0,False
A,7,1465,29.634,28.719,tmobile,0.0,False
A,7,1465,29.634,28.719,verizon,0.0,False
A,7,1465,29.634,28.719,sprint,0.0,False
A,7,1470,29.738,28.823,att,0.0,False
A,7,1470,29.738,28.823,tmobile,0.0,False
A,7,1470,29.738,28.823,verizon,0.0,False
A,7,1470,29.738,28.823,sprint,0.0,False
A,7,1475,29.842,28.928,att,0.0,False
A,7,1475,29.842,28.928,tmobile,0.0417,True
A,7,1475,29.842,28.928,verizon,0.0,False
A,7,1475,29.842,28.928,sprint,0.0,False
A,7,1480,29.947,29.032,att,0.0,False
A,7,1480,29.947,29.032,tmobile,0.0417,True
A,7,1480,29.947,29.032,verizon,0.125,True
A,7,1480,29.947,29.032,sprint,0.0,False
A,7,1485,30.051,29.136,att,0.0,False
A,7,1485,30.051,29.136,tmobile,0.0417,True
A,7,1485,30.051,29.136,verizon,0.0417,True
A,7,1485,30.051,29.136,sprint,0.0417,True
A,7,1490,30.155,29.241,att,0.0,False
A,7,1490,30.155,29.241,tmobile,0.0,False
A,7,1490,30.155,29.241,verizon,0.0,False
A,7,1490,30.155,29.241,sprint,0.0,False
A,7,1495,30.26,29.345,att,0.0417,True
A,7,1495,30.26,29.345,tmobile,0.0,False
A,7,1495,30.26,29.345,verizon,0.0,False
A,7,1495,30.26,29.345,sprint,0.0,False
A,7,1500,30.364,29.449,att,0.0417,True
A,7,1500,30.364,29.449,tmobile,0.0,False
A,7,1500,30.364,29.449,verizon,0.0417,True
A,7,1500,30.364,29.449,sprint,0.0,False
A,7,1505,30.469,29.554,att,0.0,False
A,7,1505,30.469,29.554,tmobile,0.0833,True
A,7,1505,30.469,29.554,verizon,0.0417,True
A,7,1505,30.469,29.554,sprint,0.0,False
A,7,1510,30.573,29.658,att,0.0,False
A,7,1510,30.573,29.658,tmobile,0.0,False
A,7,1510,30.573,29.658,verizon,0.0417,True
A,7,1510,30.573,29.658,sprint,0.0,False
A,7,1515,30.677,29.762,att,0.0,False
A,7,1515,30.677,29.762,tmobile,0.0,False
A,7,1515,30.677,29.762,verizon,0.0417,True
A,7,1515,30.677,29.762,sprint,0.0,False
A,7,1520,30.782,29.867,att,0.0,False
A,7,1520,30.782,29.867,tmobile,0.0417,True
A,7,1520,30.782,29.867,verizon,0.0,False
A,7,1520,30.782,29.867,sprint,0.0,False
A,7,1525,30.886,29.971,att,0.0,False
A,7,1525,30.886,29.971,tmobile,0.0,False
A,7,1525,30.886,29.971,verizon,0.0,False
A,7,1525,30.886,29.971,sprint,0.0,False
A,7,1530,30.99,30.075,att,0.0417,True
A,7,1530,30.99,30.075,tmobile,0.0,False
A,7,1530,30.99,30.075,verizon,0.0,False
A,7,1530,30.99,30.075,sprint,0.0,False
A,7,1535,31.095,30.18,att,0.0,False
A,7,1535,31.095,30.18,tmobile,0.0,False
A,7,1535,31.095,30.18,verizon,0.0,False
A,7,1535,31.095,30.18,sprint,0.0,False
A,7,1540,31.199,30.284,att,0.0,False
A,7,1540,31.199,30.284,tmobile,0.0833,True
A,7,1540,31.199,30.284,verizon,0.0417,True
A,7,1540,31.199,30.284,sprint,0.0,False
A,7,1545,31.303,30.388,att,0.0,False
A,7,1545,31.303,30.388,tmobile,0.0,False
A,7,1545,31.303,30.388,verizon,0.0,False
A,7,1545,31.303,30.388,sprint,0.0417,True
A,7,1550,31.408,30.493,att,0.0,False
A,7,1550,31.408,30.493,tmobile,0.0417,True
A,7,1550,31.408,30.493,verizon,0.0,False
A,7,1550,31.408,30.493,sprint,0.0,False
A,7,1555,31.512,30.597,att,0.0,False
A,7,1555,31.512,30.597,tmobile,0.0417,True
A,7,1555,31.512,30.597,verizon,0.0417,True
A,7,1555,31.512,30.597,sprint,0.0,False
A,7,1560,31.616,30.701,att,0.0,False
A,7,1560,31.616,30.701,tmobile,0.0,False
A,7,1560,31.616,30.701,verizon,0.0,False
A,7,1560,31.616,30.701,sprint,0.0,False
A,7,1565,31.721,30.806,att,0.0,False
A,7,1565,31.721,30.806,tmobile,0.0,False
A,7,1565,31.721,30.806,verizon,0.0417,True
A,7,1565,31.721,30.806,sprint,0.0,False
A,7,1570,31.825,30.91,att,0.0,False
A,7,1570,31.825,30.91,tmobile,0.0,False
A,7,1570,31.825,30.91,verizon,0.0417,True
A,7,1570,31.825,30.91,sprint,0.0,False
A,7,1575,31.929,31.014,att,0.0,False
A,7,1575,31.929,31.014,tmobile,0.0417,True
A,7,1575,31.929,31.014,verizon,0.0417,True
A,7,1575,31.929,31.014,sprint,0.0,False
A,7,1580,32.034,31.119,att,0.0,False
A,7,1580,32.034,31.119,tmobile,0.0,False
A,7,1580,32.034,31.119,verizon,0.0,False
A,7,1580,32.034,31.119,sprint,0.0,False
A,7,1585,32.138,31.223,att,0.0417,True
A,7,1585,32.138,31.223,tmobile,0.0417,True
A,7,1585,32.138,31.223,verizon,0.0833,True
A,7,1585,32.138,31.223,sprint,0.0,False
A,7,1590,32.242,31.327,att,0.0,False
A,7,1590,32.242,31.327,tmobile,0.0,False
A,7,1590,32.242,31.327,verizon,0.0417,True
A,7,1590,32.242,31.327,sprint,0.0,False
A,7,1595,32.347,31.432,att,0.0417,True
A,7,1595,32.347,31.432,tmobile,0.0,False
A,7,1595,32.347,31.432,verizon,0.0,False
A,7,1595,32.347,31.432,sprint,0.0,False
A,7,1600,32.451,31.536,att,0.0,False
A,7,1600,32.451,31.536,tmobile,0.0417,True
A,7,1600,32.451,31.536,verizon,0.0833,True
A,7,1600,32.451,31.536,sprint,0.0,False
A,7,1605,32.555,31.64,att,0.0,False
A,7,1605,32.555,31.64,tmobile,0.0833,True
A,7,1605,32.555,31.64,verizon,0.0417,True
A,7,1605,32.555,31.64,sprint,0.0,False
A,7,1610,32.66,31.745,att,0.0,False
A,7,1610,32.66,31.745,tmobile,0.0,False
A,7,1610,32.66,31.745,verizon,0.0,False
A,7,1610,32.66,31.745,sprint,0.0,False
A,7,1615,32.764,31.849,att,0.0,False
A,7,1615,32.764,31.849,tmobile,0.0417,True
A,7,1615,32.764,31.849,verizon,0.0417,True
A,7,1615,32.764,31.849,sprint,0.0,False
A,7,1620,32.868,31.954,att,0.0,False
A,7,1620,32.868,31.954,tmobile,0.0417,True
A,7,1620,32.868,31.954,verizon,0.0417,True
A,7,1620,32.868,31.954,sprint,0.0,False
A,7,1625,32.973,32.058,att,0.0,False
A,7,1625,32.973,32.058,tmobile,0.0,False
A,7,1625,32.973,32.058,verizon,0.0417,True
A,7,1625,32.973,32.058,sprint,0.125,True
A,7,1630,33.077,32.162,att,0.0,False
A,7,1630,33.077,32.162,tmobile,0.0417,True
A,7,1630,33.077,32.162,verizon,0.0,False
A,7,1630,33.077,32.162,sprint,0.0,False
A,7,1635,33.181,32.267,att,0.0,False
A,7,1635,33.181,32.267,tmobile,0.0,False
A,7,1635,33.181,32.267,verizon,0.0,False
A,7,1635,33.181,32.267,sprint,0.0,False
C,8,45,0.0,-0.915,att,0.15,True
C,8,45,0.0,-0.915,tmobile,0.0,False
C,8,45,0.0,-0.915,verizon,0.0,False
C,8,45,0.0,-0.915,sprint,0.0,False
C,8,50,0.104,-0.811,att,0.45,True
C,8,50,0.104,-0.811,tmobile,0.0,False
C,8,50,0.104,-0.811,verizon,0.0,False
C,8,50,0.104,-0.811,sprint,0.0,False
C,8,55,0.209,-0.706,att,0.4,True
C,8,55,0.209,-0.706,tmobile,0.0,False
C,8,55,0.209,-0.706,verizon,0.0,False
C,8,55,0.209,-0.706,sprint,0.0,False
C,8,60,0.313,-0.602,att,0.4,True
C,8,60,0.313,-0.602,tmobile,0.0,False
C,8,60,0.313,-0.602,verizon,0.0,False
C,8,60,0.313,-0.602,sprint,0.0,False
C,8,65,0.417,-0.498,att,0.3,True
C,8,65,0.417,-0.498,tmobile,0.0,False
C,8,65,0.417,-0.498,verizon,0.0,False
C,8,65,0.417,-0.498,sprint,0.0,False
C,8,70,0.522,-0.393,att,0.0,False
C,8,70,0.522,-0.393,tmobile,0.0,False
C,8,70,0.522,-0.393,verizon,0.0,False
C,8,70,0.522,-0.393,sprint,0.0,False
C,8,75,0.626,-0.289,att,0.0,False
C,8,75,0.626,-0.289,tmobile,0.0,False
C,8,75,0.626,-0.289,verizon,0.0,False
C,8,75,0.626,-0.289,sprint,0.0,False
C,8,80,0.73,-0.184,att,0.0,False
C,8,80,0.73,-0.184,tmobile,0.0,False
C,8,80,0.73,-0.184,verizon,0.0,False
C,8,80,0.73,-0.184,sprint,0.0,False
C,8,85,0.835,-0.08,att,0.0,False
C,8,85,0.835,-0.08,tmobile,0.0,False
C,8,85,0.835,-0.08,verizon,0.0,False
C,8,85,0.835,-0.08,sprint,0.0,False
C,8,90,0.939,0.024,att,0.0,False
C,8,90,0.939,0.024,tmobile,0.0,False
C,8,90,0.939,0.024,verizon,0.0,False
C,8,90,0.939,0.024,sprint,0.0,False
C,8,95,1.043,0.129,att,0.0,False
C,8,95,1.043,0.129,tmobile,0.0,False
C,8,95,1.043,0.129,verizon,0.0,False
C,8,95,1.043,0.129,sprint,0.0,False
C,8,100,1.148,0.233,att,0.0,False
C,8,100,1.148,0.233,tmobile,0.0,False
C,8,100,1.148,0.233,verizon,0.0,False
C,8,100,1.148,0.233,sprint,0.0,False
C,8,105,1.252,0.337,att,0.0,False
C,8,105,1.252,0.337,tmobile,0.0,False
C,8,105,1.252,0.337,verizon,0.0,False
C,8,105,1.252,0.337,sprint,0.0,False
C,8,110,1.356,0.442,att,0.0,False
C,8,110,1.356,0.442,tmobile,0.0,False
C,8,110,1.356,0.442,verizon,0.0,False
C,8,110,1.356,0.442,sprint,0.0,False
C,8,115,1.461,0.546,att,0.0,False
C,8,115,1.461,0.546,tmobile,0.0,False
C,8,115,1.461,0.546,verizon,0.0,False
C,8,115,1.461,0.546,sprint,0.0,False
C,8,120,1.565,0.65,att,0.0,False
C,8,120,1.565,0.65,tmobile,0.0,False
C,8,120,1.565,0.65,verizon,0.0,False
C,8,120,1.565,0.65,sprint,0.0,False
C,8,125,1.67,0.755,att,0.0,False
C,8,125,1.67,0.755,tmobile,0.0,False
C,8,125,1.67,0.755,verizon,0.0,False
C,8,125,1.67,0.755,sprint,0.0,False
C,8,130,1.774,0.859,att,0.0,False
C,8,130,1.774,0.859,tmobile,0.0,False
C,8,130,1.774,0.859,verizon,0.0,False
C,8,130,1.774,0.859,sprint,0.0,False
C,8,135,1.878,0.963,att,0.0,False
C,8,135,1.878,0.963,tmobile,0.0,False
C,8,135,1.878,0.963,verizon,0.0,False
C,8,135,1.878,0.963,sprint,0.0,False
C,8,140,1.983,1.068,att,0.0,False
C,8,140,1.983,1.068,tmobile,0.0,False
C,8,140,1.983,1.068,verizon,0.0,False
C,8,140,1.983,1.068,sprint,0.0,False
C,8,145,2.087,1.172,att,0.0,False
C,8,145,2.087,1.172,tmobile,0.0,False
C,8,145,2.087,1.172,verizon,0.0,False
C,8,145,2.087,1.172,sprint,0.0,False
C,8,150,2.191,1.276,att,0.0,False
C,8,150,2.191,1.276,tmobile,0.0,False
C,8,150,2.191,1.276,verizon,0.0,False
C,8,150,2.191,1.276,sprint,0.0,False
C,8,155,2.296,1.381,att,0.0,False
C,8,155,2.296,1.381,tmobile,0.0,False
C,8,155,2.296,1.381,verizon,0.0,False
C,8,155,2.296,1.381,sprint,0.0,False
C,8,160,2.4,1.485,att,0.0,False
C,8,160,2.4,1.485,tmobile,0.0,False
C,8,160,2.4,1.485,verizon,0.0,False
C,8,160,2.4,1.485,sprint,0.0,False
C,8,165,2.504,1.589,att,0.05,True
C,8,165,2.504,1.589,tmobile,0.0,False
C,8,165,2.504,1.589,verizon,0.0,False
C,8,165,2.504,1.589,sprint,0.0,False
C,8,170,2.609,1.694,att,0.0,False
C,8,170,2.609,1.694,tmobile,0.0,False
C,8,170,2.609,1.694,verizon,0.0,False
C,8,170,2.609,1.694,sprint,0.0,False
C,8,175,2.713,1.798,att,0.0,False
C,8,175,2.713,1.798,tmobile,0.0,False
C,8,175,2.713,1.798,verizon,0.0,False
C,8,175,2.713,1.798,sprint,0.0,False
C,8,180,2.817,1.902,att,0.0,False
C,8,180,2.817,1.902,tmobile,0.0,False
C,8,180,2.817,1.902,verizon,0.0,False
C,8,180,2.817,1.902,sprint,0.0,False
C,8,185,2.922,2.007,att,0.0,False
C,8,185,2.922,2.007,tmobile,0.0,False
C,8,185,2.922,2.007,verizon,0.0,False
C,8,185,2.922,2.007,sprint,0.0,False
C,8,190,3.026,2.111,att,0.0,False
C,8,190,3.026,2.111,tmobile,0.0,False
C,8,190,3.026,2.111,verizon,0.0,False
C,8,190,3.026,2.111,sprint,0.0,False
C,8,195,3.13,2.215,att,0.05,True
C,8,195,3.13,2.215,tmobile,0.0,False
C,8,195,3.13,2.215,verizon,0.0,False
C,8,195,3.13,2.215,sprint,0.0,False
C,8,200,3.235,2.32,att,0.0,False
C,8,200,3.235,2.32,tmobile,0.0,False
C,8,200,3.235,2.32,verizon,0.0,False
C,8,200,3.235,2.32,sprint,0.0,False
C,8,205,3.339,2.424,att,0.0,False
C,8,205,3.339,2.424,tmobile,0.0,False
C,8,205,3.339,2.424,verizon,0.0,False
C,8,205,3.339,2.424,sprint,0.0,False
C,8,210,3.443,2.528,att,0.0,False
C,8,210,3.443,2.528,tmobile,0.0,False
C,8,210,3.443,2.528,verizon,0.0,False
C,8,210,3.443,2.528,sprint,0.0,False
C,8,215,3.548,2.633,att,0.0,False
C,8,215,3.548,2.633,tmobile,0.0,False
C,8,215,3.548,2.633,verizon,0.0,False
C,8,215,3.548,2.633,sprint,0.0,False
C,8,220,3.652,2.737,att,0.0,False
C,8,220,3.652,2.737,tmobile,0.0,False
C,8,220,3.652,2.737,verizon,0.0,False
C,8,220,3.652,2.737,sprint,0.0,False
C,8,225,3.756,2.842,att,0.0,False
C,8,225,3.756,2.842,tmobile,0.0,False
C,8,225,3.756,2.842,verizon,0.0,False
C,8,225,3.756,2.842,sprint,0.0,False
C,8,230,3.861,2.946,att,0.0,False
C,8,230,3.861,2.946,tmobile,0.0,False
C,8,230,3.861,2.946,verizon,0.0,False
C,8,230,3.861,2.946,sprint,0.0,False
C,8,235,3.965,3.05,att,0.0,False
C,8,235,3.965,3.05,tmobile,0.0,False
C,8,235,3.965,3.05,verizon,0.0,False
C,8,235,3.965,3.05,sprint,0.0,False
C,8,240,4.069,3.155,att,0.05,True
C,8,240,4.069,3.155,tmobile,0.0,False
C,8,240,4.069,3.155,verizon,0.0,False
C,8,240,4.069,3.155,sprint,0.0,False
C,8,245,4.174,3.259,att,0.0,False
C,8,245,4.174,3.259,tmobile,0.0,False
C,8,245,4.174,3.259,verizon,0.0,False
C,8,245,4.174,3.259,sprint,0.0,False
C,8,250,4.278,3.363,att,0.0,False
C,8,250,4.278,3.363,tmobile,0.0,False
C,8,250,4.278,3.363,verizon,0.0,False
C,8,250,4.278,3.363,sprint,0.0,False
C,8,255,4.382,3.468,att,0.0,False
C,8,255,4.382,3.468,tmobile,0.0,False
C,8,255,4.382,3.468,verizon,0.0,False
C,8,255,4.382,3.468,sprint,0.0,False
C,8,260,4.487,3.572,att,0.0,False
C,8,260,4.487,3.572,tmobile,0.0,False
C,8,260,4.487,3.572,verizon,0.0,False
C,8,260,4.487,3.572,sprint,0.0,False
C,8,265,4.591,3.676,att,0.0,False
C,8,265,4.591,3.676,tmobile,0.0,False
C,8,265,4.591,3.676,verizon,0.0,False
C,8,265,4.591,3.676,sprint,0.0,False
C,8,270,4.695,3.781,att,0.0,False
C,8,270,4.695,3.781,tmobile,0.0,False
C,8,270,4.695,3.781,verizon,0.0,False
C,8,270,4.695,3.781,sprint,0.0,False
C,8,275,4.8,3.885,att,0.0,False
C,8,275,4.8,3.885,tmobile,0.05,True
C,8,275,4.8,3.885,verizon,0.0,False
C,8,275,4.8,3.885,sprint,0.0,False
C,8,280,4.904,3.989,att,0.0,False
C,8,280,4.904,3.989,tmobile,0.0,False
C,8,280,4.904,3.989,verizon,0.0,False
C,8,280,4.904,3.989,sprint,0.0,False
C,8,285,5.009,4.094,att,0.0,False
C,8,285,5.009,4.094,tmobile,0.0,False
C,8,285,5.009,4.094,verizon,0.0,False
C,8,285,5.009,4.094,sprint,0.0,False
C,8,290,5.113,4.198,att,0.0,False
C,8,290,5.113,4.198,tmobile,0.0,False
C,8,290,5.113,4.198,verizon,0.0,False
C,8,290,5.113,4.198,sprint,0.0,False
C,8,295,5.217,4.302,att,0.0,False
C,8,295,5.217,4.302,tmobile,0.0,False
C,8,295,5.217,4.302,verizon,0.0,False
C,8,295,5.217,4.302,sprint,0.0,False
C,8,300,5.322,4.407,att,0.0,False
C,8,300,5.322,4.407,tmobile,0.05,True
C,8,300,5.322,4.407,verizon,0.0,False
C,8,300,5.322,4.407,sprint,0.0,False
C,8,305,5.426,4.511,att,0.0,False
C,8,305,5.426,4.511,tmobile,0.0,False
C,8,305,5.426,4.511,verizon,0.0,False
C,8,305,5.426,4.511,sprint,0.0,False
C,8,310,5.53,4.615,att,0.0,False
C,8,310,5.53,4.615,tmobile,0.0,False
C,8,310,5.53,4.615,verizon,0.0,False
C,8,310,5.53,4.615,sprint,0.0,False
C,8,315,5.635,4.72,att,0.0,False
C,8,315,5.635,4.72,tmobile,0.0,False
C,8,315,5.635,4.72,verizon,0.0,False
C,8,315,5.635,4.72,sprint,0.0,False
C,8,320,5.739,4.824,att,0.0,False
C,8,320,5.739,4.824,tmobile,0.05,True
C,8,320,5.739,4.824,verizon,0.0,False
C,8,320,5.739,4.824,sprint,0.0,False
C,8,325,5.843,4.928,att,0.0,False
C,8,325,5.843,4.928,tmobile,0.0,False
C,8,325,5.843,4.928,verizon,0.0,False
C,8,325,5.843,4.928,sprint,0.0,False
C,8,330,5.948,5.033,att,0.0,False
C,8,330,5.948,5.033,tmobile,0.0,False
C,8,330,5.948,5.033,verizon,0.0,False
C,8,330,5.948,5.033,sprint,0.0,False
C,8,335,6.052,5.137,att,0.0,False
C,8,335,6.052,5.137,tmobile,0.0,False
C,8,335,6.052,5.137,verizon,0.0,False
C,8,335,6.052,5.137,sprint,0.55,True
C,8,340,6.156,5.241,att,0.05,True
C,8,340,6.156,5.241,tmobile,0.1,True
C,8,340,6.156,5.241,verizon,0.0,False
C,8,340,6.156,5.241,sprint,0.1,True
C,8,345,6.261,5.346,att,0.0,False
C,8,345,6.261,5.346,tmobile,0.0,False
C,8,345,6.261,5.346,verizon,0.0,False
C,8,345,6.261,5.346,sprint,0.0,False
C,8,350,6.365,5.45,att,0.0,False
C,8,350,6.365,5.45,tmobile,0.0,False
C,8,350,6.365,5.45,verizon,0.0,False
C,8,350,6.365,5.45,sprint,0.0,False
C,8,355,6.469,5.554,att,0.0,False
C,8,355,6.469,5.554,tmobile,0.0,False
C,8,355,6.469,5.554,verizon,0.0,False
C,8,355,6.469,5.554,sprint,0.0,False
C,8,360,6.574,5.659,att,0.0,False
C,8,360,6.574,5.659,tmobile,0.0,False
C,8,360,6.574,5.659,verizon,0.0,False
C,8,360,6.574,5.659,sprint,0.1,True
C,8,365,6.678,5.763,att,0.05,True
C,8,365,6.678,5.763,tmobile,0.3,True
C,8,365,6.678,5.763,verizon,0.0,False
C,8,365,6.678,5.763,sprint,0.0,False
C,8,370,6.782,5.867,att,0.0,False
C,8,370,6.782,5.867,tmobile,0.0,False
C,8,370,6.782,5.867,verizon,0.0,False
C,8,370,6.782,5.867,sprint,0.0,False
C,8,375,6.887,5.972,att,0.0,False
C,8,375,6.887,5.972,tmobile,0.0,False
C,8,375,6.887,5.972,verizon,0.0,False
C,8,375,6.887,5.972,sprint,0.0,False
C,8,380,6.991,6.076,att,0.0,False
C,8,380,6.991,6.076,tmobile,0.0,False
C,8,380,6.991,6.076,verizon,0.05,True
C,8,380,6.991,6.076,sprint,0.0,False
C,8,385,7.095,6.181,att,0.0,False
C,8,385,7.095,6.181,tmobile,0.0,False
C,8,385,7.095,6.181,verizon,0.0,False
C,8,385,7.095,6.181,sprint,0.0,False
C,8,390,7.2,6.285,att,0.0,False
C,8,390,7.2,6.285,tmobile,0.0,False
C,8,390,7.2,6.285,verizon,0.0,False
C,8,390,7.2,6.285,sprint,0.0,False
C,8,395,7.304,6.389,att,0.0,False
C,8,395,7.304,6.389,tmobile,0.05,True
C,8,395,7.304,6.389,verizon,0.0,False
C,8,395,7.304,6.389,sprint,0.0,False
C,8,400,7.408,6.494,att,0.0,False
C,8,400,7.408,6.494,tmobile,0.15,True
C,8,400,7.408,6.494,verizon,0.2,True
C,8,400,7.408,6.494,sprint,0.0,False
C,8,405,7.513,6.598,att,0.0,False
C,8,405,7.513,6.598,tmobile,0.0,False
C,8,405,7.513,6.598,verizon,0.0,False
C,8,405,7.513,6.598,sprint,0.0,False
C,8,410,7.617,6.702,att,0.0,False
C,8,410,7.617,6.702,tmobile,0.1,True
C,8,410,7.617,6.702,verizon,0.0,False
C,8,410,7.617,6.702,sprint,0.05,True
C,8,415,7.721,6.807,att,0.0,False
C,8,415,7.721,6.807,tmobile,0.15,True
C,8,415,7.721,6.807,verizon,0.1,True
C,8,415,7.721,6.807,sprint,0.0,False
C,8,420,7.826,6.911,att,0.0,False
C,8,420,7.826,6.911,tmobile,0.0,False
C,8,420,7.826,6.911,verizon,0.0,False
C,8,420,7.826,6.911,sprint,0.0,False
C,8,425,7.93,7.015,att,0.0,False
C,8,425,7.93,7.015,tmobile,0.0,False
C,8,425,7.93,7.015,verizon,0.0,False
C,8,425,7.93,7.015,sprint,0.3,True
C,8,430,8.035,7.12,att,0.0,False
C,8,430,8.035,7.12,tmobile,0.0,False
C,8,430,8.035,7.12,verizon,0.05,True
C,8,430,8.035,7.12,sprint,0.0,False
C,8,435,8.139,7.224,att,0.0,False
C,8,435,8.139,7.224,tmobile,0.0,False
C,8,435,8.139,7.224,verizon,0.05,True
C,8,435,8.139,7.224,sprint,0.0,False
C,8,440,8.243,7.328,att,0.0,False
C,8,440,8.243,7.328,tmobile,0.0,False
C,8,440,8.243,7.328,verizon,0.0,False
C,8,440,8.243,7.328,sprint,0.05,True
C,8,445,8.348,7.433,att,0.0,False
C,8,445,8.348,7.433,tmobile,0.0,False
C,8,445,8.348,7.433,verizon,0.0,False
C,8,445,8.348,7.433,sprint,0.2,True
C,8,450,8.452,7.537,att,0.0,False
C,8,450,8.452,7.537,tmobile,0.0,False
C,8,450,8.452,7.537,verizon,0.0,False
C,8,450,8.452,7.537,sprint,0.0,False
C,8,455,8.556,7.641,att,0.0,False
C,8,455,8.556,7.641,tmobile,0.0,False
C,8,455,8.556,7.641,verizon,0.05,True
C,8,455,8.556,7.641,sprint,0.0,False
C,8,460,8.661,7.746,att,0.0,False
C,8,460,8.661,7.746,tmobile,0.1,True
C,8,460,8.661,7.746,verizon,0.05,True
C,8,460,8.661,7.746,sprint,0.4,True
C,8,465,8.765,7.85,att,0.0,False
C,8,465,8.765,7.85,tmobile,0.0,False
C,8,465,8.765,7.85,verizon,0.15,True
C,8,465,8.765,7.85,sprint,0.0,False
C,8,470,8.869,7.954,att,0.15,True
C,8,470,8.869,7.954,tmobile,0.0,False
C,8,470,8.869,7.954,verizon,0.05,True
C,8,470,8.869,7.954,sprint,0.0,False
C,8,475,8.974,8.059,att,0.0,False
C,8,475,8.974,8.059,tmobile,0.05,True
C,8,475,8.974,8.059,verizon,0.15,True
C,8,475,8.974,8.059,sprint,0.0,False
C,8,480,9.078,8.163,att,0.0,False
C,8,480,9.078,8.163,tmobile,0.0,False
C,8,480,9.078,8.163,verizon,0.0,False
C,8,480,9.078,8.163,sprint,0.0,False
C,8,485,9.182,8.267,att,0.0,False
C,8,485,9.182,8.267,tmobile,0.0,False
C,8,485,9.182,8.267,verizon,0.0,False
C,8,485,9.182,8.267,sprint,0.0,False
C,8,490,9.287,8.372,att,0.0,False
C,8,490,9.287,8.372,tmobile,0.0,False
C,8,490,9.287,8.372,verizon,0.0,False
C,8,490,9.287,8.372,sprint,0.0,False
C,8,495,9.391,8.476,att,0.0,False
C,8,495,9.391,8.476,tmobile,0.0,False
C,8,495,9.391,8.476,verizon,0.0,False
C,8,495,9.391,8.476,sprint,0.0,False
C,8,500,9.495,8.58,att,0.0,False
C,8,500,9.495,8.58,tmobile,0.0,False
C,8,500,9.495,8.58,verizon,0.0,False
C,8,500,9.495,8.58,sprint,0.0,False
C,8,505,9.6,8.685,att,0.0,False
C,8,505,9.6,8.685,tmobile,0.0,False
C,8,505,9.6,8.685,verizon,0.0,False
C,8,505,9.6,8.685,sprint,0.0,False
C,8,510,9.704,8.789,att,0.0,False
C,8,510,9.704,8.789,tmobile,0.0,False
C,8,510,9.704,8.789,verizon,0.0,False
C,8,510,9.704,8.789,sprint,0.0,False
C,8,515,9.808,8.893,att,0.0,False
C,8,515,9.808,8.893,tmobile,0.0,False
C,8,515,9.808,8.893,verizon,0.0,False
C,8,515,9.808,8.893,sprint,0.0,False
C,8,520,9.913,8.998,att,0.0,False
C,8,520,9.913,8.998,tmobile,0.0,False
C,8,520,9.913,8.998,verizon,0.0,False
C,8,520,9.913,8.998,sprint,0.0,False
C,8,525,10.017,9.102,att,0.0,False
C,8,525,10.017,9.102,tmobile,0.0,False
C,8,525,10.017,9.102,verizon,0.0,False
C,8,525,10.017,9.102,sprint,0.0,False
C,8,530,10.121,9.206,att,0.0,False
C,8,530,10.121,9.206,tmobile,0.0,False
C,8,530,10.121,9.206,verizon,0.45,True
C,8,530,10.121,9.206,sprint,0.0,False
C,8,535,10.226,9.311,att,0.0,False
C,8,535,10.226,9.311,tmobile,0.0,False
C,8,535,10.226,9.311,verizon,0.0,False
C,8,535,10.226,9.311,sprint,0.0,False
C,8,540,10.33,9.415,att,0.0,False
C,8,540,10.33,9.415,tmobile,0.0,False
C,8,540,10.33,9.415,verizon,0.0,False
C,8,540,10.33,9.415,sprint,0.0,False
C,8,545,10.434,9.52,att,0.0,False
C,8,545,10.434,9.52,tmobile,0.0,False
C,8,545,10.434,9.52,verizon,0.0,False
C,8,545,10.434,9.52,sprint,0.0,False
C,8,550,10.539,9.624,att,0.0,False
C,8,550,10.539,9.624,tmobile,0.0,False
C,8,550,10.539,9.624,verizon,0.3,True
C,8,550,10.539,9.624,sprint,0.0,False
C,8,555,10.643,9.728,att,0.0,False
C,8,555,10.643,9.728,tmobile,0.0,False
C,8,555,10.643,9.728,verizon,0.0,False
C,8,555,10.643,9.728,sprint,0.0,False
C,8,560,10.747,9.833,att,0.0,False
C,8,560,10.747,9.833,tmobile,0.0,False
C,8,560,10.747,9.833,verizon,0.1,True
C,8,560,10.747,9.833,sprint,0.0,False
C,8,565,10.852,9.937,att,0.0,False
C,8,565,10.852,9.937,tmobile,0.0,False
C,8,565,10.852,9.937,verizon,0.0,False
C,8,565,10.852,9.937,sprint,0.0,False
C,8,570,10.956,10.041,att,0.0,False
C,8,570,10.956,10.041,tmobile,0.0,False
C,8,570,10.956,10.041,verizon,0.05,True
C,8,570,10.956,10.041,sprint,0.0,False
C,8,575,11.06,10.146,att,0.0,False
C,8,575,11.06,10.146,tmobile,0.0,False
C,8,575,11.06,10.146,verizon,0.0,False
C,8,575,11.06,10.146,sprint,0.0,False
C,8,580,11.165,10.25,att,0.0,False
C,8,580,11.165,10.25,tmobile,0.0,False
C,8,580,11.165,10.25,verizon,0.0,False
C,8,580,11.165,10.25,sprint,0.0,False
C,8,585,11.269,10.354,att,0.0,False
C,8,585,11.269,10.354,tmobile,0.0,False
C,8,585,11.269,10.354,verizon,0.0,False
C,8,585,11.269,10.354,sprint,0.0,False
C,8,590,11.374,10.459,att,0.0,False
C,8,590,11.374,10.459,tmobile,0.0,False
C,8,590,11.374,10.459,verizon,0.0,False
C,8,590,11.374,10.459,sprint,0.0,False
C,8,595,11.478,10.563,att,0.0,False
C,8,595,11.478,10.563,tmobile,0.0,False
C,8,595,11.478,10.563,verizon,0.0,False
C,8,595,11.478,10.563,sprint,0.0,False
C,8,600,11.582,10.667,att,0.0,False
C,8,600,11.582,10.667,tmobile,0.0,False
C,8,600,11.582,10.667,verizon,0.0,False
C,8,600,11.582,10.667,sprint,0.0,False
C,8,605,11.687,10.772,att,0.0,False
C,8,605,11.687,10.772,tmobile,0.0,False
C,8,605,11.687,10.772,verizon,0.0,False
C,8,605,11.687,10.772,sprint,0.0,False
C,8,610,11.791,10.876,att,0.0,False
C,8,610,11.791,10.876,tmobile,0.0,False
C,8,610,11.791,10.876,verizon,0.0,False
C,8,610,11.791,10.876,sprint,0.0,False
C,8,615,11.895,10.98,att,0.0,False
C,8,615,11.895,10.98,tmobile,0.0,False
C,8,615,11.895,10.98,verizon,0.0,False
C,8,615,11.895,10.98,sprint,0.0,False
C,8,620,12.0,11.085,att,0.0,False
C,8,620,12.0,11.085,tmobile,0.0,False
C,8,620,12.0,11.085,verizon,0.0,False
C,8,620,12.0,11.085,sprint,0.0,False
C,8,625,12.104,11.189,att,0.0,False
C,8,625,12.104,11.189,tmobile,0.0,False
C,8,625,12.104,11.189,verizon,0.0,False
C,8,625,12.104,11.189,sprint,0.0,False
C,8,630,12.208,11.293,att,0.0,False
C,8,630,12.208,11.293,tmobile,0.0,False
C,8,630,12.208,11.293,verizon,0.0,False
C,8,630,12.208,11.293,sprint,0.0,False
C,8,635,12.313,11.398,att,0.0,False
C,8,635,12.313,11.398,tmobile,0.0,False
C,8,635,12.313,11.398,verizon,0.0,False
C,8,635,12.313,11.398,sprint,0.0,False
C,8,640,12.417,11.502,att,0.0,False
C,8,640,12.417,11.502,tmobile,0.0,False
C,8,640,12.417,11.502,verizon,0.0,False
C,8,640,12.417,11.502,sprint,0.0,False
C,8,645,12.521,11.606,att,0.0,False
C,8,645,12.521,11.606,tmobile,0.0,False
C,8,645,12.521,11.606,verizon,0.0,False
C,8,645,12.521,11.606,sprint,0.0,False
C,8,650,12.626,11.711,att,0.0,False
C,8,650,12.626,11.711,tmobile,0.0,False
C,8,650,12.626,11.711,verizon,0.0,False
C,8,650,12.626,11.711,sprint,0.0,False
C,8,655,12.73,11.815,att,0.0,False
C,8,655,12.73,11.815,tmobile,0.0,False
C,8,655,12.73,11.815,verizon,0.0,False
C,8,655,12.73,11.815,sprint,0.0,False
C,8,660,12.834,11.919,att,0.0,False
C,8,660,12.834,11.919,tmobile,0.0,False
C,8,660,12.834,11.919,verizon,0.0,False
C,8,660,12.834,11.919,sprint,0.0,False
C,8,665,12.939,12.024,att,0.0,False
C,8,665,12.939,12.024,tmobile,0.0,False
C,8,665,12.939,12.024,verizon,0.05,True
C,8,665,12.939,12.024,sprint,0.0,False
C,8,670,13.043,12.128,att,0.0,False
C,8,670,13.043,12.128,tmobile,0.0,False
C,8,670,13.043,12.128,verizon,0.4,True
C,8,670,13.043,12.128,sprint,0.0,False
C,8,675,13.147,12.232,att,0.0,False
C,8,675,13.147,12.232,tmobile,0.0,False
C,8,675,13.147,12.232,verizon,0.05,True
C,8,675,13.147,12.232,sprint,0.0,False
C,8,680,13.252,12.337,att,0.0,False
C,8,680,13.252,12.337,tmobile,0.0,False
C,8,680,13.252,12.337,verizon,0.1,True
C,8,680,13.252,12.337,sprint,0.0,False
C,8,685,13.356,12.441,att,0.0,False
C,8,685,13.356,12.441,tmobile,0.0,False
C,8,685,13.356,12.441,verizon,0.0,False
C,8,685,13.356,12.441,sprint,0.0,False
C,8,690,13.46,12.546,att,0.0,False
C,8,690,13.46,12.546,tmobile,0.0,False
C,8,690,13.46,12.546,verizon,0.0,False
C,8,690,13.46,12.546,sprint,0.0,False
C,8,695,13.565,12.65,att,0.0,False
C,8,695,13.565,12.65,tmobile,0.0,False
C,8,695,13.565,12.65,verizon,0.0,False
C,8,695,13.565,12.65,sprint,0.0,False
C,8,700,13.669,12.754,att,0.0,False
C,8,700,13.669,12.754,tmobile,0.0,False
C,8,700,13.669,12.754,verizon,0.0,False
C,8,700,13.669,12.754,sprint,0.0,False
C,8,705,13.773,12.859,att,0.0,False
C,8,705,13.773,12.859,tmobile,0.0,False
C,8,705,13.773,12.859,verizon,0.0,False
C,8,705,13.773,12.859,sprint,0.0,False
C,8,710,13.878,12.963,att,0.0,False
C,8,710,13.878,12.963,tmobile,0.0,False
C,8,710,13.878,12.963,verizon,0.0,False
C,8,710,13.878,12.963,sprint,0.0,False
C,8,715,13.982,13.067,att,0.0,False
C,8,715,13.982,13.067,tmobile,0.0,False
C,8,715,13.982,13.067,verizon,0.0,False
C,8,715,13.982,13.067,sprint,0.0,False
C,8,720,14.086,13.172,att,0.0,False
C,8,720,14.086,13.172,tmobile,0.0,False
C,8,720,14.086,13.172,verizon,0.0,False
C,8,720,14.086,13.172,sprint,0.0,False
C,8,725,14.191,13.276,att,0.0,False
C,8,725,14.191,13.276,tmobile,0.0,False
C,8,725,14.191,13.276,verizon,0.0,False
C,8,725,14.191,13.276,sprint,0.0,False
C,8,730,14.295,13.38,att,0.0,False
C,8,730,14.295,13.38,tmobile,0.0,False
C,8,730,14.295,13.38,verizon,0.0,False
C,8,730,14.295,13.38,sprint,0.0,False
C,8,735,14.399,13.485,att,0.0,False
C,8,735,14.399,13.485,tmobile,0.0,False
C,8,735,14.399,13.485,verizon,0.0,False
C,8,735,14.399,13.485,sprint,0.0,False
C,8,740,14.504,13.589,att,0.0,False
C,8,740,14.504,13.589,tmobile,0.0,False
C,8,740,14.504,13.589,verizon,0.0,False
C,8,740,14.504,13.589,sprint,0.0,False
C,8,745,14.608,13.693,att,0.0,False
C,8,745,14.608,13.693,tmobile,0.0,False
C,8,745,14.608,13.693,verizon,0.0,False
C,8,745,14.608,13.693,sprint,0.0,False
C,8,750,14.713,13.798,att,0.0,False
C,8,750,14.713,13.798,tmobile,0.0,False
C,8,750,14.713,13.798,verizon,0.0,False
C,8,750,14.713,13.798,sprint,0.0,False
C,8,755,14.817,13.902,att,0.0,False
C,8,755,14.817,13.902,tmobile,0.0,False
C,8,755,14.817,13.902,verizon,0.0,False
C,8,755,14.817,13.902,sprint,0.0,False
C,8,760,14.921,14.006,att,0.0,False
C,8,760,14.921,14.006,tmobile,0.0,False
C,8,760,14.921,14.006,verizon,0.0,False
C,8,760,14.921,14.006,sprint,0.0,False
C,8,765,15.026,14.111,att,0.0,False
C,8,765,15.026,14.111,tmobile,0.0,False
C,8,765,15.026,14.111,verizon,0.0,False
C,8,765,15.026,14.111,sprint,0.0,False
C,8,770,15.13,14.215,att,0.0,False
C,8,770,15.13,14.215,tmobile,0.0,False
C,8,770,15.13,14.215,verizon,0.0,False
C,8,770,15.13,14.215,sprint,0.0,False
C,8,775,15.234,14.319,att,0.0,False
C,8,775,15.234,14.319,tmobile,0.0,False
C,8,775,15.234,14.319,verizon,0.0,False
C,8,775,15.234,14.319,sprint,0.0,False
C,8,780,15.339,14.424,att,0.0,False
C,8,780,15.339,14.424,tmobile,0.0,False
C,8,780,15.339,14.424,verizon,0.0,False
C,8,780,15.339,14.424,sprint,0.0,False
C,8,785,15.443,14.528,att,0.0,False
C,8,785,15.443,14.528,tmobile,0.0,False
C,8,785,15.443,14.528,verizon,0.0,False
C,8,785,15.443,14.528,sprint,0.0,False
C,8,790,15.547,14.632,att,0.0,False
C,8,790,15.547,14.632,tmobile,0.0,False
C,8,790,15.547,14.632,verizon,0.0,False
C,8,790,15.547,14.632,sprint,0.0,False
C,8,795,15.652,14.737,att,0.0,False
C,8,795,15.652,14.737,tmobile,0.0,False
C,8,795,15.652,14.737,verizon,0.0,False
C,8,795,15.652,14.737,sprint,0.0,False
C,8,800,15.756,14.841,att,0.0,False
C,8,800,15.756,14.841,tmobile,0.0,False
C,8,800,15.756,14.841,verizon,0.05,True
C,8,800,15.756,14.841,sprint,0.0,False
C,8,805,15.86,14.945,att,0.0,False
C,8,805,15.86,14.945,tmobile,0.0,False
C,8,805,15.86,14.945,verizon,0.1,True
C,8,805,15.86,14.945,sprint,0.0,False
C,8,810,15.965,15.05,att,0.0,False
C,8,810,15.965,15.05,tmobile,0.0,False
C,8,810,15.965,15.05,verizon,0.0,False
C,8,810,15.965,15.05,sprint,0.0,False
C,8,815,16.069,15.154,att,0.0,False
C,8,815,16.069,15.154,tmobile,0.0,False
C,8,815,16.069,15.154,verizon,0.0,False
C,8,815,16.069,15.154,sprint,0.0,False
C,8,820,16.173,15.258,att,0.0,False
C,8,820,16.173,15.258,tmobile,0.0,False
C,8,820,16.173,15.258,verizon,0.0,False
C,8,820,16.173,15.258,sprint,0.0,False
C,8,825,16.278,15.363,att,0.0,False
C,8,825,16.278,15.363,tmobile,0.0,False
C,8,825,16.278,15.363,verizon,0.0,False
C,8,825,16.278,15.363,sprint,0.0,False
C,8,830,16.382,15.467,att,0.0,False
C,8,830,16.382,15.467,tmobile,0.0,False
C,8,830,16.382,15.467,verizon,0.0,False
C,8,830,16.382,15.467,sprint,0.0,False
C,8,835,16.486,15.571,att,0.0,False
C,8,835,16.486,15.571,tmobile,0.0,False
C,8,835,16.486,15.571,verizon,0.0,False
C,8,835,16.486,15.571,sprint,0.0,False
C,8,840,16.591,15.676,att,0.0,False
C,8,840,16.591,15.676,tmobile,0.0,False
C,8,840,16.591,15.676,verizon,0.0,False
C,8,840,16.591,15.676,sprint,0.0,False
C,8,845,16.695,15.78,att,0.0,False
C,8,845,16.695,15.78,tmobile,0.0,False
C,8,845,16.695,15.78,verizon,0.0,False
C,8,845,16.695,15.78,sprint,0.0,False
C,8,850,16.799,15.885,att,0.0,False
C,8,850,16.799,15.885,tmobile,0.0,False
C,8,850,16.799,15.885,verizon,0.0,False
C,8,850,16.799,15.885,sprint,0.0,False
C,8,855,16.904,15.989,att,0.0,False
C,8,855,16.904,15.989,tmobile,0.0,False
C,8,855,16.904,15.989,verizon,0.0,False
C,8,855,16.904,15.989,sprint,0.0,False
C,8,860,17.008,16.093,att,0.0,False
C,8,860,17.008,16.093,tmobile,0.0,False
C,8,860,17.008,16.093,verizon,0.0,False
C,8,860,17.008,16.093,sprint,0.0,False
C,8,865,17.112,16.198,att,0.0,False
C,8,865,17.112,16.198,tmobile,0.0,False
C,8,865,17.112,16.198,verizon,0.0,False
C,8,865,17.112,16.198,sprint,0.0,False
C,8,870,17.217,16.302,att,0.0,False
C,8,870,17.217,16.302,tmobile,0.0,False
C,8,870,17.217,16.302,verizon,0.0,False
C,8,870,17.217,16.302,sprint,0.15,True
C,8,875,17.321,16.406,att,0.0,False
C,8,875,17.321,16.406,tmobile,0.0,False
C,8,875,17.321,16.406,verizon,0.0,False
C,8,875,17.321,16.406,sprint,0.0,False
C,8,880,17.425,16.511,att,0.0,False
C,8,880,17.425,16.511,tmobile,0.0,False
C,8,880,17.425,16.511,verizon,0.0,False
C,8,880,17.425,16.511,sprint,0.0,False
C,8,885,17.53,16.615,att,0.0,False
C,8,885,17.53,16.615,tmobile,0.0,False
C,8,885,17.53,16.615,verizon,0.0,False
C,8,885,17.53,16.615,sprint,0.0,False
C,8,890,17.634,16.719,att,0.0,False
C,8,890,17.634,16.719,tmobile,0.0,False
C,8,890,17.634,16.719,verizon,0.0,False
C,8,890,17.634,16.719,sprint,0.3,True
C,8,895,17.739,16.824,att,0.0,False
C,8,895,17.739,16.824,tmobile,0.0,False
C,8,895,17.739,16.824,verizon,0.0,False
C,8,895,17.739,16.824,sprint,0.0,False
C,8,900,17.843,16.928,att,0.0,False
C,8,900,17.843,16.928,tmobile,0.0,False
C,8,900,17.843,16.928,verizon,0.05,True
C,8,900,17.843,16.928,sprint,0.0,False
C,8,905,17.947,17.032,att,0.0,False
C,8,905,17.947,17.032,tmobile,0.0,False
C,8,905,17.947,17.032,verizon,0.0,False
C,8,905,17.947,17.032,sprint,0.05,True
C,8,910,18.052,17.137,att,0.0,False
C,8,910,18.052,17.137,tmobile,0.0,False
C,8,910,18.052,17.137,verizon,0.0,False
C,8,910,18.052,17.137,sprint,0.0,False
C,8,915,18.156,17.241,att,0.0,False
C,8,915,18.156,17.241,tmobile,0.0,False
C,8,915,18.156,17.241,verizon,0.0,False
C,8,915,18.156,17.241,sprint,0.0,False
C,8,920,18.26,17.345,att,0.0,False
C,8,920,18.26,17.345,tmobile,0.0,False
C,8,920,18.26,17.345,verizon,0.0,False
C,8,920,18.26,17.345,sprint,0.0,False
C,8,925,18.365,17.45,att,0.0,False
C,8,925,18.365,17.45,tmobile,0.0,False
C,8,925,18.365,17.45,verizon,0.0,False
C,8,925,18.365,17.45,sprint,0.0,False
C,8,930,18.469,17.554,att,0.0,False
C,8,930,18.469,17.554,tmobile,0.0,False
C,8,930,18.469,17.554,verizon,0.0,False
C,8,930,18.469,17.554,sprint,0.1,True
C,8,935,18.573,17.658,att,0.0,False
C,8,935,18.573,17.658,tmobile,0.0,False
C,8,935,18.573,17.658,verizon,0.0,False
C,8,935,18.573,17.658,sprint,0.0,False
C,8,940,18.678,17.763,att,0.0,False
C,8,940,18.678,17.763,tmobile,0.0,False
C,8,940,18.678,17.763,verizon,0.0,False
C,8,940,18.678,17.763,sprint,0.0,False
C,8,945,18.782,17.867,att,0.0,False
C,8,945,18.782,17.867,tmobile,0.0,False
C,8,945,18.782,17.867,verizon,0.0,False
C,8,945,18.782,17.867,sprint,0.0,False
E,9,46,0.0,-0.894,att,0.0645,True
E,9,46,0.0,-0.894,tmobile,0.0,False
E,9,46,0.0,-0.894,verizon,0.0,False
E,9,46,0.0,-0.894,sprint,0.0,False
E,9,51,0.104,-0.79,att,0.2903,True
E,9,51,0.104,-0.79,tmobile,0.0,False
E,9,51,0.104,-0.79,verizon,0.0,False
E,9,51,0.104,-0.79,sprint,0.0,False
E,9,56,0.209,-0.685,att,0.2258,True
E,9,56,0.209,-0.685,tmobile,0.0,False
E,9,56,0.209,-0.685,verizon,0.0,False
E,9,56,0.209,-0.685,sprint,0.0,False
E,9,61,0.313,-0.581,att,0.2903,True
E,9,61,0.313,-0.581,tmobile,0.0,False
E,9,61,0.313,-0.581,verizon,0.0,False
E,9,61,0.313,-0.581,sprint,0.0,False
E,9,66,0.417,-0.477,att,0.1935,True
E,9,66,0.417,-0.477,tmobile,0.0,False
E,9,66,0.417,-0.477,verizon,0.0,False
E,9,66,0.417,-0.477,sprint,0.0,False
E,9,71,0.522,-0.372,att,0.0,False
E,9,71,0.522,-0.372,tmobile,0.0,False
E,9,71,0.522,-0.372,verizon,0.0,False
E,9,71,0.522,-0.372,sprint,0.0,False
E,9,76,0.626,-0.268,att,0.0,False
E,9,76,0.626,-0.268,tmobile,0.0,False
E,9,76,0.626,-0.268,verizon,0.0,False
E,9,76,0.626,-0.268,sprint,0.0,False
E,9,81,0.73,-0.164,att,0.0,False
E,9,81,0.73,-0.164,tmobile,0.0,False
E,9,81,0.73,-0.164,verizon,0.0,False
E,9,81,0.73,-0.164,sprint,0.0,False
E,9,86,0.835,-0.059,att,0.0,False
E,9,86,0.835,-0.059,tmobile,0.0,False
E,9,86,0.835,-0.059,verizon,0.0,False
E,9,86,0.835,-0.059,sprint,0.0,False
E,9,91,0.939,0.045,att,0.0,False
E,9,91,0.939,0.045,tmobile,0.0,False
E,9,91,0.939,0.045,verizon,0.0,False
E,9,91,0.939,0.045,sprint,0.0,False
E,9,96,1.043,0.149,att,0.0,False
E,9,96,1.043,0.149,tmobile,0.0323,True
E,9,96,1.043,0.149,verizon,0.0645,True
E,9,96,1.043,0.149,sprint,0.0,False
E,9,101,1.148,0.254,att,0.0,False
E,9,101,1.148,0.254,tmobile,0.0,False
E,9,101,1.148,0.254,verizon,0.0,False
E,9,101,1.148,0.254,sprint,0.0,False
E,9,106,1.252,0.358,att,0.0323,True
E,9,106,1.252,0.358,tmobile,0.0,False
E,9,106,1.252,0.358,verizon,0.0,False
E,9,106,1.252,0.358,sprint,0.0323,True
E,9,111,1.356,0.462,att,0.0,False
E,9,111,1.356,0.462,tmobile,0.0323,True
E,9,111,1.356,0.462,verizon,0.129,True
E,9,111,1.356,0.462,sprint,0.0645,True
E,9,116,1.461,0.567,att,0.0,False
E,9,116,1.461,0.567,tmobile,0.0323,True
E,9,116,1.461,0.567,verizon,0.0323,True
E,9,116,1.461,0.567,sprint,0.0,False
E,9,121,1.565,0.671,att,0.0,False
E,9,121,1.565,0.671,tmobile,0.0,False
E,9,121,1.565,0.671,verizon,0.0,False
E,9,121,1.565,0.671,sprint,0.0,False
E,9,126,1.67,0.775,att,0.0,False
E,9,126,1.67,0.775,tmobile,0.0,False
E,9,126,1.67,0.775,verizon,0.0323,True
E,9,126,1.67,0.775,sprint,0.0,False
E,9,131,1.774,0.88,att,0.0,False
E,9,131,1.774,0.88,tmobile,0.0,False
E,9,131,1.774,0.88,verizon,0.0,False
E,9,131,1.774,0.88,sprint,0.0,False
E,9,136,1.878,0.984,att,0.0,False
E,9,136,1.878,0.984,tmobile,0.0323,True
E,9,136,1.878,0.984,verizon,0.0323,True
E,9,136,1.878,0.984,sprint,0.0,False
E,9,141,1.983,1.089,att,0.0,False
E,9,141,1.983,1.089,tmobile,0.0645,True
E,9,141,1.983,1.089,verizon,0.0,False
E,9,141,1.983,1.089,sprint,0.0,False
E,9,146,2.087,1.193,att,0.0,False
E,9,146,2.087,1.193,tmobile,0.0,False
E,9,146,2.087,1.193,verizon,0.0,False
E,9,146,2.087,1.193,sprint,0.0,False
E,9,151,2.191,1.297,att,0.0968,True
E,9,151,2.191,1.297,tmobile,0.0323,True
E,9,151,2.191,1.297,verizon,0.0323,True
E,9,151,2.191,1.297,sprint,0.0,False
E,9,156,2.296,1.402,att,0.0,False
E,9,156,2.296,1.402,tmobile,0.0,False
E,9,156,2.296,1.402,verizon,0.3226,True
E,9,156,2.296,1.402,sprint,0.0,False
E,9,161,2.4,1.506,att,0.0,False
E,9,161,2.4,1.506,tmobile,0.0,False
E,9,161,2.4,1.506,verizon,0.0,False
E,9,161,2.4,1.506,sprint,0.0,False
E,9,166,2.504,1.61,att,0.0,False
E,9,166,2.504,1.61,tmobile,0.0,False
E,9,166,2.504,1.61,verizon,0.0323,True
E,9,166,2.504,1.61,sprint,0.0,False
E,9,171,2.609,1.715,att,0.0,False
E,9,171,2.609,1.715,tmobile,0.0968,True
E,9,171,2.609,1.715,verizon,0.0,False
E,9,171,2.609,1.715,sprint,0.0,False
E,9,176,2.713,1.819,att,0.0,False
E,9,176,2.713,1.819,tmobile,0.0,False
E,9,176,2.713,1.819,verizon,0.0,False
E,9,176,2.713,1.819,sprint,0.0,False
E,9,181,2.817,1.923,att,0.0,False
E,9,181,2.817,1.923,tmobile,0.0,False
E,9,181,2.817,1.923,verizon,0.0,False
E,9,181,2.817,1.923,sprint,0.0,False
E,9,186,2.922,2.028,att,0.0,False
E,9,186,2.922,2.028,tmobile,0.0,False
E,9,186,2.922,2.028,verizon,0.0323,True
E,9,186,2.922,2.028,sprint,0.0,False
E,9,191,3.026,2.132,att,0.0323,True
E,9,191,3.026,2.132,tmobile,0.0,False
E,9,191,3.026,2.132,verizon,0.0,False
E,9,191,3.026,2.132,sprint,0.0323,True
E,9,196,3.13,2.236,att,0.0,False
E,9,196,3.13,2.236,tmobile,0.0,False
E,9,196,3.13,2.236,verizon,0.0323,True
E,9,196,3.13,2.236,sprint,0.0,False
E,9,201,3.235,2.341,att,0.0323,True
E,9,201,3.235,2.341,tmobile,0.0323,True
E,9,201,3.235,2.341,verizon,0.0645,True
E,9,201,3.235,2.341,sprint,0.0,False
E,9,206,3.339,2.445,att,0.0,False
E,9,206,3.339,2.445,tmobile,0.0,False
E,9,206,3.339,2.445,verizon,0.0,False
E,9,206,3.339,2.445,sprint,0.0,False
E,9,211,3.443,2.549,att,0.0,False
E,9,211,3.443,2.549,tmobile,0.129,True
E,9,211,3.443,2.549,verizon,0.1613,True
E,9,211,3.443,2.549,sprint,0.0323,True
E,9,216,3.548,2.654,att,0.3548,True
E,9,216,3.548,2.654,tmobile,0.0968,True
E,9,216,3.548,2.654,verizon,0.0968,True
E,9,216,3.548,2.654,sprint,0.0323,True
E,9,221,3.652,2.758,att,0.0,False
E,9,221,3.652,2.758,tmobile,0.0323,True
E,9,221,3.652,2.758,verizon,0.129,True
E,9,221,3.652,2.758,sprint,0.0,False
E,9,226,3.756,2.862,att,0.0,False
E,9,226,3.756,2.862,tmobile,0.0,False
E,9,226,3.756,2.862,verizon,0.0,False
E,9,226,3.756,2.862,sprint,0.0323,True
E,9,231,3.861,2.967,att,0.2258,True
E,9,231,3.861,2.967,tmobile,0.0,False
E,9,231,3.861,2.967,verizon,0.0323,True
E,9,231,3.861,2.967,sprint,0.0323,True
E,9,236,3.965,3.071,att,0.0,False
E,9,236,3.965,3.071,tmobile,0.0323,True
E,9,236,3.965,3.071,verizon,0.0323,True
E,9,236,3.965,3.071,sprint,0.0,False
E,9,241,4.069,3.175,att,0.0,False
E,9,241,4.069,3.175,tmobile,0.0,False
E,9,241,4.069,3.175,verizon,0.0,False
E,9,241,4.069,3.175,sprint,0.0,False
E,9,246,4.174,3.28,att,0.0,False
E,9,246,4.174,3.28,tmobile,0.0,False
E,9,246,4.174,3.28,verizon,0.0,False
E,9,246,4.174,3.28,sprint,0.0,False
E,9,251,4.278,3.384,att,0.0,False
E,9,251,4.278,3.384,tmobile,0.0323,True
E,9,251,4.278,3.384,verizon,0.0,False
E,9,251,4.278,3.384,sprint,0.0,False
E,9,256,4.382,3.488,att,0.0,False
E,9,256,4.382,3.488,tmobile,0.0,False
E,9,256,4.382,3.488,verizon,0.0323,True
E,9,256,4.382,3.488,sprint,0.0,False
E,9,261,4.487,3.593,att,0.0,False
E,9,261,4.487,3.593,tmobile,0.0,False
E,9,261,4.487,3.593,verizon,0.0323,True
E,9,261,4.487,3.593,sprint,0.0645,True
E,9,266,4.591,3.697,att,0.0,False
E,9,266,4.591,3.697,tmobile,0.0,False
E,9,266,4.591,3.697,verizon,0.0,False
E,9,266,4.591,3.697,sprint,0.0,False
E,9,271,4.695,3.801,att,0.0,False
E,9,271,4.695,3.801,tmobile,0.0,False
E,9,271,4.695,3.801,verizon,0.0,False
E,9,271,4.695,3.801,sprint,0.0,False
E,9,276,4.8,3.906,att,0.0,False
E,9,276,4.8,3.906,tmobile,0.0,False
E,9,276,4.8,3.906,verizon,0.0,False
E,9,276,4.8,3.906,sprint,0.0,False
E,9,281,4.904,4.01,att,0.0,False
E,9,281,4.904,4.01,tmobile,0.0,False
E,9,281,4.904,4.01,verizon,0.0323,True
E,9,281,4.904,4.01,sprint,0.0,False
E,9,286,5.009,4.115,att,0.0323,True
E,9,286,5.009,4.115,tmobile,0.0,False
E,9,286,5.009,4.115,verizon,0.0,False
E,9,286,5.009,4.115,sprint,0.0,False
E,9,291,5.113,4.219,att,0.0,False
E,9,291,5.113,4.219,tmobile,0.0,False
E,9,291,5.113,4.219,verizon,0.0323,True
E,9,291,5.113,4.219,sprint,0.0,False
E,9,296,5.217,4.323,att,0.0,False
E,9,296,5.217,4.323,tmobile,0.0,False
E,9,296,5.217,4.323,verizon,0.0,False
E,9,296,5.217,4.323,sprint,0.0,False
E,9,301,5.322,4.428,att,0.0,False
E,9,301,5.322,4.428,tmobile,0.0,False
E,9,301,5.322,4.428,verizon,0.0,False
E,9,301,5.322,4.428,sprint,0.0,False
E,9,306,5.426,4.532,att,0.6452,True
E,9,306,5.426,4.532,tmobile,0.0,False
E,9,306,5.426,4.532,verizon,0.0,False
E,9,306,5.426,4.532,sprint,0.0,False
E,9,311,5.53,4.636,att,0.0,False
E,9,311,5.53,4.636,tmobile,0.0,False
E,9,311,5.53,4.636,verizon,0.0323,True
E,9,311,5.53,4.636,sprint,0.0,False
E,9,316,5.635,4.741,att,0.0,False
E,9,316,5.635,4.741,tmobile,0.0,False
E,9,316,5.635,4.741,verizon,0.0323,True
E,9,316,5.635,4.741,sprint,0.0,False
E,9,321,5.739,4.845,att,0.0,False
E,9,321,5.739,4.845,tmobile,0.0,False
E,9,321,5.739,4.845,verizon,0.0,False
E,9,321,5.739,4.845,sprint,0.0,False
E,9,326,5.843,4.949,att,0.0,False
E,9,326,5.843,4.949,tmobile,0.0,False
E,9,326,5.843,4.949,verizon,0.0323,True
E,9,326,5.843,4.949,sprint,0.0,False
E,9,331,5.948,5.054,att,0.0,False
E,9,331,5.948,5.054,tmobile,0.0,False
E,9,331,5.948,5.054,verizon,0.2258,True
E,9,331,5.948,5.054,sprint,0.0,False
E,9,336,6.052,5.158,att,0.0,False
E,9,336,6.052,5.158,tmobile,0.0,False
E,9,336,6.052,5.158,verizon,0.0645,True
E,9,336,6.052,5.158,sprint,0.0,False
E,9,341,6.156,5.262,att,0.0,False
E,9,341,6.156,5.262,tmobile,0.0,False
E,9,341,6.156,5.262,verizon,0.0,False
E,9,341,6.156,5.262,sprint,0.0,False
E,9,346,6.261,5.367,att,0.0,False
E,9,346,6.261,5.367,tmobile,0.0,False
E,9,346,6.261,5.367,verizon,0.0,False
E,9,346,6.261,5.367,sprint,0.0,False
E,9,351,6.365,5.471,att,0.0,False
E,9,351,6.365,5.471,tmobile,0.0,False
E,9,351,6.365,5.471,verizon,0.0323,True
E,9,351,6.365,5.471,sprint,0.0,False
E,9,356,6.469,5.575,att,0.0645,True
E,9,356,6.469,5.575,tmobile,0.0645,True
E,9,356,6.469,5.575,verizon,0.0323,True
E,9,356,6.469,5.575,sprint,0.0,False
E,9,361,6.574,5.68,att,0.0,False
E,9,361,6.574,5.68,tmobile,0.0645,True
E,9,361,6.574,5.68,verizon,0.0645,True
E,9,361,6.574,5.68,sprint,0.0,False
E,9,366,6.678,5.784,att,0.0,False
E,9,366,6.678,5.784,tmobile,0.0,False
E,9,366,6.678,5.784,verizon,0.0,False
E,9,366,6.678,5.784,sprint,0.129,True
E,9,371,6.782,5.888,att,0.0323,True
E,9,371,6.782,5.888,tmobile,0.0,False
E,9,371,6.782,5.888,verizon,0.0,False
E,9,371,6.782,5.888,sprint,0.0,False
E,9,376,6.887,5.993,att,0.0,False
E,9,376,6.887,5.993,tmobile,0.0,False
E,9,376,6.887,5.993,verizon,0.0323,True
E,9,376,6.887,5.993,sprint,0.0,False
E,9,381,6.991,6.097,att,0.0,False
E,9,381,6.991,6.097,tmobile,0.0,False
E,9,381,6.991,6.097,verizon,0.0323,True
E,9,381,6.991,6.097,sprint,0.0,False
E,9,386,7.095,6.201,att,0.0,False
E,9,386,7.095,6.201,tmobile,0.0,False
E,9,386,7.095,6.201,verizon,0.0,False
E,9,386,7.095,6.201,sprint,0.0,False
E,9,391,7.2,6.306,att,0.0,False
E,9,391,7.2,6.306,tmobile,0.0323,True
E,9,391,7.2,6.306,verizon,0.0645,True
E,9,391,7.2,6.306,sprint,0.0323,True
E,9,396,7.304,6.41,att,0.0,False
E,9,396,7.304,6.41,tmobile,0.0,False
E,9,396,7.304,6.41,verizon,0.0,False
E,9,396,7.304,6.41,sprint,0.0,False
E,9,401,7.408,6.514,att,0.0,False
E,9,401,7.408,6.514,tmobile,0.0645,True
E,9,401,7.408,6.514,verizon,0.0,False
E,9,401,7.408,6.514,sprint,0.6129,True
E,9,406,7.513,6.619,att,0.0,False
E,9,406,7.513,6.619,tmobile,0.0,False
E,9,406,7.513,6.619,verizon,0.0,False
E,9,406,7.513,6.619,sprint,0.0,False
E,9,411,7.617,6.723,att,0.0,False
E,9,411,7.617,6.723,tmobile,0.0645,True
E,9,411,7.617,6.723,verizon,0.0,False
E,9,411,7.617,6.723,sprint,0.0,False
E,9,416,7.721,6.827,att,0.0,False
E,9,416,7.721,6.827,tmobile,0.0,False
E,9,416,7.721,6.827,verizon,0.0,False
E,9,416,7.721,6.827,sprint,0.0,False
E,9,421,7.826,6.932,att,0.0,False
E,9,421,7.826,6.932,tmobile,0.0,False
E,9,421,7.826,6.932,verizon,0.0,False
E,9,421,7.826,6.932,sprint,0.0,False
E,9,426,7.93,7.036,att,0.0,False
E,9,426,7.93,7.036,tmobile,0.0,False
E,9,426,7.93,7.036,verizon,0.0,False
E,9,426,7.93,7.036,sprint,0.0,False
E,9,431,8.035,7.14,att,0.0,False
E,9,431,8.035,7.14,tmobile,0.0,False
E,9,431,8.035,7.14,verizon,0.0,False
E,9,431,8.035,7.14,sprint,0.0,False
E,9,436,8.139,7.245,att,0.0,False
E,9,436,8.139,7.245,tmobile,0.0,False
E,9,436,8.139,7.245,verizon,0.0,False
E,9,436,8.139,7.245,sprint,0.0,False
E,9,441,8.243,7.349,att,0.0,False
E,9,441,8.243,7.349,tmobile,0.0,False
E,9,441,8.243,7.349,verizon,0.0,False
E,9,441,8.243,7.349,sprint,0.0,False
E,9,446,8.348,7.454,att,0.0,False
E,9,446,8.348,7.454,tmobile,0.0,False
E,9,446,8.348,7.454,verizon,0.0,False
E,9,446,8.348,7.454,sprint,0.0,False
E,9,451,8.452,7.558,att,0.0,False
E,9,451,8.452,7.558,tmobile,0.0,False
E,9,451,8.452,7.558,verizon,0.0,False
E,9,451,8.452,7.558,sprint,0.0,False
E,9,456,8.556,7.662,att,0.0,False
E,9,456,8.556,7.662,tmobile,0.0,False
E,9,456,8.556,7.662,verizon,0.0,False
E,9,456,8.556,7.662,sprint,0.0,False
E,9,461,8.661,7.767,att,0.0,False
E,9,461,8.661,7.767,tmobile,0.0,False
E,9,461,8.661,7.767,verizon,0.0323,True
E,9,461,8.661,7.767,sprint,0.0,False
E,9,466,8.765,7.871,att,0.0,False
E,9,466,8.765,7.871,tmobile,0.0,False
E,9,466,8.765,7.871,verizon,0.0,False
E,9,466,8.765,7.871,sprint,0.0,False
E,9,471,8.869,7.975,att,0.0,False
E,9,471,8.869,7.975,tmobile,0.0,False
E,9,471,8.869,7.975,verizon,0.0323,True
E,9,471,8.869,7.975,sprint,0.0,False
E,9,476,8.974,8.08,att,0.0,False
E,9,476,8.974,8.08,tmobile,0.0968,True
E,9,476,8.974,8.08,verizon,0.129,True
E,9,476,8.974,8.08,sprint,0.0,False
E,9,481,9.078,8.184,att,0.0,False
E,9,481,9.078,8.184,tmobile,0.0,False
E,9,481,9.078,8.184,verizon,0.0323,True
E,9,481,9.078,8.184,sprint,0.0,False
E,9,486,9.182,8.288,att,0.0,False
E,9,486,9.182,8.288,tmobile,0.0,False
E,9,486,9.182,8.288,verizon,0.0,False
E,9,486,9.182,8.288,sprint,0.0,False
E,9,491,9.287,8.393,att,0.0,False
E,9,491,9.287,8.393,tmobile,0.0,False
E,9,491,9.287,8.393,verizon,0.0,False
E,9,491,9.287,8.393,sprint,0.0,False
E,9,496,9.391,8.497,att,0.0,False
E,9,496,9.391,8.497,tmobile,0.0,False
E,9,496,9.391,8.497,verizon,0.0323,True
E,9,496,9.391,8.497,sprint,0.0,False
E,9,501,9.495,8.601,att,0.0,False
E,9,501,9.495,8.601,tmobile,0.0,False
E,9,501,9.495,8.601,verizon,0.0968,True
E,9,501,9.495,8.601,sprint,0.0323,True
E,9,506,9.6,8.706,att,0.0,False
E,9,506,9.6,8.706,tmobile,0.0,False
E,9,506,9.6,8.706,verizon,0.1613,True
E,9,506,9.6,8.706,sprint,0.0,False
E,9,511,9.704,8.81,att,0.0,False
E,9,511,9.704,8.81,tmobile,0.0,False
E,9,511,9.704,8.81,verizon,0.0,False
E,9,511,9.704,8.81,sprint,0.0,False
E,9,516,9.808,8.914,att,0.0,False
E,9,516,9.808,8.914,tmobile,0.0323,True
E,9,516,9.808,8.914,verizon,0.0323,True
E,9,516,9.808,8.914,sprint,0.0,False
E,9,521,9.913,9.019,att,0.0,False
E,9,521,9.913,9.019,tmobile,0.0,False
E,9,521,9.913,9.019,verizon,0.0323,True
E,9,521,9.913,9.019,sprint,0.0,False
E,9,526,10.017,9.123,att,0.0,False
E,9,526,10.017,9.123,tmobile,0.2258,True
E,9,526,10.017,9.123,verizon,0.2581,True
E,9,526,10.017,9.123,sprint,0.0,False
E,9,531,10.121,9.227,att,0.0,False
E,9,531,10.121,9.227,tmobile,0.0,False
E,9,531,10.121,9.227,verizon,0.0,False
E,9,531,10.121,9.227,sprint,0.0,False
E,9,536,10.226,9.332,att,0.0,False
E,9,536,10.226,9.332,tmobile,0.0323,True
E,9,536,10.226,9.332,verizon,0.0323,True
E,9,536,10.226,9.332,sprint,0.0,False
E,9,541,10.33,9.436,att,0.0,False
E,9,541,10.33,9.436,tmobile,0.0,False
E,9,541,10.33,9.436,verizon,0.0,False
E,9,541,10.33,9.436,sprint,0.0,False
E,9,546,10.434,9.54,att,0.0,False
E,9,546,10.434,9.54,tmobile,0.0,False
E,9,546,10.434,9.54,verizon,0.0,False
E,9,546,10.434,9.54,sprint,0.0,False
E,9,551,10.539,9.645,att,0.0,False
E,9,551,10.539,9.645,tmobile,0.0,False
E,9,551,10.539,9.645,verizon,0.0645,True
E,9,551,10.539,9.645,sprint,0.0,False
E,9,556,10.643,9.749,att,0.0,False
E,9,556,10.643,9.749,tmobile,0.0,False
E,9,556,10.643,9.749,verizon,0.0,False
E,9,556,10.643,9.749,sprint,0.0,False
E,9,561,10.747,9.853,att,0.0,False
E,9,561,10.747,9.853,tmobile,0.0,False
E,9,561,10.747,9.853,verizon,0.0,False
E,9,561,10.747,9.853,sprint,0.0,False
E,9,566,10.852,9.958,att,0.0,False
E,9,566,10.852,9.958,tmobile,0.0,False
E,9,566,10.852,9.958,verizon,0.0,False
E,9,566,10.852,9.958,sprint,0.0,False
E,9,571,10.956,10.062,att,0.0,False
E,9,571,10.956,10.062,tmobile,0.0,False
E,9,571,10.956,10.062,verizon,0.0,False
E,9,571,10.956,10.062,sprint,0.0,False
E,9,576,11.06,10.166,att,0.0,False
E,9,576,11.06,10.166,tmobile,0.0,False
E,9,576,11.06,10.166,verizon,0.0,False
E,9,576,11.06,10.166,sprint,0.0,False
E,9,581,11.165,10.271,att,0.0,False
E,9,581,11.165,10.271,tmobile,0.0,False
E,9,581,11.165,10.271,verizon,0.0,False
E,9,581,11.165,10.271,sprint,0.0,False
E,9,586,11.269,10.375,att,0.0,False
E,9,586,11.269,10.375,tmobile,0.0,False
E,9,586,11.269,10.375,verizon,0.0,False
E,9,586,11.269,10.375,sprint,0.0,False
E,9,591,11.374,10.479,att,0.0,False
E,9,591,11.374,10.479,tmobile,0.0,False
E,9,591,11.374,10.479,verizon,0.0,False
E,9,591,11.374,10.479,sprint,0.0,False
E,9,596,11.478,10.584,att,0.0,False
E,9,596,11.478,10.584,tmobile,0.0,False
E,9,596,11.478,10.584,verizon,0.0,False
E,9,596,11.478,10.584,sprint,0.0,False
E,9,601,11.582,10.688,att,0.0,False
E,9,601,11.582,10.688,tmobile,0.0,False
E,9,601,11.582,10.688,verizon,0.0,False
E,9,601,11.582,10.688,sprint,0.0,False
E,9,606,11.687,10.793,att,0.0,False
E,9,606,11.687,10.793,tmobile,0.0,False
E,9,606,11.687,10.793,verizon,0.0,False
E,9,606,11.687,10.793,sprint,0.0,False
E,9,611,11.791,10.897,att,0.0,False
E,9,611,11.791,10.897,tmobile,0.0,False
E,9,611,11.791,10.897,verizon,0.0,False
E,9,611,11.791,10.897,sprint,0.0,False
E,9,616,11.895,11.001,att,0.0,False
E,9,616,11.895,11.001,tmobile,0.0,False
E,9,616,11.895,11.001,verizon,0.0645,True
E,9,616,11.895,11.001,sprint,0.0323,True
E,9,621,12.0,11.106,att,0.0,False
E,9,621,12.0,11.106,tmobile,0.0,False
E,9,621,12.0,11.106,verizon,0.0,False
E,9,621,12.0,11.106,sprint,0.0,False
E,9,626,12.104,11.21,att,0.0,False
E,9,626,12.104,11.21,tmobile,0.0,False
E,9,626,12.104,11.21,verizon,0.0,False
E,9,626,12.104,11.21,sprint,0.0,False
E,9,631,12.208,11.314,att,0.0,False
E,9,631,12.208,11.314,tmobile,0.0,False
E,9,631,12.208,11.314,verizon,0.0,False
E,9,631,12.208,11.314,sprint,0.0,False
E,9,636,12.313,11.419,att,0.0645,True
E,9,636,12.313,11.419,tmobile,0.0,False
E,9,636,12.313,11.419,verizon,0.0,False
E,9,636,12.313,11.419,sprint,0.0323,True
E,9,641,12.417,11.523,att,0.0,False
E,9,641,12.417,11.523,tmobile,0.0,False
E,9,641,12.417,11.523,verizon,0.0,False
E,9,641,12.417,11.523,sprint,0.0,False
E,9,646,12.521,11.627,att,0.0323,True
E,9,646,12.521,11.627,tmobile,0.0,False
E,9,646,12.521,11.627,verizon,0.0,False
E,9,646,12.521,11.627,sprint,0.0,False
E,9,651,12.626,11.732,att,0.0,False
E,9,651,12.626,11.732,tmobile,0.0,False
E,9,651,12.626,11.732,verizon,0.0323,True
E,9,651,12.626,11.732,sprint,0.0,False
E,9,656,12.73,11.836,att,0.0,False
E,9,656,12.73,11.836,tmobile,0.0,False
E,9,656,12.73,11.836,verizon,0.0,False
E,9,656,12.73,11.836,sprint,0.0323,True
E,9,661,12.834,11.94,att,0.0645,True
E,9,661,12.834,11.94,tmobile,0.0,False
E,9,661,12.834,11.94,verizon,0.0,False
E,9,661,12.834,11.94,sprint,0.0,False
E,9,666,12.939,12.045,att,0.0,False
E,9,666,12.939,12.045,tmobile,0.0323,True
E,9,666,12.939,12.045,verizon,0.1613,True
E,9,666,12.939,12.045,sprint,0.0323,True
E,9,671,13.043,12.149,att,0.0,False
E,9,671,13.043,12.149,tmobile,0.0,False
E,9,671,13.043,12.149,verizon,0.0645,True
E,9,671,13.043,12.149,sprint,0.0,False
E,9,676,13.147,12.253,att,0.0,False
E,9,676,13.147,12.253,tmobile,0.0,False
E,9,676,13.147,12.253,verizon,0.0,False
E,9,676,13.147,12.253,sprint,0.0,False
E,9,681,13.252,12.358,att,0.0,False
E,9,681,13.252,12.358,tmobile,0.0,False
E,9,681,13.252,12.358,verizon,0.0,False
E,9,681,13.252,12.358,sprint,0.0,False
E,9,686,13.356,12.462,att,0.0,False
E,9,686,13.356,12.462,tmobile,0.0,False
E,9,686,13.356,12.462,verizon,0.0323,True
E,9,686,13.356,12.462,sprint,0.0,False
E,9,691,13.46,12.566,att,0.0,False
E,9,691,13.46,12.566,tmobile,0.0,False
E,9,691,13.46,12.566,verizon,0.0323,True
E,9,691,13.46,12.566,sprint,0.0323,True
E,9,696,13.565,12.671,att,0.0,False
E,9,696,13.565,12.671,tmobile,0.0,False
E,9,696,13.565,12.671,verizon,0.0,False
E,9,696,13.565,12.671,sprint,0.0323,True
E,9,701,13.669,12.775,att,0.0,False
E,9,701,13.669,12.775,tmobile,0.0,False
E,9,701,13.669,12.775,verizon,0.0323,True
E,9,701,13.669,12.775,sprint,0.0323,True
E,9,706,13.773,12.879,att,0.0323,True
E,9,706,13.773,12.879,tmobile,0.2581,True
E,9,706,13.773,12.879,verizon,0.0968,True
E,9,706,13.773,12.879,sprint,0.0,False
E,9,711,13.878,12.984,att,0.0,False
E,9,711,13.878,12.984,tmobile,0.0,False
E,9,711,13.878,12.984,verizon,0.0,False
E,9,711,13.878,12.984,sprint,0.0323,True
E,9,716,13.982,13.088,att,0.0,False
E,9,716,13.982,13.088,tmobile,0.0,False
E,9,716,13.982,13.088,verizon,0.0645,True
E,9,716,13.982,13.088,sprint,0.0,False
E,9,721,14.086,13.192,att,0.0,False
E,9,721,14.086,13.192,tmobile,0.0,False
E,9,721,14.086,13.192,verizon,0.0645,True
E,9,721,14.086,13.192,sprint,0.0,False
E,9,726,14.191,13.297,att,0.0,False
E,9,726,14.191,13.297,tmobile,0.0,False
E,9,726,14.191,13.297,verizon,0.0645,True
E,9,726,14.191,13.297,sprint,0.0,False
E,9,731,14.295,13.401,att,0.0,False
E,9,731,14.295,13.401,tmobile,0.0323,True
E,9,731,14.295,13.401,verizon,0.2258,True
E,9,731,14.295,13.401,sprint,0.0,False
E,9,736,14.399,13.505,att,0.0,False
E,9,736,14.399,13.505,tmobile,0.0323,True
E,9,736,14.399,13.505,verizon,0.0,False
E,9,736,14.399,13.505,sprint,0.0,False
E,9,741,14.504,13.61,att,0.0,False
E,9,741,14.504,13.61,tmobile,0.0,False
E,9,741,14.504,13.61,verizon,0.0,False
E,9,741,14.504,13.61,sprint,0.0,False
E,9,746,14.608,13.714,att,0.0,False
E,9,746,14.608,13.714,tmobile,0.0,False
E,9,746,14.608,13.714,verizon,0.0,False
E,9,746,14.608,13.714,sprint,0.0,False
E,9,751,14.713,13.819,att,0.0,False
E,9,751,14.713,13.819,tmobile,0.0,False
E,9,751,14.713,13.819,verizon,0.0,False
E,9,751,14.713,13.819,sprint,0.0,False
E,9,756,14.817,13.923,att,0.0,False
E,9,756,14.817,13.923,tmobile,0.0,False
E,9,756,14.817,13.923,verizon,0.0,False
E,9,756,14.817,13.923,sprint,0.0,False
E,9,761,14.921,14.027,att,0.0,False
E,9,761,14.921,14.027,tmobile,0.0,False
E,9,761,14.921,14.027,verizon,0.0,False
E,9,761,14.921,14.027,sprint,0.0,False
E,9,766,15.026,14.132,att,0.0,False
E,9,766,15.026,14.132,tmobile,0.0,False
E,9,766,15.026,14.132,verizon,0.0,False
E,9,766,15.026,14.132,sprint,0.0,False
E,9,771,15.13,14.236,att,0.0,False
E,9,771,15.13,14.236,tmobile,0.0,False
E,9,771,15.13,14.236,verizon,0.0,False
E,9,771,15.13,14.236,sprint,0.0,False
E,9,776,15.234,14.34,att,0.0,False
E,9,776,15.234,14.34,tmobile,0.0,False
E,9,776,15.234,14.34,verizon,0.0,False
E,9,776,15.234,14.34,sprint,0.1935,True
E,9,781,15.339,14.445,att,0.0,False
E,9,781,15.339,14.445,tmobile,0.0,False
E,9,781,15.339,14.445,verizon,0.0323,True
E,9,781,15.339,14.445,sprint,0.0323,True
E,9,786,15.443,14.549,att,0.0,False
E,9,786,15.443,14.549,tmobile,0.0,False
E,9,786,15.443,14.549,verizon,0.0,False
E,9,786,15.443,14.549,sprint,0.0,False
E,9,791,15.547,14.653,att,0.0,False
E,9,791,15.547,14.653,tmobile,0.0,False
E,9,791,15.547,14.653,verizon,0.0968,True
E,9,791,15.547,14.653,sprint,0.0,False
E,9,796,15.652,14.758,att,0.0,False
E,9,796,15.652,14.758,tmobile,0.0,False
E,9,796,15.652,14.758,verizon,0.0,False
E,9,796,15.652,14.758,sprint,0.0,False
E,9,801,15.756,14.862,att,0.0,False
E,9,801,15.756,14.862,tmobile,0.0,False
E,9,801,15.756,14.862,verizon,0.0,False
E,9,801,15.756,14.862,sprint,0.0,False
E,9,806,15.86,14.966,att,0.0,False
E,9,806,15.86,14.966,tmobile,0.0,False
E,9,806,15.86,14.966,verizon,0.0,False
E,9,806,15.86,14.966,sprint,0.0,False
E,9,811,15.965,15.071,att,0.0,False
E,9,811,15.965,15.071,tmobile,0.0,False
E,9,811,15.965,15.071,verizon,0.0,False
E,9,811,15.965,15.071,sprint,0.0,False
E,9,816,16.069,15.175,att,0.0,False
E,9,816,16.069,15.175,tmobile,0.0,False
E,9,816,16.069,15.175,verizon,0.0,False
E,9,816,16.069,15.175,sprint,0.0,False
E,9,821,16.173,15.279,att,0.0,False
E,9,821,16.173,15.279,tmobile,0.0,False
E,9,821,16.173,15.279,verizon,0.0,False
E,9,821,16.173,15.279,sprint,0.0,False
E,9,826,16.278,15.384,att,0.0,False
E,9,826,16.278,15.384,tmobile,0.0,False
E,9,826,16.278,15.384,verizon,0.0,False
E,9,826,16.278,15.384,sprint,0.0,False
E,9,831,16.382,15.488,att,0.0,False
E,9,831,16.382,15.488,tmobile,0.0,False
E,9,831,16.382,15.488,verizon,0.0,False
E,9,831,16.382,15.488,sprint,0.0,False
B,10,44,0.0,-0.936,att,0.0,False
B,10,44,0.0,-0.936,tmobile,0.0,False
B,10,44,0.0,-0.936,verizon,0.0,False
B,10,44,0.0,-0.936,sprint,0.0,False
B,10,49,0.104,-0.831,att,0.0,False
B,10,49,0.104,-0.831,tmobile,0.0,False
B,10,49,0.104,-0.831,verizon,0.0,False
B,10,49,0.104,-0.831,sprint,0.0,False
B,10,54,0.209,-0.727,att,0.0,False
B,10,54,0.209,-0.727,tmobile,0.0,False
B,10,54,0.209,-0.727,verizon,0.0,False
B,10,54,0.209,-0.727,sprint,0.0,False
B,10,59,0.313,-0.623,att,0.0,False
B,10,59,0.313,-0.623,tmobile,0.0,False
B,10,59,0.313,-0.623,verizon,0.0,False
B,10,59,0.313,-0.623,sprint,0.0,False
B,10,64,0.417,-0.518,att,0.0,False
B,10,64,0.417,-0.518,tmobile,0.0,False
B,10,64,0.417,-0.518,verizon,0.0,False
B,10,64,0.417,-0.518,sprint,0.0,False
B,10,69,0.522,-0.414,att,0.0,False
B,10,69,0.522,-0.414,tmobile,0.0,False
B,10,69,0.522,-0.414,verizon,0.0,False
B,10,69,0.522,-0.414,sprint,0.0,False
B,10,74,0.626,-0.31,att,0.0,False
B,10,74,0.626,-0.31,tmobile,0.0,False
B,10,74,0.626,-0.31,verizon,0.0,False
B,10,74,0.626,-0.31,sprint,0.0,False
B,10,79,0.73,-0.205,att,0.0,False
B,10,79,0.73,-0.205,tmobile,0.0,False
B,10,79,0.73,-0.205,verizon,0.0,False
B,10,79,0.73,-0.205,sprint,0.0,False
B,10,84,0.835,-0.101,att,0.0,False
B,10,84,0.835,-0.101,tmobile,0.0,False
B,10,84,0.835,-0.101,verizon,0.0,False
B,10,84,0.835,-0.101,sprint,0.0,False
B,10,89,0.939,0.003,att,0.0,False
B,10,89,0.939,0.003,tmobile,0.0,False
B,10,89,0.939,0.003,verizon,0.0,False
B,10,89,0.939,0.003,sprint,0.0,False
B,10,94,1.043,0.108,att,0.0,False
B,10,94,1.043,0.108,tmobile,0.0,False
B,10,94,1.043,0.108,verizon,0.0,False
B,10,94,1.043,0.108,sprint,0.0,False
B,10,99,1.148,0.212,att,0.0,False
B,10,99,1.148,0.212,tmobile,0.0,False
B,10,99,1.148,0.212,verizon,0.0,False
B,10,99,1.148,0.212,sprint,0.0,False
B,10,104,1.252,0.316,att,0.0,False
B,10,104,1.252,0.316,tmobile,0.0,False
B,10,104,1.252,0.316,verizon,0.08,True
B,10,104,1.252,0.316,sprint,0.0,False
B,10,109,1.356,0.421,att,0.0,False
B,10,109,1.356,0.421,tmobile,0.0,False
B,10,109,1.356,0.421,verizon,0.0,False
B,10,109,1.356,0.421,sprint,0.0,False
B,10,114,1.461,0.525,att,0.0,False
B,10,114,1.461,0.525,tmobile,0.0,False
B,10,114,1.461,0.525,verizon,0.0,False
B,10,114,1.461,0.525,sprint,0.0,False
B,10,119,1.565,0.629,att,0.0,False
B,10,119,1.565,0.629,tmobile,0.0,False
B,10,119,1.565,0.629,verizon,0.0,False
B,10,119,1.565,0.629,sprint,0.0,False
B,10,124,1.67,0.734,att,0.0,False
B,10,124,1.67,0.734,tmobile,0.0,False
B,10,124,1.67,0.734,verizon,0.0,False
B,10,124,1.67,0.734,sprint,0.0,False
B,10,129,1.774,0.838,att,0.0,False
B,10,129,1.774,0.838,tmobile,0.0,False
B,10,129,1.774,0.838,verizon,0.0,False
B,10,129,1.774,0.838,sprint,0.0,False
B,10,134,1.878,0.942,att,0.0,False
B,10,134,1.878,0.942,tmobile,0.0,False
B,10,134,1.878,0.942,verizon,0.0,False
B,10,134,1.878,0.942,sprint,0.04,True
B,10,139,1.983,1.047,att,0.0,False
B,10,139,1.983,1.047,tmobile,0.0,False
B,10,139,1.983,1.047,verizon,0.0,False
B,10,139,1.983,1.047,sprint,0.04,True
B,10,144,2.087,1.151,att,0.0,False
B,10,144,2.087,1.151,tmobile,0.0,False
B,10,144,2.087,1.151,verizon,0.0,False
B,10,144,2.087,1.151,sprint,0.0,False
B,10,149,2.191,1.255,att,0.0,False
B,10,149,2.191,1.255,tmobile,0.0,False
B,10,149,2.191,1.255,verizon,0.0,False
B,10,149,2.191,1.255,sprint,0.0,False
B,10,154,2.296,1.36,att,0.0,False
B,10,154,2.296,1.36,tmobile,0.0,False
B,10,154,2.296,1.36,verizon,0.0,False
B,10,154,2.296,1.36,sprint,0.0,False
B,10,159,2.4,1.464,att,0.0,False
B,10,159,2.4,1.464,tmobile,0.0,False
B,10,159,2.4,1.464,verizon,0.0,False
B,10,159,2.4,1.464,sprint,0.0,False
B,10,164,2.504,1.569,att,0.0,False
B,10,164,2.504,1.569,tmobile,0.0,False
B,10,164,2.504,1.569,verizon,0.0,False
B,10,164,2.504,1.569,sprint,0.0,False
B,10,169,2.609,1.673,att,0.0,False
B,10,169,2.609,1.673,tmobile,0.0,False
B,10,169,2.609,1.673,verizon,0.0,False
B,10,169,2.609,1.673,sprint,0.0,False
B,10,174,2.713,1.777,att,0.0,False
B,10,174,2.713,1.777,tmobile,0.0,False
B,10,174,2.713,1.777,verizon,0.0,False
B,10,174,2.713,1.777,sprint,0.0,False
B,10,179,2.817,1.882,att,0.0,False
B,10,179,2.817,1.882,tmobile,0.0,False
B,10,179,2.817,1.882,verizon,0.0,False
B,10,179,2.817,1.882,sprint,0.0,False
B,10,184,2.922,1.986,att,0.0,False
B,10,184,2.922,1.986,tmobile,0.0,False
B,10,184,2.922,1.986,verizon,0.0,False
B,10,184,2.922,1.986,sprint,0.0,False
B,10,189,3.026,2.09,att,0.0,False
B,10,189,3.026,2.09,tmobile,0.0,False
B,10,189,3.026,2.09,verizon,0.0,False
B,10,189,3.026,2.09,sprint,0.0,False
B,10,194,3.13,2.195,att,0.0,False
B,10,194,3.13,2.195,tmobile,0.0,False
B,10,194,3.13,2.195,verizon,0.0,False
B,10,194,3.13,2.195,sprint,0.0,False
B,10,199,3.235,2.299,att,0.0,False
B,10,199,3.235,2.299,tmobile,0.0,False
B,10,199,3.235,2.299,verizon,0.0,False
B,10,199,3.235,2.299,sprint,0.0,False
B,10,204,3.339,2.403,att,0.0,False
B,10,204,3.339,2.403,tmobile,0.0,False
B,10,204,3.339,2.403,verizon,0.0,False
B,10,204,3.339,2.403,sprint,0.0,False
B,10,209,3.443,2.508,att,0.0,False
B,10,209,3.443,2.508,tmobile,0.0,False
B,10,209,3.443,2.508,verizon,0.0,False
B,10,209,3.443,2.508,sprint,0.0,False
B,10,214,3.548,2.612,att,0.0,False
B,10,214,3.548,2.612,tmobile,0.0,False
B,10,214,3.548,2.612,verizon,0.0,False
B,10,214,3.548,2.612,sprint,0.0,False
B,10,219,3.652,2.716,att,0.0,False
B,10,219,3.652,2.716,tmobile,0.0,False
B,10,219,3.652,2.716,verizon,0.0,False
B,10,219,3.652,2.716,sprint,0.0,False
B,10,224,3.756,2.821,att,0.0,False
B,10,224,3.756,2.821,tmobile,0.0,False
B,10,224,3.756,2.821,verizon,0.0,False
B,10,224,3.756,2.821,sprint,0.0,False
B,10,229,3.861,2.925,att,0.0,False
B,10,229,3.861,2.925,tmobile,0.0,False
B,10,229,3.861,2.925,verizon,0.0,False
B,10,229,3.861,2.925,sprint,0.0,False
B,10,234,3.965,3.029,att,0.0,False
B,10,234,3.965,3.029,tmobile,0.0,False
B,10,234,3.965,3.029,verizon,0.0,False
B,10,234,3.965,3.029,sprint,0.0,False
B,10,239,4.069,3.134,att,0.0,False
B,10,239,4.069,3.134,tmobile,0.0,False
B,10,239,4.069,3.134,verizon,0.0,False
B,10,239,4.069,3.134,sprint,0.0,False
B,10,244,4.174,3.238,att,0.0,False
B,10,244,4.174,3.238,tmobile,0.0,False
B,10,244,4.174,3.238,verizon,0.0,False
B,10,244,4.174,3.238,sprint,0.0,False
B,10,249,4.278,3.342,att,0.0,False
B,10,249,4.278,3.342,tmobile,0.0,False
B,10,249,4.278,3.342,verizon,0.0,False
B,10,249,4.278,3.342,sprint,0.0,False
B,10,254,4.382,3.447,att,0.0,False
B,10,254,4.382,3.447,tmobile,0.0,False
B,10,254,4.382,3.447,verizon,0.0,False
B,10,254,4.382,3.447,sprint,0.0,False
B,10,259,4.487,3.551,att,0.0,False
B,10,259,4.487,3.551,tmobile,0.0,False
B,10,259,4.487,3.551,verizon,0.0,False
B,10,259,4.487,3.551,sprint,0.0,False
B,10,264,4.591,3.655,att,0.0,False
B,10,264,4.591,3.655,tmobile,0.0,False
B,10,264,4.591,3.655,verizon,0.0,False
B,10,264,4.591,3.655,sprint,0.0,False
B,10,269,4.695,3.76,att,0.0,False
B,10,269,4.695,3.76,tmobile,0.0,False
B,10,269,4.695,3.76,verizon,0.0,False
B,10,269,4.695,3.76,sprint,0.0,False
B,10,274,4.8,3.864,att,0.0,False
B,10,274,4.8,3.864,tmobile,0.0,False
B,10,274,4.8,3.864,verizon,0.0,False
B,10,274,4.8,3.864,sprint,0.0,False
B,10,279,4.904,3.968,att,0.0,False
B,10,279,4.904,3.968,tmobile,0.0,False
B,10,279,4.904,3.968,verizon,0.0,False
B,10,279,4.904,3.968,sprint,0.0,False
B,10,284,5.009,4.073,att,0.0,False
B,10,284,5.009,4.073,tmobile,0.0,False
B,10,284,5.009,4.073,verizon,0.0,False
B,10,284,5.009,4.073,sprint,0.0,False
B,10,289,5.113,4.177,att,0.0,False
B,10,289,5.113,4.177,tmobile,0.0,False
B,10,289,5.113,4.177,verizon,0.0,False
B,10,289,5.113,4.177,sprint,0.0,False
B,10,294,5.217,4.281,att,0.0,False
B,10,294,5.217,4.281,tmobile,0.0,False
B,10,294,5.217,4.281,verizon,0.0,False
B,10,294,5.217,4.281,sprint,0.0,False
B,10,299,5.322,4.386,att,0.0,False
B,10,299,5.322,4.386,tmobile,0.0,False
B,10,299,5.322,4.386,verizon,0.0,False
B,10,299,5.322,4.386,sprint,0.0,False
B,10,304,5.426,4.49,att,0.0,False
B,10,304,5.426,4.49,tmobile,0.0,False
B,10,304,5.426,4.49,verizon,0.0,False
B,10,304,5.426,4.49,sprint,0.0,False
B,10,309,5.53,4.594,att,0.0,False
B,10,309,5.53,4.594,tmobile,0.0,False
B,10,309,5.53,4.594,verizon,0.0,False
B,10,309,5.53,4.594,sprint,0.0,False
B,10,314,5.635,4.699,att,0.0,False
B,10,314,5.635,4.699,tmobile,0.0,False
B,10,314,5.635,4.699,verizon,0.0,False
B,10,314,5.635,4.699,sprint,0.0,False
B,10,319,5.739,4.803,att,0.0,False
B,10,319,5.739,4.803,tmobile,0.0,False
B,10,319,5.739,4.803,verizon,0.0,False
B,10,319,5.739,4.803,sprint,0.0,False
B,10,324,5.843,4.908,att,0.0,False
B,10,324,5.843,4.908,tmobile,0.0,False
B,10,324,5.843,4.908,verizon,0.0,False
B,10,324,5.843,4.908,sprint,0.0,False
B,10,329,5.948,5.012,att,0.0,False
B,10,329,5.948,5.012,tmobile,0.0,False
B,10,329,5.948,5.012,verizon,0.0,False
B,10,329,5.948,5.012,sprint,0.0,False
B,10,334,6.052,5.116,att,0.0,False
B,10,334,6.052,5.116,tmobile,0.0,False
B,10,334,6.052,5.116,verizon,0.0,False
B,10,334,6.052,5.116,sprint,0.0,False
B,10,339,6.156,5.221,att,0.0,False
B,10,339,6.156,5.221,tmobile,0.0,False
B,10,339,6.156,5.221,verizon,0.0,False
B,10,339,6.156,5.221,sprint,0.0,False
B,10,344,6.261,5.325,att,0.0,False
B,10,344,6.261,5.325,tmobile,0.0,False
B,10,344,6.261,5.325,verizon,0.0,False
B,10,344,6.261,5.325,sprint,0.0,False
B,10,349,6.365,5.429,att,0.0,False
B,10,349,6.365,5.429,tmobile,0.0,False
B,10,349,6.365,5.429,verizon,0.0,False
B,10,349,6.365,5.429,sprint,0.12,True
B,10,354,6.469,5.534,att,0.0,False
B,10,354,6.469,5.534,tmobile,0.0,False
B,10,354,6.469,5.534,verizon,0.0,False
B,10,354,6.469,5.534,sprint,0.24,True
B,10,359,6.574,5.638,att,0.0,False
B,10,359,6.574,5.638,tmobile,0.0,False
B,10,359,6.574,5.638,verizon,0.0,False
B,10,359,6.574,5.638,sprint,0.0,False
B,10,364,6.678,5.742,att,0.0,False
B,10,364,6.678,5.742,tmobile,0.0,False
B,10,364,6.678,5.742,verizon,0.0,False
B,10,364,6.678,5.742,sprint,0.0,False
B,10,369,6.782,5.847,att,0.0,False
B,10,369,6.782,5.847,tmobile,0.0,False
B,10,369,6.782,5.847,verizon,0.0,False
B,10,369,6.782,5.847,sprint,0.32,True
B,10,374,6.887,5.951,att,0.0,False
B,10,374,6.887,5.951,tmobile,0.0,False
B,10,374,6.887,5.951,verizon,0.0,False
B,10,374,6.887,5.951,sprint,0.0,False
B,10,379,6.991,6.055,att,0.0,False
B,10,379,6.991,6.055,tmobile,0.0,False
B,10,379,6.991,6.055,verizon,0.0,False
B,10,379,6.991,6.055,sprint,0.12,True
B,10,384,7.095,6.16,att,0.0,False
B,10,384,7.095,6.16,tmobile,0.0,False
B,10,384,7.095,6.16,verizon,0.0,False
B,10,384,7.095,6.16,sprint,0.04,True
B,10,389,7.2,6.264,att,0.0,False
B,10,389,7.2,6.264,tmobile,0.0,False
B,10,389,7.2,6.264,verizon,0.0,False
B,10,389,7.2,6.264,sprint,0.16,True
B,10,394,7.304,6.368,att,0.0,False
B,10,394,7.304,6.368,tmobile,0.0,False
B,10,394,7.304,6.368,verizon,0.0,False
B,10,394,7.304,6.368,sprint,0.04,True
B,10,399,7.408,6.473,att,0.04,True
B,10,399,7.408,6.473,tmobile,0.0,False
B,10,399,7.408,6.473,verizon,0.0,False
B,10,399,7.408,6.473,sprint,0.0,False
B,10,404,7.513,6.577,att,0.0,False
B,10,404,7.513,6.577,tmobile,0.0,False
B,10,404,7.513,6.577,verizon,0.0,False
B,10,404,7.513,6.577,sprint,0.0,False
B,10,409,7.617,6.681,att,0.0,False
B,10,409,7.617,6.681,tmobile,0.0,False
B,10,409,7.617,6.681,verizon,0.0,False
B,10,409,7.617,6.681,sprint,0.0,False
B,10,414,7.721,6.786,att,0.0,False
B,10,414,7.721,6.786,tmobile,0.0,False
B,10,414,7.721,6.786,verizon,0.0,False
B,10,414,7.721,6.786,sprint,0.0,False
B,10,419,7.826,6.89,att,0.0,False
B,10,419,7.826,6.89,tmobile,0.0,False
B,10,419,7.826,6.89,verizon,0.0,False
B,10,419,7.826,6.89,sprint,0.0,False
B,10,424,7.93,6.994,att,0.0,False
B,10,424,7.93,6.994,tmobile,0.0,False
B,10,424,7.93,6.994,verizon,0.0,False
B,10,424,7.93,6.994,sprint,0.0,False
B,10,429,8.035,7.099,att,0.0,False
B,10,429,8.035,7.099,tmobile,0.0,False
B,10,429,8.035,7.099,verizon,0.0,False
B,10,429,8.035,7.099,sprint,0.0,False
B,10,434,8.139,7.203,att,0.0,False
B,10,434,8.139,7.203,tmobile,0.0,False
B,10,434,8.139,7.203,verizon,0.0,False
B,10,434,8.139,7.203,sprint,0.0,False
B,10,439,8.243,7.307,att,0.0,False
B,10,439,8.243,7.307,tmobile,0.0,False
B,10,439,8.243,7.307,verizon,0.0,False
B,10,439,8.243,7.307,sprint,0.0,False
B,10,444,8.348,7.412,att,0.0,False
B,10,444,8.348,7.412,tmobile,0.0,False
B,10,444,8.348,7.412,verizon,0.0,False
B,10,444,8.348,7.412,sprint,0.0,False
B,10,449,8.452,7.516,att,0.0,False
B,10,449,8.452,7.516,tmobile,0.0,False
B,10,449,8.452,7.516,verizon,0.04,True
B,10,449,8.452,7.516,sprint,0.0,False
B,10,454,8.556,7.62,att,0.56,True
B,10,454,8.556,7.62,tmobile,0.0,False
B,10,454,8.556,7.62,verizon,0.0,False
B,10,454,8.556,7.62,sprint,0.08,True
B,10,459,8.661,7.725,att,0.0,False
B,10,459,8.661,7.725,tmobile,0.0,False
B,10,459,8.661,7.725,verizon,0.0,False
B,10,459,8.661,7.725,sprint,0.0,False
B,10,464,8.765,7.829,att,0.0,False
B,10,464,8.765,7.829,tmobile,0.2,True
B,10,464,8.765,7.829,verizon,0.44,True
B,10,464,8.765,7.829,sprint,0.0,False
B,10,469,8.869,7.933,att,0.0,False
B,10,469,8.869,7.933,tmobile,0.0,False
B,10,469,8.869,7.933,verizon,0.04,True
B,10,469,8.869,7.933,sprint,0.08,True
B,10,474,8.974,8.038,att,0.0,False
B,10,474,8.974,8.038,tmobile,0.0,False
B,10,474,8.974,8.038,verizon,0.0,False
B,10,474,8.974,8.038,sprint,0.0,False
B,10,479,9.078,8.142,att,0.0,False
B,10,479,9.078,8.142,tmobile,0.0,False
B,10,479,9.078,8.142,verizon,0.0,False
B,10,479,9.078,8.142,sprint,0.04,True
B,10,484,9.182,8.247,att,0.04,True
B,10,484,9.182,8.247,tmobile,0.0,False
B,10,484,9.182,8.247,verizon,0.0,False
B,10,484,9.182,8.247,sprint,0.0,False
B,10,489,9.287,8.351,att,0.0,False
B,10,489,9.287,8.351,tmobile,0.0,False
B,10,489,9.287,8.351,verizon,0.16,True
B,10,489,9.287,8.351,sprint,0.0,False
B,10,494,9.391,8.455,att,0.0,False
B,10,494,9.391,8.455,tmobile,0.0,False
B,10,494,9.391,8.455,verizon,0.0,False
B,10,494,9.391,8.455,sprint,0.0,False
B,10,499,9.495,8.56,att,0.0,False
B,10,499,9.495,8.56,tmobile,0.0,False
B,10,499,9.495,8.56,verizon,0.0,False
B,10,499,9.495,8.56,sprint,0.0,False
B,10,504,9.6,8.664,att,0.0,False
B,10,504,9.6,8.664,tmobile,0.08,True
B,10,504,9.6,8.664,verizon,0.0,False
B,10,504,9.6,8.664,sprint,0.0,False
B,10,509,9.704,8.768,att,0.0,False
B,10,509,9.704,8.768,tmobile,0.0,False
B,10,509,9.704,8.768,verizon,0.2,True
B,10,509,9.704,8.768,sprint,0.0,False
B,10,514,9.808,8.873,att,0.0,False
B,10,514,9.808,8.873,tmobile,0.0,False
B,10,514,9.808,8.873,verizon,0.0,False
B,10,514,9.808,8.873,sprint,0.0,False
B,10,519,9.913,8.977,att,0.0,False
B,10,519,9.913,8.977,tmobile,0.0,False
B,10,519,9.913,8.977,verizon,0.04,True
B,10,519,9.913,8.977,sprint,0.0,False
B,10,524,10.017,9.081,att,0.0,False
B,10,524,10.017,9.081,tmobile,0.0,False
B,10,524,10.017,9.081,verizon,0.0,False
B,10,524,10.017,9.081,sprint,0.0,False
B,10,529,10.121,9.186,att,0.0,False
B,10,529,10.121,9.186,tmobile,0.0,False
B,10,529,10.121,9.186,verizon,0.12,True
B,10,529,10.121,9.186,sprint,0.0,False
B,10,534,10.226,9.29,att,0.0,False
B,10,534,10.226,9.29,tmobile,0.0,False
B,10,534,10.226,9.29,verizon,0.0,False
B,10,534,10.226,9.29,sprint,0.0,False
B,10,539,10.33,9.394,att,0.0,False
B,10,539,10.33,9.394,tmobile,0.0,False
B,10,539,10.33,9.394,verizon,0.08,True
B,10,539,10.33,9.394,sprint,0.0,False
B,10,544,10.434,9.499,att,0.0,False
B,10,544,10.434,9.499,tmobile,0.0,False
B,10,544,10.434,9.499,verizon,0.0,False
B,10,544,10.434,9.499,sprint,0.0,False
B,10,549,10.539,9.603,att,0.0,False
B,10,549,10.539,9.603,tmobile,0.0,False
B,10,549,10.539,9.603,verizon,0.08,True
B,10,549,10.539,9.603,sprint,0.0,False
B,10,554,10.643,9.707,att,0.0,False
B,10,554,10.643,9.707,tmobile,0.0,False
B,10,554,10.643,9.707,verizon,0.04,True
B,10,554,10.643,9.707,sprint,0.0,False
B,10,559,10.747,9.812,att,0.0,False
B,10,559,10.747,9.812,tmobile,0.28,True
B,10,559,10.747,9.812,verizon,0.04,True
B,10,559,10.747,9.812,sprint,0.0,False
B,10,564,10.852,9.916,att,0.0,False
B,10,564,10.852,9.916,tmobile,0.0,False
B,10,564,10.852,9.916,verizon,0.0,False
B,10,564,10.852,9.916,sprint,0.0,False
B,10,569,10.956,10.02,att,0.0,False
B,10,569,10.956,10.02,tmobile,0.0,False
B,10,569,10.956,10.02,verizon,0.0,False
B,10,569,10.956,10.02,sprint,0.0,False
B,10,574,11.06,10.125,att,0.0,False
B,10,574,11.06,10.125,tmobile,0.08,True
B,10,574,11.06,10.125,verizon,0.0,False
B,10,574,11.06,10.125,sprint,0.12,True
B,10,579,11.165,10.229,att,0.0,False
B,10,579,11.165,10.229,tmobile,0.36,True
B,10,579,11.165,10.229,verizon,0.48,True
B,10,579,11.165,10.229,sprint,0.0,False
B,10,584,11.269,10.333,att,0.0,False
B,10,584,11.269,10.333,tmobile,0.0,False
B,10,584,11.269,10.333,verizon,0.0,False
B,10,584,11.269,10.333,sprint,0.0,False
B,10,589,11.374,10.438,att,0.0,False
B,10,589,11.374,10.438,tmobile,0.12,True
B,10,589,11.374,10.438,verizon,0.16,True
B,10,589,11.374,10.438,sprint,0.0,False
B,10,594,11.478,10.542,att,0.0,False
B,10,594,11.478,10.542,tmobile,0.0,False
B,10,594,11.478,10.542,verizon,0.28,True
B,10,594,11.478,10.542,sprint,0.0,False
B,10,599,11.582,10.646,att,0.0,False
B,10,599,11.582,10.646,tmobile,0.0,False
B,10,599,11.582,10.646,verizon,0.0,False
B,10,599,11.582,10.646,sprint,0.0,False
B,10,604,11.687,10.751,att,0.0,False
B,10,604,11.687,10.751,tmobile,0.04,True
B,10,604,11.687,10.751,verizon,0.0,False
B,10,604,11.687,10.751,sprint,0.0,False
B,10,609,11.791,10.855,att,0.0,False
B,10,609,11.791,10.855,tmobile,0.0,False
B,10,609,11.791,10.855,verizon,0.0,False
B,10,609,11.791,10.855,sprint,0.0,False
B,10,614,11.895,10.959,att,0.0,False
B,10,614,11.895,10.959,tmobile,0.0,False
B,10,614,11.895,10.959,verizon,0.0,False
B,10,614,11.895,10.959,sprint,0.04,True
B,10,619,12.0,11.064,att,0.0,False
B,10,619,12.0,11.064,tmobile,0.24,True
B,10,619,12.0,11.064,verizon,0.0,False
B,10,619,12.0,11.064,sprint,0.0,False
B,10,624,12.104,11.168,att,0.0,False
B,10,624,12.104,11.168,tmobile,0.08,True
B,10,624,12.104,11.168,verizon,0.08,True
B,10,624,12.104,11.168,sprint,0.04,True
B,10,629,12.208,11.273,att,0.0,False
B,10,629,12.208,11.273,tmobile,0.0,False
B,10,629,12.208,11.273,verizon,0.12,True
B,10,629,12.208,11.273,sprint,0.0,False
B,10,634,12.313,11.377,att,0.0,False
B,10,634,12.313,11.377,tmobile,0.0,False
B,10,634,12.313,11.377,verizon,0.0,False
B,10,634,12.313,11.377,sprint,0.0,False
B,10,639,12.417,11.481,att,0.0,False
B,10,639,12.417,11.481,tmobile,0.0,False
B,10,639,12.417,11.481,verizon,0.04,True
B,10,639,12.417,11.481,sprint,0.12,True
B,10,644,12.521,11.586,att,0.0,False
B,10,644,12.521,11.586,tmobile,0.0,False
B,10,644,12.521,11.586,verizon,0.08,True
B,10,644,12.521,11.586,sprint,0.0,False
B,10,649,12.626,11.69,att,0.0,False
B,10,649,12.626,11.69,tmobile,0.28,True
B,10,649,12.626,11.69,verizon,0.08,True
B,10,649,12.626,11.69,sprint,0.04,True
B,10,654,12.73,11.794,att,0.0,False
B,10,654,12.73,11.794,tmobile,0.0,False
B,10,654,12.73,11.794,verizon,0.0,False
B,10,654,12.73,11.794,sprint,0.0,False
B,10,659,12.834,11.899,att,0.0,False
B,10,659,12.834,11.899,tmobile,0.24,True
B,10,659,12.834,11.899,verizon,0.12,True
B,10,659,12.834,11.899,sprint,0.0,False
B,10,664,12.939,12.003,att,0.0,False
B,10,664,12.939,12.003,tmobile,0.0,False
B,10,664,12.939,12.003,verizon,0.0,False
B,10,664,12.939,12.003,sprint,0.0,False
B,10,669,13.043,12.107,att,0.0,False
B,10,669,13.043,12.107,tmobile,0.0,False
B,10,669,13.043,12.107,verizon,0.04,True
B,10,669,13.043,12.107,sprint,0.0,False
B,10,674,13.147,12.212,att,0.36,True
B,10,674,13.147,12.212,tmobile,0.0,False
B,10,674,13.147,12.212,verizon,0.0,False
B,10,674,13.147,12.212,sprint,0.0,False
B,10,679,13.252,12.316,att,0.2,True
B,10,679,13.252,12.316,tmobile,0.0,False
B,10,679,13.252,12.316,verizon,0.0,False
B,10,679,13.252,12.316,sprint,0.0,False
B,10,684,13.356,12.42,att,0.0,False
B,10,684,13.356,12.42,tmobile,0.0,False
B,10,684,13.356,12.42,verizon,0.0,False
B,10,684,13.356,12.42,sprint,0.0,False
B,10,689,13.46,12.525,att,0.0,False
B,10,689,13.46,12.525,tmobile,0.0,False
B,10,689,13.46,12.525,verizon,0.0,False
B,10,689,13.46,12.525,sprint,0.0,False
B,10,694,13.565,12.629,att,0.0,False
B,10,694,13.565,12.629,tmobile,0.0,False
B,10,694,13.565,12.629,verizon,0.0,False
B,10,694,13.565,12.629,sprint,0.0,False
B,10,699,13.669,12.733,att,0.0,False
B,10,699,13.669,12.733,tmobile,0.0,False
B,10,699,13.669,12.733,verizon,0.0,False
B,10,699,13.669,12.733,sprint,0.0,False
B,10,704,13.773,12.838,att,0.0,False
B,10,704,13.773,12.838,tmobile,0.0,False
B,10,704,13.773,12.838,verizon,0.0,False
B,10,704,13.773,12.838,sprint,0.0,False
B,10,709,13.878,12.942,att,0.0,False
B,10,709,13.878,12.942,tmobile,0.0,False
B,10,709,13.878,12.942,verizon,0.0,False
B,10,709,13.878,12.942,sprint,0.0,False
B,10,714,13.982,13.046,att,0.0,False
B,10,714,13.982,13.046,tmobile,0.0,False
B,10,714,13.982,13.046,verizon,0.0,False
B,10,714,13.982,13.046,sprint,0.0,False
B,10,719,14.086,13.151,att,0.0,False
B,10,719,14.086,13.151,tmobile,0.0,False
B,10,719,14.086,13.151,verizon,0.0,False
B,10,719,14.086,13.151,sprint,0.0,False
B,10,724,14.191,13.255,att,0.0,False
B,10,724,14.191,13.255,tmobile,0.0,False
B,10,724,14.191,13.255,verizon,0.0,False
B,10,724,14.191,13.255,sprint,0.0,False
B,10,729,14.295,13.359,att,0.0,False
B,10,729,14.295,13.359,tmobile,0.0,False
B,10,729,14.295,13.359,verizon,0.0,False
B,10,729,14.295,13.359,sprint,0.0,False
B,10,734,14.399,13.464,att,0.0,False
B,10,734,14.399,13.464,tmobile,0.0,False
B,10,734,14.399,13.464,verizon,0.0,False
B,10,734,14.399,13.464,sprint,0.0,False
B,10,739,14.504,13.568,att,0.0,False
B,10,739,14.504,13.568,tmobile,0.0,False
B,10,739,14.504,13.568,verizon,0.0,False
B,10,739,14.504,13.568,sprint,0.0,False
B,10,744,14.608,13.672,att,0.0,False
B,10,744,14.608,13.672,tmobile,0.0,False
B,10,744,14.608,13.672,verizon,0.0,False
B,10,744,14.608,13.672,sprint,0.0,False
B,10,749,14.713,13.777,att,0.0,False
B,10,749,14.713,13.777,tmobile,0.04,True
B,10,749,14.713,13.777,verizon,0.04,True
B,10,749,14.713,13.777,sprint,0.0,False
B,10,754,14.817,13.881,att,0.0,False
B,10,754,14.817,13.881,tmobile,0.0,False
B,10,754,14.817,13.881,verizon,0.0,False
B,10,754,14.817,13.881,sprint,0.0,False
B,10,759,14.921,13.985,att,0.0,False
B,10,759,14.921,13.985,tmobile,0.12,True
B,10,759,14.921,13.985,verizon,0.28,True
B,10,759,14.921,13.985,sprint,0.0,False
B,10,764,15.026,14.09,att,0.0,False
B,10,764,15.026,14.09,tmobile,0.0,False
B,10,764,15.026,14.09,verizon,0.0,False
B,10,764,15.026,14.09,sprint,0.0,False
B,10,769,15.13,14.194,att,0.0,False
B,10,769,15.13,14.194,tmobile,0.0,False
B,10,769,15.13,14.194,verizon,0.0,False
B,10,769,15.13,14.194,sprint,0.04,True
B,10,774,15.234,14.298,att,0.0,False
B,10,774,15.234,14.298,tmobile,0.04,True
B,10,774,15.234,14.298,verizon,0.0,False
B,10,774,15.234,14.298,sprint,0.04,True
B,10,779,15.339,14.403,att,0.0,False
B,10,779,15.339,14.403,tmobile,0.0,False
B,10,779,15.339,14.403,verizon,0.0,False
B,10,779,15.339,14.403,sprint,0.04,True
B,10,784,15.443,14.507,att,0.0,False
B,10,784,15.443,14.507,tmobile,0.04,True
B,10,784,15.443,14.507,verizon,0.04,True
B,10,784,15.443,14.507,sprint,0.0,False
B,10,789,15.547,14.612,att,0.04,True
B,10,789,15.547,14.612,tmobile,0.0,False
B,10,789,15.547,14.612,verizon,0.0,False
B,10,789,15.547,14.612,sprint,0.0,False
B,10,794,15.652,14.716,att,0.0,False
B,10,794,15.652,14.716,tmobile,0.0,False
B,10,794,15.652,14.716,verizon,0.0,False
B,10,794,15.652,14.716,sprint,0.0,False
B,10,799,15.756,14.82,att,0.0,False
B,10,799,15.756,14.82,tmobile,0.12,True
B,10,799,15.756,14.82,verizon,0.0,False
B,10,799,15.756,14.82,sprint,0.0,False
B,10,804,15.86,14.925,att,0.0,False
B,10,804,15.86,14.925,tmobile,0.0,False
B,10,804,15.86,14.925,verizon,0.0,False
B,10,804,15.86,14.925,sprint,0.0,False
B,10,809,15.965,15.029,att,0.0,False
B,10,809,15.965,15.029,tmobile,0.0,False
B,10,809,15.965,15.029,verizon,0.0,False
B,10,809,15.965,15.029,sprint,0.12,True
B,10,814,16.069,15.133,att,0.0,False
B,10,814,16.069,15.133,tmobile,0.0,False
B,10,814,16.069,15.133,verizon,0.0,False
B,10,814,16.069,15.133,sprint,0.0,False
B,10,819,16.173,15.238,att,0.0,False
B,10,819,16.173,15.238,tmobile,0.0,False
B,10,819,16.173,15.238,verizon,0.0,False
B,10,819,16.173,15.238,sprint,0.0,False
B,10,824,16.278,15.342,att,0.0,False
B,10,824,16.278,15.342,tmobile,0.0,False
B,10,824,16.278,15.342,verizon,0.0,False
B,10,824,16.278,15.342,sprint,0.0,False
B,10,829,16.382,15.446,att,0.0,False
B,10,829,16.382,15.446,tmobile,0.0,False
B,10,829,16.382,15.446,verizon,0.0,False
B,10,829,16.382,15.446,sprint,0.0,False
B,10,834,16.486,15.551,att,0.0,False
B,10,834,16.486,15.551,tmobile,0.0,False
B,10,834,16.486,15.551,verizon,0.0,False
B,10,834,16.486,15.551,sprint,0.0,False
B,10,839,16.591,15.655,att,0.0,False
B,10,839,16.591,15.655,tmobile,0.0,False
B,10,839,16.591,15.655,verizon,0.0,False
B,10,839,16.591,15.655,sprint,0.0,False
B,10,844,16.695,15.759,att,0.0,False
B,10,844,16.695,15.759,tmobile,0.0,False
B,10,844,16.695,15.759,verizon,0.0,False
B,10,844,16.695,15.759,sprint,0.0,False
B,10,849,16.799,15.864,att,0.0,False
B,10,849,16.799,15.864,tmobile,0.0,False
B,10,849,16.799,15.864,verizon,0.0,False
B,10,849,16.799,15.864,sprint,0.0,False
B,10,854,16.904,15.968,att,0.0,False
B,10,854,16.904,15.968,tmobile,0.0,False
B,10,854,16.904,15.968,verizon,0.0,False
B,10,854,16.904,15.968,sprint,0.0,False
B,10,859,17.008,16.072,att,0.0,False
B,10,859,17.008,16.072,tmobile,0.0,False
B,10,859,17.008,16.072,verizon,0.0,False
B,10,859,17.008,16.072,sprint,0.0,False
B,10,864,17.112,16.177,att,0.0,False
B,10,864,17.112,16.177,tmobile,0.0,False
B,10,864,17.112,16.177,verizon,0.0,False
B,10,864,17.112,16.177,sprint,0.0,False
B,10,869,17.217,16.281,att,0.0,False
B,10,869,17.217,16.281,tmobile,0.0,False
B,10,869,17.217,16.281,verizon,0.0,False
B,10,869,17.217,16.281,sprint,0.0,False
B,10,874,17.321,16.385,att,0.0,False
B,10,874,17.321,16.385,tmobile,0.0,False
B,10,874,17.321,16.385,verizon,0.0,False
B,10,874,17.321,16.385,sprint,0.0,False
B,10,879,17.425,16.49,att,0.0,False
B,10,879,17.425,16.49,tmobile,0.0,False
B,10,879,17.425,16.49,verizon,0.0,False
B,10,879,17.425,16.49,sprint,0.0,False
B,10,884,17.53,16.594,att,0.0,False
B,10,884,17.53,16.594,tmobile,0.0,False
B,10,884,17.53,16.594,verizon,0.0,False
B,10,884,17.53,16.594,sprint,0.0,False
B,10,889,17.634,16.698,att,0.0,False
B,10,889,17.634,16.698,tmobile,0.0,False
B,10,889,17.634,16.698,verizon,0.0,False
B,10,889,17.634,16.698,sprint,0.0,False
B,10,894,17.739,16.803,att,0.0,False
B,10,894,17.739,16.803,tmobile,0.0,False
B,10,894,17.739,16.803,verizon,0.0,False
B,10,894,17.739,16.803,sprint,0.0,False
B,10,899,17.843,16.907,att,0.0,False
B,10,899,17.843,16.907,tmobile,0.0,False
B,10,899,17.843,16.907,verizon,0.0,False
B,10,899,17.843,16.907,sprint,0.0,False
B,10,904,17.947,17.011,att,0.0,False
B,10,904,17.947,17.011,tmobile,0.0,False
B,10,904,17.947,17.011,verizon,0.0,False
B,10,904,17.947,17.011,sprint,0.0,False
B,10,909,18.052,17.116,att,0.0,False
B,10,909,18.052,17.116,tmobile,0.0,False
B,10,909,18.052,17.116,verizon,0.0,False
B,10,909,18.052,17.116,sprint,0.0,False
B,10,914,18.156,17.22,att,0.0,False
B,10,914,18.156,17.22,tmobile,0.0,False
B,10,914,18.156,17.22,verizon,0.0,False
B,10,914,18.156,17.22,sprint,0.0,False
B,10,919,18.26,17.324,att,0.0,False
B,10,919,18.26,17.324,tmobile,0.0,False
B,10,919,18.26,17.324,verizon,0.0,False
B,10,919,18.26,17.324,sprint,0.0,False
B,10,924,18.365,17.429,att,0.0,False
B,10,924,18.365,17.429,tmobile,0.0,False
B,10,924,18.365,17.429,verizon,0.0,False
B,10,924,18.365,17.429,sprint,0.0,False
B,10,929,18.469,17.533,att,0.0,False
B,10,929,18.469,17.533,tmobile,0.0,False
B,10,929,18.469,17.533,verizon,0.0,False
B,10,929,18.469,17.533,sprint,0.0,False
B,10,934,18.573,17.638,att,0.0,False
B,10,934,18.573,17.638,tmobile,0.0,False
B,10,934,18.573,17.638,verizon,0.0,False
B,10,934,18.573,17.638,sprint,0.0,False
B,10,939,18.678,17.742,att,0.0,False
B,10,939,18.678,17.742,tmobile,0.0,False
B,10,939,18.678,17.742,verizon,0.0,False
B,10,939,18.678,17.742,sprint,0.0,False
B,10,944,18.782,17.846,att,0.0,False
B,10,944,18.782,17.846,tmobile,0.0,False
B,10,944,18.782,17.846,verizon,0.0,False
B,10,944,18.782,17.846,sprint,0.0,False
B,10,949,18.886,17.951,att,0.0,False
B,10,949,18.886,17.951,tmobile,0.0,False
B,10,949,18.886,17.951,verizon,0.0,False
B,10,949,18.886,17.951,sprint,0.0,False
B,10,954,18.991,18.055,att,0.04,True
B,10,954,18.991,18.055,tmobile,0.0,False
B,10,954,18.991,18.055,verizon,0.0,False
B,10,954,18.991,18.055,sprint,0.0,False
B,10,959,19.095,18.159,att,0.0,False
B,10,959,19.095,18.159,tmobile,0.0,False
B,10,959,19.095,18.159,verizon,0.04,True
B,10,959,19.095,18.159,sprint,0.0,False
B,10,964,19.199,18.264,att,0.0,False
B,10,964,19.199,18.264,tmobile,0.0,False
B,10,964,19.199,18.264,verizon,0.0,False
B,10,964,19.199,18.264,sprint,0.0,False
B,10,969,19.304,18.368,att,0.0,False
B,10,969,19.304,18.368,tmobile,0.04,True
B,10,969,19.304,18.368,verizon,0.04,True
B,10,969,19.304,18.368,sprint,0.0,False
B,10,974,19.408,18.472,att,0.0,False
B,10,974,19.408,18.472,tmobile,0.0,False
B,10,974,19.408,18.472,verizon,0.04,True
B,10,974,19.408,18.472,sprint,0.0,False
B,10,979,19.512,18.577,att,0.0,False
B,10,979,19.512,18.577,tmobile,0.08,True
B,10,979,19.512,18.577,verizon,0.08,True
B,10,979,19.512,18.577,sprint,0.0,False
B,10,984,19.617,18.681,att,0.0,False
B,10,984,19.617,18.681,tmobile,0.0,False
B,10,984,19.617,18.681,verizon,0.0,False
B,10,984,19.617,18.681,sprint,0.0,False
B,10,989,19.721,18.785,att,0.04,True
B,10,989,19.721,18.785,tmobile,0.28,True
B,10,989,19.721,18.785,verizon,0.2,True
B,10,989,19.721,18.785,sprint,0.0,False
B,10,994,19.825,18.89,att,0.0,False
B,10,994,19.825,18.89,tmobile,0.0,False
B,10,994,19.825,18.89,verizon,0.0,False
B,10,994,19.825,18.89,sprint,0.04,True
B,10,999,19.93,18.994,att,0.0,False
B,10,999,19.93,18.994,tmobile,0.12,True
B,10,999,19.93,18.994,verizon,0.04,True
B,10,999,19.93,18.994,sprint,0.0,False
B,10,1004,20.034,19.098,att,0.0,False
B,10,1004,20.034,19.098,tmobile,0.0,False
B,10,1004,20.034,19.098,verizon,0.0,False
B,10,1004,20.034,19.098,sprint,0.0,False
B,10,1009,20.138,19.203,att,0.04,True
B,10,1009,20.138,19.203,tmobile,0.08,True
B,10,1009,20.138,19.203,verizon,0.04,True
B,10,1009,20.138,19.203,sprint,0.0,False
B,10,1014,20.243,19.307,att,0.0,False
B,10,1014,20.243,19.307,tmobile,0.0,False
B,10,1014,20.243,19.307,verizon,0.04,True
B,10,1014,20.243,19.307,sprint,0.0,False
B,10,1019,20.347,19.411,att,0.0,False
B,10,1019,20.347,19.411,tmobile,0.0,False
B,10,1019,20.347,19.411,verizon,0.04,True
B,10,1019,20.347,19.411,sprint,0.0,False
B,10,1024,20.451,19.516,att,0.0,False
B,10,1024,20.451,19.516,tmobile,0.04,True
B,10,1024,20.451,19.516,verizon,0.08,True
B,10,1024,20.451,19.516,sprint,0.0,False
B,10,1029,20.556,19.62,att,0.0,False
B,10,1029,20.556,19.62,tmobile,0.0,False
B,10,1029,20.556,19.62,verizon,0.0,False
B,10,1029,20.556,19.62,sprint,0.0,False
B,10,1034,20.66,19.724,att,0.04,True
B,10,1034,20.66,19.724,tmobile,0.0,False
B,10,1034,20.66,19.724,verizon,0.04,True
B,10,1034,20.66,19.724,sprint,0.0,False
B,10,1039,20.764,19.829,att,0.0,False
B,10,1039,20.764,19.829,tmobile,0.0,False
B,10,1039,20.764,19.829,verizon,0.04,True
B,10,1039,20.764,19.829,sprint,0.0,False
B,10,1044,20.869,19.933,att,0.0,False
B,10,1044,20.869,19.933,tmobile,0.08,True
B,10,1044,20.869,19.933,verizon,0.0,False
B,10,1044,20.869,19.933,sprint,0.0,False
B,10,1049,20.973,20.037,att,0.0,False
B,10,1049,20.973,20.037,tmobile,0.0,False
B,10,1049,20.973,20.037,verizon,0.0,False
B,10,1049,20.973,20.037,sprint,0.0,False
B,10,1054,21.078,20.142,att,0.04,True
B,10,1054,21.078,20.142,tmobile,0.0,False
B,10,1054,21.078,20.142,verizon,0.0,False
B,10,1054,21.078,20.142,sprint,0.0,False
B,10,1059,21.182,20.246,att,0.0,False
B,10,1059,21.182,20.246,tmobile,0.0,False
B,10,1059,21.182,20.246,verizon,0.0,False
B,10,1059,21.182,20.246,sprint,0.0,False
B,10,1064,21.286,20.35,att,0.0,False
B,10,1064,21.286,20.35,tmobile,0.0,False
B,10,1064,21.286,20.35,verizon,0.0,False
B,10,1064,21.286,20.35,sprint,0.0,False
B,10,1069,21.391,20.455,att,0.0,False
B,10,1069,21.391,20.455,tmobile,0.0,False
B,10,1069,21.391,20.455,verizon,0.0,False
B,10,1069,21.391,20.455,sprint,0.0,False
B,10,1074,21.495,20.559,att,0.0,False
B,10,1074,21.495,20.559,tmobile,0.04,True
B,10,1074,21.495,20.559,verizon,0.0,False
B,10,1074,21.495,20.559,sprint,0.0,False
B,10,1079,21.599,20.663,att,0.04,True
B,10,1079,21.599,20.663,tmobile,0.0,False
B,10,1079,21.599,20.663,verizon,0.0,False
B,10,1079,21.599,20.663,sprint,0.0,False
B,10,1084,21.704,20.768,att,0.0,False
B,10,1084,21.704,20.768,tmobile,0.04,True
B,10,1084,21.704,20.768,verizon,0.0,False
B,10,1084,21.704,20.768,sprint,0.0,False
B,10,1089,21.808,20.872,att,0.0,False
B,10,1089,21.808,20.872,tmobile,0.0,False
B,10,1089,21.808,20.872,verizon,0.0,False
B,10,1089,21.808,20.872,sprint,0.0,False
B,10,1094,21.912,20.977,att,0.0,False
B,10,1094,21.912,20.977,tmobile,0.0,False
B,10,1094,21.912,20.977,verizon,0.0,False
B,10,1094,21.912,20.977,sprint,0.04,True
B,10,1099,22.017,21.081,att,0.04,True
B,10,1099,22.017,21.081,tmobile,0.0,False
B,10,1099,22.017,21.081,verizon,0.04,True
B,10,1099,22.017,21.081,sprint,0.0,False
B,10,1104,22.121,21.185,att,0.0,False
B,10,1104,22.121,21.185,tmobile,0.04,True
B,10,1104,22.121,21.185,verizon,0.04,True
B,10,1104,22.121,21.185,sprint,0.04,True
B,10,1109,22.225,21.29,att,0.0,False
B,10,1109,22.225,21.29,tmobile,0.04,True
B,10,1109,22.225,21.29,verizon,0.04,True
B,10,1109,22.225,21.29,sprint,0.0,False
B,10,1114,22.33,21.394,att,0.0,False
B,10,1114,22.33,21.394,tmobile,0.0,False
B,10,1114,22.33,21.394,verizon,0.04,True
B,10,1114,22.33,21.394,sprint,0.0,False
B,10,1119,22.434,21.498,att,0.0,False
B,10,1119,22.434,21.498,tmobile,0.04,True
B,10,1119,22.434,21.498,verizon,0.0,False
B,10,1119,22.434,21.498,sprint,0.0,False
B,10,1124,22.538,21.603,att,0.0,False
B,10,1124,22.538,21.603,tmobile,0.04,True
B,10,1124,22.538,21.603,verizon,0.0,False
B,10,1124,22.538,21.603,sprint,0.0,False
B,10,1129,22.643,21.707,att,0.04,True
B,10,1129,22.643,21.707,tmobile,0.0,False
B,10,1129,22.643,21.707,verizon,0.0,False
B,10,1129,22.643,21.707,sprint,0.0,False
B,10,1134,22.747,21.811,att,0.0,False
B,10,1134,22.747,21.811,tmobile,0.0,False
B,10,1134,22.747,21.811,verizon,0.04,True
B,10,1134,22.747,21.811,sprint,0.0,False
B,10,1139,22.851,21.916,att,0.0,False
B,10,1139,22.851,21.916,tmobile,0.04,True
B,10,1139,22.851,21.916,verizon,0.04,True
B,10,1139,22.851,21.916,sprint,0.0,False
B,10,1144,22.956,22.02,att,0.0,False
B,10,1144,22.956,22.02,tmobile,0.0,False
B,10,1144,22.956,22.02,verizon,0.0,False
B,10,1144,22.956,22.02,sprint,0.0,False
B,10,1149,23.06,22.124,att,0.0,False
B,10,1149,23.06,22.124,tmobile,0.0,False
B,10,1149,23.06,22.124,verizon,0.04,True
B,10,1149,23.06,22.124,sprint,0.0,False
B,10,1154,23.164,22.229,att,0.0,False
B,10,1154,23.164,22.229,tmobile,0.0,False
B,10,1154,23.164,22.229,verizon,0.04,True
B,10,1154,23.164,22.229,sprint,0.0,False
B,10,1159,23.269,22.333,att,0.0,False
B,10,1159,23.269,22.333,tmobile,0.0,False
B,10,1159,23.269,22.333,verizon,0.0,False
B,10,1159,23.269,22.333,sprint,0.0,False
B,10,1164,23.373,22.437,att,0.0,False
B,10,1164,23.373,22.437,tmobile,0.04,True
B,10,1164,23.373,22.437,verizon,0.12,True
B,10,1164,23.373,22.437,sprint,0.0,False
B,10,1169,23.477,22.542,att,0.0,False
B,10,1169,23.477,22.542,tmobile,0.0,False
B,10,1169,23.477,22.542,verizon,0.04,True
B,10,1169,23.477,22.542,sprint,0.0,False
B,10,1174,23.582,22.646,att,0.0,False
B,10,1174,23.582,22.646,tmobile,0.04,True
B,10,1174,23.582,22.646,verizon,0.0,False
B,10,1174,23.582,22.646,sprint,0.0,False
B,10,1179,23.686,22.75,att,0.0,False
B,10,1179,23.686,22.75,tmobile,0.0,False
B,10,1179,23.686,22.75,verizon,0.0,False
B,10,1179,23.686,22.75,sprint,0.0,False
B,10,1184,23.79,22.855,att,0.0,False
B,10,1184,23.79,22.855,tmobile,0.0,False
B,10,1184,23.79,22.855,verizon,0.0,False
B,10,1184,23.79,22.855,sprint,0.0,False
B,10,1189,23.895,22.959,att,0.04,True
B,10,1189,23.895,22.959,tmobile,0.0,False
B,10,1189,23.895,22.959,verizon,0.0,False
B,10,1189,23.895,22.959,sprint,0.0,False
B,10,1194,23.999,23.063,att,0.0,False
B,10,1194,23.999,23.063,tmobile,0.04,True
B,10,1194,23.999,23.063,verizon,0.0,False
B,10,1194,23.999,23.063,sprint,0.0,False
B,10,1199,24.104,23.168,att,0.0,False
B,10,1199,24.104,23.168,tmobile,0.0,False
B,10,1199,24.104,23.168,verizon,0.0,False
B,10,1199,24.104,23.168,sprint,0.0,False
B,10,1204,24.208,23.272,att,0.0,False
B,10,1204,24.208,23.272,tmobile,0.0,False
B,10,1204,24.208,23.272,verizon,0.0,False
B,10,1204,24.208,23.272,sprint,0.0,False
B,10,1209,24.312,23.376,att,0.0,False
B,10,1209,24.312,23.376,tmobile,0.0,False
B,10,1209,24.312,23.376,verizon,0.0,False
B,10,1209,24.312,23.376,sprint,0.0,False
B,10,1214,24.417,23.481,att,0.0,False
B,10,1214,24.417,23.481,tmobile,0.0,False
B,10,1214,24.417,23.481,verizon,0.0,False
B,10,1214,24.417,23.481,sprint,0.0,False
B,10,1219,24.521,23.585,att,0.0,False
B,10,1219,24.521,23.585,tmobile,0.0,False
B,10,1219,24.521,23.585,verizon,0.0,False
B,10,1219,24.521,23.585,sprint,0.0,False
B,10,1224,24.625,23.689,att,0.04,True
B,10,1224,24.625,23.689,tmobile,0.0,False
B,10,1224,24.625,23.689,verizon,0.0,False
B,10,1224,24.625,23.689,sprint,0.0,False
B,10,1229,24.73,23.794,att,0.08,True
B,10,1229,24.73,23.794,tmobile,0.04,True
B,10,1229,24.73,23.794,verizon,0.0,False
B,10,1229,24.73,23.794,sprint,0.0,False
B,10,1234,24.834,23.898,att,0.0,False
B,10,1234,24.834,23.898,tmobile,0.0,False
B,10,1234,24.834,23.898,verizon,0.04,True
B,10,1234,24.834,23.898,sprint,0.0,False
B,10,1239,24.938,24.003,att,0.0,False
B,10,1239,24.938,24.003,tmobile,0.12,True
B,10,1239,24.938,24.003,verizon,0.08,True
B,10,1239,24.938,24.003,sprint,0.0,False
B,10,1244,25.043,24.107,att,0.0,False
B,10,1244,25.043,24.107,tmobile,0.0,False
B,10,1244,25.043,24.107,verizon,0.04,True
B,10,1244,25.043,24.107,sprint,0.0,False
B,10,1249,25.147,24.211,att,0.04,True
B,10,1249,25.147,24.211,tmobile,0.0,False
B,10,1249,25.147,24.211,verizon,0.0,False
B,10,1249,25.147,24.211,sprint,0.0,False
B,10,1254,25.251,24.316,att,0.0,False
B,10,1254,25.251,24.316,tmobile,0.0,False
B,10,1254,25.251,24.316,verizon,0.0,False
B,10,1254,25.251,24.316,sprint,0.0,False
D,11,44,0.0,-0.936,att,0.0,False
D,11,44,0.0,-0.936,tmobile,0.0,False
D,11,44,0.0,-0.936,verizon,0.0,False
D,11,44,0.0,-0.936,sprint,0.0,False
D,11,49,0.104,-0.831,att,0.0,False
D,11,49,0.104,-0.831,tmobile,0.0,False
D,11,49,0.104,-0.831,verizon,0.0,False
D,11,49,0.104,-0.831,sprint,0.0,False
D,11,54,0.209,-0.727,att,0.0,False
D,11,54,0.209,-0.727,tmobile,0.0,False
D,11,54,0.209,-0.727,verizon,0.0,False
D,11,54,0.209,-0.727,sprint,0.0,False
D,11,59,0.313,-0.623,att,0.0,False
D,11,59,0.313,-0.623,tmobile,0.0,False
D,11,59,0.313,-0.623,verizon,0.0,False
D,11,59,0.313,-0.623,sprint,0.0,False
D,11,64,0.417,-0.518,att,0.0,False
D,11,64,0.417,-0.518,tmobile,0.0,False
D,11,64,0.417,-0.518,verizon,0.0,False
D,11,64,0.417,-0.518,sprint,0.0,False
D,11,69,0.522,-0.414,att,0.0,False
D,11,69,0.522,-0.414,tmobile,0.0,False
D,11,69,0.522,-0.414,verizon,0.0,False
D,11,69,0.522,-0.414,sprint,0.0,False
D,11,74,0.626,-0.31,att,0.0,False
D,11,74,0.626,-0.31,tmobile,0.0,False
D,11,74,0.626,-0.31,verizon,0.0,False
D,11,74,0.626,-0.31,sprint,0.0,False
D,11,79,0.73,-0.205,att,0.0,False
D,11,79,0.73,-0.205,tmobile,0.0,False
D,11,79,0.73,-0.205,verizon,0.0,False
D,11,79,0.73,-0.205,sprint,0.0,False
D,11,84,0.835,-0.101,att,0.0,False
D,11,84,0.835,-0.101,tmobile,0.0,False
D,11,84,0.835,-0.101,verizon,0.0,False
D,11,84,0.835,-0.101,sprint,0.0,False
D,11,89,0.939,0.003,att,0.0,False
D,11,89,0.939,0.003,tmobile,0.0,False
D,11,89,0.939,0.003,verizon,0.0,False
D,11,89,0.939,0.003,sprint,0.0,False
D,11,94,1.043,0.108,att,0.0,False
D,11,94,1.043,0.108,tmobile,0.0,False
D,11,94,1.043,0.108,verizon,0.0,False
D,11,94,1.043,0.108,sprint,0.0,False
D,11,99,1.148,0.212,att,0.0,False
D,11,99,1.148,0.212,tmobile,0.0,False
D,11,99,1.148,0.212,verizon,0.0,False
D,11,99,1.148,0.212,sprint,0.0,False
D,11,104,1.252,0.316,att,0.0,False
D,11,104,1.252,0.316,tmobile,0.0,False
D,11,104,1.252,0.316,verizon,0.0,False
D,11,104,1.252,0.316,sprint,0.0,False
D,11,109,1.356,0.421,att,0.0,False
D,11,109,1.356,0.421,tmobile,0.0,False
D,11,109,1.356,0.421,verizon,0.3704,True
D,11,109,1.356,0.421,sprint,0.0,False
D,11,114,1.461,0.525,att,0.0,False
D,11,114,1.461,0.525,tmobile,0.0,False
D,11,114,1.461,0.525,verizon,0.037,True
D,11,114,1.461,0.525,sprint,0.0,False
D,11,119,1.565,0.629,att,0.0,False
D,11,119,1.565,0.629,tmobile,0.0,False
D,11,119,1.565,0.629,verizon,0.0,False
D,11,119,1.565,0.629,sprint,0.0,False
D,11,124,1.67,0.734,att,0.0,False
D,11,124,1.67,0.734,tmobile,0.0,False
D,11,124,1.67,0.734,verizon,0.0,False
D,11,124,1.67,0.734,sprint,0.0,False
D,11,129,1.774,0.838,att,0.0,False
D,11,129,1.774,0.838,tmobile,0.0,False
D,11,129,1.774,0.838,verizon,0.0,False
D,11,129,1.774,0.838,sprint,0.0,False
D,11,134,1.878,0.942,att,0.0,False
D,11,134,1.878,0.942,tmobile,0.0,False
D,11,134,1.878,0.942,verizon,0.0,False
D,11,134,1.878,0.942,sprint,0.0,False
D,11,139,1.983,1.047,att,0.0,False
D,11,139,1.983,1.047,tmobile,0.0,False
D,11,139,1.983,1.047,verizon,0.0,False
D,11,139,1.983,1.047,sprint,0.0,False
D,11,144,2.087,1.151,att,0.0,False
D,11,144,2.087,1.151,tmobile,0.0,False
D,11,144,2.087,1.151,verizon,0.0,False
D,11,144,2.087,1.151,sprint,0.0,False
D,11,149,2.191,1.255,att,0.0,False
D,11,149,2.191,1.255,tmobile,0.0,False
D,11,149,2.191,1.255,verizon,0.0,False
D,11,149,2.191,1.255,sprint,0.0,False
D,11,154,2.296,1.36,att,0.0,False
D,11,154,2.296,1.36,tmobile,0.0,False
D,11,154,2.296,1.36,verizon,0.0,False
D,11,154,2.296,1.36,sprint,0.0,False
D,11,159,2.4,1.464,att,0.0,False
D,11,159,2.4,1.464,tmobile,0.0,False
D,11,159,2.4,1.464,verizon,0.0,False
D,11,159,2.4,1.464,sprint,0.037,True
D,11,164,2.504,1.569,att,0.0,False
D,11,164,2.504,1.569,tmobile,0.0,False
D,11,164,2.504,1.569,verizon,0.0,False
D,11,164,2.504,1.569,sprint,0.0,False
D,11,169,2.609,1.673,att,0.0,False
D,11,169,2.609,1.673,tmobile,0.0,False
D,11,169,2.609,1.673,verizon,0.0,False
D,11,169,2.609,1.673,sprint,0.0,False
D,11,174,2.713,1.777,att,0.0,False
D,11,174,2.713,1.777,tmobile,0.0,False
D,11,174,2.713,1.777,verizon,0.0,False
D,11,174,2.713,1.777,sprint,0.0,False
D,11,179,2.817,1.882,att,0.0,False
D,11,179,2.817,1.882,tmobile,0.0,False
D,11,179,2.817,1.882,verizon,0.0,False
D,11,179,2.817,1.882,sprint,0.0,False
D,11,184,2.922,1.986,att,0.0,False
D,11,184,2.922,1.986,tmobile,0.0,False
D,11,184,2.922,1.986,verizon,0.0,False
D,11,184,2.922,1.986,sprint,0.0,False
D,11,189,3.026,2.09,att,0.0,False
D,11,189,3.026,2.09,tmobile,0.0,False
D,11,189,3.026,2.09,verizon,0.0,False
D,11,189,3.026,2.09,sprint,0.0,False
D,11,194,3.13,2.195,att,0.0,False
D,11,194,3.13,2.195,tmobile,0.0,False
D,11,194,3.13,2.195,verizon,0.0,False
D,11,194,3.13,2.195,sprint,0.0,False
D,11,199,3.235,2.299,att,0.0,False
D,11,199,3.235,2.299,tmobile,0.0,False
D,11,199,3.235,2.299,verizon,0.0,False
D,11,199,3.235,2.299,sprint,0.0,False
D,11,204,3.339,2.403,att,0.0,False
D,11,204,3.339,2.403,tmobile,0.0,False
D,11,204,3.339,2.403,verizon,0.0,False
D,11,204,3.339,2.403,sprint,0.0,False
D,11,209,3.443,2.508,att,0.0,False
D,11,209,3.443,2.508,tmobile,0.0,False
D,11,209,3.443,2.508,verizon,0.0,False
D,11,209,3.443,2.508,sprint,0.0,False
D,11,214,3.548,2.612,att,0.0,False
D,11,214,3.548,2.612,tmobile,0.0,False
D,11,214,3.548,2.612,verizon,0.0,False
D,11,214,3.548,2.612,sprint,0.0,False
D,11,219,3.652,2.716,att,0.0,False
D,11,219,3.652,2.716,tmobile,0.0,False
D,11,219,3.652,2.716,verizon,0.0,False
D,11,219,3.652,2.716,sprint,0.0,False
D,11,224,3.756,2.821,att,0.0,False
D,11,224,3.756,2.821,tmobile,0.0,False
D,11,224,3.756,2.821,verizon,0.0,False
D,11,224,3.756,2.821,sprint,0.0,False
D,11,229,3.861,2.925,att,0.0,False
D,11,229,3.861,2.925,tmobile,0.0,False
D,11,229,3.861,2.925,verizon,0.0,False
D,11,229,3.861,2.925,sprint,0.0,False
D,11,234,3.965,3.029,att,0.0,False
D,11,234,3.965,3.029,tmobile,0.0,False
D,11,234,3.965,3.029,verizon,0.0,False
D,11,234,3.965,3.029,sprint,0.0,False
D,11,239,4.069,3.134,att,0.0,False
D,11,239,4.069,3.134,tmobile,0.0,False
D,11,239,4.069,3.134,verizon,0.0,False
D,11,239,4.069,3.134,sprint,0.0,False
D,11,244,4.174,3.238,att,0.0,False
D,11,244,4.174,3.238,tmobile,0.0,False
D,11,244,4.174,3.238,verizon,0.0,False
D,11,244,4.174,3.238,sprint,0.0,False
D,11,249,4.278,3.342,att,0.0,False
D,11,249,4.278,3.342,tmobile,0.0,False
D,11,249,4.278,3.342,verizon,0.0,False
D,11,249,4.278,3.342,sprint,0.0,False
D,11,254,4.382,3.447,att,0.0,False
D,11,254,4.382,3.447,tmobile,0.0,False
D,11,254,4.382,3.447,verizon,0.0,False
D,11,254,4.382,3.447,sprint,0.0,False
D,11,259,4.487,3.551,att,0.0,False
D,11,259,4.487,3.551,tmobile,0.0,False
D,11,259,4.487,3.551,verizon,0.0,False
D,11,259,4.487,3.551,sprint,0.0,False
D,11,264,4.591,3.655,att,0.0,False
D,11,264,4.591,3.655,tmobile,0.0,False
D,11,264,4.591,3.655,verizon,0.0,False
D,11,264,4.591,3.655,sprint,0.0,False
D,11,269,4.695,3.76,att,0.0,False
D,11,269,4.695,3.76,tmobile,0.0,False
D,11,269,4.695,3.76,verizon,0.0,False
D,11,269,4.695,3.76,sprint,0.0,False
D,11,274,4.8,3.864,att,0.0,False
D,11,274,4.8,3.864,tmobile,0.0,False
D,11,274,4.8,3.864,verizon,0.0,False
D,11,274,4.8,3.864,sprint,0.0,False
D,11,279,4.904,3.968,att,0.0,False
D,11,279,4.904,3.968,tmobile,0.0,False
D,11,279,4.904,3.968,verizon,0.0,False
D,11,279,4.904,3.968,sprint,0.0,False
D,11,284,5.009,4.073,att,0.0,False
D,11,284,5.009,4.073,tmobile,0.0,False
D,11,284,5.009,4.073,verizon,0.0,False
D,11,284,5.009,4.073,sprint,0.0,False
D,11,289,5.113,4.177,att,0.0,False
D,11,289,5.113,4.177,tmobile,0.0,False
D,11,289,5.113,4.177,verizon,0.0,False
D,11,289,5.113,4.177,sprint,0.0,False
D,11,294,5.217,4.281,att,0.0,False
D,11,294,5.217,4.281,tmobile,0.0,False
D,11,294,5.217,4.281,verizon,0.0,False
D,11,294,5.217,4.281,sprint,0.0,False
D,11,299,5.322,4.386,att,0.0,False
D,11,299,5.322,4.386,tmobile,0.0,False
D,11,299,5.322,4.386,verizon,0.0,False
D,11,299,5.322,4.386,sprint,0.0,False
D,11,304,5.426,4.49,att,0.0,False
D,11,304,5.426,4.49,tmobile,0.0,False
D,11,304,5.426,4.49,verizon,0.0,False
D,11,304,5.426,4.49,sprint,0.0,False
D,11,309,5.53,4.594,att,0.0,False
D,11,309,5.53,4.594,tmobile,0.0,False
D,11,309,5.53,4.594,verizon,0.0,False
D,11,309,5.53,4.594,sprint,0.0,False
D,11,314,5.635,4.699,att,0.0,False
D,11,314,5.635,4.699,tmobile,0.0,False
D,11,314,5.635,4.699,verizon,0.0,False
D,11,314,5.635,4.699,sprint,0.0,False
D,11,319,5.739,4.803,att,0.0,False
D,11,319,5.739,4.803,tmobile,0.0,False
D,11,319,5.739,4.803,verizon,0.0,False
D,11,319,5.739,4.803,sprint,0.0,False
D,11,324,5.843,4.908,att,0.0,False
D,11,324,5.843,4.908,tmobile,0.0,False
D,11,324,5.843,4.908,verizon,0.0,False
D,11,324,5.843,4.908,sprint,0.0,False
D,11,329,5.948,5.012,att,0.0,False
D,11,329,5.948,5.012,tmobile,0.0,False
D,11,329,5.948,5.012,verizon,0.0,False
D,11,329,5.948,5.012,sprint,0.0,False
D,11,334,6.052,5.116,att,0.0,False
D,11,334,6.052,5.116,tmobile,0.0,False
D,11,334,6.052,5.116,verizon,0.0,False
D,11,334,6.052,5.116,sprint,0.0,False
D,11,339,6.156,5.221,att,0.0,False
D,11,339,6.156,5.221,tmobile,0.0,False
D,11,339,6.156,5.221,verizon,0.0,False
D,11,339,6.156,5.221,sprint,0.0,False
D,11,344,6.261,5.325,att,0.0,False
D,11,344,6.261,5.325,tmobile,0.0,False
D,11,344,6.261,5.325,verizon,0.0,False
D,11,344,6.261,5.325,sprint,0.0,False
D,11,349,6.365,5.429,att,0.0,False
D,11,349,6.365,5.429,tmobile,0.0,False
D,11,349,6.365,5.429,verizon,0.0,False
D,11,349,6.365,5.429,sprint,0.0,False
D,11,354,6.469,5.534,att,0.0,False
D,11,354,6.469,5.534,tmobile,0.0,False
D,11,354,6.469,5.534,verizon,0.0,False
D,11,354,6.469,5.534,sprint,0.0,False
D,11,359,6.574,5.638,att,0.0,False
D,11,359,6.574,5.638,tmobile,0.0,False
D,11,359,6.574,5.638,verizon,0.0,False
D,11,359,6.574,5.638,sprint,0.0,False
D,11,364,6.678,5.742,att,0.0,False
D,11,364,6.678,5.742,tmobile,0.0,False
D,11,364,6.678,5.742,verizon,0.0,False
D,11,364,6.678,5.742,sprint,0.0,False
D,11,369,6.782,5.847,att,0.0,False
D,11,369,6.782,5.847,tmobile,0.0,False
D,11,369,6.782,5.847,verizon,0.0,False
D,11,369,6.782,5.847,sprint,0.0,False
D,11,374,6.887,5.951,att,0.0,False
D,11,374,6.887,5.951,tmobile,0.0,False
D,11,374,6.887,5.951,verizon,0.0,False
D,11,374,6.887,5.951,sprint,0.0,False
D,11,379,6.991,6.055,att,0.0,False
D,11,379,6.991,6.055,tmobile,0.0,False
D,11,379,6.991,6.055,verizon,0.0,False
D,11,379,6.991,6.055,sprint,0.0741,True
D,11,384,7.095,6.16,att,0.0,False
D,11,384,7.095,6.16,tmobile,0.0,False
D,11,384,7.095,6.16,verizon,0.0,False
D,11,384,7.095,6.16,sprint,0.0,False
D,11,389,7.2,6.264,att,0.0,False
D,11,389,7.2,6.264,tmobile,0.0,False
D,11,389,7.2,6.264,verizon,0.0,False
D,11,389,7.2,6.264,sprint,0.0,False
D,11,394,7.304,6.368,att,0.0,False
D,11,394,7.304,6.368,tmobile,0.0,False
D,11,394,7.304,6.368,verizon,0.0,False
D,11,394,7.304,6.368,sprint,0.0,False
D,11,399,7.408,6.473,att,0.0,False
D,11,399,7.408,6.473,tmobile,0.0,False
D,11,399,7.408,6.473,verizon,0.0,False
D,11,399,7.408,6.473,sprint,0.0,False
D,11,404,7.513,6.577,att,0.0,False
D,11,404,7.513,6.577,tmobile,0.0,False
D,11,404,7.513,6.577,verizon,0.0,False
D,11,404,7.513,6.577,sprint,0.1481,True
D,11,409,7.617,6.681,att,0.1111,True
D,11,409,7.617,6.681,tmobile,0.0,False
D,11,409,7.617,6.681,verizon,0.0,False
D,11,409,7.617,6.681,sprint,0.1111,True
D,11,414,7.721,6.786,att,0.0,False
D,11,414,7.721,6.786,tmobile,0.0,False
D,11,414,7.721,6.786,verizon,0.0,False
D,11,414,7.721,6.786,sprint,0.0,False
D,11,419,7.826,6.89,att,0.0,False
D,11,419,7.826,6.89,tmobile,0.0,False
D,11,419,7.826,6.89,verizon,0.0,False
D,11,419,7.826,6.89,sprint,0.0,False
D,11,424,7.93,6.994,att,0.0,False
D,11,424,7.93,6.994,tmobile,0.0,False
D,11,424,7.93,6.994,verizon,0.0,False
D,11,424,7.93,6.994,sprint,0.0,False
D,11,429,8.035,7.099,att,0.0,False
D,11,429,8.035,7.099,tmobile,0.0,False
D,11,429,8.035,7.099,verizon,0.0,False
D,11,429,8.035,7.099,sprint,0.0,False
D,11,434,8.139,7.203,att,0.0,False
D,11,434,8.139,7.203,tmobile,0.0,False
D,11,434,8.139,7.203,verizon,0.0,False
D,11,434,8.139,7.203,sprint,0.0,False
D,11,439,8.243,7.307,att,0.0,False
D,11,439,8.243,7.307,tmobile,0.0,False
D,11,439,8.243,7.307,verizon,0.0,False
D,11,439,8.243,7.307,sprint,0.0,False
D,11,444,8.348,7.412,att,0.0,False
D,11,444,8.348,7.412,tmobile,0.0,False
D,11,444,8.348,7.412,verizon,0.0,False
D,11,444,8.348,7.412,sprint,0.0,False
D,11,449,8.452,7.516,att,0.0,False
D,11,449,8.452,7.516,tmobile,0.0,False
D,11,449,8.452,7.516,verizon,0.0,False
D,11,449,8.452,7.516,sprint,0.0,False
D,11,454,8.556,7.62,att,0.0,False
D,11,454,8.556,7.62,tmobile,0.0,False
D,11,454,8.556,7.62,verizon,0.0,False
D,11,454,8.556,7.62,sprint,0.0,False
D,11,459,8.661,7.725,att,0.0,False
D,11,459,8.661,7.725,tmobile,0.0,False
D,11,459,8.661,7.725,verizon,0.0,False
D,11,459,8.661,7.725,sprint,0.0,False
D,11,464,8.765,7.829,att,0.0,False
D,11,464,8.765,7.829,tmobile,0.0,False
D,11,464,8.765,7.829,verizon,0.0,False
D,11,464,8.765,7.829,sprint,0.0,False
D,11,469,8.869,7.933,att,0.0,False
D,11,469,8.869,7.933,tmobile,0.0,False
D,11,469,8.869,7.933,verizon,0.0,False
D,11,469,8.869,7.933,sprint,0.0,False
D,11,474,8.974,8.038,att,0.0,False
D,11,474,8.974,8.038,tmobile,0.0,False
D,11,474,8.974,8.038,verizon,0.0741,True
D,11,474,8.974,8.038,sprint,0.0,False
D,11,479,9.078,8.142,att,0.0,False
D,11,479,9.078,8.142,tmobile,0.0,False
D,11,479,9.078,8.142,verizon,0.0,False
D,11,479,9.078,8.142,sprint,0.0,False
D,11,484,9.182,8.247,att,0.0,False
D,11,484,9.182,8.247,tmobile,0.037,True
D,11,484,9.182,8.247,verizon,0.0741,True
D,11,484,9.182,8.247,sprint,0.0,False
D,11,489,9.287,8.351,att,0.0,False
D,11,489,9.287,8.351,tmobile,0.1852,True
D,11,489,9.287,8.351,verizon,0.3704,True
D,11,489,9.287,8.351,sprint,0.037,True
D,11,494,9.391,8.455,att,0.0,False
D,11,494,9.391,8.455,tmobile,0.0,False
D,11,494,9.391,8.455,verizon,0.037,True
D,11,494,9.391,8.455,sprint,0.0,False
D,11,499,9.495,8.56,att,0.0,False
D,11,499,9.495,8.56,tmobile,0.0,False
D,11,499,9.495,8.56,verizon,0.0,False
D,11,499,9.495,8.56,sprint,0.0,False
D,11,504,9.6,8.664,att,0.037,True
D,11,504,9.6,8.664,tmobile,0.037,True
D,11,504,9.6,8.664,verizon,0.0,False
D,11,504,9.6,8.664,sprint,0.0,False
D,11,509,9.704,8.768,att,0.0,False
D,11,509,9.704,8.768,tmobile,0.0741,True
D,11,509,9.704,8.768,verizon,0.0,False
D,11,509,9.704,8.768,sprint,0.0,False
D,11,514,9.808,8.873,att,0.0,False
D,11,514,9.808,8.873,tmobile,0.0,False
D,11,514,9.808,8.873,verizon,0.2593,True
D,11,514,9.808,8.873,sprint,0.0,False
D,11,519,9.913,8.977,att,0.0,False
D,11,519,9.913,8.977,tmobile,0.0,False
D,11,519,9.913,8.977,verizon,0.037,True
D,11,519,9.913,8.977,sprint,0.0,False
D,11,524,10.017,9.081,att,0.0,False
D,11,524,10.017,9.081,tmobile,0.037,True
D,11,524,10.017,9.081,verizon,0.037,True
D,11,524,10.017,9.081,sprint,0.0,False
D,11,529,10.121,9.186,att,0.0,False
D,11,529,10.121,9.186,tmobile,0.037,True
D,11,529,10.121,9.186,verizon,0.0,False
D,11,529,10.121,9.186,sprint,0.0,False
D,11,534,10.226,9.29,att,0.0,False
D,11,534,10.226,9.29,tmobile,0.5926,True
D,11,534,10.226,9.29,verizon,0.6667,True
D,11,534,10.226,9.29,sprint,0.0,False
D,11,539,10.33,9.394,att,0.0,False
D,11,539,10.33,9.394,tmobile,0.0,False
D,11,539,10.33,9.394,verizon,0.0,False
D,11,539,10.33,9.394,sprint,0.0,False
D,11,544,10.434,9.499,att,0.0,False
D,11,544,10.434,9.499,tmobile,0.037,True
D,11,544,10.434,9.499,verizon,0.037,True
D,11,544,10.434,9.499,sprint,0.0,False
D,11,549,10.539,9.603,att,0.0,False
D,11,549,10.539,9.603,tmobile,0.0,False
D,11,549,10.539,9.603,verizon,0.037,True
D,11,549,10.539,9.603,sprint,0.0,False
D,11,554,10.643,9.707,att,0.0,False
D,11,554,10.643,9.707,tmobile,0.1111,True
D,11,554,10.643,9.707,verizon,0.1111,True
D,11,554,10.643,9.707,sprint,0.0,False
D,11,559,10.747,9.812,att,0.0,False
D,11,559,10.747,9.812,tmobile,0.0,False
D,11,559,10.747,9.812,verizon,0.0,False
D,11,559,10.747,9.812,sprint,0.0,False
D,11,564,10.852,9.916,att,0.0,False
D,11,564,10.852,9.916,tmobile,0.0,False
D,11,564,10.852,9.916,verizon,0.0,False
D,11,564,10.852,9.916,sprint,0.0,False
D,11,569,10.956,10.02,att,0.0,False
D,11,569,10.956,10.02,tmobile,0.0,False
D,11,569,10.956,10.02,verizon,0.037,True
D,11,569,10.956,10.02,sprint,0.0,False
D,11,574,11.06,10.125,att,0.0,False
D,11,574,11.06,10.125,tmobile,0.0,False
D,11,574,11.06,10.125,verizon,0.037,True
D,11,574,11.06,10.125,sprint,0.0,False
D,11,579,11.165,10.229,att,0.0,False
D,11,579,11.165,10.229,tmobile,0.0,False
D,11,579,11.165,10.229,verizon,0.0741,True
D,11,579,11.165,10.229,sprint,0.0741,True
D,11,584,11.269,10.333,att,0.0,False
D,11,584,11.269,10.333,tmobile,0.0,False
D,11,584,11.269,10.333,verizon,0.0,False
D,11,584,11.269,10.333,sprint,0.0,False
D,11,589,11.374,10.438,att,0.0,False
D,11,589,11.374,10.438,tmobile,0.0,False
D,11,589,11.374,10.438,verizon,0.0,False
D,11,589,11.374,10.438,sprint,0.0,False
D,11,594,11.478,10.542,att,0.0,False
D,11,594,11.478,10.542,tmobile,0.4815,True
D,11,594,11.478,10.542,verizon,0.037,True
D,11,594,11.478,10.542,sprint,0.037,True
D,11,599,11.582,10.646,att,0.0,False
D,11,599,11.582,10.646,tmobile,0.0,False
D,11,599,11.582,10.646,verizon,0.037,True
D,11,599,11.582,10.646,sprint,0.0,False
D,11,604,11.687,10.751,att,0.0,False
D,11,604,11.687,10.751,tmobile,0.0,False
D,11,604,11.687,10.751,verizon,0.0,False
D,11,604,11.687,10.751,sprint,0.0741,True
D,11,609,11.791,10.855,att,0.0,False
D,11,609,11.791,10.855,tmobile,0.1481,True
D,11,609,11.791,10.855,verizon,0.0,False
D,11,609,11.791,10.855,sprint,0.0,False
D,11,614,11.895,10.959,att,0.0,False
D,11,614,11.895,10.959,tmobile,0.0,False
D,11,614,11.895,10.959,verizon,0.037,True
D,11,614,11.895,10.959,sprint,0.0,False
D,11,619,12.0,11.064,att,0.0,False
D,11,619,12.0,11.064,tmobile,0.0,False
D,11,619,12.0,11.064,verizon,0.0741,True
D,11,619,12.0,11.064,sprint,0.0,False
D,11,624,12.104,11.168,att,0.037,True
D,11,624,12.104,11.168,tmobile,0.037,True
D,11,624,12.104,11.168,verizon,0.0,False
D,11,624,12.104,11.168,sprint,0.0,False
D,11,629,12.208,11.273,att,0.0,False
D,11,629,12.208,11.273,tmobile,0.0,False
D,11,629,12.208,11.273,verizon,0.0,False
D,11,629,12.208,11.273,sprint,0.0,False
D,11,634,12.313,11.377,att,0.0,False
D,11,634,12.313,11.377,tmobile,0.0,False
D,11,634,12.313,11.377,verizon,0.0,False
D,11,634,12.313,11.377,sprint,0.0,False
D,11,639,12.417,11.481,att,0.0,False
D,11,639,12.417,11.481,tmobile,0.0,False
D,11,639,12.417,11.481,verizon,0.0741,True
D,11,639,12.417,11.481,sprint,0.037,True
D,11,644,12.521,11.586,att,0.0,False
D,11,644,12.521,11.586,tmobile,0.037,True
D,11,644,12.521,11.586,verizon,0.0741,True
D,11,644,12.521,11.586,sprint,0.0,False
D,11,649,12.626,11.69,att,0.0,False
D,11,649,12.626,11.69,tmobile,0.0,False
D,11,649,12.626,11.69,verizon,0.2222,True
D,11,649,12.626,11.69,sprint,0.0,False
D,11,654,12.73,11.794,att,0.0,False
D,11,654,12.73,11.794,tmobile,0.0,False
D,11,654,12.73,11.794,verizon,0.0,False
D,11,654,12.73,11.794,sprint,0.0,False
D,11,659,12.834,11.899,att,0.037,True
D,11,659,12.834,11.899,tmobile,0.0,False
D,11,659,12.834,11.899,verizon,0.0741,True
D,11,659,12.834,11.899,sprint,0.0,False
D,11,664,12.939,12.003,att,0.0,False
D,11,664,12.939,12.003,tmobile,0.037,True
D,11,664,12.939,12.003,verizon,0.0,False
D,11,664,12.939,12.003,sprint,0.0,False
D,11,669,13.043,12.107,att,0.0,False
D,11,669,13.043,12.107,tmobile,0.1852,True
D,11,669,13.043,12.107,verizon,0.0,False
D,11,669,13.043,12.107,sprint,0.0,False
D,11,674,13.147,12.212,att,0.0,False
D,11,674,13.147,12.212,tmobile,0.0,False
D,11,674,13.147,12.212,verizon,0.0,False
D,11,674,13.147,12.212,sprint,0.0,False
D,11,679,13.252,12.316,att,0.0,False
D,11,679,13.252,12.316,tmobile,0.1852,True
D,11,679,13.252,12.316,verizon,0.3704,True
D,11,679,13.252,12.316,sprint,0.0,False
D,11,684,13.356,12.42,att,0.0,False
D,11,684,13.356,12.42,tmobile,0.0,False
D,11,684,13.356,12.42,verizon,0.037,True
D,11,684,13.356,12.42,sprint,0.0,False
D,11,689,13.46,12.525,att,0.037,True
D,11,689,13.46,12.525,tmobile,0.0,False
D,11,689,13.46,12.525,verizon,0.037,True
D,11,689,13.46,12.525,sprint,0.0,False
D,11,694,13.565,12.629,att,0.2222,True
D,11,694,13.565,12.629,tmobile,0.037,True
D,11,694,13.565,12.629,verizon,0.0,False
D,11,694,13.565,12.629,sprint,0.0,False
D,11,699,13.669,12.733,att,0.0,False
D,11,699,13.669,12.733,tmobile,0.0,False
D,11,699,13.669,12.733,verizon,0.0,False
D,11,699,13.669,12.733,sprint,0.0,False
D,11,704,13.773,12.838,att,0.0,False
D,11,704,13.773,12.838,tmobile,0.0,False
D,11,704,13.773,12.838,verizon,0.0,False
D,11,704,13.773,12.838,sprint,0.0,False
D,11,709,13.878,12.942,att,0.0,False
D,11,709,13.878,12.942,tmobile,0.0,False
D,11,709,13.878,12.942,verizon,0.0,False
D,11,709,13.878,12.942,sprint,0.0,False
D,11,714,13.982,13.046,att,0.0,False
D,11,714,13.982,13.046,tmobile,0.0,False
D,11,714,13.982,13.046,verizon,0.0,False
D,11,714,13.982,13.046,sprint,0.0,False
D,11,719,14.086,13.151,att,0.0,False
D,11,719,14.086,13.151,tmobile,0.0,False
D,11,719,14.086,13.151,verizon,0.0,False
D,11,719,14.086,13.151,sprint,0.0,False
D,11,724,14.191,13.255,att,0.0,False
D,11,724,14.191,13.255,tmobile,0.0,False
D,11,724,14.191,13.255,verizon,0.0,False
D,11,724,14.191,13.255,sprint,0.0,False
D,11,729,14.295,13.359,att,0.0,False
D,11,729,14.295,13.359,tmobile,0.0,False
D,11,729,14.295,13.359,verizon,0.0,False
D,11,729,14.295,13.359,sprint,0.0,False
D,11,734,14.399,13.464,att,0.0,False
D,11,734,14.399,13.464,tmobile,0.0,False
D,11,734,14.399,13.464,verizon,0.0,False
D,11,734,14.399,13.464,sprint,0.0,False
D,11,739,14.504,13.568,att,0.0,False
D,11,739,14.504,13.568,tmobile,0.0,False
D,11,739,14.504,13.568,verizon,0.0,False
D,11,739,14.504,13.568,sprint,0.0,False
D,11,744,14.608,13.672,att,0.0,False
D,11,744,14.608,13.672,tmobile,0.0,False
D,11,744,14.608,13.672,verizon,0.0,False
D,11,744,14.608,13.672,sprint,0.0,False
D,11,749,14.713,13.777,att,0.0,False
D,11,749,14.713,13.777,tmobile,0.0,False
D,11,749,14.713,13.777,verizon,0.0,False
D,11,749,14.713,13.777,sprint,0.0,False
D,11,754,14.817,13.881,att,0.0,False
D,11,754,14.817,13.881,tmobile,0.0,False
D,11,754,14.817,13.881,verizon,0.0,False
D,11,754,14.817,13.881,sprint,0.0,False
D,11,759,14.921,13.985,att,0.0,False
D,11,759,14.921,13.985,tmobile,0.0,False
D,11,759,14.921,13.985,verizon,0.0,False
D,11,759,14.921,13.985,sprint,0.0,False
D,11,764,15.026,14.09,att,0.0,False
D,11,764,15.026,14.09,tmobile,0.0,False
D,11,764,15.026,14.09,verizon,0.0,False
D,11,764,15.026,14.09,sprint,0.0,False
D,11,769,15.13,14.194,att,0.0,False
D,11,769,15.13,14.194,tmobile,0.0,False
D,11,769,15.13,14.194,verizon,0.0,False
D,11,769,15.13,14.194,sprint,0.0,False
D,11,774,15.234,14.298,att,0.0,False
D,11,774,15.234,14.298,tmobile,0.0,False
D,11,774,15.234,14.298,verizon,0.0,False
D,11,774,15.234,14.298,sprint,0.0,False
D,11,779,15.339,14.403,att,0.0,False
D,11,779,15.339,14.403,tmobile,0.0,False
D,11,779,15.339,14.403,verizon,0.037,True
D,11,779,15.339,14.403,sprint,0.0,False
D,11,784,15.443,14.507,att,0.0,False
D,11,784,15.443,14.507,tmobile,0.037,True
D,11,784,15.443,14.507,verizon,0.037,True
D,11,784,15.443,14.507,sprint,0.0,False
D,11,789,15.547,14.612,att,0.0,False
D,11,789,15.547,14.612,tmobile,0.0,False
D,11,789,15.547,14.612,verizon,0.0,False
D,11,789,15.547,14.612,sprint,0.0,False
D,11,794,15.652,14.716,att,0.0,False
D,11,794,15.652,14.716,tmobile,0.0,False
D,11,794,15.652,14.716,verizon,0.1481,True
D,11,794,15.652,14.716,sprint,0.0,False
D,11,799,15.756,14.82,att,0.0,False
D,11,799,15.756,14.82,tmobile,0.037,True
D,11,799,15.756,14.82,verizon,0.037,True
D,11,799,15.756,14.82,sprint,0.0,False
D,11,804,15.86,14.925,att,0.0,False
D,11,804,15.86,14.925,tmobile,0.0,False
D,11,804,15.86,14.925,verizon,0.0,False
D,11,804,15.86,14.925,sprint,0.0,False
D,11,809,15.965,15.029,att,0.0,False
D,11,809,15.965,15.029,tmobile,0.037,True
D,11,809,15.965,15.029,verizon,0.0,False
D,11,809,15.965,15.029,sprint,0.0,False
D,11,814,16.069,15.133,att,0.0,False
D,11,814,16.069,15.133,tmobile,0.0,False
D,11,814,16.069,15.133,verizon,0.037,True
D,11,814,16.069,15.133,sprint,0.0,False
D,11,819,16.173,15.238,att,0.0,False
D,11,819,16.173,15.238,tmobile,0.037,True
D,11,819,16.173,15.238,verizon,0.0741,True
D,11,819,16.173,15.238,sprint,0.0,False
D,11,824,16.278,15.342,att,0.0,False
D,11,824,16.278,15.342,tmobile,0.037,True
D,11,824,16.278,15.342,verizon,0.037,True
D,11,824,16.278,15.342,sprint,0.0,False
D,11,829,16.382,15.446,att,0.0,False
D,11,829,16.382,15.446,tmobile,0.037,True
D,11,829,16.382,15.446,verizon,0.0,False
D,11,829,16.382,15.446,sprint,0.0,False
D,11,834,16.486,15.551,att,0.0,False
D,11,834,16.486,15.551,tmobile,0.0,False
D,11,834,16.486,15.551,verizon,0.037,True
D,11,834,16.486,15.551,sprint,0.0,False
D,11,839,16.591,15.655,att,0.0,False
D,11,839,16.591,15.655,tmobile,0.0741,True
D,11,839,16.591,15.655,verizon,0.1111,True
D,11,839,16.591,15.655,sprint,0.0,False
D,11,844,16.695,15.759,att,0.0,False
D,11,844,16.695,15.759,tmobile,0.037,True
D,11,844,16.695,15.759,verizon,0.0,False
D,11,844,16.695,15.759,sprint,0.0,False
D,11,849,16.799,15.864,att,0.0,False
D,11,849,16.799,15.864,tmobile,0.037,True
D,11,849,16.799,15.864,verizon,0.0741,True
D,11,849,16.799,15.864,sprint,0.0,False
D,11,854,16.904,15.968,att,0.0,False
D,11,854,16.904,15.968,tmobile,0.0,False
D,11,854,16.904,15.968,verizon,0.0,False
D,11,854,16.904,15.968,sprint,0.037,True
D,11,859,17.008,16.072,att,0.0,False
D,11,859,17.008,16.072,tmobile,0.0,False
D,11,859,17.008,16.072,verizon,0.0,False
D,11,859,17.008,16.072,sprint,0.0,False
D,11,864,17.112,16.177,att,0.0,False
D,11,864,17.112,16.177,tmobile,0.0,False
D,11,864,17.112,16.177,verizon,0.0,False
D,11,864,17.112,16.177,sprint,0.0,False
D,11,869,17.217,16.281,att,0.0,False
D,11,869,17.217,16.281,tmobile,0.0,False
D,11,869,17.217,16.281,verizon,0.0,False
D,11,869,17.217,16.281,sprint,0.0,False
D,11,874,17.321,16.385,att,0.0,False
D,11,874,17.321,16.385,tmobile,0.0,False
D,11,874,17.321,16.385,verizon,0.0,False
D,11,874,17.321,16.385,sprint,0.0,False
D,11,879,17.425,16.49,att,0.0,False
D,11,879,17.425,16.49,tmobile,0.0,False
D,11,879,17.425,16.49,verizon,0.0,False
D,11,879,17.425,16.49,sprint,0.0,False
D,11,884,17.53,16.594,att,0.0,False
D,11,884,17.53,16.594,tmobile,0.0,False
D,11,884,17.53,16.594,verizon,0.0,False
D,11,884,17.53,16.594,sprint,0.0,False
D,11,889,17.634,16.698,att,0.0,False
D,11,889,17.634,16.698,tmobile,0.0,False
D,11,889,17.634,16.698,verizon,0.0,False
D,11,889,17.634,16.698,sprint,0.0,False
D,11,894,17.739,16.803,att,0.0,False
D,11,894,17.739,16.803,tmobile,0.0,False
D,11,894,17.739,16.803,verizon,0.0,False
D,11,894,17.739,16.803,sprint,0.0,False
D,11,899,17.843,16.907,att,0.0,False
D,11,899,17.843,16.907,tmobile,0.0,False
D,11,899,17.843,16.907,verizon,0.0,False
D,11,899,17.843,16.907,sprint,0.0,False
D,11,904,17.947,17.011,att,0.0,False
D,11,904,17.947,17.011,tmobile,0.0,False
D,11,904,17.947,17.011,verizon,0.0,False
D,11,904,17.947,17.011,sprint,0.0,False
D,11,909,18.052,17.116,att,0.0,False
D,11,909,18.052,17.116,tmobile,0.0,False
D,11,909,18.052,17.116,verizon,0.0,False
D,11,909,18.052,17.116,sprint,0.0,False
D,11,914,18.156,17.22,att,0.0,False
D,11,914,18.156,17.22,tmobile,0.0,False
D,11,914,18.156,17.22,verizon,0.0,False
D,11,914,18.156,17.22,sprint,0.0,False
D,11,919,18.26,17.324,att,0.0,False
D,11,919,18.26,17.324,tmobile,0.0,False
D,11,919,18.26,17.324,verizon,0.0,False
D,11,919,18.26,17.324,sprint,0.0,False
D,11,924,18.365,17.429,att,0.0,False
D,11,924,18.365,17.429,tmobile,0.0,False
D,11,924,18.365,17.429,verizon,0.0,False
D,11,924,18.365,17.429,sprint,0.0,False
D,11,929,18.469,17.533,att,0.0,False
D,11,929,18.469,17.533,tmobile,0.0,False
D,11,929,18.469,17.533,verizon,0.0,False
D,11,929,18.469,17.533,sprint,0.0,False
D,11,934,18.573,17.638,att,0.0,False
D,11,934,18.573,17.638,tmobile,0.0,False
D,11,934,18.573,17.638,verizon,0.0,False
D,11,934,18.573,17.638,sprint,0.0,False
D,11,939,18.678,17.742,att,0.0,False
D,11,939,18.678,17.742,tmobile,0.0,False
D,11,939,18.678,17.742,verizon,0.0,False
D,11,939,18.678,17.742,sprint,0.0,False
D,11,944,18.782,17.846,att,0.0,False
D,11,944,18.782,17.846,tmobile,0.0,False
D,11,944,18.782,17.846,verizon,0.037,True
D,11,944,18.782,17.846,sprint,0.0,False
D,11,949,18.886,17.951,att,0.0,False
D,11,949,18.886,17.951,tmobile,0.0,False
D,11,949,18.886,17.951,verizon,0.0,False
D,11,949,18.886,17.951,sprint,0.0,False
D,11,954,18.991,18.055,att,0.0,False
D,11,954,18.991,18.055,tmobile,0.0,False
D,11,954,18.991,18.055,verizon,0.037,True
D,11,954,18.991,18.055,sprint,0.0,False
D,11,959,19.095,18.159,att,0.0,False
D,11,959,19.095,18.159,tmobile,0.0,False
D,11,959,19.095,18.159,verizon,0.1111,True
D,11,959,19.095,18.159,sprint,0.0,False
D,11,964,19.199,18.264,att,0.0,False
D,11,964,19.199,18.264,tmobile,0.0,False
D,11,964,19.199,18.264,verizon,0.0,False
D,11,964,19.199,18.264,sprint,0.0,False
D,11,969,19.304,18.368,att,0.0,False
D,11,969,19.304,18.368,tmobile,0.0,False
D,11,969,19.304,18.368,verizon,0.0,False
D,11,969,19.304,18.368,sprint,0.0,False
D,11,974,19.408,18.472,att,0.3333,True
D,11,974,19.408,18.472,tmobile,0.0,False
D,11,974,19.408,18.472,verizon,0.0,False
D,11,974,19.408,18.472,sprint,0.0,False
D,11,979,19.512,18.577,att,0.0,False
D,11,979,19.512,18.577,tmobile,0.0,False
D,11,979,19.512,18.577,verizon,0.0,False
D,11,979,19.512,18.577,sprint,0.0,False
D,11,984,19.617,18.681,att,0.0741,True
D,11,984,19.617,18.681,tmobile,0.0,False
D,11,984,19.617,18.681,verizon,0.0,False
D,11,984,19.617,18.681,sprint,0.0,False
D,11,989,19.721,18.785,att,0.0,False
D,11,989,19.721,18.785,tmobile,0.0,False
D,11,989,19.721,18.785,verizon,0.0,False
D,11,989,19.721,18.785,sprint,0.0,False
D,11,994,19.825,18.89,att,0.0,False
D,11,994,19.825,18.89,tmobile,0.0,False
D,11,994,19.825,18.89,verizon,0.0,False
D,11,994,19.825,18.89,sprint,0.0,False
D,11,999,19.93,18.994,att,0.0,False
D,11,999,19.93,18.994,tmobile,0.0,False
D,11,999,19.93,18.994,verizon,0.2222,True
D,11,999,19.93,18.994,sprint,0.0,False
D,11,1004,20.034,19.098,att,0.0,False
D,11,1004,20.034,19.098,tmobile,0.0,False
D,11,1004,20.034,19.098,verizon,0.3333,True
D,11,1004,20.034,19.098,sprint,0.0,False
D,11,1009,20.138,19.203,att,0.0,False
D,11,1009,20.138,19.203,tmobile,0.0,False
D,11,1009,20.138,19.203,verizon,0.0,False
D,11,1009,20.138,19.203,sprint,0.0,False
D,11,1014,20.243,19.307,att,0.0,False
D,11,1014,20.243,19.307,tmobile,0.0,False
D,11,1014,20.243,19.307,verizon,0.2593,True
D,11,1014,20.243,19.307,sprint,0.0,False
D,11,1019,20.347,19.411,att,0.0,False
D,11,1019,20.347,19.411,tmobile,0.0,False
D,11,1019,20.347,19.411,verizon,0.0,False
D,11,1019,20.347,19.411,sprint,0.0,False
D,11,1024,20.451,19.516,att,0.0,False
D,11,1024,20.451,19.516,tmobile,0.0,False
D,11,1024,20.451,19.516,verizon,0.0,False
D,11,1024,20.451,19.516,sprint,0.0,False
D,11,1029,20.556,19.62,att,0.0,False
D,11,1029,20.556,19.62,tmobile,0.0,False
D,11,1029,20.556,19.62,verizon,0.0,False
D,11,1029,20.556,19.62,sprint,0.3333,True
D,11,1034,20.66,19.724,att,0.0,False
D,11,1034,20.66,19.724,tmobile,0.0,False
D,11,1034,20.66,19.724,verizon,0.0,False
D,11,1034,20.66,19.724,sprint,0.0,False
D,11,1039,20.764,19.829,att,0.0,False
D,11,1039,20.764,19.829,tmobile,0.037,True
D,11,1039,20.764,19.829,verizon,0.0741,True
D,11,1039,20.764,19.829,sprint,0.0,False
D,11,1044,20.869,19.933,att,0.0,False
D,11,1044,20.869,19.933,tmobile,0.037,True
D,11,1044,20.869,19.933,verizon,0.037,True
D,11,1044,20.869,19.933,sprint,0.0,False
D,11,1049,20.973,20.037,att,0.037,True
D,11,1049,20.973,20.037,tmobile,0.037,True
D,11,1049,20.973,20.037,verizon,0.0,False
D,11,1049,20.973,20.037,sprint,0.1111,True
D,11,1054,21.078,20.142,att,0.037,True
D,11,1054,21.078,20.142,tmobile,0.037,True
D,11,1054,21.078,20.142,verizon,0.1111,True
D,11,1054,21.078,20.142,sprint,0.0,False
D,11,1059,21.182,20.246,att,0.0,False
D,11,1059,21.182,20.246,tmobile,0.037,True
D,11,1059,21.182,20.246,verizon,0.0,False
D,11,1059,21.182,20.246,sprint,0.0,False
D,11,1064,21.286,20.35,att,0.037,True
D,11,1064,21.286,20.35,tmobile,0.1111,True
D,11,1064,21.286,20.35,verizon,0.0,False
D,11,1064,21.286,20.35,sprint,0.0,False
D,11,1069,21.391,20.455,att,0.037,True
D,11,1069,21.391,20.455,tmobile,0.037,True
D,11,1069,21.391,20.455,verizon,0.0,False
D,11,1069,21.391,20.455,sprint,0.0,False
D,11,1074,21.495,20.559,att,0.037,True
D,11,1074,21.495,20.559,tmobile,0.0,False
D,11,1074,21.495,20.559,verizon,0.0,False
D,11,1074,21.495,20.559,sprint,0.037,True
D,11,1079,21.599,20.663,att,0.0,False
D,11,1079,21.599,20.663,tmobile,0.0,False
D,11,1079,21.599,20.663,verizon,0.0,False
D,11,1079,21.599,20.663,sprint,0.0,False
D,11,1084,21.704,20.768,att,0.0,False
D,11,1084,21.704,20.768,tmobile,0.0,False
D,11,1084,21.704,20.768,verizon,0.0,False
D,11,1084,21.704,20.768,sprint,0.0,False
D,11,1089,21.808,20.872,att,0.0,False
D,11,1089,21.808,20.872,tmobile,0.0,False
D,11,1089,21.808,20.872,verizon,0.037,True
D,11,1089,21.808,20.872,sprint,0.0,False
D,11,1094,21.912,20.977,att,0.0,False
D,11,1094,21.912,20.977,tmobile,0.0,False
D,11,1094,21.912,20.977,verizon,0.0,False
D,11,1094,21.912,20.977,sprint,0.0,False
D,11,1099,22.017,21.081,att,0.0,False
D,11,1099,22.017,21.081,tmobile,0.0,False
D,11,1099,22.017,21.081,verizon,0.0,False
D,11,1099,22.017,21.081,sprint,0.0,False
D,11,1104,22.121,21.185,att,0.0,False
D,11,1104,22.121,21.185,tmobile,0.0,False
D,11,1104,22.121,21.185,verizon,0.037,True
D,11,1104,22.121,21.185,sprint,0.3333,True
D,11,1109,22.225,21.29,att,0.0,False
D,11,1109,22.225,21.29,tmobile,0.037,True
D,11,1109,22.225,21.29,verizon,0.0,False
D,11,1109,22.225,21.29,sprint,0.0,False
D,11,1114,22.33,21.394,att,0.037,True
D,11,1114,22.33,21.394,tmobile,0.037,True
D,11,1114,22.33,21.394,verizon,0.0,False
D,11,1114,22.33,21.394,sprint,0.0,False
D,11,1119,22.434,21.498,att,0.0,False
D,11,1119,22.434,21.498,tmobile,0.0,False
D,11,1119,22.434,21.498,verizon,0.037,True
D,11,1119,22.434,21.498,sprint,0.0,False
D,11,1124,22.538,21.603,att,0.0,False
D,11,1124,22.538,21.603,tmobile,0.037,True
D,11,1124,22.538,21.603,verizon,0.0,False
D,11,1124,22.538,21.603,sprint,0.0,False
D,11,1129,22.643,21.707,att,0.0,False
D,11,1129,22.643,21.707,tmobile,0.037,True
D,11,1129,22.643,21.707,verizon,0.0,False
D,11,1129,22.643,21.707,sprint,0.0,False
D,11,1134,22.747,21.811,att,0.0,False
D,11,1134,22.747,21.811,tmobile,0.0,False
D,11,1134,22.747,21.811,verizon,0.0,False
D,11,1134,22.747,21.811,sprint,0.0,False
D,11,1139,22.851,21.916,att,0.0,False
D,11,1139,22.851,21.916,tmobile,0.2593,True
D,11,1139,22.851,21.916,verizon,0.1111,True
D,11,1139,22.851,21.916,sprint,0.0,False
D,11,1144,22.956,22.02,att,0.0,False
D,11,1144,22.956,22.02,tmobile,0.0,False
D,11,1144,22.956,22.02,verizon,0.0,False
D,11,1144,22.956,22.02,sprint,0.0,False
D,11,1149,23.06,22.124,att,0.0,False
D,11,1149,23.06,22.124,tmobile,0.037,True
D,11,1149,23.06,22.124,verizon,0.037,True
D,11,1149,23.06,22.124,sprint,0.0,False
D,11,1154,23.164,22.229,att,0.0,False
D,11,1154,23.164,22.229,tmobile,0.0,False
D,11,1154,23.164,22.229,verizon,0.0741,True
D,11,1154,23.164,22.229,sprint,0.0,False
D,11,1159,23.269,22.333,att,0.0,False
D,11,1159,23.269,22.333,tmobile,0.0,False
D,11,1159,23.269,22.333,verizon,0.037,True
D,11,1159,23.269,22.333,sprint,0.0,False
D,11,1164,23.373,22.437,att,0.0,False
D,11,1164,23.373,22.437,tmobile,0.0,False
D,11,1164,23.373,22.437,verizon,0.037,True
D,11,1164,23.373,22.437,sprint,0.0,False
D,11,1169,23.477,22.542,att,0.0,False
D,11,1169,23.477,22.542,tmobile,0.0,False
D,11,1169,23.477,22.542,verizon,0.0,False
D,11,1169,23.477,22.542,sprint,0.0,False
D,11,1174,23.582,22.646,att,0.0,False
D,11,1174,23.582,22.646,tmobile,0.037,True
D,11,1174,23.582,22.646,verizon,0.037,True
D,11,1174,23.582,22.646,sprint,0.0,False
D,11,1179,23.686,22.75,att,0.037,True
D,11,1179,23.686,22.75,tmobile,0.0,False
D,11,1179,23.686,22.75,verizon,0.0,False
D,11,1179,23.686,22.75,sprint,0.0,False
D,11,1184,23.79,22.855,att,0.0,False
D,11,1184,23.79,22.855,tmobile,0.037,True
D,11,1184,23.79,22.855,verizon,0.0741,True
D,11,1184,23.79,22.855,sprint,0.0,False
D,11,1189,23.895,22.959,att,0.037,True
D,11,1189,23.895,22.959,tmobile,0.037,True
D,11,1189,23.895,22.959,verizon,0.0,False
D,11,1189,23.895,22.959,sprint,0.0741,True
D,11,1194,23.999,23.063,att,0.0,False
D,11,1194,23.999,23.063,tmobile,0.037,True
D,11,1194,23.999,23.063,verizon,0.037,True
D,11,1194,23.999,23.063,sprint,0.0,False
D,11,1199,24.104,23.168,att,0.0,False
D,11,1199,24.104,23.168,tmobile,0.0,False
D,11,1199,24.104,23.168,verizon,0.0,False
D,11,1199,24.104,23.168,sprint,0.0,False
D,11,1204,24.208,23.272,att,0.037,True
D,11,1204,24.208,23.272,tmobile,0.037,True
D,11,1204,24.208,23.272,verizon,0.0,False
D,11,1204,24.208,23.272,sprint,0.0,False
D,11,1209,24.312,23.376,att,0.037,True
D,11,1209,24.312,23.376,tmobile,0.037,True
D,11,1209,24.312,23.376,verizon,0.0741,True
D,11,1209,24.312,23.376,sprint,0.0,False
D,11,1214,24.417,23.481,att,0.037,True
D,11,1214,24.417,23.481,tmobile,0.0,False
D,11,1214,24.417,23.481,verizon,0.0741,True
D,11,1214,24.417,23.481,sprint,0.0,False
D,11,1219,24.521,23.585,att,0.0,False
D,11,1219,24.521,23.585,tmobile,0.037,True
D,11,1219,24.521,23.585,verizon,0.037,True
D,11,1219,24.521,23.585,sprint,0.0,False
D,11,1224,24.625,23.689,att,0.037,True
D,11,1224,24.625,23.689,tmobile,0.037,True
D,11,1224,24.625,23.689,verizon,0.037,True
D,11,1224,24.625,23.689,sprint,0.0,False
D,11,1229,24.73,23.794,att,0.0,False
D,11,1229,24.73,23.794,tmobile,0.037,True
D,11,1229,24.73,23.794,verizon,0.0,False
D,11,1229,24.73,23.794,sprint,0.0,False
D,11,1234,24.834,23.898,att,0.037,True
D,11,1234,24.834,23.898,tmobile,0.0,False
D,11,1234,24.834,23.898,verizon,0.037,True
D,11,1234,24.834,23.898,sprint,0.0,False
D,11,1239,24.938,24.003,att,0.037,True
D,11,1239,24.938,24.003,tmobile,0.0,False
D,11,1239,24.938,24.003,verizon,0.037,True
D,11,1239,24.938,24.003,sprint,0.0,False
D,11,1244,25.043,24.107,att,0.0,False
D,11,1244,25.043,24.107,tmobile,0.037,True
D,11,1244,25.043,24.107,verizon,0.037,True
D,11,1244,25.043,24.107,sprint,0.0,False
D,11,1249,25.147,24.211,att,0.037,True
D,11,1249,25.147,24.211,tmobile,0.0,False
D,11,1249,25.147,24.211,verizon,0.0,False
D,11,1249,25.147,24.211,sprint,0.037,True
D,11,1254,25.251,24.316,att,0.037,True
D,11,1254,25.251,24.316,tmobile,0.0,False
D,11,1254,25.251,24.316,verizon,0.037,True
D,11,1254,25.251,24.316,sprint,0.0,False
D,11,1259,25.356,24.42,att,0.0,False
D,11,1259,25.356,24.42,tmobile,0.037,True
D,11,1259,25.356,24.42,verizon,0.0741,True
D,11,1259,25.356,24.42,sprint,0.0,False
D,11,1264,25.46,24.524,att,0.0,False
D,11,1264,25.46,24.524,tmobile,0.037,True
D,11,1264,25.46,24.524,verizon,0.0,False
D,11,1264,25.46,24.524,sprint,0.037,True
D,11,1269,25.564,24.629,att,0.037,True
D,11,1269,25.564,24.629,tmobile,0.1111,True
D,11,1269,25.564,24.629,verizon,0.0741,True
D,11,1269,25.564,24.629,sprint,0.0,False
D,11,1274,25.669,24.733,att,0.0,False
D,11,1274,25.669,24.733,tmobile,0.037,True
D,11,1274,25.669,24.733,verizon,0.1111,True
D,11,1274,25.669,24.733,sprint,0.037,True
D,11,1279,25.773,24.837,att,0.037,True
D,11,1279,25.773,24.837,tmobile,0.0,False
D,11,1279,25.773,24.837,verizon,0.0,False
D,11,1279,25.773,24.837,sprint,0.0,False
D,11,1284,25.877,24.942,att,0.0,False
D,11,1284,25.877,24.942,tmobile,0.0,False
D,11,1284,25.877,24.942,verizon,0.0,False
D,11,1284,25.877,24.942,sprint,0.0,False
D,11,1289,25.982,25.046,att,0.0,False
D,11,1289,25.982,25.046,tmobile,0.037,True
D,11,1289,25.982,25.046,verizon,0.0,False
D,11,1289,25.982,25.046,sprint,0.0,False
D,11,1294,26.086,25.15,att,0.037,True
D,11,1294,26.086,25.15,tmobile,0.0,False
D,11,1294,26.086,25.15,verizon,0.1481,True
D,11,1294,26.086,25.15,sprint,0.0,False
D,11,1299,26.19,25.255,att,0.0,False
D,11,1299,26.19,25.255,tmobile,0.0,False
D,11,1299,26.19,25.255,verizon,0.037,True
D,11,1299,26.19,25.255,sprint,0.0741,True
D,11,1304,26.295,25.359,att,0.0,False
D,11,1304,26.295,25.359,tmobile,0.037,True
D,11,1304,26.295,25.359,verizon,0.4815,True
D,11,1304,26.295,25.359,sprint,0.0,False
F,12,44,0.0,-0.936,att,0.0,False
F,12,44,0.0,-0.936,tmobile,0.0,False
F,12,44,0.0,-0.936,verizon,0.0,False
F,12,44,0.0,-0.936,sprint,0.0,False
F,12,49,0.104,-0.831,att,0.0,False
F,12,49,0.104,-0.831,tmobile,0.0,False
F,12,49,0.104,-0.831,verizon,0.0,False
F,12,49,0.104,-0.831,sprint,0.0,False
F,12,54,0.209,-0.727,att,0.0,False
F,12,54,0.209,-0.727,tmobile,0.0,False
F,12,54,0.209,-0.727,verizon,0.0,False
F,12,54,0.209,-0.727,sprint,0.0,False
F,12,59,0.313,-0.623,att,0.0,False
F,12,59,0.313,-0.623,tmobile,0.0,False
F,12,59,0.313,-0.623,verizon,0.0,False
F,12,59,0.313,-0.623,sprint,0.0,False
F,12,64,0.417,-0.518,att,0.0,False
F,12,64,0.417,-0.518,tmobile,0.0,False
F,12,64,0.417,-0.518,verizon,0.0,False
F,12,64,0.417,-0.518,sprint,0.0,False
F,12,69,0.522,-0.414,att,0.0,False
F,12,69,0.522,-0.414,tmobile,0.0,False
F,12,69,0.522,-0.414,verizon,0.0,False
F,12,69,0.522,-0.414,sprint,0.0,False
F,12,74,0.626,-0.31,att,0.0,False
F,12,74,0.626,-0.31,tmobile,0.0,False
F,12,74,0.626,-0.31,verizon,0.0,False
F,12,74,0.626,-0.31,sprint,0.0,False
F,12,79,0.73,-0.205,att,0.0,False
F,12,79,0.73,-0.205,tmobile,0.0,False
F,12,79,0.73,-0.205,verizon,0.0,False
F,12,79,0.73,-0.205,sprint,0.0,False
F,12,84,0.835,-0.101,att,0.0,False
F,12,84,0.835,-0.101,tmobile,0.0,False
F,12,84,0.835,-0.101,verizon,0.0,False
F,12,84,0.835,-0.101,sprint,0.0,False
F,12,89,0.939,0.003,att,0.0,False
F,12,89,0.939,0.003,tmobile,0.0,False
F,12,89,0.939,0.003,verizon,0.0,False
F,12,89,0.939,0.003,sprint,0.0,False
F,12,94,1.043,0.108,att,0.0,False
F,12,94,1.043,0.108,tmobile,0.0938,True
F,12,94,1.043,0.108,verizon,0.0,False
F,12,94,1.043,0.108,sprint,0.0,False
F,12,99,1.148,0.212,att,0.0,False
F,12,99,1.148,0.212,tmobile,0.0,False
F,12,99,1.148,0.212,verizon,0.0,False
F,12,99,1.148,0.212,sprint,0.0312,True
F,12,104,1.252,0.316,att,0.0,False
F,12,104,1.252,0.316,tmobile,0.0,False
F,12,104,1.252,0.316,verizon,0.0,False
F,12,104,1.252,0.316,sprint,0.0,False
F,12,109,1.356,0.421,att,0.0,False
F,12,109,1.356,0.421,tmobile,0.0,False
F,12,109,1.356,0.421,verizon,0.0,False
F,12,109,1.356,0.421,sprint,0.0,False
F,12,114,1.461,0.525,att,0.0,False
F,12,114,1.461,0.525,tmobile,0.0,False
F,12,114,1.461,0.525,verizon,0.0,False
F,12,114,1.461,0.525,sprint,0.0,False
F,12,119,1.565,0.629,att,0.0,False
F,12,119,1.565,0.629,tmobile,0.5312,True
F,12,119,1.565,0.629,verizon,0.2812,True
F,12,119,1.565,0.629,sprint,0.0,False
F,12,124,1.67,0.734,att,0.0,False
F,12,124,1.67,0.734,tmobile,0.2188,True
F,12,124,1.67,0.734,verizon,0.2812,True
F,12,124,1.67,0.734,sprint,0.0,False
F,12,129,1.774,0.838,att,0.0,False
F,12,129,1.774,0.838,tmobile,0.0,False
F,12,129,1.774,0.838,verizon,0.0,False
F,12,129,1.774,0.838,sprint,0.0,False
F,12,134,1.878,0.942,att,0.0,False
F,12,134,1.878,0.942,tmobile,0.0,False
F,12,134,1.878,0.942,verizon,0.0938,True
F,12,134,1.878,0.942,sprint,0.0,False
F,12,139,1.983,1.047,att,0.0,False
F,12,139,1.983,1.047,tmobile,0.0,False
F,12,139,1.983,1.047,verizon,0.0312,True
F,12,139,1.983,1.047,sprint,0.0,False
F,12,144,2.087,1.151,att,0.0312,True
F,12,144,2.087,1.151,tmobile,0.0,False
F,12,144,2.087,1.151,verizon,0.0,False
F,12,144,2.087,1.151,sprint,0.0,False
F,12,149,2.191,1.255,att,0.0,False
F,12,149,2.191,1.255,tmobile,0.3125,True
F,12,149,2.191,1.255,verizon,0.0625,True
F,12,149,2.191,1.255,sprint,0.0,False
F,12,154,2.296,1.36,att,0.0,False
F,12,154,2.296,1.36,tmobile,0.0,False
F,12,154,2.296,1.36,verizon,0.0,False
F,12,154,2.296,1.36,sprint,0.0,False
F,12,159,2.4,1.464,att,0.0,False
F,12,159,2.4,1.464,tmobile,0.0,False
F,12,159,2.4,1.464,verizon,0.0,False
F,12,159,2.4,1.464,sprint,0.0,False
F,12,164,2.504,1.569,att,0.0,False
F,12,164,2.504,1.569,tmobile,0.0312,True
F,12,164,2.504,1.569,verizon,0.0,False
F,12,164,2.504,1.569,sprint,0.0,False
F,12,169,2.609,1.673,att,0.0,False
F,12,169,2.609,1.673,tmobile,0.0,False
F,12,169,2.609,1.673,verizon,0.0,False
F,12,169,2.609,1.673,sprint,0.0,False
F,12,174,2.713,1.777,att,0.0,False
F,12,174,2.713,1.777,tmobile,0.0,False
F,12,174,2.713,1.777,verizon,0.0312,True
F,12,174,2.713,1.777,sprint,0.0,False
F,12,179,2.817,1.882,att,0.0,False
F,12,179,2.817,1.882,tmobile,0.0,False
F,12,179,2.817,1.882,verizon,0.0,False
F,12,179,2.817,1.882,sprint,0.0312,True
F,12,184,2.922,1.986,att,0.0,False
F,12,184,2.922,1.986,tmobile,0.0,False
F,12,184,2.922,1.986,verizon,0.0,False
F,12,184,2.922,1.986,sprint,0.0,False
F,12,189,3.026,2.09,att,0.0,False
F,12,189,3.026,2.09,tmobile,0.0,False
F,12,189,3.026,2.09,verizon,0.0,False
F,12,189,3.026,2.09,sprint,0.0,False
F,12,194,3.13,2.195,att,0.0,False
F,12,194,3.13,2.195,tmobile,0.0312,True
F,12,194,3.13,2.195,verizon,0.0,False
F,12,194,3.13,2.195,sprint,0.0,False
F,12,199,3.235,2.299,att,0.0,False
F,12,199,3.235,2.299,tmobile,0.25,True
F,12,199,3.235,2.299,verizon,0.125,True
F,12,199,3.235,2.299,sprint,0.0938,True
F,12,204,3.339,2.403,att,0.0,False
F,12,204,3.339,2.403,tmobile,0.0,False
F,12,204,3.339,2.403,verizon,0.0,False
F,12,204,3.339,2.403,sprint,0.0,False
F,12,209,3.443,2.508,att,0.0,False
F,12,209,3.443,2.508,tmobile,0.0,False
F,12,209,3.443,2.508,verizon,0.0,False
F,12,209,3.443,2.508,sprint,0.0,False
F,12,214,3.548,2.612,att,0.0,False
F,12,214,3.548,2.612,tmobile,0.0,False
F,12,214,3.548,2.612,verizon,0.0,False
F,12,214,3.548,2.612,sprint,0.0,False
F,12,219,3.652,2.716,att,0.0,False
F,12,219,3.652,2.716,tmobile,0.0,False
F,12,219,3.652,2.716,verizon,0.0312,True
F,12,219,3.652,2.716,sprint,0.0,False
F,12,224,3.756,2.821,att,0.0,False
F,12,224,3.756,2.821,tmobile,0.0312,True
F,12,224,3.756,2.821,verizon,0.0,False
F,12,224,3.756,2.821,sprint,0.0,False
F,12,229,3.861,2.925,att,0.0,False
F,12,229,3.861,2.925,tmobile,0.0312,True
F,12,229,3.861,2.925,verizon,0.0,False
F,12,229,3.861,2.925,sprint,0.0,False
F,12,234,3.965,3.029,att,0.0,False
F,12,234,3.965,3.029,tmobile,0.0,False
F,12,234,3.965,3.029,verizon,0.0312,True
F,12,234,3.965,3.029,sprint,0.0,False
F,12,239,4.069,3.134,att,0.0,False
F,12,239,4.069,3.134,tmobile,0.0,False
F,12,239,4.069,3.134,verizon,0.0,False
F,12,239,4.069,3.134,sprint,0.0,False
F,12,244,4.174,3.238,att,0.0,False
F,12,244,4.174,3.238,tmobile,0.0625,True
F,12,244,4.174,3.238,verizon,0.0312,True
F,12,244,4.174,3.238,sprint,0.0,False
F,12,249,4.278,3.342,att,0.0,False
F,12,249,4.278,3.342,tmobile,0.0,False
F,12,249,4.278,3.342,verizon,0.0625,True
F,12,249,4.278,3.342,sprint,0.0,False
F,12,254,4.382,3.447,att,0.0938,True
F,12,254,4.382,3.447,tmobile,0.0,False
F,12,254,4.382,3.447,verizon,0.0312,True
F,12,254,4.382,3.447,sprint,0.0,False
F,12,259,4.487,3.551,att,0.0,False
F,12,259,4.487,3.551,tmobile,0.0,False
F,12,259,4.487,3.551,verizon,0.0,False
F,12,259,4.487,3.551,sprint,0.125,True
F,12,264,4.591,3.655,att,0.0,False
F,12,264,4.591,3.655,tmobile,0.0312,True
F,12,264,4.591,3.655,verizon,0.0938,True
F,12,264,4.591,3.655,sprint,0.0938,True
F,12,269,4.695,3.76,att,0.0,False
F,12,269,4.695,3.76,tmobile,0.0,False
F,12,269,4.695,3.76,verizon,0.0,False
F,12,269,4.695,3.76,sprint,0.0625,True
F,12,274,4.8,3.864,att,0.0,False
F,12,274,4.8,3.864,tmobile,0.0,False
F,12,274,4.8,3.864,verizon,0.0312,True
F,12,274,4.8,3.864,sprint,0.0,False
F,12,279,4.904,3.968,att,0.0,False
F,12,279,4.904,3.968,tmobile,0.0,False
F,12,279,4.904,3.968,verizon,0.0312,True
F,12,279,4.904,3.968,sprint,0.0,False
F,12,284,5.009,4.073,att,0.0,False
F,12,284,5.009,4.073,tmobile,0.0,False
F,12,284,5.009,4.073,verizon,0.0,False
F,12,284,5.009,4.073,sprint,0.0,False
F,12,289,5.113,4.177,att,0.0,False
F,12,289,5.113,4.177,tmobile,0.0,False
F,12,289,5.113,4.177,verizon,0.0,False
F,12,289,5.113,4.177,sprint,0.0,False
F,12,294,5.217,4.281,att,0.0,False
F,12,294,5.217,4.281,tmobile,0.0,False
F,12,294,5.217,4.281,verizon,0.0,False
F,12,294,5.217,4.281,sprint,0.0,False
F,12,299,5.322,4.386,att,0.0,False
F,12,299,5.322,4.386,tmobile,0.0,False
F,12,299,5.322,4.386,verizon,0.0,False
F,12,299,5.322,4.386,sprint,0.0312,True
F,12,304,5.426,4.49,att,0.0,False
F,12,304,5.426,4.49,tmobile,0.0,False
F,12,304,5.426,4.49,verizon,0.0,False
F,12,304,5.426,4.49,sprint,0.0,False
F,12,309,5.53,4.594,att,0.0,False
F,12,309,5.53,4.594,tmobile,0.0,False
F,12,309,5.53,4.594,verizon,0.0,False
F,12,309,5.53,4.594,sprint,0.0,False
F,12,314,5.635,4.699,att,0.0,False
F,12,314,5.635,4.699,tmobile,0.0,False
F,12,314,5.635,4.699,verizon,0.0,False
F,12,314,5.635,4.699,sprint,0.0,False
F,12,319,5.739,4.803,att,0.0312,True
F,12,319,5.739,4.803,tmobile,0.0,False
F,12,319,5.739,4.803,verizon,0.0,False
F,12,319,5.739,4.803,sprint,0.0,False
F,12,324,5.843,4.908,att,0.0,False
F,12,324,5.843,4.908,tmobile,0.0,False
F,12,324,5.843,4.908,verizon,0.0,False
F,12,324,5.843,4.908,sprint,0.0,False
F,12,329,5.948,5.012,att,0.0312,True
F,12,329,5.948,5.012,tmobile,0.0,False
F,12,329,5.948,5.012,verizon,0.0,False
F,12,329,5.948,5.012,sprint,0.0,False
F,12,334,6.052,5.116,att,0.0,False
F,12,334,6.052,5.116,tmobile,0.0,False
F,12,334,6.052,5.116,verizon,0.0,False
F,12,334,6.052,5.116,sprint,0.0,False
F,12,339,6.156,5.221,att,0.0,False
F,12,339,6.156,5.221,tmobile,0.0,False
F,12,339,6.156,5.221,verizon,0.0,False
F,12,339,6.156,5.221,sprint,0.0,False
F,12,344,6.261,5.325,att,0.0,False
F,12,344,6.261,5.325,tmobile,0.0,False
F,12,344,6.261,5.325,verizon,0.0,False
F,12,344,6.261,5.325,sprint,0.0312,True
F,12,349,6.365,5.429,att,0.0,False
F,12,349,6.365,5.429,tmobile,0.0,False
F,12,349,6.365,5.429,verizon,0.0,False
F,12,349,6.365,5.429,sprint,0.125,True
F,12,354,6.469,5.534,att,0.0,False
F,12,354,6.469,5.534,tmobile,0.0,False
F,12,354,6.469,5.534,verizon,0.0,False
F,12,354,6.469,5.534,sprint,0.0,False
F,12,359,6.574,5.638,att,0.0,False
F,12,359,6.574,5.638,tmobile,0.0,False
F,12,359,6.574,5.638,verizon,0.0,False
F,12,359,6.574,5.638,sprint,0.0,False
F,12,364,6.678,5.742,att,0.0,False
F,12,364,6.678,5.742,tmobile,0.0,False
F,12,364,6.678,5.742,verizon,0.0,False
F,12,364,6.678,5.742,sprint,0.0,False
F,12,369,6.782,5.847,att,0.0,False
F,12,369,6.782,5.847,tmobile,0.0,False
F,12,369,6.782,5.847,verizon,0.0,False
F,12,369,6.782,5.847,sprint,0.0,False
F,12,374,6.887,5.951,att,0.0,False
F,12,374,6.887,5.951,tmobile,0.0,False
F,12,374,6.887,5.951,verizon,0.0,False
F,12,374,6.887,5.951,sprint,0.0,False
F,12,379,6.991,6.055,att,0.0,False
F,12,379,6.991,6.055,tmobile,0.0,False
F,12,379,6.991,6.055,verizon,0.0,False
F,12,379,6.991,6.055,sprint,0.0,False
F,12,384,7.095,6.16,att,0.0938,True
F,12,384,7.095,6.16,tmobile,0.0,False
F,12,384,7.095,6.16,verizon,0.0312,True
F,12,384,7.095,6.16,sprint,0.0,False
F,12,389,7.2,6.264,att,0.0312,True
F,12,389,7.2,6.264,tmobile,0.0,False
F,12,389,7.2,6.264,verizon,0.0,False
F,12,389,7.2,6.264,sprint,0.0,False
F,12,394,7.304,6.368,att,0.0,False
F,12,394,7.304,6.368,tmobile,0.0,False
F,12,394,7.304,6.368,verizon,0.0,False
F,12,394,7.304,6.368,sprint,0.0,False
F,12,399,7.408,6.473,att,0.0,False
F,12,399,7.408,6.473,tmobile,0.0,False
F,12,399,7.408,6.473,verizon,0.0,False
F,12,399,7.408,6.473,sprint,0.0,False
F,12,404,7.513,6.577,att,0.0,False
F,12,404,7.513,6.577,tmobile,0.0,False
F,12,404,7.513,6.577,verizon,0.0,False
F,12,404,7.513,6.577,sprint,0.0,False
F,12,409,7.617,6.681,att,0.0,False
F,12,409,7.617,6.681,tmobile,0.0,False
F,12,409,7.617,6.681,verizon,0.0,False
F,12,409,7.617,6.681,sprint,0.0,False
F,12,414,7.721,6.786,att,0.0,False
F,12,414,7.721,6.786,tmobile,0.0,False
F,12,414,7.721,6.786,verizon,0.0,False
F,12,414,7.721,6.786,sprint,0.0,False
F,12,419,7.826,6.89,att,0.0312,True
F,12,419,7.826,6.89,tmobile,0.0,False
F,12,419,7.826,6.89,verizon,0.0,False
F,12,419,7.826,6.89,sprint,0.0,False
F,12,424,7.93,6.994,att,0.0,False
F,12,424,7.93,6.994,tmobile,0.0,False
F,12,424,7.93,6.994,verizon,0.0,False
F,12,424,7.93,6.994,sprint,0.0938,True
F,12,429,8.035,7.099,att,0.0,False
F,12,429,8.035,7.099,tmobile,0.0,False
F,12,429,8.035,7.099,verizon,0.0,False
F,12,429,8.035,7.099,sprint,0.0,False
F,12,434,8.139,7.203,att,0.0,False
F,12,434,8.139,7.203,tmobile,0.0,False
F,12,434,8.139,7.203,verizon,0.0,False
F,12,434,8.139,7.203,sprint,0.0,False
F,12,439,8.243,7.307,att,0.0,False
F,12,439,8.243,7.307,tmobile,0.0,False
F,12,439,8.243,7.307,verizon,0.0,False
F,12,439,8.243,7.307,sprint,0.0,False
F,12,444,8.348,7.412,att,0.0,False
F,12,444,8.348,7.412,tmobile,0.0,False
F,12,444,8.348,7.412,verizon,0.0312,True
F,12,444,8.348,7.412,sprint,0.0,False
F,12,449,8.452,7.516,att,0.0,False
F,12,449,8.452,7.516,tmobile,0.0,False
F,12,449,8.452,7.516,verizon,0.0,False
F,12,449,8.452,7.516,sprint,0.0,False
F,12,454,8.556,7.62,att,0.0,False
F,12,454,8.556,7.62,tmobile,0.0,False
F,12,454,8.556,7.62,verizon,0.0,False
F,12,454,8.556,7.62,sprint,0.0,False
F,12,459,8.661,7.725,att,0.0,False
F,12,459,8.661,7.725,tmobile,0.0,False
F,12,459,8.661,7.725,verizon,0.0312,True
F,12,459,8.661,7.725,sprint,0.0,False
F,12,464,8.765,7.829,att,0.0,False
F,12,464,8.765,7.829,tmobile,0.0,False
F,12,464,8.765,7.829,verizon,0.0,False
F,12,464,8.765,7.829,sprint,0.0,False
F,12,469,8.869,7.933,att,0.0,False
F,12,469,8.869,7.933,tmobile,0.0,False
F,12,469,8.869,7.933,verizon,0.0,False
F,12,469,8.869,7.933,sprint,0.0,False
F,12,474,8.974,8.038,att,0.0,False
F,12,474,8.974,8.038,tmobile,0.0,False
F,12,474,8.974,8.038,verizon,0.0,False
F,12,474,8.974,8.038,sprint,0.0,False
F,12,479,9.078,8.142,att,0.0,False
F,12,479,9.078,8.142,tmobile,0.0,False
F,12,479,9.078,8.142,verizon,0.0,False
F,12,479,9.078,8.142,sprint,0.0,False
F,12,484,9.182,8.247,att,0.0,False
F,12,484,9.182,8.247,tmobile,0.0,False
F,12,484,9.182,8.247,verizon,0.0,False
F,12,484,9.182,8.247,sprint,0.0,False
F,12,489,9.287,8.351,att,0.0,False
F,12,489,9.287,8.351,tmobile,0.0,False
F,12,489,9.287,8.351,verizon,0.0,False
F,12,489,9.287,8.351,sprint,0.0,False
F,12,494,9.391,8.455,att,0.0,False
F,12,494,9.391,8.455,tmobile,0.0,False
F,12,494,9.391,8.455,verizon,0.0,False
F,12,494,9.391,8.455,sprint,0.0,False
F,12,499,9.495,8.56,att,0.0,False
F,12,499,9.495,8.56,tmobile,0.0,False
F,12,499,9.495,8.56,verizon,0.0,False
F,12,499,9.495,8.56,sprint,0.0312,True
F,12,504,9.6,8.664,att,0.0,False
F,12,504,9.6,8.664,tmobile,0.0625,True
F,12,504,9.6,8.664,verizon,0.0938,True
F,12,504,9.6,8.664,sprint,0.0,False
F,12,509,9.704,8.768,att,0.0,False
F,12,509,9.704,8.768,tmobile,0.0,False
F,12,509,9.704,8.768,verizon,0.0312,True
F,12,509,9.704,8.768,sprint,0.0,False
F,12,514,9.808,8.873,att,0.0,False
F,12,514,9.808,8.873,tmobile,0.0,False
F,12,514,9.808,8.873,verizon,0.0,False
F,12,514,9.808,8.873,sprint,0.0,False
F,12,519,9.913,8.977,att,0.0,False
F,12,519,9.913,8.977,tmobile,0.0,False
F,12,519,9.913,8.977,verizon,0.0,False
F,12,519,9.913,8.977,sprint,0.0,False
F,12,524,10.017,9.081,att,0.0,False
F,12,524,10.017,9.081,tmobile,0.0,False
F,12,524,10.017,9.081,verizon,0.0,False
F,12,524,10.017,9.081,sprint,0.0,False
F,12,529,10.121,9.186,att,0.0,False
F,12,529,10.121,9.186,tmobile,0.0,False
F,12,529,10.121,9.186,verizon,0.0312,True
F,12,529,10.121,9.186,sprint,0.0312,True
F,12,534,10.226,9.29,att,0.0,False
F,12,534,10.226,9.29,tmobile,0.0,False
F,12,534,10.226,9.29,verizon,0.0,False
F,12,534,10.226,9.29,sprint,0.0,False
F,12,539,10.33,9.394,att,0.0,False
F,12,539,10.33,9.394,tmobile,0.0,False
F,12,539,10.33,9.394,verizon,0.0,False
F,12,539,10.33,9.394,sprint,0.0,False
F,12,544,10.434,9.499,att,0.0,False
F,12,544,10.434,9.499,tmobile,0.0,False
F,12,544,10.434,9.499,verizon,0.0,False
F,12,544,10.434,9.499,sprint,0.0,False
F,12,549,10.539,9.603,att,0.0,False
F,12,549,10.539,9.603,tmobile,0.0,False
F,12,549,10.539,9.603,verizon,0.0,False
F,12,549,10.539,9.603,sprint,0.0,False
F,12,554,10.643,9.707,att,0.0,False
F,12,554,10.643,9.707,tmobile,0.0,False
F,12,554,10.643,9.707,verizon,0.0,False
F,12,554,10.643,9.707,sprint,0.0,False
F,12,559,10.747,9.812,att,0.0,False
F,12,559,10.747,9.812,tmobile,0.0312,True
F,12,559,10.747,9.812,verizon,0.0312,True
F,12,559,10.747,9.812,sprint,0.0,False
F,12,564,10.852,9.916,att,0.0,False
F,12,564,10.852,9.916,tmobile,0.25,True
F,12,564,10.852,9.916,verizon,0.25,True
F,12,564,10.852,9.916,sprint,0.0,False
F,12,569,10.956,10.02,att,0.0,False
F,12,569,10.956,10.02,tmobile,0.0,False
F,12,569,10.956,10.02,verizon,0.0,False
F,12,569,10.956,10.02,sprint,0.0,False
F,12,574,11.06,10.125,att,0.0,False
F,12,574,11.06,10.125,tmobile,0.0,False
F,12,574,11.06,10.125,verizon,0.0,False
F,12,574,11.06,10.125,sprint,0.0,False
F,12,579,11.165,10.229,att,0.0,False
F,12,579,11.165,10.229,tmobile,0.0,False
F,12,579,11.165,10.229,verizon,0.0,False
F,12,579,11.165,10.229,sprint,0.0,False
F,12,584,11.269,10.333,att,0.0,False
F,12,584,11.269,10.333,tmobile,0.0,False
F,12,584,11.269,10.333,verizon,0.0,False
F,12,584,11.269,10.333,sprint,0.0,False
F,12,589,11.374,10.438,att,0.0,False
F,12,589,11.374,10.438,tmobile,0.0,False
F,12,589,11.374,10.438,verizon,0.0,False
F,12,589,11.374,10.438,sprint,0.0,False
F,12,594,11.478,10.542,att,0.0,False
F,12,594,11.478,10.542,tmobile,0.0,False
F,12,594,11.478,10.542,verizon,0.0,False
F,12,594,11.478,10.542,sprint,0.0,False
F,12,599,11.582,10.646,att,0.0,False
F,12,599,11.582,10.646,tmobile,0.0,False
F,12,599,11.582,10.646,verizon,0.0,False
F,12,599,11.582,10.646,sprint,0.0,False
F,12,604,11.687,10.751,att,0.0,False
F,12,604,11.687,10.751,tmobile,0.0,False
F,12,604,11.687,10.751,verizon,0.0,False
F,12,604,11.687,10.751,sprint,0.0,False
F,12,609,11.791,10.855,att,0.0,False
F,12,609,11.791,10.855,tmobile,0.0,False
F,12,609,11.791,10.855,verizon,0.0,False
F,12,609,11.791,10.855,sprint,0.0,False
F,12,614,11.895,10.959,att,0.0,False
F,12,614,11.895,10.959,tmobile,0.0,False
F,12,614,11.895,10.959,verizon,0.0,False
F,12,614,11.895,10.959,sprint,0.0,False
F,12,619,12.0,11.064,att,0.0,False
F,12,619,12.0,11.064,tmobile,0.0,False
F,12,619,12.0,11.064,verizon,0.0,False
F,12,619,12.0,11.064,sprint,0.0,False
F,12,624,12.104,11.168,att,0.0,False
F,12,624,12.104,11.168,tmobile,0.0,False
F,12,624,12.104,11.168,verizon,0.0,False
F,12,624,12.104,11.168,sprint,0.0,False
F,12,629,12.208,11.273,att,0.0,False
F,12,629,12.208,11.273,tmobile,0.0,False
F,12,629,12.208,11.273,verizon,0.0,False
F,12,629,12.208,11.273,sprint,0.0,False
F,12,634,12.313,11.377,att,0.0,False
F,12,634,12.313,11.377,tmobile,0.0,False
F,12,634,12.313,11.377,verizon,0.0,False
F,12,634,12.313,11.377,sprint,0.0,False
F,12,639,12.417,11.481,att,0.0,False
F,12,639,12.417,11.481,tmobile,0.0,False
F,12,639,12.417,11.481,verizon,0.0,False
F,12,639,12.417,11.481,sprint,0.0,False
F,12,644,12.521,11.586,att,0.0,False
F,12,644,12.521,11.586,tmobile,0.0,False
F,12,644,12.521,11.586,verizon,0.0,False
F,12,644,12.521,11.586,sprint,0.0,False
F,12,649,12.626,11.69,att,0.0,False
F,12,649,12.626,11.69,tmobile,0.0,False
F,12,649,12.626,11.69,verizon,0.0,False
F,12,649,12.626,11.69,sprint,0.0,False
F,12,654,12.73,11.794,att,0.0,False
F,12,654,12.73,11.794,tmobile,0.0312,True
F,12,654,12.73,11.794,verizon,0.0,False
F,12,654,12.73,11.794,sprint,0.6875,True
F,12,659,12.834,11.899,att,0.0,False
F,12,659,12.834,11.899,tmobile,0.0938,True
F,12,659,12.834,11.899,verizon,0.0,False
F,12,659,12.834,11.899,sprint,0.0,False
F,12,664,12.939,12.003,att,0.0,False
F,12,664,12.939,12.003,tmobile,0.0,False
F,12,664,12.939,12.003,verizon,0.0,False
F,12,664,12.939,12.003,sprint,0.0,False
F,12,669,13.043,12.107,att,0.0,False
F,12,669,13.043,12.107,tmobile,0.0,False
F,12,669,13.043,12.107,verizon,0.0312,True
F,12,669,13.043,12.107,sprint,0.0,False
F,12,674,13.147,12.212,att,0.0312,True
F,12,674,13.147,12.212,tmobile,0.0,False
F,12,674,13.147,12.212,verizon,0.0,False
F,12,674,13.147,12.212,sprint,0.0,False
F,12,679,13.252,12.316,att,0.0,False
F,12,679,13.252,12.316,tmobile,0.0,False
F,12,679,13.252,12.316,verizon,0.0625,True
F,12,679,13.252,12.316,sprint,0.0,False
F,12,684,13.356,12.42,att,0.0,False
F,12,684,13.356,12.42,tmobile,0.0,False
F,12,684,13.356,12.42,verizon,0.0938,True
F,12,684,13.356,12.42,sprint,0.0,False
F,12,689,13.46,12.525,att,0.0,False
F,12,689,13.46,12.525,tmobile,0.0,False
F,12,689,13.46,12.525,verizon,0.0,False
F,12,689,13.46,12.525,sprint,0.0,False
F,12,694,13.565,12.629,att,0.0,False
F,12,694,13.565,12.629,tmobile,0.0,False
F,12,694,13.565,12.629,verizon,0.0,False
F,12,694,13.565,12.629,sprint,0.0,False
F,12,699,13.669,12.733,att,0.0,False
F,12,699,13.669,12.733,tmobile,0.0312,True
F,12,699,13.669,12.733,verizon,0.0,False
F,12,699,13.669,12.733,sprint,0.0,False
F,12,704,13.773,12.838,att,0.0,False
F,12,704,13.773,12.838,tmobile,0.0,False
F,12,704,13.773,12.838,verizon,0.0,False
F,12,704,13.773,12.838,sprint,0.0,False
F,12,709,13.878,12.942,att,0.0,False
F,12,709,13.878,12.942,tmobile,0.2188,True
F,12,709,13.878,12.942,verizon,0.0312,True
F,12,709,13.878,12.942,sprint,0.0,False
F,12,714,13.982,13.046,att,0.0,False
F,12,714,13.982,13.046,tmobile,0.0312,True
F,12,714,13.982,13.046,verizon,0.0312,True
F,12,714,13.982,13.046,sprint,0.0625,True
F,12,719,14.086,13.151,att,0.0,False
F,12,719,14.086,13.151,tmobile,0.0,False
F,12,719,14.086,13.151,verizon,0.1875,True
F,12,719,14.086,13.151,sprint,0.0,False
F,12,724,14.191,13.255,att,0.0,False
F,12,724,14.191,13.255,tmobile,0.0,False
F,12,724,14.191,13.255,verizon,0.1562,True
F,12,724,14.191,13.255,sprint,0.0,False
F,12,729,14.295,13.359,att,0.0,False
F,12,729,14.295,13.359,tmobile,0.0,False
F,12,729,14.295,13.359,verizon,0.0,False
F,12,729,14.295,13.359,sprint,0.0,False
F,12,734,14.399,13.464,att,0.0,False
F,12,734,14.399,13.464,tmobile,0.0,False
F,12,734,14.399,13.464,verizon,0.0,False
F,12,734,14.399,13.464,sprint,0.0,False
F,12,739,14.504,13.568,att,0.0,False
F,12,739,14.504,13.568,tmobile,0.0625,True
F,12,739,14.504,13.568,verizon,0.0625,True
F,12,739,14.504,13.568,sprint,0.0,False
F,12,744,14.608,13.672,att,0.0,False
F,12,744,14.608,13.672,tmobile,0.0312,True
F,12,744,14.608,13.672,verizon,0.0312,True
F,12,744,14.608,13.672,sprint,0.0,False
F,12,749,14.713,13.777,att,0.0,False
F,12,749,14.713,13.777,tmobile,0.0,False
F,12,749,14.713,13.777,verizon,0.0,False
F,12,749,14.713,13.777,sprint,0.0,False
F,12,754,14.817,13.881,att,0.0,False
F,12,754,14.817,13.881,tmobile,0.0,False
F,12,754,14.817,13.881,verizon,0.0,False
F,12,754,14.817,13.881,sprint,0.0,False
F,12,759,14.921,13.985,att,0.0312,True
F,12,759,14.921,13.985,tmobile,0.0312,True
F,12,759,14.921,13.985,verizon,0.0,False
F,12,759,14.921,13.985,sprint,0.0,False
F,12,764,15.026,14.09,att,0.1562,True
F,12,764,15.026,14.09,tmobile,0.0,False
F,12,764,15.026,14.09,verizon,0.0,False
F,12,764,15.026,14.09,sprint,0.0,False
F,12,769,15.13,14.194,att,0.0,False
F,12,769,15.13,14.194,tmobile,0.0,False
F,12,769,15.13,14.194,verizon,0.0,False
F,12,769,15.13,14.194,sprint,0.0,False
F,12,774,15.234,14.298,att,0.0,False
F,12,774,15.234,14.298,tmobile,0.0,False
F,12,774,15.234,14.298,verizon,0.0,False
F,12,774,15.234,14.298,sprint,0.0,False
F,12,779,15.339,14.403,att,0.0,False
F,12,779,15.339,14.403,tmobile,0.0,False
F,12,779,15.339,14.403,verizon,0.0,False
F,12,779,15.339,14.403,sprint,0.0,False
F,12,784,15.443,14.507,att,0.0,False
F,12,784,15.443,14.507,tmobile,0.0,False
F,12,784,15.443,14.507,verizon,0.0,False
F,12,784,15.443,14.507,sprint,0.0,False
F,12,789,15.547,14.612,att,0.0,False
F,12,789,15.547,14.612,tmobile,0.0,False
F,12,789,15.547,14.612,verizon,0.0,False
F,12,789,15.547,14.612,sprint,0.0,False
F,12,794,15.652,14.716,att,0.0,False
F,12,794,15.652,14.716,tmobile,0.0,False
F,12,794,15.652,14.716,verizon,0.0,False
F,12,794,15.652,14.716,sprint,0.0,False
F,12,799,15.756,14.82,att,0.0,False
F,12,799,15.756,14.82,tmobile,0.0,False
F,12,799,15.756,14.82,verizon,0.0,False
F,12,799,15.756,14.82,sprint,0.0,False
F,12,804,15.86,14.925,att,0.0,False
F,12,804,15.86,14.925,tmobile,0.0,False
F,12,804,15.86,14.925,verizon,0.0,False
F,12,804,15.86,14.925,sprint,0.0,False
F,12,809,15.965,15.029,att,0.0,False
F,12,809,15.965,15.029,tmobile,0.0,False
F,12,809,15.965,15.029,verizon,0.0,False
F,12,809,15.965,15.029,sprint,0.0,False
F,12,814,16.069,15.133,att,0.0,False
F,12,814,16.069,15.133,tmobile,0.0,False
F,12,814,16.069,15.133,verizon,0.0,False
F,12,814,16.069,15.133,sprint,0.0,False
F,12,819,16.173,15.238,att,0.0,False
F,12,819,16.173,15.238,tmobile,0.0,False
F,12,819,16.173,15.238,verizon,0.0,False
F,12,819,16.173,15.238,sprint,0.0,False
F,12,824,16.278,15.342,att,0.0,False
F,12,824,16.278,15.342,tmobile,0.0,False
F,12,824,16.278,15.342,verizon,0.0,False
F,12,824,16.278,15.342,sprint,0.0,False
F,12,829,16.382,15.446,att,0.0,False
F,12,829,16.382,15.446,tmobile,0.0,False
F,12,829,16.382,15.446,verizon,0.0,False
F,12,829,16.382,15.446,sprint,0.0,False
F,12,834,16.486,15.551,att,0.0,False
F,12,834,16.486,15.551,tmobile,0.0,False
F,12,834,16.486,15.551,verizon,0.0,False
F,12,834,16.486,15.551,sprint,0.0,False
F,12,839,16.591,15.655,att,0.0,False
F,12,839,16.591,15.655,tmobile,0.0,False
F,12,839,16.591,15.655,verizon,0.0,False
F,12,839,16.591,15.655,sprint,0.0,False
F,12,844,16.695,15.759,att,0.0,False
F,12,844,16.695,15.759,tmobile,0.0,False
F,12,844,16.695,15.759,verizon,0.0,False
F,12,844,16.695,15.759,sprint,0.0,False
F,12,849,16.799,15.864,att,0.0,False
F,12,849,16.799,15.864,tmobile,0.0,False
F,12,849,16.799,15.864,verizon,0.0,False
F,12,849,16.799,15.864,sprint,0.0,False
F,12,854,16.904,15.968,att,0.0,False
F,12,854,16.904,15.968,tmobile,0.0,False
F,12,854,16.904,15.968,verizon,0.0,False
F,12,854,16.904,15.968,sprint,0.0,False
F,12,859,17.008,16.072,att,0.0,False
F,12,859,17.008,16.072,tmobile,0.0,False
F,12,859,17.008,16.072,verizon,0.0,False
F,12,859,17.008,16.072,sprint,0.0,False
F,12,864,17.112,16.177,att,0.0,False
F,12,864,17.112,16.177,tmobile,0.0,False
F,12,864,17.112,16.177,verizon,0.0,False
F,12,864,17.112,16.177,sprint,0.0,False
F,12,869,17.217,16.281,att,0.0,False
F,12,869,17.217,16.281,tmobile,0.0,False
F,12,869,17.217,16.281,verizon,0.0,False
F,12,869,17.217,16.281,sprint,0.0,False
F,12,874,17.321,16.385,att,0.0,False
F,12,874,17.321,16.385,tmobile,0.0,False
F,12,874,17.321,16.385,verizon,0.0,False
F,12,874,17.321,16.385,sprint,0.0,False
F,12,879,17.425,16.49,att,0.0,False
F,12,879,17.425,16.49,tmobile,0.0,False
F,12,879,17.425,16.49,verizon,0.0,False
F,12,879,17.425,16.49,sprint,0.0,False
F,12,884,17.53,16.594,att,0.0,False
F,12,884,17.53,16.594,tmobile,0.0,False
F,12,884,17.53,16.594,verizon,0.0,False
F,12,884,17.53,16.594,sprint,0.0,False
F,12,889,17.634,16.698,att,0.0,False
F,12,889,17.634,16.698,tmobile,0.0,False
F,12,889,17.634,16.698,verizon,0.0,False
F,12,889,17.634,16.698,sprint,0.0,False
F,12,894,17.739,16.803,att,0.0,False
F,12,894,17.739,16.803,tmobile,0.0,False
F,12,894,17.739,16.803,verizon,0.0,False
F,12,894,17.739,16.803,sprint,0.0,False
F,12,899,17.843,16.907,att,0.0,False
F,12,899,17.843,16.907,tmobile,0.0,False
F,12,899,17.843,16.907,verizon,0.0,False
F,12,899,17.843,16.907,sprint,0.0,False
F,12,904,17.947,17.011,att,0.0,False
F,12,904,17.947,17.011,tmobile,0.0,False
F,12,904,17.947,17.011,verizon,0.0,False
F,12,904,17.947,17.011,sprint,0.0,False
F,12,909,18.052,17.116,att,0.0,False
F,12,909,18.052,17.116,tmobile,0.0,False
F,12,909,18.052,17.116,verizon,0.0,False
F,12,909,18.052,17.116,sprint,0.0,False
F,12,914,18.156,17.22,att,0.0,False
F,12,914,18.156,17.22,tmobile,0.0,False
F,12,914,18.156,17.22,verizon,0.0,False
F,12,914,18.156,17.22,sprint,0.0,False
F,12,919,18.26,17.324,att,0.0,False
F,12,919,18.26,17.324,tmobile,0.0,False
F,12,919,18.26,17.324,verizon,0.0,False
F,12,919,18.26,17.324,sprint,0.0,False
F,12,924,18.365,17.429,att,0.0,False
F,12,924,18.365,17.429,tmobile,0.0,False
F,12,924,18.365,17.429,verizon,0.0,False
F,12,924,18.365,17.429,sprint,0.0,False
F,12,929,18.469,17.533,att,0.0,False
F,12,929,18.469,17.533,tmobile,0.0,False
F,12,929,18.469,17.533,verizon,0.0,False
F,12,929,18.469,17.533,sprint,0.0,False
F,12,934,18.573,17.638,att,0.0,False
F,12,934,18.573,17.638,tmobile,0.0,False
F,12,934,18.573,17.638,verizon,0.0,False
F,12,934,18.573,17.638,sprint,0.0,False
F,12,939,18.678,17.742,att,0.0,False
F,12,939,18.678,17.742,tmobile,0.0,False
F,12,939,18.678,17.742,verizon,0.0,False
F,12,939,18.678,17.742,sprint,0.0,False
F,12,944,18.782,17.846,att,0.0,False
F,12,944,18.782,17.846,tmobile,0.0,False
F,12,944,18.782,17.846,verizon,0.0,False
F,12,944,18.782,17.846,sprint,0.0,False
F,12,949,18.886,17.951,att,0.0,False
F,12,949,18.886,17.951,tmobile,0.0,False
F,12,949,18.886,17.951,verizon,0.0,False
F,12,949,18.886,17.951,sprint,0.0,False
F,12,954,18.991,18.055,att,0.0,False
F,12,954,18.991,18.055,tmobile,0.0,False
F,12,954,18.991,18.055,verizon,0.0,False
F,12,954,18.991,18.055,sprint,0.0312,True
F,12,959,19.095,18.159,att,0.0,False
F,12,959,19.095,18.159,tmobile,0.0,False
F,12,959,19.095,18.159,verizon,0.0,False
F,12,959,19.095,18.159,sprint,0.0312,True
F,12,964,19.199,18.264,att,0.0,False
F,12,964,19.199,18.264,tmobile,0.0,False
F,12,964,19.199,18.264,verizon,0.0,False
F,12,964,19.199,18.264,sprint,0.1875,True
F,12,969,19.304,18.368,att,0.0,False
F,12,969,19.304,18.368,tmobile,0.0,False
F,12,969,19.304,18.368,verizon,0.0,False
F,12,969,19.304,18.368,sprint,0.0,False
F,12,974,19.408,18.472,att,0.0,False
F,12,974,19.408,18.472,tmobile,0.0,False
F,12,974,19.408,18.472,verizon,0.0625,True
F,12,974,19.408,18.472,sprint,0.0,False
F,12,979,19.512,18.577,att,0.0,False
F,12,979,19.512,18.577,tmobile,0.0,False
F,12,979,19.512,18.577,verizon,0.0,False
F,12,979,19.512,18.577,sprint,0.0,False
F,12,984,19.617,18.681,att,0.0,False
F,12,984,19.617,18.681,tmobile,0.0,False
F,12,984,19.617,18.681,verizon,0.0,False
F,12,984,19.617,18.681,sprint,0.2188,True
F,12,989,19.721,18.785,att,0.0,False
F,12,989,19.721,18.785,tmobile,0.0312,True
F,12,989,19.721,18.785,verizon,0.0,False
F,12,989,19.721,18.785,sprint,0.0625,True
F,12,994,19.825,18.89,att,0.0,False
F,12,994,19.825,18.89,tmobile,0.0,False
F,12,994,19.825,18.89,verizon,0.0,False
F,12,994,19.825,18.89,sprint,0.0,False
F,12,999,19.93,18.994,att,0.0,False
F,12,999,19.93,18.994,tmobile,0.0,False
F,12,999,19.93,18.994,verizon,0.0312,True
F,12,999,19.93,18.994,sprint,0.0625,True
F,12,1004,20.034,19.098,att,0.0,False
F,12,1004,20.034,19.098,tmobile,0.0,False
F,12,1004,20.034,19.098,verizon,0.0,False
F,12,1004,20.034,19.098,sprint,0.0312,True
F,12,1009,20.138,19.203,att,0.0312,True
F,12,1009,20.138,19.203,tmobile,0.0625,True
F,12,1009,20.138,19.203,verizon,0.0938,True
F,12,1009,20.138,19.203,sprint,0.0,False
F,12,1014,20.243,19.307,att,0.0,False
F,12,1014,20.243,19.307,tmobile,0.125,True
F,12,1014,20.243,19.307,verizon,0.0938,True
F,12,1014,20.243,19.307,sprint,0.0,False
F,12,1019,20.347,19.411,att,0.0,False
F,12,1019,20.347,19.411,tmobile,0.0312,True
F,12,1019,20.347,19.411,verizon,0.0312,True
F,12,1019,20.347,19.411,sprint,0.0,False
F,12,1024,20.451,19.516,att,0.0312,True
F,12,1024,20.451,19.516,tmobile,0.0,False
F,12,1024,20.451,19.516,verizon,0.0,False
F,12,1024,20.451,19.516,sprint,0.0,False
F,12,1029,20.556,19.62,att,0.0,False
F,12,1029,20.556,19.62,tmobile,0.0,False
F,12,1029,20.556,19.62,verizon,0.0,False
F,12,1029,20.556,19.62,sprint,0.0,False
F,12,1034,20.66,19.724,att,0.0,False
F,12,1034,20.66,19.724,tmobile,0.0,False
F,12,1034,20.66,19.724,verizon,0.0,False
F,12,1034,20.66,19.724,sprint,0.0,False
F,12,1039,20.764,19.829,att,0.0,False
F,12,1039,20.764,19.829,tmobile,0.0,False
F,12,1039,20.764,19.829,verizon,0.0,False
F,12,1039,20.764,19.829,sprint,0.0,False
F,12,1044,20.869,19.933,att,0.0,False
F,12,1044,20.869,19.933,tmobile,0.0,False
F,12,1044,20.869,19.933,verizon,0.0,False
F,12,1044,20.869,19.933,sprint,0.0,False
F,12,1049,20.973,20.037,att,0.0,False
F,12,1049,20.973,20.037,tmobile,0.0,False
F,12,1049,20.973,20.037,verizon,0.0,False
F,12,1049,20.973,20.037,sprint,0.0,False
F,12,1054,21.078,20.142,att,0.0,False
F,12,1054,21.078,20.142,tmobile,0.0,False
F,12,1054,21.078,20.142,verizon,0.0,False
F,12,1054,21.078,20.142,sprint,0.0,False
F,12,1059,21.182,20.246,att,0.0,False
F,12,1059,21.182,20.246,tmobile,0.0,False
F,12,1059,21.182,20.246,verizon,0.0,False
F,12,1059,21.182,20.246,sprint,0.0,False
F,12,1064,21.286,20.35,att,0.0,False
F,12,1064,21.286,20.35,tmobile,0.0,False
F,12,1064,21.286,20.35,verizon,0.0,False
F,12,1064,21.286,20.35,sprint,0.0,False
F,12,1069,21.391,20.455,att,0.0,False
F,12,1069,21.391,20.455,tmobile,0.0,False
F,12,1069,21.391,20.455,verizon,0.0,False
F,12,1069,21.391,20.455,sprint,0.0,False
F,12,1074,21.495,20.559,att,0.0,False
F,12,1074,21.495,20.559,tmobile,0.0,False
F,12,1074,21.495,20.559,verizon,0.0,False
F,12,1074,21.495,20.559,sprint,0.0312,True
F,12,1079,21.599,20.663,att,0.0,False
F,12,1079,21.599,20.663,tmobile,0.0,False
F,12,1079,21.599,20.663,verizon,0.0,False
F,12,1079,21.599,20.663,sprint,0.0,False
F,12,1084,21.704,20.768,att,0.0,False
F,12,1084,21.704,20.768,tmobile,0.0,False
F,12,1084,21.704,20.768,verizon,0.0,False
F,12,1084,21.704,20.768,sprint,0.0,False
F,12,1089,21.808,20.872,att,0.0,False
F,12,1089,21.808,20.872,tmobile,0.0,False
F,12,1089,21.808,20.872,verizon,0.0,False
F,12,1089,21.808,20.872,sprint,0.0,False
F,12,1094,21.912,20.977,att,0.0,False
F,12,1094,21.912,20.977,tmobile,0.0,False
F,12,1094,21.912,20.977,verizon,0.0,False
F,12,1094,21.912,20.977,sprint,0.0,False
F,12,1099,22.017,21.081,att,0.0,False
F,12,1099,22.017,21.081,tmobile,0.0,False
F,12,1099,22.017,21.081,verizon,0.0,False
F,12,1099,22.017,21.081,sprint,0.0,False
F,12,1104,22.121,21.185,att,0.0,False
F,12,1104,22.121,21.185,tmobile,0.0,False
F,12,1104,22.121,21.185,verizon,0.0,False
F,12,1104,22.121,21.185,sprint,0.0,False
F,12,1109,22.225,21.29,att,0.0,False
F,12,1109,22.225,21.29,tmobile,0.0,False
F,12,1109,22.225,21.29,verizon,0.0,False
F,12,1109,22.225,21.29,sprint,0.0,False
F,12,1114,22.33,21.394,att,0.0,False
F,12,1114,22.33,21.394,tmobile,0.0,False
F,12,1114,22.33,21.394,verizon,0.0,False
F,12,1114,22.33,21.394,sprint,0.0,False
F,12,1119,22.434,21.498,att,0.0,False
F,12,1119,22.434,21.498,tmobile,0.0,False
F,12,1119,22.434,21.498,verizon,0.0,False
F,12,1119,22.434,21.498,sprint,0.0,False
F,12,1124,22.538,21.603,att,0.0,False
F,12,1124,22.538,21.603,tmobile,0.0,False
F,12,1124,22.538,21.603,verizon,0.0,False
F,12,1124,22.538,21.603,sprint,0.0,False
F,12,1129,22.643,21.707,att,0.0,False
F,12,1129,22.643,21.707,tmobile,0.0,False
F,12,1129,22.643,21.707,verizon,0.0,False
F,12,1129,22.643,21.707,sprint,0.0,False
F,12,1134,22.747,21.811,att,0.0,False
F,12,1134,22.747,21.811,tmobile,0.0,False
F,12,1134,22.747,21.811,verizon,0.0,False
F,12,1134,22.747,21.811,sprint,0.0,False
F,12,1139,22.851,21.916,att,0.0,False
F,12,1139,22.851,21.916,tmobile,0.0,False
F,12,1139,22.851,21.916,verizon,0.0,False
F,12,1139,22.851,21.916,sprint,0.125,True
F,12,1144,22.956,22.02,att,0.0,False
F,12,1144,22.956,22.02,tmobile,0.0,False
F,12,1144,22.956,22.02,verizon,0.0,False
F,12,1144,22.956,22.02,sprint,0.0312,True
F,12,1149,23.06,22.124,att,0.0312,True
F,12,1149,23.06,22.124,tmobile,0.0,False
F,12,1149,23.06,22.124,verizon,0.0,False
F,12,1149,23.06,22.124,sprint,0.0,False
F,12,1154,23.164,22.229,att,0.0,False
F,12,1154,23.164,22.229,tmobile,0.0312,True
F,12,1154,23.164,22.229,verizon,0.0,False
F,12,1154,23.164,22.229,sprint,0.0,False
F,12,1159,23.269,22.333,att,0.0312,True
F,12,1159,23.269,22.333,tmobile,0.0,False
F,12,1159,23.269,22.333,verizon,0.0,False
F,12,1159,23.269,22.333,sprint,0.0,False
F,12,1164,23.373,22.437,att,0.0,False
F,12,1164,23.373,22.437,tmobile,0.0,False
F,12,1164,23.373,22.437,verizon,0.0,False
F,12,1164,23.373,22.437,sprint,0.0,False
F,12,1169,23.477,22.542,att,0.0,False
F,12,1169,23.477,22.542,tmobile,0.0,False
F,12,1169,23.477,22.542,verizon,0.0312,True
F,12,1169,23.477,22.542,sprint,0.0312,True
F,12,1174,23.582,22.646,att,0.0,False
F,12,1174,23.582,22.646,tmobile,0.0625,True
F,12,1174,23.582,22.646,verizon,0.0625,True
F,12,1174,23.582,22.646,sprint,0.0,False
F,12,1179,23.686,22.75,att,0.0,False
F,12,1179,23.686,22.75,tmobile,0.0,False
F,12,1179,23.686,22.75,verizon,0.0,False
F,12,1179,23.686,22.75,sprint,0.0,False
F,12,1184,23.79,22.855,att,0.0,False
F,12,1184,23.79,22.855,tmobile,0.0312,True
F,12,1184,23.79,22.855,verizon,0.0312,True
F,12,1184,23.79,22.855,sprint,0.0,False
F,12,1189,23.895,22.959,att,0.0,False
F,12,1189,23.895,22.959,tmobile,0.0312,True
F,12,1189,23.895,22.959,verizon,0.0,False
F,12,1189,23.895,22.959,sprint,0.0,False
F,12,1194,23.999,23.063,att,0.0,False
F,12,1194,23.999,23.063,tmobile,0.0,False
F,12,1194,23.999,23.063,verizon,0.0,False
F,12,1194,23.999,23.063,sprint,0.0,False
F,12,1199,24.104,23.168,att,0.0312,True
F,12,1199,24.104,23.168,tmobile,0.0,False
F,12,1199,24.104,23.168,verizon,0.0312,True
F,12,1199,24.104,23.168,sprint,0.0312,True
F,12,1204,24.208,23.272,att,0.0312,True
F,12,1204,24.208,23.272,tmobile,0.0625,True
F,12,1204,24.208,23.272,verizon,0.0625,True
F,12,1204,24.208,23.272,sprint,0.0,False
F,12,1209,24.312,23.376,att,0.0,False
F,12,1209,24.312,23.376,tmobile,0.0312,True
F,12,1209,24.312,23.376,verizon,0.0312,True
F,12,1209,24.312,23.376,sprint,0.0,False
F,12,1214,24.417,23.481,att,0.0,False
F,12,1214,24.417,23.481,tmobile,0.0,False
F,12,1214,24.417,23.481,verizon,0.0,False
F,12,1214,24.417,23.481,sprint,0.0,False
F,12,1219,24.521,23.585,att,0.0,False
F,12,1219,24.521,23.585,tmobile,0.0312,True
F,12,1219,24.521,23.585,verizon,0.0312,True
F,12,1219,24.521,23.585,sprint,0.0,False
F,12,1224,24.625,23.689,att,0.0,False
F,12,1224,24.625,23.689,tmobile,0.0312,True
F,12,1224,24.625,23.689,verizon,0.0312,True
F,12,1224,24.625,23.689,sprint,0.0,False
F,12,1229,24.73,23.794,att,0.0,False
F,12,1229,24.73,23.794,tmobile,0.0,False
F,12,1229,24.73,23.794,verizon,0.0625,True
F,12,1229,24.73,23.794,sprint,0.0,False
F,12,1234,24.834,23.898,att,0.0,False
F,12,1234,24.834,23.898,tmobile,0.0312,True
F,12,1234,24.834,23.898,verizon,0.0312,True
F,12,1234,24.834,23.898,sprint,0.0,False
F,12,1239,24.938,24.003,att,0.0,False
F,12,1239,24.938,24.003,tmobile,0.0312,True
F,12,1239,24.938,24.003,verizon,0.0312,True
F,12,1239,24.938,24.003,sprint,0.0,False
F,12,1244,25.043,24.107,att,0.0,False
F,12,1244,25.043,24.107,tmobile,0.0,False
F,12,1244,25.043,24.107,verizon,0.0,False
F,12,1244,25.043,24.107,sprint,0.0,False
F,12,1249,25.147,24.211,att,0.0,False
F,12,1249,25.147,24.211,tmobile,0.0,False
F,12,1249,25.147,24.211,verizon,0.0,False
F,12,1249,25.147,24.211,sprint,0.0,False
F,12,1254,25.251,24.316,att,0.0,False
F,12,1254,25.251,24.316,tmobile,0.0,False
F,12,1254,25.251,24.316,verizon,0.0,False
F,12,1254,25.251,24.316,sprint,0.0,False
F,12,1259,25.356,24.42,att,0.0938,True
F,12,1259,25.356,24.42,tmobile,0.0,False
F,12,1259,25.356,24.42,verizon,0.0,False
F,12,1259,25.356,24.42,sprint,0.0,False
F,12,1264,25.46,24.524,att,0.0,False
F,12,1264,25.46,24.524,tmobile,0.0,False
F,12,1264,25.46,24.524,verizon,0.0,False
F,12,1264,25.46,24.524,sprint,0.0312,True
F,12,1269,25.564,24.629,att,0.0,False
F,12,1269,25.564,24.629,tmobile,0.0,False
F,12,1269,25.564,24.629,verizon,0.0312,True
F,12,1269,25.564,24.629,sprint,0.0,False
F,12,1274,25.669,24.733,att,0.0,False
F,12,1274,25.669,24.733,tmobile,0.0312,True
F,12,1274,25.669,24.733,verizon,0.0312,True
F,12,1274,25.669,24.733,sprint,0.0,False
F,12,1279,25.773,24.837,att,0.0,False
F,12,1279,25.773,24.837,tmobile,0.0312,True
F,12,1279,25.773,24.837,verizon,0.0312,True
F,12,1279,25.773,24.837,sprint,0.0,False
F,12,1284,25.877,24.942,att,0.0,False
F,12,1284,25.877,24.942,tmobile,0.0,False
F,12,1284,25.877,24.942,verizon,0.0,False
F,12,1284,25.877,24.942,sprint,0.0,False
F,12,1289,25.982,25.046,att,0.0312,True
F,12,1289,25.982,25.046,tmobile,0.0,False
F,12,1289,25.982,25.046,verizon,0.0312,True
F,12,1289,25.982,25.046,sprint,0.0,False
F,12,1294,26.086,25.15,att,0.0,False
F,12,1294,26.086,25.15,tmobile,0.0,False
F,12,1294,26.086,25.15,verizon,0.0312,True
F,12,1294,26.086,25.15,sprint,0.0,False
F,12,1299,26.19,25.255,att,0.0,False
F,12,1299,26.19,25.255,tmobile,0.0,False
F,12,1299,26.19,25.255,verizon,0.0,False
F,12,1299,26.19,25.255,sprint,0.0938,True
F,12,1304,26.295,25.359,att,0.0,False
F,12,1304,26.295,25.359,tmobile,0.0,False
F,12,1304,26.295,25.359,verizon,0.0,False
F,12,1304,26.295,25.359,sprint,0.0,False
F,12,1309,26.399,25.463,att,0.0312,True
F,12,1309,26.399,25.463,tmobile,0.0,False
F,12,1309,26.399,25.463,verizon,0.0625,True
F,12,1309,26.399,25.463,sprint,0.0,False
F,12,1314,26.503,25.568,att,0.0312,True
F,12,1314,26.503,25.568,tmobile,0.0,False
F,12,1314,26.503,25.568,verizon,0.0,False
F,12,1314,26.503,25.568,sprint,0.0,False
F,12,1319,26.608,25.672,att,0.0,False
F,12,1319,26.608,25.672,tmobile,0.0,False
F,12,1319,26.608,25.672,verizon,0.0,False
F,12,1319,26.608,25.672,sprint,0.0,False
F,12,1324,26.712,25.776,att,0.0312,True
F,12,1324,26.712,25.776,tmobile,0.0,False
F,12,1324,26.712,25.776,verizon,0.0625,True
F,12,1324,26.712,25.776,sprint,0.0,False
F,12,1329,26.816,25.881,att,0.0,False
F,12,1329,26.816,25.881,tmobile,0.0,False
F,12,1329,26.816,25.881,verizon,0.0,False
F,12,1329,26.816,25.881,sprint,0.0,False
F,12,1334,26.921,25.985,att,0.0,False
F,12,1334,26.921,25.985,tmobile,0.0,False
F,12,1334,26.921,25.985,verizon,0.0,False
F,12,1334,26.921,25.985,sprint,0.0,False
F,12,1339,27.025,26.089,att,0.0,False
F,12,1339,27.025,26.089,tmobile,0.0,False
F,12,1339,27.025,26.089,verizon,0.0,False
F,12,1339,27.025,26.089,sprint,0.0,False
F,12,1344,27.129,26.194,att,0.0,False
F,12,1344,27.129,26.194,tmobile,0.0,False
F,12,1344,27.129,26.194,verizon,0.0,False
F,12,1344,27.129,26.194,sprint,0.0,False
F,12,1349,27.234,26.298,att,0.0,False
F,12,1349,27.234,26.298,tmobile,0.0,False
F,12,1349,27.234,26.298,verizon,0.0,False
F,12,1349,27.234,26.298,sprint,0.0,False
F,12,1354,27.338,26.402,att,0.0,False
F,12,1354,27.338,26.402,tmobile,0.0312,True
F,12,1354,27.338,26.402,verizon,0.0312,True
F,12,1354,27.338,26.402,sprint,0.0,False
F,12,1359,27.443,26.507,att,0.0,False
F,12,1359,27.443,26.507,tmobile,0.0625,True
F,12,1359,27.443,26.507,verizon,0.0,False
F,12,1359,27.443,26.507,sprint,0.0,False
F,12,1364,27.547,26.611,att,0.0,False
F,12,1364,27.547,26.611,tmobile,0.0312,True
F,12,1364,27.547,26.611,verizon,0.0312,True
F,12,1364,27.547,26.611,sprint,0.0,False
F,12,1369,27.651,26.715,att,0.0,False
F,12,1369,27.651,26.715,tmobile,0.0312,True
F,12,1369,27.651,26.715,verizon,0.0312,True
F,12,1369,27.651,26.715,sprint,0.0,False
F,12,1374,27.756,26.82,att,0.0,False
F,12,1374,27.756,26.82,tmobile,0.0,False
F,12,1374,27.756,26.82,verizon,0.0,False
F,12,1374,27.756,26.82,sprint,0.0,False
F,12,1379,27.86,26.924,att,0.0,False
F,12,1379,27.86,26.924,tmobile,0.0312,True
F,12,1379,27.86,26.924,verizon,0.0312,True
F,12,1379,27.86,26.924,sprint,0.0,False
F,12,1384,27.964,27.028,att,0.0,False
F,12,1384,27.964,27.028,tmobile,0.0,False
F,12,1384,27.964,27.028,verizon,0.0,False
F,12,1384,27.964,27.028,sprint,0.0312,True
M,13,45,0.0,-0.915,att,0.0,False
M,13,45,0.0,-0.915,tmobile,0.0,False
M,13,45,0.0,-0.915,verizon,0.0,False
M,13,45,0.0,-0.915,sprint,0.0,False
M,13,50,0.104,-0.811,att,0.0,False
M,13,50,0.104,-0.811,tmobile,0.0,False
M,13,50,0.104,-0.811,verizon,0.0,False
M,13,50,0.104,-0.811,sprint,0.0,False
M,13,55,0.209,-0.706,att,0.0,False
M,13,55,0.209,-0.706,tmobile,0.0,False
M,13,55,0.209,-0.706,verizon,0.0,False
M,13,55,0.209,-0.706,sprint,0.0,False
M,13,60,0.313,-0.602,att,0.0,False
M,13,60,0.313,-0.602,tmobile,0.0,False
M,13,60,0.313,-0.602,verizon,0.0,False
M,13,60,0.313,-0.602,sprint,0.0,False
M,13,65,0.417,-0.498,att,0.0,False
M,13,65,0.417,-0.498,tmobile,0.0,False
M,13,65,0.417,-0.498,verizon,0.0,False
M,13,65,0.417,-0.498,sprint,0.0,False
M,13,70,0.522,-0.393,att,0.0,False
M,13,70,0.522,-0.393,tmobile,0.0,False
M,13,70,0.522,-0.393,verizon,0.0,False
M,13,70,0.522,-0.393,sprint,0.0,False
M,13,75,0.626,-0.289,att,0.0,False
M,13,75,0.626,-0.289,tmobile,0.0,False
M,13,75,0.626,-0.289,verizon,0.0,False
M,13,75,0.626,-0.289,sprint,0.0,False
M,13,80,0.73,-0.184,att,0.0,False
M,13,80,0.73,-0.184,tmobile,0.0,False
M,13,80,0.73,-0.184,verizon,0.0,False
M,13,80,0.73,-0.184,sprint,0.0,False
M,13,85,0.835,-0.08,att,0.0,False
M,13,85,0.835,-0.08,tmobile,0.0,False
M,13,85,0.835,-0.08,verizon,0.0,False
M,13,85,0.835,-0.08,sprint,0.0,False
M,13,90,0.939,0.024,att,0.0,False
M,13,90,0.939,0.024,tmobile,0.0,False
M,13,90,0.939,0.024,verizon,0.0,False
M,13,90,0.939,0.024,sprint,0.0,False
M,13,95,1.043,0.129,att,0.0,False
M,13,95,1.043,0.129,tmobile,0.0,False
M,13,95,1.043,0.129,verizon,0.0,False
M,13,95,1.043,0.129,sprint,0.0,False
M,13,100,1.148,0.233,att,0.0294,False
M,13,100,1.148,0.233,tmobile,0.0,False
M,13,100,1.148,0.233,verizon,0.0294,False
M,13,100,1.148,0.233,sprint,0.0,False
M,13,105,1.252,0.337,att,0.0,False
M,13,105,1.252,0.337,tmobile,0.0,False
M,13,105,1.252,0.337,verizon,0.0588,True
M,13,105,1.252,0.337,sprint,0.0,False
M,13,110,1.356,0.442,att,0.0,False
M,13,110,1.356,0.442,tmobile,0.0,False
M,13,110,1.356,0.442,verizon,0.0,False
M,13,110,1.356,0.442,sprint,0.0,False
M,13,115,1.461,0.546,att,0.0,False
M,13,115,1.461,0.546,tmobile,0.0294,False
M,13,115,1.461,0.546,verizon,0.0294,False
M,13,115,1.461,0.546,sprint,0.0,False
M,13,120,1.565,0.65,att,0.0,False
M,13,120,1.565,0.65,tmobile,0.0294,False
M,13,120,1.565,0.65,verizon,0.0,False
M,13,120,1.565,0.65,sprint,0.0,False
M,13,125,1.67,0.755,att,0.0,False
M,13,125,1.67,0.755,tmobile,0.0588,True
M,13,125,1.67,0.755,verizon,0.0294,False
M,13,125,1.67,0.755,sprint,0.0,False
M,13,130,1.774,0.859,att,0.0,False
M,13,130,1.774,0.859,tmobile,0.0,False
M,13,130,1.774,0.859,verizon,0.0294,False
M,13,130,1.774,0.859,sprint,0.0,False
M,13,135,1.878,0.963,att,0.0,False
M,13,135,1.878,0.963,tmobile,0.0,False
M,13,135,1.878,0.963,verizon,0.1471,True
M,13,135,1.878,0.963,sprint,0.0,False
M,13,140,1.983,1.068,att,0.0,False
M,13,140,1.983,1.068,tmobile,0.0588,True
M,13,140,1.983,1.068,verizon,0.0,False
M,13,140,1.983,1.068,sprint,0.0,False
M,13,145,2.087,1.172,att,0.0,False
M,13,145,2.087,1.172,tmobile,0.0588,True
M,13,145,2.087,1.172,verizon,0.0,False
M,13,145,2.087,1.172,sprint,0.0,False
M,13,150,2.191,1.276,att,0.0294,False
M,13,150,2.191,1.276,tmobile,0.0294,False
M,13,150,2.191,1.276,verizon,0.0,False
M,13,150,2.191,1.276,sprint,0.0,False
M,13,155,2.296,1.381,att,0.0,False
M,13,155,2.296,1.381,tmobile,0.0,False
M,13,155,2.296,1.381,verizon,0.0,False
M,13,155,2.296,1.381,sprint,0.0,False
M,13,160,2.4,1.485,att,0.0,False
M,13,160,2.4,1.485,tmobile,0.0,False
M,13,160,2.4,1.485,verizon,0.0,False
M,13,160,2.4,1.485,sprint,0.0294,False
M,13,165,2.504,1.589,att,0.0,False
M,13,165,2.504,1.589,tmobile,0.1471,True
M,13,165,2.504,1.589,verizon,0.0,False
M,13,165,2.504,1.589,sprint,0.0,False
M,13,170,2.609,1.694,att,0.1765,True
M,13,170,2.609,1.694,tmobile,0.0294,False
M,13,170,2.609,1.694,verizon,0.0,False
M,13,170,2.609,1.694,sprint,0.0,False
M,13,175,2.713,1.798,att,0.0294,False
M,13,175,2.713,1.798,tmobile,0.0,False
M,13,175,2.713,1.798,verizon,0.1471,True
M,13,175,2.713,1.798,sprint,0.0,False
M,13,180,2.817,1.902,att,0.0,False
M,13,180,2.817,1.902,tmobile,0.0,False
M,13,180,2.817,1.902,verizon,0.0,False
M,13,180,2.817,1.902,sprint,0.0294,False
M,13,185,2.922,2.007,att,0.0,False
M,13,185,2.922,2.007,tmobile,0.0,False
M,13,185,2.922,2.007,verizon,0.0,False
M,13,185,2.922,2.007,sprint,0.0,False
M,13,190,3.026,2.111,att,0.0,False
M,13,190,3.026,2.111,tmobile,0.0294,False
M,13,190,3.026,2.111,verizon,0.0,False
M,13,190,3.026,2.111,sprint,0.0,False
M,13,195,3.13,2.215,att,0.0,False
M,13,195,3.13,2.215,tmobile,0.0294,False
M,13,195,3.13,2.215,verizon,0.0588,True
M,13,195,3.13,2.215,sprint,0.0588,True
M,13,200,3.235,2.32,att,0.0,False
M,13,200,3.235,2.32,tmobile,0.0,False
M,13,200,3.235,2.32,verizon,0.4118,True
M,13,200,3.235,2.32,sprint,0.0,False
M,13,205,3.339,2.424,att,0.0,False
M,13,205,3.339,2.424,tmobile,0.0,False
M,13,205,3.339,2.424,verizon,0.0,False
M,13,205,3.339,2.424,sprint,0.0,False
M,13,210,3.443,2.528,att,0.0,False
M,13,210,3.443,2.528,tmobile,0.0882,True
M,13,210,3.443,2.528,verizon,0.0588,True
M,13,210,3.443,2.528,sprint,0.0,False
M,13,215,3.548,2.633,att,0.0,False
M,13,215,3.548,2.633,tmobile,0.0,False
M,13,215,3.548,2.633,verizon,0.0294,False
M,13,215,3.548,2.633,sprint,0.0,False
M,13,220,3.652,2.737,att,0.0,False
M,13,220,3.652,2.737,tmobile,0.5,True
M,13,220,3.652,2.737,verizon,0.0294,False
M,13,220,3.652,2.737,sprint,0.0,False
M,13,225,3.756,2.842,att,0.0,False
M,13,225,3.756,2.842,tmobile,0.0,False
M,13,225,3.756,2.842,verizon,0.5588,True
M,13,225,3.756,2.842,sprint,0.0,False
M,13,230,3.861,2.946,att,0.0,False
M,13,230,3.861,2.946,tmobile,0.0,False
M,13,230,3.861,2.946,verizon,0.0,False
M,13,230,3.861,2.946,sprint,0.0,False
M,13,235,3.965,3.05,att,0.0,False
M,13,235,3.965,3.05,tmobile,0.0588,True
M,13,235,3.965,3.05,verizon,0.0588,True
M,13,235,3.965,3.05,sprint,0.0,False
M,13,240,4.069,3.155,att,0.0,False
M,13,240,4.069,3.155,tmobile,0.2647,True
M,13,240,4.069,3.155,verizon,0.1176,True
M,13,240,4.069,3.155,sprint,0.0,False
M,13,245,4.174,3.259,att,0.0,False
M,13,245,4.174,3.259,tmobile,0.1176,True
M,13,245,4.174,3.259,verizon,0.2059,True
M,13,245,4.174,3.259,sprint,0.0,False
M,13,250,4.278,3.363,att,0.0,False
M,13,250,4.278,3.363,tmobile,0.1765,True
M,13,250,4.278,3.363,verizon,0.1176,True
M,13,250,4.278,3.363,sprint,0.0,False
M,13,255,4.382,3.468,att,0.0,False
M,13,255,4.382,3.468,tmobile,0.0,False
M,13,255,4.382,3.468,verizon,0.0,False
M,13,255,4.382,3.468,sprint,0.1176,True
M,13,260,4.487,3.572,att,0.0,False
M,13,260,4.487,3.572,tmobile,0.0,False
M,13,260,4.487,3.572,verizon,0.0,False
M,13,260,4.487,3.572,sprint,0.0294,False
M,13,265,4.591,3.676,att,0.0,False
M,13,265,4.591,3.676,tmobile,0.0882,True
M,13,265,4.591,3.676,verizon,0.5,True
M,13,265,4.591,3.676,sprint,0.0,False
M,13,270,4.695,3.781,att,0.0,False
M,13,270,4.695,3.781,tmobile,0.0,False
M,13,270,4.695,3.781,verizon,0.0294,False
M,13,270,4.695,3.781,sprint,0.0,False
M,13,275,4.8,3.885,att,0.0,False
M,13,275,4.8,3.885,tmobile,0.0,False
M,13,275,4.8,3.885,verizon,0.0294,False
M,13,275,4.8,3.885,sprint,0.0294,False
M,13,280,4.904,3.989,att,0.0,False
M,13,280,4.904,3.989,tmobile,0.0,False
M,13,280,4.904,3.989,verizon,0.0882,True
M,13,280,4.904,3.989,sprint,0.0,False
M,13,285,5.009,4.094,att,0.0294,False
M,13,285,5.009,4.094,tmobile,0.0,False
M,13,285,5.009,4.094,verizon,0.0,False
M,13,285,5.009,4.094,sprint,0.0,False
M,13,290,5.113,4.198,att,0.0294,False
M,13,290,5.113,4.198,tmobile,0.0,False
M,13,290,5.113,4.198,verizon,0.0,False
M,13,290,5.113,4.198,sprint,0.0,False
M,13,295,5.217,4.302,att,0.0588,True
M,13,295,5.217,4.302,tmobile,0.0294,False
M,13,295,5.217,4.302,verizon,0.0,False
M,13,295,5.217,4.302,sprint,0.0,False
M,13,300,5.322,4.407,att,0.0882,True
M,13,300,5.322,4.407,tmobile,0.0,False
M,13,300,5.322,4.407,verizon,0.0294,False
M,13,300,5.322,4.407,sprint,0.0,False
M,13,305,5.426,4.511,att,0.0,False
M,13,305,5.426,4.511,tmobile,0.0,False
M,13,305,5.426,4.511,verizon,0.0,False
M,13,305,5.426,4.511,sprint,0.0,False
M,13,310,5.53,4.615,att,0.0,False
M,13,310,5.53,4.615,tmobile,0.2059,True
M,13,310,5.53,4.615,verizon,0.5,True
M,13,310,5.53,4.615,sprint,0.0,False
M,13,315,5.635,4.72,att,0.0,False
M,13,315,5.635,4.72,tmobile,0.0,False
M,13,315,5.635,4.72,verizon,0.0,False
M,13,315,5.635,4.72,sprint,0.2059,True
M,13,320,5.739,4.824,att,0.0,False
M,13,320,5.739,4.824,tmobile,0.0,False
M,13,320,5.739,4.824,verizon,0.0882,True
M,13,320,5.739,4.824,sprint,0.0,False
M,13,325,5.843,4.928,att,0.0,False
M,13,325,5.843,4.928,tmobile,0.0588,True
M,13,325,5.843,4.928,verizon,0.1765,True
M,13,325,5.843,4.928,sprint,0.0,False
M,13,330,5.948,5.033,att,0.0,False
M,13,330,5.948,5.033,tmobile,0.0588,True
M,13,330,5.948,5.033,verizon,0.0294,False
M,13,330,5.948,5.033,sprint,0.0,False
M,13,335,6.052,5.137,att,0.0,False
M,13,335,6.052,5.137,tmobile,0.0588,True
M,13,335,6.052,5.137,verizon,0.0294,False
M,13,335,6.052,5.137,sprint,0.0,False
M,13,340,6.156,5.241,att,0.0,False
M,13,340,6.156,5.241,tmobile,0.0,False
M,13,340,6.156,5.241,verizon,0.0294,False
M,13,340,6.156,5.241,sprint,0.0,False
M,13,345,6.261,5.346,att,0.0,False
M,13,345,6.261,5.346,tmobile,0.0,False
M,13,345,6.261,5.346,verizon,0.0,False
M,13,345,6.261,5.346,sprint,0.0,False
M,13,350,6.365,5.45,att,0.0,False
M,13,350,6.365,5.45,tmobile,0.0,False
M,13,350,6.365,5.45,verizon,0.0,False
M,13,350,6.365,5.45,sprint,0.0,False
M,13,355,6.469,5.554,att,0.0588,True
M,13,355,6.469,5.554,tmobile,0.0,False
M,13,355,6.469,5.554,verizon,0.0882,True
M,13,355,6.469,5.554,sprint,0.1176,True
M,13,360,6.574,5.659,att,0.0,False
M,13,360,6.574,5.659,tmobile,0.0,False
M,13,360,6.574,5.659,verizon,0.0294,False
M,13,360,6.574,5.659,sprint,0.0,False
M,13,365,6.678,5.763,att,0.0,False
M,13,365,6.678,5.763,tmobile,0.0,False
M,13,365,6.678,5.763,verizon,0.0294,False
M,13,365,6.678,5.763,sprint,0.0,False
M,13,370,6.782,5.867,att,0.0,False
M,13,370,6.782,5.867,tmobile,0.0,False
M,13,370,6.782,5.867,verizon,0.0,False
M,13,370,6.782,5.867,sprint,0.0,False
M,13,375,6.887,5.972,att,0.0,False
M,13,375,6.887,5.972,tmobile,0.0882,True
M,13,375,6.887,5.972,verizon,0.0588,True
M,13,375,6.887,5.972,sprint,0.0,False
M,13,380,6.991,6.076,att,0.0,False
M,13,380,6.991,6.076,tmobile,0.0588,True
M,13,380,6.991,6.076,verizon,0.0,False
M,13,380,6.991,6.076,sprint,0.0,False
M,13,385,7.095,6.181,att,0.0,False
M,13,385,7.095,6.181,tmobile,0.0882,True
M,13,385,7.095,6.181,verizon,0.0294,False
M,13,385,7.095,6.181,sprint,0.0,False
M,13,390,7.2,6.285,att,0.0,False
M,13,390,7.2,6.285,tmobile,0.0,False
M,13,390,7.2,6.285,verizon,0.0,False
M,13,390,7.2,6.285,sprint,0.0,False
M,13,395,7.304,6.389,att,0.0,False
M,13,395,7.304,6.389,tmobile,0.0,False
M,13,395,7.304,6.389,verizon,0.0,False
M,13,395,7.304,6.389,sprint,0.0,False
M,13,400,7.408,6.494,att,0.0,False
M,13,400,7.408,6.494,tmobile,0.0,False
M,13,400,7.408,6.494,verizon,0.0,False
M,13,400,7.408,6.494,sprint,0.0,False
M,13,405,7.513,6.598,att,0.0,False
M,13,405,7.513,6.598,tmobile,0.0294,False
M,13,405,7.513,6.598,verizon,0.0,False
M,13,405,7.513,6.598,sprint,0.0,False
M,13,410,7.617,6.702,att,0.0,False
M,13,410,7.617,6.702,tmobile,0.0,False
M,13,410,7.617,6.702,verizon,0.0,False
M,13,410,7.617,6.702,sprint,0.0,False
M,13,415,7.721,6.807,att,0.0,False
M,13,415,7.721,6.807,tmobile,0.0,False
M,13,415,7.721,6.807,verizon,0.0,False
M,13,415,7.721,6.807,sprint,0.0,False
M,13,420,7.826,6.911,att,0.0,False
M,13,420,7.826,6.911,tmobile,0.0,False
M,13,420,7.826,6.911,verizon,0.0,False
M,13,420,7.826,6.911,sprint,0.0,False
M,13,425,7.93,7.015,att,0.0,False
M,13,425,7.93,7.015,tmobile,0.0,False
M,13,425,7.93,7.015,verizon,0.0,False
M,13,425,7.93,7.015,sprint,0.0,False
M,13,430,8.035,7.12,att,0.0,False
M,13,430,8.035,7.12,tmobile,0.0,False
M,13,430,8.035,7.12,verizon,0.0,False
M,13,430,8.035,7.12,sprint,0.0,False
M,13,435,8.139,7.224,att,0.0,False
M,13,435,8.139,7.224,tmobile,0.0,False
M,13,435,8.139,7.224,verizon,0.0,False
M,13,435,8.139,7.224,sprint,0.0,False
M,13,440,8.243,7.328,att,0.0,False
M,13,440,8.243,7.328,tmobile,0.0,False
M,13,440,8.243,7.328,verizon,0.0,False
M,13,440,8.243,7.328,sprint,0.0,False
M,13,445,8.348,7.433,att,0.0,False
M,13,445,8.348,7.433,tmobile,0.0,False
M,13,445,8.348,7.433,verizon,0.0,False
M,13,445,8.348,7.433,sprint,0.0,False
M,13,450,8.452,7.537,att,0.0,False
M,13,450,8.452,7.537,tmobile,0.0,False
M,13,450,8.452,7.537,verizon,0.0,False
M,13,450,8.452,7.537,sprint,0.0,False
M,13,455,8.556,7.641,att,0.0,False
M,13,455,8.556,7.641,tmobile,0.0,False
M,13,455,8.556,7.641,verizon,0.0,False
M,13,455,8.556,7.641,sprint,0.0,False
M,13,460,8.661,7.746,att,0.0,False
M,13,460,8.661,7.746,tmobile,0.0,False
M,13,460,8.661,7.746,verizon,0.0,False
M,13,460,8.661,7.746,sprint,0.0,False
M,13,465,8.765,7.85,att,0.0,False
M,13,465,8.765,7.85,tmobile,0.0,False
M,13,465,8.765,7.85,verizon,0.0,False
M,13,465,8.765,7.85,sprint,0.0,False
M,13,470,8.869,7.954,att,0.0,False
M,13,470,8.869,7.954,tmobile,0.0,False
M,13,470,8.869,7.954,verizon,0.0,False
M,13,470,8.869,7.954,sprint,0.0,False
M,13,475,8.974,8.059,att,0.0,False
M,13,475,8.974,8.059,tmobile,0.0,False
M,13,475,8.974,8.059,verizon,0.0,False
M,13,475,8.974,8.059,sprint,0.0,False
M,13,480,9.078,8.163,att,0.0,False
M,13,480,9.078,8.163,tmobile,0.0,False
M,13,480,9.078,8.163,verizon,0.0,False
M,13,480,9.078,8.163,sprint,0.0,False
M,13,485,9.182,8.267,att,0.0,False
M,13,485,9.182,8.267,tmobile,0.0,False
M,13,485,9.182,8.267,verizon,0.0,False
M,13,485,9.182,8.267,sprint,0.0,False
M,13,490,9.287,8.372,att,0.0,False
M,13,490,9.287,8.372,tmobile,0.0588,True
M,13,490,9.287,8.372,verizon,0.0,False
M,13,490,9.287,8.372,sprint,0.0,False
M,13,495,9.391,8.476,att,0.0,False
M,13,495,9.391,8.476,tmobile,0.0,False
M,13,495,9.391,8.476,verizon,0.0,False
M,13,495,9.391,8.476,sprint,0.0,False
M,13,500,9.495,8.58,att,0.0,False
M,13,500,9.495,8.58,tmobile,0.0,False
M,13,500,9.495,8.58,verizon,0.0,False
M,13,500,9.495,8.58,sprint,0.0,False
M,13,505,9.6,8.685,att,0.0,False
M,13,505,9.6,8.685,tmobile,0.0,False
M,13,505,9.6,8.685,verizon,0.0,False
M,13,505,9.6,8.685,sprint,0.0588,True
M,13,510,9.704,8.789,att,0.0294,False
M,13,510,9.704,8.789,tmobile,0.0294,False
M,13,510,9.704,8.789,verizon,0.0294,False
M,13,510,9.704,8.789,sprint,0.0,False
M,13,515,9.808,8.893,att,0.0,False
M,13,515,9.808,8.893,tmobile,0.0,False
M,13,515,9.808,8.893,verizon,0.0,False
M,13,515,9.808,8.893,sprint,0.0,False
M,13,520,9.913,8.998,att,0.0,False
M,13,520,9.913,8.998,tmobile,0.0,False
M,13,520,9.913,8.998,verizon,0.0,False
M,13,520,9.913,8.998,sprint,0.0,False
M,13,525,10.017,9.102,att,0.0294,False
M,13,525,10.017,9.102,tmobile,0.1176,True
M,13,525,10.017,9.102,verizon,0.0294,False
M,13,525,10.017,9.102,sprint,0.0,False
M,13,530,10.121,9.206,att,0.0588,True
M,13,530,10.121,9.206,tmobile,0.0588,True
M,13,530,10.121,9.206,verizon,0.0,False
M,13,530,10.121,9.206,sprint,0.0,False
M,13,535,10.226,9.311,att,0.0,False
M,13,535,10.226,9.311,tmobile,0.0,False
M,13,535,10.226,9.311,verizon,0.1471,True
M,13,535,10.226,9.311,sprint,0.0,False
M,13,540,10.33,9.415,att,0.0,False
M,13,540,10.33,9.415,tmobile,0.0,False
M,13,540,10.33,9.415,verizon,0.0294,False
M,13,540,10.33,9.415,sprint,0.0,False
M,13,545,10.434,9.52,att,0.0,False
M,13,545,10.434,9.52,tmobile,0.0588,True
M,13,545,10.434,9.52,verizon,0.0588,True
M,13,545,10.434,9.52,sprint,0.0,False
M,13,550,10.539,9.624,att,0.0,False
M,13,550,10.539,9.624,tmobile,0.0,False
M,13,550,10.539,9.624,verizon,0.0,False
M,13,550,10.539,9.624,sprint,0.0,False
M,13,555,10.643,9.728,att,0.0,False
M,13,555,10.643,9.728,tmobile,0.0,False
M,13,555,10.643,9.728,verizon,0.0,False
M,13,555,10.643,9.728,sprint,0.0,False
M,13,560,10.747,9.833,att,0.0,False
M,13,560,10.747,9.833,tmobile,0.0,False
M,13,560,10.747,9.833,verizon,0.0,False
M,13,560,10.747,9.833,sprint,0.0,False
M,13,565,10.852,9.937,att,0.0,False
M,13,565,10.852,9.937,tmobile,0.0,False
M,13,565,10.852,9.937,verizon,0.0,False
M,13,565,10.852,9.937,sprint,0.0,False
M,13,570,10.956,10.041,att,0.0,False
M,13,570,10.956,10.041,tmobile,0.0882,True
M,13,570,10.956,10.041,verizon,0.0882,True
M,13,570,10.956,10.041,sprint,0.0,False
M,13,575,11.06,10.146,att,0.0,False
M,13,575,11.06,10.146,tmobile,0.0,False
M,13,575,11.06,10.146,verizon,0.0294,False
M,13,575,11.06,10.146,sprint,0.0294,False
M,13,580,11.165,10.25,att,0.0,False
M,13,580,11.165,10.25,tmobile,0.0,False
M,13,580,11.165,10.25,verizon,0.0,False
M,13,580,11.165,10.25,sprint,0.0,False
M,13,585,11.269,10.354,att,0.0,False
M,13,585,11.269,10.354,tmobile,0.0588,True
M,13,585,11.269,10.354,verizon,0.0,False
M,13,585,11.269,10.354,sprint,0.0,False
M,13,590,11.374,10.459,att,0.0,False
M,13,590,11.374,10.459,tmobile,0.1176,True
M,13,590,11.374,10.459,verizon,0.0,False
M,13,590,11.374,10.459,sprint,0.0,False
M,13,595,11.478,10.563,att,0.0,False
M,13,595,11.478,10.563,tmobile,0.0,False
M,13,595,11.478,10.563,verizon,0.0,False
M,13,595,11.478,10.563,sprint,0.0,False
M,13,600,11.582,10.667,att,0.0,False
M,13,600,11.582,10.667,tmobile,0.0,False
M,13,600,11.582,10.667,verizon,0.0,False
M,13,600,11.582,10.667,sprint,0.0,False
M,13,605,11.687,10.772,att,0.0,False
M,13,605,11.687,10.772,tmobile,0.0,False
M,13,605,11.687,10.772,verizon,0.0,False
M,13,605,11.687,10.772,sprint,0.0,False
M,13,610,11.791,10.876,att,0.0,False
M,13,610,11.791,10.876,tmobile,0.0,False
M,13,610,11.791,10.876,verizon,0.0,False
M,13,610,11.791,10.876,sprint,0.0,False
M,13,615,11.895,10.98,att,0.0,False
M,13,615,11.895,10.98,tmobile,0.0,False
M,13,615,11.895,10.98,verizon,0.0,False
M,13,615,11.895,10.98,sprint,0.2353,True
M,13,620,12.0,11.085,att,0.0,False
M,13,620,12.0,11.085,tmobile,0.0,False
M,13,620,12.0,11.085,verizon,0.0,False
M,13,620,12.0,11.085,sprint,0.0,False
M,13,625,12.104,11.189,att,0.0,False
M,13,625,12.104,11.189,tmobile,0.0,False
M,13,625,12.104,11.189,verizon,0.0,False
M,13,625,12.104,11.189,sprint,0.0,False
M,13,630,12.208,11.293,att,0.0,False
M,13,630,12.208,11.293,tmobile,0.0,False
M,13,630,12.208,11.293,verizon,0.0,False
M,13,630,12.208,11.293,sprint,0.0,False
M,13,635,12.313,11.398,att,0.0,False
M,13,635,12.313,11.398,tmobile,0.0,False
M,13,635,12.313,11.398,verizon,0.0,False
M,13,635,12.313,11.398,sprint,0.0,False
M,13,640,12.417,11.502,att,0.0,False
M,13,640,12.417,11.502,tmobile,0.0,False
M,13,640,12.417,11.502,verizon,0.0,False
M,13,640,12.417,11.502,sprint,0.0,False
M,13,645,12.521,11.606,att,0.0,False
M,13,645,12.521,11.606,tmobile,0.0,False
M,13,645,12.521,11.606,verizon,0.0,False
M,13,645,12.521,11.606,sprint,0.0,False
M,13,650,12.626,11.711,att,0.0,False
M,13,650,12.626,11.711,tmobile,0.0,False
M,13,650,12.626,11.711,verizon,0.0,False
M,13,650,12.626,11.711,sprint,0.0,False
M,13,655,12.73,11.815,att,0.0,False
M,13,655,12.73,11.815,tmobile,0.0,False
M,13,655,12.73,11.815,verizon,0.0,False
M,13,655,12.73,11.815,sprint,0.0,False
M,13,660,12.834,11.919,att,0.0,False
M,13,660,12.834,11.919,tmobile,0.0,False
M,13,660,12.834,11.919,verizon,0.0,False
M,13,660,12.834,11.919,sprint,0.0,False
M,13,665,12.939,12.024,att,0.0,False
M,13,665,12.939,12.024,tmobile,0.0,False
M,13,665,12.939,12.024,verizon,0.0,False
M,13,665,12.939,12.024,sprint,0.0,False
M,13,670,13.043,12.128,att,0.0,False
M,13,670,13.043,12.128,tmobile,0.0,False
M,13,670,13.043,12.128,verizon,0.0,False
M,13,670,13.043,12.128,sprint,0.0,False
M,13,675,13.147,12.232,att,0.0,False
M,13,675,13.147,12.232,tmobile,0.0,False
M,13,675,13.147,12.232,verizon,0.0,False
M,13,675,13.147,12.232,sprint,0.2353,True
M,13,680,13.252,12.337,att,0.0,False
M,13,680,13.252,12.337,tmobile,0.0588,True
M,13,680,13.252,12.337,verizon,0.0294,False
M,13,680,13.252,12.337,sprint,0.0,False
M,13,685,13.356,12.441,att,0.0,False
M,13,685,13.356,12.441,tmobile,0.0294,False
M,13,685,13.356,12.441,verizon,0.0,False
M,13,685,13.356,12.441,sprint,0.0,False
M,13,690,13.46,12.546,att,0.0,False
M,13,690,13.46,12.546,tmobile,0.0,False
M,13,690,13.46,12.546,verizon,0.0294,False
M,13,690,13.46,12.546,sprint,0.0,False
M,13,695,13.565,12.65,att,0.0,False
M,13,695,13.565,12.65,tmobile,0.0,False
M,13,695,13.565,12.65,verizon,0.0,False
M,13,695,13.565,12.65,sprint,0.0,False
M,13,700,13.669,12.754,att,0.0,False
M,13,700,13.669,12.754,tmobile,0.0294,False
M,13,700,13.669,12.754,verizon,0.0294,False
M,13,700,13.669,12.754,sprint,0.0,False
M,13,705,13.773,12.859,att,0.0588,True
M,13,705,13.773,12.859,tmobile,0.0294,False
M,13,705,13.773,12.859,verizon,0.0,False
M,13,705,13.773,12.859,sprint,0.0,False
M,13,710,13.878,12.963,att,0.0294,False
M,13,710,13.878,12.963,tmobile,0.0,False
M,13,710,13.878,12.963,verizon,0.0588,True
M,13,710,13.878,12.963,sprint,0.0,False
M,13,715,13.982,13.067,att,0.0,False
M,13,715,13.982,13.067,tmobile,0.0294,False
M,13,715,13.982,13.067,verizon,0.0294,False
M,13,715,13.982,13.067,sprint,0.0,False
M,13,720,14.086,13.172,att,0.0,False
M,13,720,14.086,13.172,tmobile,0.0294,False
M,13,720,14.086,13.172,verizon,0.0,False
M,13,720,14.086,13.172,sprint,0.0,False
M,13,725,14.191,13.276,att,0.0,False
M,13,725,14.191,13.276,tmobile,0.0,False
M,13,725,14.191,13.276,verizon,0.0,False
M,13,725,14.191,13.276,sprint,0.0,False
M,13,730,14.295,13.38,att,0.0294,False
M,13,730,14.295,13.38,tmobile,0.0,False
M,13,730,14.295,13.38,verizon,0.0,False
M,13,730,14.295,13.38,sprint,0.0294,False
M,13,735,14.399,13.485,att,0.0294,False
M,13,735,14.399,13.485,tmobile,0.0294,False
M,13,735,14.399,13.485,verizon,0.0,False
M,13,735,14.399,13.485,sprint,0.0,False
M,13,740,14.504,13.589,att,0.0,False
M,13,740,14.504,13.589,tmobile,0.0294,False
M,13,740,14.504,13.589,verizon,0.0294,False
M,13,740,14.504,13.589,sprint,0.0,False
M,13,745,14.608,13.693,att,0.0,False
M,13,745,14.608,13.693,tmobile,0.0294,False
M,13,745,14.608,13.693,verizon,0.0,False
M,13,745,14.608,13.693,sprint,0.0,False
M,13,750,14.713,13.798,att,0.0,False
M,13,750,14.713,13.798,tmobile,0.0,False
M,13,750,14.713,13.798,verizon,0.0,False
M,13,750,14.713,13.798,sprint,0.0,False
M,13,755,14.817,13.902,att,0.0,False
M,13,755,14.817,13.902,tmobile,0.0294,False
M,13,755,14.817,13.902,verizon,0.0,False
M,13,755,14.817,13.902,sprint,0.0,False
M,13,760,14.921,14.006,att,0.0,False
M,13,760,14.921,14.006,tmobile,0.0,False
M,13,760,14.921,14.006,verizon,0.0294,False
M,13,760,14.921,14.006,sprint,0.0,False
M,13,765,15.026,14.111,att,0.0,False
M,13,765,15.026,14.111,tmobile,0.0294,False
M,13,765,15.026,14.111,verizon,0.0882,True
M,13,765,15.026,14.111,sprint,0.0294,False
M,13,770,15.13,14.215,att,0.0,False
M,13,770,15.13,14.215,tmobile,0.0,False
M,13,770,15.13,14.215,verizon,0.0,False
M,13,770,15.13,14.215,sprint,0.0,False
M,13,775,15.234,14.319,att,0.0294,False
M,13,775,15.234,14.319,tmobile,0.0,False
M,13,775,15.234,14.319,verizon,0.0294,False
M,13,775,15.234,14.319,sprint,0.0,False
M,13,780,15.339,14.424,att,0.0,False
M,13,780,15.339,14.424,tmobile,0.0,False
M,13,780,15.339,14.424,verizon,0.0588,True
M,13,780,15.339,14.424,sprint,0.0294,False
M,13,785,15.443,14.528,att,0.0,False
M,13,785,15.443,14.528,tmobile,0.0,False
M,13,785,15.443,14.528,verizon,0.0294,False
M,13,785,15.443,14.528,sprint,0.0,False
M,13,790,15.547,14.632,att,0.0,False
M,13,790,15.547,14.632,tmobile,0.0,False
M,13,790,15.547,14.632,verizon,0.0,False
M,13,790,15.547,14.632,sprint,0.0,False
M,13,795,15.652,14.737,att,0.0,False
M,13,795,15.652,14.737,tmobile,0.0,False
M,13,795,15.652,14.737,verizon,0.0,False
M,13,795,15.652,14.737,sprint,0.0,False
M,13,800,15.756,14.841,att,0.0,False
M,13,800,15.756,14.841,tmobile,0.0,False
M,13,800,15.756,14.841,verizon,0.0294,False
M,13,800,15.756,14.841,sprint,0.0588,True
M,13,805,15.86,14.945,att,0.0,False
M,13,805,15.86,14.945,tmobile,0.0,False
M,13,805,15.86,14.945,verizon,0.0,False
M,13,805,15.86,14.945,sprint,0.0,False
M,13,810,15.965,15.05,att,0.0,False
M,13,810,15.965,15.05,tmobile,0.0,False
M,13,810,15.965,15.05,verizon,0.0,False
M,13,810,15.965,15.05,sprint,0.0,False
M,13,815,16.069,15.154,att,0.0,False
M,13,815,16.069,15.154,tmobile,0.0294,False
M,13,815,16.069,15.154,verizon,0.0,False
M,13,815,16.069,15.154,sprint,0.0294,False
M,13,820,16.173,15.258,att,0.0,False
M,13,820,16.173,15.258,tmobile,0.0294,False
M,13,820,16.173,15.258,verizon,0.0,False
M,13,820,16.173,15.258,sprint,0.0,False
M,13,825,16.278,15.363,att,0.0,False
M,13,825,16.278,15.363,tmobile,0.0,False
M,13,825,16.278,15.363,verizon,0.0,False
M,13,825,16.278,15.363,sprint,0.0,False
M,13,830,16.382,15.467,att,0.0588,True
M,13,830,16.382,15.467,tmobile,0.0294,False
M,13,830,16.382,15.467,verizon,0.0294,False
M,13,830,16.382,15.467,sprint,0.0,False
M,13,835,16.486,15.571,att,0.0,False
M,13,835,16.486,15.571,tmobile,0.0294,False
M,13,835,16.486,15.571,verizon,0.0,False
M,13,835,16.486,15.571,sprint,0.0,False
M,13,840,16.591,15.676,att,0.0,False
M,13,840,16.591,15.676,tmobile,0.0588,True
M,13,840,16.591,15.676,verizon,0.0588,True
M,13,840,16.591,15.676,sprint,0.0,False
M,13,845,16.695,15.78,att,0.0294,False
M,13,845,16.695,15.78,tmobile,0.0294,False
M,13,845,16.695,15.78,verizon,0.0294,False
M,13,845,16.695,15.78,sprint,0.0294,False
M,13,850,16.799,15.885,att,0.0,False
M,13,850,16.799,15.885,tmobile,0.0,False
M,13,850,16.799,15.885,verizon,0.0588,True
M,13,850,16.799,15.885,sprint,0.0882,True
M,13,855,16.904,15.989,att,0.0,False
M,13,855,16.904,15.989,tmobile,0.0294,False
M,13,855,16.904,15.989,verizon,0.0,False
M,13,855,16.904,15.989,sprint,0.0,False
M,13,860,17.008,16.093,att,0.0294,False
M,13,860,17.008,16.093,tmobile,0.0,False
M,13,860,17.008,16.093,verizon,0.0,False
M,13,860,17.008,16.093,sprint,0.0,False
M,13,865,17.112,16.198,att,0.0294,False
M,13,865,17.112,16.198,tmobile,0.0,False
M,13,865,17.112,16.198,verizon,0.0,False
M,13,865,17.112,16.198,sprint,0.0294,False
M,13,870,17.217,16.302,att,0.0294,False
M,13,870,17.217,16.302,tmobile,0.0,False
M,13,870,17.217,16.302,verizon,0.0,False
M,13,870,17.217,16.302,sprint,0.0,False
M,13,875,17.321,16.406,att,0.0,False
M,13,875,17.321,16.406,tmobile,0.0294,False
M,13,875,17.321,16.406,verizon,0.0,False
M,13,875,17.321,16.406,sprint,0.0,False
M,13,880,17.425,16.511,att,0.0294,False
M,13,880,17.425,16.511,tmobile,0.0,False
M,13,880,17.425,16.511,verizon,0.0,False
M,13,880,17.425,16.511,sprint,0.0,False
M,13,885,17.53,16.615,att,0.0,False
M,13,885,17.53,16.615,tmobile,0.0,False
M,13,885,17.53,16.615,verizon,0.0294,False
M,13,885,17.53,16.615,sprint,0.0,False
M,13,890,17.634,16.719,att,0.0,False
M,13,890,17.634,16.719,tmobile,0.0,False
M,13,890,17.634,16.719,verizon,0.0,False
M,13,890,17.634,16.719,sprint,0.0,False
M,13,895,17.739,16.824,att,0.0,False
M,13,895,17.739,16.824,tmobile,0.0294,False
M,13,895,17.739,16.824,verizon,0.0588,True
M,13,895,17.739,16.824,sprint,0.0,False
M,13,900,17.843,16.928,att,0.0294,False
M,13,900,17.843,16.928,tmobile,0.0294,False
M,13,900,17.843,16.928,verizon,0.0294,False
M,13,900,17.843,16.928,sprint,0.0,False
M,13,905,17.947,17.032,att,0.0,False
M,13,905,17.947,17.032,tmobile,0.0,False
M,13,905,17.947,17.032,verizon,0.0,False
M,13,905,17.947,17.032,sprint,0.0,False
M,13,910,18.052,17.137,att,0.0294,False
M,13,910,18.052,17.137,tmobile,0.0,False
M,13,910,18.052,17.137,verizon,0.0,False
M,13,910,18.052,17.137,sprint,0.0,False
M,13,915,18.156,17.241,att,0.0,False
M,13,915,18.156,17.241,tmobile,0.0,False
M,13,915,18.156,17.241,verizon,0.0588,True
M,13,915,18.156,17.241,sprint,0.0,False
M,13,920,18.26,17.345,att,0.0,False
M,13,920,18.26,17.345,tmobile,0.0,False
M,13,920,18.26,17.345,verizon,0.0294,False
M,13,920,18.26,17.345,sprint,0.0294,False
M,13,925,18.365,17.45,att,0.0,False
M,13,925,18.365,17.45,tmobile,0.0294,False
M,13,925,18.365,17.45,verizon,0.0,False
M,13,925,18.365,17.45,sprint,0.0,False
M,13,930,18.469,17.554,att,0.0,False
M,13,930,18.469,17.554,tmobile,0.0,False
M,13,930,18.469,17.554,verizon,0.0,False
M,13,930,18.469,17.554,sprint,0.0,False
M,13,935,18.573,17.658,att,0.0294,False
M,13,935,18.573,17.658,tmobile,0.0,False
M,13,935,18.573,17.658,verizon,0.0,False
M,13,935,18.573,17.658,sprint,0.0,False
M,13,940,18.678,17.763,att,0.0,False
M,13,940,18.678,17.763,tmobile,0.0,False
M,13,940,18.678,17.763,verizon,0.0588,True
M,13,940,18.678,17.763,sprint,0.0,False
M,13,945,18.782,17.867,att,0.0,False
M,13,945,18.782,17.867,tmobile,0.0,False
M,13,945,18.782,17.867,verizon,0.0,False
M,13,945,18.782,17.867,sprint,0.0588,True
M,13,950,18.886,17.971,att,0.0,False
M,13,950,18.886,17.971,tmobile,0.0,False
M,13,950,18.886,17.971,verizon,0.0,False
M,13,950,18.886,17.971,sprint,0.0,False
M,13,955,18.991,18.076,att,0.0,False
M,13,955,18.991,18.076,tmobile,0.0,False
M,13,955,18.991,18.076,verizon,0.0,False
M,13,955,18.991,18.076,sprint,0.0,False
M,13,960,19.095,18.18,att,0.0,False
M,13,960,19.095,18.18,tmobile,0.0,False
M,13,960,19.095,18.18,verizon,0.0294,False
M,13,960,19.095,18.18,sprint,0.0,False
G,14,44,0.0,-0.936,att,0.0,False
G,14,44,0.0,-0.936,tmobile,0.0,False
G,14,44,0.0,-0.936,verizon,0.0,False
G,14,44,0.0,-0.936,sprint,0.0,False
G,14,49,0.104,-0.831,att,0.0,False
G,14,49,0.104,-0.831,tmobile,0.0,False
G,14,49,0.104,-0.831,verizon,0.0,False
G,14,49,0.104,-0.831,sprint,0.0,False
G,14,54,0.209,-0.727,att,0.0,False
G,14,54,0.209,-0.727,tmobile,0.0,False
G,14,54,0.209,-0.727,verizon,0.0,False
G,14,54,0.209,-0.727,sprint,0.0,False
G,14,59,0.313,-0.623,att,0.0,False
G,14,59,0.313,-0.623,tmobile,0.0,False
G,14,59,0.313,-0.623,verizon,0.0,False
G,14,59,0.313,-0.623,sprint,0.0,False
G,14,64,0.417,-0.518,att,0.0,False
G,14,64,0.417,-0.518,tmobile,0.0,False
G,14,64,0.417,-0.518,verizon,0.0,False
G,14,64,0.417,-0.518,sprint,0.0,False
G,14,69,0.522,-0.414,att,0.0,False
G,14,69,0.522,-0.414,tmobile,0.0,False
G,14,69,0.522,-0.414,verizon,0.0,False
G,14,69,0.522,-0.414,sprint,0.0,False
G,14,74,0.626,-0.31,att,0.0,False
G,14,74,0.626,-0.31,tmobile,0.0,False
G,14,74,0.626,-0.31,verizon,0.0,False
G,14,74,0.626,-0.31,sprint,0.0,False
G,14,79,0.73,-0.205,att,0.0,False
G,14,79,0.73,-0.205,tmobile,0.0,False
G,14,79,0.73,-0.205,verizon,0.0,False
G,14,79,0.73,-0.205,sprint,0.0,False
G,14,84,0.835,-0.101,att,0.0,False
G,14,84,0.835,-0.101,tmobile,0.0,False
G,14,84,0.835,-0.101,verizon,0.0,False
G,14,84,0.835,-0.101,sprint,0.0,False
G,14,89,0.939,0.003,att,0.0,False
G,14,89,0.939,0.003,tmobile,0.0,False
G,14,89,0.939,0.003,verizon,0.0,False
G,14,89,0.939,0.003,sprint,0.0,False
G,14,94,1.043,0.108,att,0.0,False
G,14,94,1.043,0.108,tmobile,0.0,False
G,14,94,1.043,0.108,verizon,0.0,False
G,14,94,1.043,0.108,sprint,0.0,False
G,14,99,1.148,0.212,att,0.0,False
G,14,99,1.148,0.212,tmobile,0.0,False
G,14,99,1.148,0.212,verizon,0.0,False
G,14,99,1.148,0.212,sprint,0.0,False
G,14,104,1.252,0.316,att,0.0,False
G,14,104,1.252,0.316,tmobile,0.0,False
G,14,104,1.252,0.316,verizon,0.0,False
G,14,104,1.252,0.316,sprint,0.0,False
G,14,109,1.356,0.421,att,0.0,False
G,14,109,1.356,0.421,tmobile,0.0,False
G,14,109,1.356,0.421,verizon,0.0,False
G,14,109,1.356,0.421,sprint,0.0,False
G,14,114,1.461,0.525,att,0.0,False
G,14,114,1.461,0.525,tmobile,0.0,False
G,14,114,1.461,0.525,verizon,0.0,False
G,14,114,1.461,0.525,sprint,0.0,False
G,14,119,1.565,0.629,att,0.0,False
G,14,119,1.565,0.629,tmobile,0.0,False
G,14,119,1.565,0.629,verizon,0.0,False
G,14,119,1.565,0.629,sprint,0.0,False
G,14,124,1.67,0.734,att,0.0,False
G,14,124,1.67,0.734,tmobile,0.0,False
G,14,124,1.67,0.734,verizon,0.0,False
G,14,124,1.67,0.734,sprint,0.0,False
G,14,129,1.774,0.838,att,0.0,False
G,14,129,1.774,0.838,tmobile,0.0,False
G,14,129,1.774,0.838,verizon,0.0,False
G,14,129,1.774,0.838,sprint,0.0,False
G,14,134,1.878,0.942,att,0.0,False
G,14,134,1.878,0.942,tmobile,0.0,False
G,14,134,1.878,0.942,verizon,0.0,False
G,14,134,1.878,0.942,sprint,0.0,False
G,14,139,1.983,1.047,att,0.0,False
G,14,139,1.983,1.047,tmobile,0.0,False
G,14,139,1.983,1.047,verizon,0.0,False
G,14,139,1.983,1.047,sprint,0.0,False
G,14,144,2.087,1.151,att,0.0,False
G,14,144,2.087,1.151,tmobile,0.0,False
G,14,144,2.087,1.151,verizon,0.0,False
G,14,144,2.087,1.151,sprint,0.0,False
G,14,149,2.191,1.255,att,0.0,False
G,14,149,2.191,1.255,tmobile,0.0,False
G,14,149,2.191,1.255,verizon,0.0,False
G,14,149,2.191,1.255,sprint,0.0,False
G,14,154,2.296,1.36,att,0.0,False
G,14,154,2.296,1.36,tmobile,0.0,False
G,14,154,2.296,1.36,verizon,0.0,False
G,14,154,2.296,1.36,sprint,0.0,False
G,14,159,2.4,1.464,att,0.0,False
G,14,159,2.4,1.464,tmobile,0.0,False
G,14,159,2.4,1.464,verizon,0.0,False
G,14,159,2.4,1.464,sprint,0.0,False
G,14,164,2.504,1.569,att,0.0,False
G,14,164,2.504,1.569,tmobile,0.0,False
G,14,164,2.504,1.569,verizon,0.0,False
G,14,164,2.504,1.569,sprint,0.0,False
G,14,169,2.609,1.673,att,0.0,False
G,14,169,2.609,1.673,tmobile,0.0,False
G,14,169,2.609,1.673,verizon,0.0,False
G,14,169,2.609,1.673,sprint,0.0,False
G,14,174,2.713,1.777,att,0.0,False
G,14,174,2.713,1.777,tmobile,0.0,False
G,14,174,2.713,1.777,verizon,0.0,False
G,14,174,2.713,1.777,sprint,0.0,False
G,14,179,2.817,1.882,att,0.0,False
G,14,179,2.817,1.882,tmobile,0.0,False
G,14,179,2.817,1.882,verizon,0.0,False
G,14,179,2.817,1.882,sprint,0.0,False
G,14,184,2.922,1.986,att,0.0,False
G,14,184,2.922,1.986,tmobile,0.0,False
G,14,184,2.922,1.986,verizon,0.0,False
G,14,184,2.922,1.986,sprint,0.0,False
G,14,189,3.026,2.09,att,0.0,False
G,14,189,3.026,2.09,tmobile,0.0,False
G,14,189,3.026,2.09,verizon,0.0,False
G,14,189,3.026,2.09,sprint,0.0,False
G,14,194,3.13,2.195,att,0.0,False
G,14,194,3.13,2.195,tmobile,0.0,False
G,14,194,3.13,2.195,verizon,0.0,False
G,14,194,3.13,2.195,sprint,0.0,False
G,14,199,3.235,2.299,att,0.0,False
G,14,199,3.235,2.299,tmobile,0.0,False
G,14,199,3.235,2.299,verizon,0.0,False
G,14,199,3.235,2.299,sprint,0.0,False
G,14,204,3.339,2.403,att,0.0,False
G,14,204,3.339,2.403,tmobile,0.0,False
G,14,204,3.339,2.403,verizon,0.0,False
G,14,204,3.339,2.403,sprint,0.0,False
G,14,209,3.443,2.508,att,0.0,False
G,14,209,3.443,2.508,tmobile,0.0,False
G,14,209,3.443,2.508,verizon,0.0,False
G,14,209,3.443,2.508,sprint,0.0,False
G,14,214,3.548,2.612,att,0.0,False
G,14,214,3.548,2.612,tmobile,0.0,False
G,14,214,3.548,2.612,verizon,0.0,False
G,14,214,3.548,2.612,sprint,0.0,False
G,14,219,3.652,2.716,att,0.0,False
G,14,219,3.652,2.716,tmobile,0.0,False
G,14,219,3.652,2.716,verizon,0.0,False
G,14,219,3.652,2.716,sprint,0.0,False
G,14,224,3.756,2.821,att,0.0,False
G,14,224,3.756,2.821,tmobile,0.0,False
G,14,224,3.756,2.821,verizon,0.0,False
G,14,224,3.756,2.821,sprint,0.0,False
G,14,229,3.861,2.925,att,0.0,False
G,14,229,3.861,2.925,tmobile,0.0,False
G,14,229,3.861,2.925,verizon,0.0,False
G,14,229,3.861,2.925,sprint,0.0,False
G,14,234,3.965,3.029,att,0.0,False
G,14,234,3.965,3.029,tmobile,0.0,False
G,14,234,3.965,3.029,verizon,0.0,False
G,14,234,3.965,3.029,sprint,0.0,False
G,14,239,4.069,3.134,att,0.0,False
G,14,239,4.069,3.134,tmobile,0.0,False
G,14,239,4.069,3.134,verizon,0.0,False
G,14,239,4.069,3.134,sprint,0.0,False
G,14,244,4.174,3.238,att,0.0,False
G,14,244,4.174,3.238,tmobile,0.0,False
G,14,244,4.174,3.238,verizon,0.0,False
G,14,244,4.174,3.238,sprint,0.0,False
G,14,249,4.278,3.342,att,0.0,False
G,14,249,4.278,3.342,tmobile,0.0,False
G,14,249,4.278,3.342,verizon,0.0,False
G,14,249,4.278,3.342,sprint,0.0,False
G,14,254,4.382,3.447,att,0.0,False
G,14,254,4.382,3.447,tmobile,0.0,False
G,14,254,4.382,3.447,verizon,0.0,False
G,14,254,4.382,3.447,sprint,0.0,False
G,14,259,4.487,3.551,att,0.0,False
G,14,259,4.487,3.551,tmobile,0.0,False
G,14,259,4.487,3.551,verizon,0.0,False
G,14,259,4.487,3.551,sprint,0.0,False
G,14,264,4.591,3.655,att,0.0,False
G,14,264,4.591,3.655,tmobile,0.0,False
G,14,264,4.591,3.655,verizon,0.0,False
G,14,264,4.591,3.655,sprint,0.0,False
G,14,269,4.695,3.76,att,0.0,False
G,14,269,4.695,3.76,tmobile,0.0,False
G,14,269,4.695,3.76,verizon,0.0,False
G,14,269,4.695,3.76,sprint,0.0,False
G,14,274,4.8,3.864,att,0.0,False
G,14,274,4.8,3.864,tmobile,0.0,False
G,14,274,4.8,3.864,verizon,0.0,False
G,14,274,4.8,3.864,sprint,0.0,False
G,14,279,4.904,3.968,att,0.0,False
G,14,279,4.904,3.968,tmobile,0.0,False
G,14,279,4.904,3.968,verizon,0.0,False
G,14,279,4.904,3.968,sprint,0.0,False
G,14,284,5.009,4.073,att,0.0,False
G,14,284,5.009,4.073,tmobile,0.0,False
G,14,284,5.009,4.073,verizon,0.0,False
G,14,284,5.009,4.073,sprint,0.0,False
G,14,289,5.113,4.177,att,0.0,False
G,14,289,5.113,4.177,tmobile,0.0,False
G,14,289,5.113,4.177,verizon,0.0,False
G,14,289,5.113,4.177,sprint,0.0,False
G,14,294,5.217,4.281,att,0.0,False
G,14,294,5.217,4.281,tmobile,0.0,False
G,14,294,5.217,4.281,verizon,0.0,False
G,14,294,5.217,4.281,sprint,0.0,False
G,14,299,5.322,4.386,att,0.0,False
G,14,299,5.322,4.386,tmobile,0.0,False
G,14,299,5.322,4.386,verizon,0.0,False
G,14,299,5.322,4.386,sprint,0.0,False
G,14,304,5.426,4.49,att,0.0,False
G,14,304,5.426,4.49,tmobile,0.0,False
G,14,304,5.426,4.49,verizon,0.0,False
G,14,304,5.426,4.49,sprint,0.0,False
G,14,309,5.53,4.594,att,0.0,False
G,14,309,5.53,4.594,tmobile,0.0,False
G,14,309,5.53,4.594,verizon,0.0,False
G,14,309,5.53,4.594,sprint,0.0,False
G,14,314,5.635,4.699,att,0.0,False
G,14,314,5.635,4.699,tmobile,0.0,False
G,14,314,5.635,4.699,verizon,0.0,False
G,14,314,5.635,4.699,sprint,0.0,False
G,14,319,5.739,4.803,att,0.0,False
G,14,319,5.739,4.803,tmobile,0.0,False
G,14,319,5.739,4.803,verizon,0.0,False
G,14,319,5.739,4.803,sprint,0.0,False
G,14,324,5.843,4.908,att,0.0,False
G,14,324,5.843,4.908,tmobile,0.0,False
G,14,324,5.843,4.908,verizon,0.0,False
G,14,324,5.843,4.908,sprint,0.0,False
G,14,329,5.948,5.012,att,0.0,False
G,14,329,5.948,5.012,tmobile,0.0,False
G,14,329,5.948,5.012,verizon,0.0,False
G,14,329,5.948,5.012,sprint,0.0,False
G,14,334,6.052,5.116,att,0.0,False
G,14,334,6.052,5.116,tmobile,0.0,False
G,14,334,6.052,5.116,verizon,0.0,False
G,14,334,6.052,5.116,sprint,0.0,False
G,14,339,6.156,5.221,att,0.0,False
G,14,339,6.156,5.221,tmobile,0.0,False
G,14,339,6.156,5.221,verizon,0.0,False
G,14,339,6.156,5.221,sprint,0.0,False
G,14,344,6.261,5.325,att,0.0,False
G,14,344,6.261,5.325,tmobile,0.0,False
G,14,344,6.261,5.325,verizon,0.0,False
G,14,344,6.261,5.325,sprint,0.0,False
G,14,349,6.365,5.429,att,0.0,False
G,14,349,6.365,5.429,tmobile,0.0,False
G,14,349,6.365,5.429,verizon,0.0,False
G,14,349,6.365,5.429,sprint,0.0,False
G,14,354,6.469,5.534,att,0.0,False
G,14,354,6.469,5.534,tmobile,0.0,False
G,14,354,6.469,5.534,verizon,0.0,False
G,14,354,6.469,5.534,sprint,0.0,False
G,14,359,6.574,5.638,att,0.6,True
G,14,359,6.574,5.638,tmobile,0.0,False
G,14,359,6.574,5.638,verizon,0.0,False
G,14,359,6.574,5.638,sprint,0.0,False
G,14,364,6.678,5.742,att,0.0,False
G,14,364,6.678,5.742,tmobile,0.0,False
G,14,364,6.678,5.742,verizon,0.0,False
G,14,364,6.678,5.742,sprint,0.0,False
G,14,369,6.782,5.847,att,0.0,False
G,14,369,6.782,5.847,tmobile,0.0,False
G,14,369,6.782,5.847,verizon,0.0,False
G,14,369,6.782,5.847,sprint,0.0,False
G,14,374,6.887,5.951,att,0.0,False
G,14,374,6.887,5.951,tmobile,0.0,False
G,14,374,6.887,5.951,verizon,0.0,False
G,14,374,6.887,5.951,sprint,0.0,False
G,14,379,6.991,6.055,att,0.0,False
G,14,379,6.991,6.055,tmobile,0.0,False
G,14,379,6.991,6.055,verizon,0.0,False
G,14,379,6.991,6.055,sprint,0.0,False
G,14,384,7.095,6.16,att,0.0,False
G,14,384,7.095,6.16,tmobile,0.0,False
G,14,384,7.095,6.16,verizon,0.0,False
G,14,384,7.095,6.16,sprint,0.0,False
G,14,389,7.2,6.264,att,0.0,False
G,14,389,7.2,6.264,tmobile,0.0,False
G,14,389,7.2,6.264,verizon,0.0,False
G,14,389,7.2,6.264,sprint,0.0,False
G,14,394,7.304,6.368,att,0.0,False
G,14,394,7.304,6.368,tmobile,0.0,False
G,14,394,7.304,6.368,verizon,0.0,False
G,14,394,7.304,6.368,sprint,0.0,False
G,14,399,7.408,6.473,att,0.0,False
G,14,399,7.408,6.473,tmobile,0.0,False
G,14,399,7.408,6.473,verizon,0.0,False
G,14,399,7.408,6.473,sprint,0.0,False
G,14,404,7.513,6.577,att,0.0,False
G,14,404,7.513,6.577,tmobile,0.0,False
G,14,404,7.513,6.577,verizon,0.0,False
G,14,404,7.513,6.577,sprint,0.0,False
G,14,409,7.617,6.681,att,0.0,False
G,14,409,7.617,6.681,tmobile,0.0,False
G,14,409,7.617,6.681,verizon,0.0,False
G,14,409,7.617,6.681,sprint,0.0,False
G,14,414,7.721,6.786,att,0.0,False
G,14,414,7.721,6.786,tmobile,0.0,False
G,14,414,7.721,6.786,verizon,0.0,False
G,14,414,7.721,6.786,sprint,0.0,False
G,14,419,7.826,6.89,att,0.0,False
G,14,419,7.826,6.89,tmobile,0.0,False
G,14,419,7.826,6.89,verizon,0.0,False
G,14,419,7.826,6.89,sprint,0.0,False
G,14,424,7.93,6.994,att,0.0,False
G,14,424,7.93,6.994,tmobile,0.0,False
G,14,424,7.93,6.994,verizon,0.0,False
G,14,424,7.93,6.994,sprint,0.0,False
G,14,429,8.035,7.099,att,0.0,False
G,14,429,8.035,7.099,tmobile,0.0,False
G,14,429,8.035,7.099,verizon,0.0,False
G,14,429,8.035,7.099,sprint,0.0,False
G,14,434,8.139,7.203,att,0.0,False
G,14,434,8.139,7.203,tmobile,0.0,False
G,14,434,8.139,7.203,verizon,0.0,False
G,14,434,8.139,7.203,sprint,0.0,False
G,14,439,8.243,7.307,att,0.0,False
G,14,439,8.243,7.307,tmobile,0.2,True
G,14,439,8.243,7.307,verizon,0.0,False
G,14,439,8.243,7.307,sprint,0.0,False
G,14,444,8.348,7.412,att,0.0,False
G,14,444,8.348,7.412,tmobile,0.0,False
G,14,444,8.348,7.412,verizon,0.0,False
G,14,444,8.348,7.412,sprint,0.9,True
G,14,449,8.452,7.516,att,0.0,False
G,14,449,8.452,7.516,tmobile,0.1,True
G,14,449,8.452,7.516,verizon,0.0,False
G,14,449,8.452,7.516,sprint,0.0,False
G,14,454,8.556,7.62,att,0.0,False
G,14,454,8.556,7.62,tmobile,0.1,True
G,14,454,8.556,7.62,verizon,0.1,True
G,14,454,8.556,7.62,sprint,0.1,True
G,14,459,8.661,7.725,att,0.0,False
G,14,459,8.661,7.725,tmobile,0.0,False
G,14,459,8.661,7.725,verizon,1.0,True
G,14,459,8.661,7.725,sprint,0.0,False
G,14,464,8.765,7.829,att,0.0,False
G,14,464,8.765,7.829,tmobile,0.0,False
G,14,464,8.765,7.829,verizon,0.0,False
G,14,464,8.765,7.829,sprint,0.0,False
G,14,469,8.869,7.933,att,0.0,False
G,14,469,8.869,7.933,tmobile,0.0,False
G,14,469,8.869,7.933,verizon,0.1,True
G,14,469,8.869,7.933,sprint,0.0,False
G,14,474,8.974,8.038,att,0.0,False
G,14,474,8.974,8.038,tmobile,0.0,False
G,14,474,8.974,8.038,verizon,0.0,False
G,14,474,8.974,8.038,sprint,0.0,False
G,14,479,9.078,8.142,att,0.0,False
G,14,479,9.078,8.142,tmobile,0.1,True
G,14,479,9.078,8.142,verizon,0.2,True
G,14,479,9.078,8.142,sprint,0.0,False
G,14,484,9.182,8.247,att,0.0,False
G,14,484,9.182,8.247,tmobile,0.0,False
G,14,484,9.182,8.247,verizon,0.0,False
G,14,484,9.182,8.247,sprint,0.0,False
G,14,489,9.287,8.351,att,0.0,False
G,14,489,9.287,8.351,tmobile,0.0,False
G,14,489,9.287,8.351,verizon,0.0,False
G,14,489,9.287,8.351,sprint,0.0,False
G,14,494,9.391,8.455,att,0.0,False
G,14,494,9.391,8.455,tmobile,0.0,False
G,14,494,9.391,8.455,verizon,0.0,False
G,14,494,9.391,8.455,sprint,0.0,False
G,14,499,9.495,8.56,att,0.0,False
G,14,499,9.495,8.56,tmobile,0.0,False
G,14,499,9.495,8.56,verizon,0.0,False
G,14,499,9.495,8.56,sprint,0.0,False
G,14,504,9.6,8.664,att,0.0,False
G,14,504,9.6,8.664,tmobile,0.0,False
G,14,504,9.6,8.664,verizon,0.0,False
G,14,504,9.6,8.664,sprint,0.0,False
G,14,509,9.704,8.768,att,0.0,False
G,14,509,9.704,8.768,tmobile,0.0,False
G,14,509,9.704,8.768,verizon,0.0,False
G,14,509,9.704,8.768,sprint,0.0,False
G,14,514,9.808,8.873,att,0.0,False
G,14,514,9.808,8.873,tmobile,0.0,False
G,14,514,9.808,8.873,verizon,0.0,False
G,14,514,9.808,8.873,sprint,0.0,False
G,14,519,9.913,8.977,att,0.0,False
G,14,519,9.913,8.977,tmobile,0.0,False
G,14,519,9.913,8.977,verizon,0.0,False
G,14,519,9.913,8.977,sprint,0.1,True
G,14,524,10.017,9.081,att,0.0,False
G,14,524,10.017,9.081,tmobile,0.0,False
G,14,524,10.017,9.081,verizon,0.0,False
G,14,524,10.017,9.081,sprint,0.1,True
G,14,529,10.121,9.186,att,0.0,False
G,14,529,10.121,9.186,tmobile,0.0,False
G,14,529,10.121,9.186,verizon,0.0,False
G,14,529,10.121,9.186,sprint,0.0,False
G,14,534,10.226,9.29,att,0.0,False
G,14,534,10.226,9.29,tmobile,0.0,False
G,14,534,10.226,9.29,verizon,0.0,False
G,14,534,10.226,9.29,sprint,0.0,False
G,14,539,10.33,9.394,att,0.0,False
G,14,539,10.33,9.394,tmobile,0.0,False
G,14,539,10.33,9.394,verizon,0.0,False
G,14,539,10.33,9.394,sprint,0.0,False
G,14,544,10.434,9.499,att,0.0,False
G,14,544,10.434,9.499,tmobile,0.0,False
G,14,544,10.434,9.499,verizon,0.0,False
G,14,544,10.434,9.499,sprint,0.0,False
G,14,549,10.539,9.603,att,0.0,False
G,14,549,10.539,9.603,tmobile,0.0,False
G,14,549,10.539,9.603,verizon,0.0,False
G,14,549,10.539,9.603,sprint,0.0,False
G,14,554,10.643,9.707,att,0.0,False
G,14,554,10.643,9.707,tmobile,0.0,False
G,14,554,10.643,9.707,verizon,0.0,False
G,14,554,10.643,9.707,sprint,0.1,True
G,14,559,10.747,9.812,att,0.0,False
G,14,559,10.747,9.812,tmobile,0.0,False
G,14,559,10.747,9.812,verizon,0.0,False
G,14,559,10.747,9.812,sprint,0.1,True
G,14,564,10.852,9.916,att,0.0,False
G,14,564,10.852,9.916,tmobile,0.0,False
G,14,564,10.852,9.916,verizon,0.0,False
G,14,564,10.852,9.916,sprint,0.0,False
G,14,569,10.956,10.02,att,0.0,False
G,14,569,10.956,10.02,tmobile,0.0,False
G,14,569,10.956,10.02,verizon,0.0,False
G,14,569,10.956,10.02,sprint,0.0,False
G,14,574,11.06,10.125,att,0.0,False
G,14,574,11.06,10.125,tmobile,0.0,False
G,14,574,11.06,10.125,verizon,0.0,False
G,14,574,11.06,10.125,sprint,0.0,False
J,15,44,0.0,-0.936,att,0.0,False
J,15,44,0.0,-0.936,tmobile,0.0,False
J,15,44,0.0,-0.936,verizon,0.0,False
J,15,44,0.0,-0.936,sprint,0.0,False
J,15,49,0.104,-0.831,att,0.0,False
J,15,49,0.104,-0.831,tmobile,0.0,False
J,15,49,0.104,-0.831,verizon,0.0,False
J,15,49,0.104,-0.831,sprint,0.0,False
J,15,54,0.209,-0.727,att,0.0,False
J,15,54,0.209,-0.727,tmobile,0.0,False
J,15,54,0.209,-0.727,verizon,0.0,False
J,15,54,0.209,-0.727,sprint,0.0,False
J,15,59,0.313,-0.623,att,0.0,False
J,15,59,0.313,-0.623,tmobile,0.0,False
J,15,59,0.313,-0.623,verizon,0.0,False
J,15,59,0.313,-0.623,sprint,0.2,True
J,15,64,0.417,-0.518,att,0.0,False
J,15,64,0.417,-0.518,tmobile,0.0,False
J,15,64,0.417,-0.518,verizon,0.0,False
J,15,64,0.417,-0.518,sprint,0.0,False
J,15,69,0.522,-0.414,att,0.0,False
J,15,69,0.522,-0.414,tmobile,0.0,False
J,15,69,0.522,-0.414,verizon,0.0,False
J,15,69,0.522,-0.414,sprint,0.0,False
J,15,74,0.626,-0.31,att,0.0,False
J,15,74,0.626,-0.31,tmobile,0.0,False
J,15,74,0.626,-0.31,verizon,0.0,False
J,15,74,0.626,-0.31,sprint,0.0,False
J,15,79,0.73,-0.205,att,0.0,False
J,15,79,0.73,-0.205,tmobile,0.0,False
J,15,79,0.73,-0.205,verizon,0.0,False
J,15,79,0.73,-0.205,sprint,0.0,False
J,15,84,0.835,-0.101,att,0.0,False
J,15,84,0.835,-0.101,tmobile,0.0,False
J,15,84,0.835,-0.101,verizon,0.0,False
J,15,84,0.835,-0.101,sprint,0.0,False
J,15,89,0.939,0.003,att,0.0,False
J,15,89,0.939,0.003,tmobile,0.0,False
J,15,89,0.939,0.003,verizon,0.0,False
J,15,89,0.939,0.003,sprint,0.0,False
J,15,94,1.043,0.108,att,0.04,True
J,15,94,1.043,0.108,tmobile,0.08,True
J,15,94,1.043,0.108,verizon,0.0,False
J,15,94,1.043,0.108,sprint,0.0,False
J,15,99,1.148,0.212,att,0.0,False
J,15,99,1.148,0.212,tmobile,0.0,False
J,15,99,1.148,0.212,verizon,0.0,False
J,15,99,1.148,0.212,sprint,0.0,False
J,15,104,1.252,0.316,att,0.0,False
J,15,104,1.252,0.316,tmobile,0.0,False
J,15,104,1.252,0.316,verizon,0.0,False
J,15,104,1.252,0.316,sprint,0.04,True
J,15,109,1.356,0.421,att,0.0,False
J,15,109,1.356,0.421,tmobile,0.0,False
J,15,109,1.356,0.421,verizon,0.0,False
J,15,109,1.356,0.421,sprint,0.0,False
J,15,114,1.461,0.525,att,0.04,True
J,15,114,1.461,0.525,tmobile,0.0,False
J,15,114,1.461,0.525,verizon,0.0,False
J,15,114,1.461,0.525,sprint,0.0,False
J,15,119,1.565,0.629,att,0.0,False
J,15,119,1.565,0.629,tmobile,0.0,False
J,15,119,1.565,0.629,verizon,0.0,False
J,15,119,1.565,0.629,sprint,0.0,False
J,15,124,1.67,0.734,att,0.0,False
J,15,124,1.67,0.734,tmobile,0.0,False
J,15,124,1.67,0.734,verizon,0.0,False
J,15,124,1.67,0.734,sprint,0.0,False
J,15,129,1.774,0.838,att,0.0,False
J,15,129,1.774,0.838,tmobile,0.0,False
J,15,129,1.774,0.838,verizon,0.08,True
J,15,129,1.774,0.838,sprint,0.0,False
J,15,134,1.878,0.942,att,0.0,False
J,15,134,1.878,0.942,tmobile,0.12,True
J,15,134,1.878,0.942,verizon,0.0,False
J,15,134,1.878,0.942,sprint,0.0,False
J,15,139,1.983,1.047,att,0.0,False
J,15,139,1.983,1.047,tmobile,0.0,False
J,15,139,1.983,1.047,verizon,0.0,False
J,15,139,1.983,1.047,sprint,0.0,False
J,15,144,2.087,1.151,att,0.0,False
J,15,144,2.087,1.151,tmobile,0.16,True
J,15,144,2.087,1.151,verizon,0.0,False
J,15,144,2.087,1.151,sprint,0.0,False
J,15,149,2.191,1.255,att,0.08,True
J,15,149,2.191,1.255,tmobile,0.0,False
J,15,149,2.191,1.255,verizon,0.0,False
J,15,149,2.191,1.255,sprint,0.0,False
J,15,154,2.296,1.36,att,0.0,False
J,15,154,2.296,1.36,tmobile,0.0,False
J,15,154,2.296,1.36,verizon,0.0,False
J,15,154,2.296,1.36,sprint,0.0,False
J,15,159,2.4,1.464,att,0.0,False
J,15,159,2.4,1.464,tmobile,0.0,False
J,15,159,2.4,1.464,verizon,0.0,False
J,15,159,2.4,1.464,sprint,0.0,False
J,15,164,2.504,1.569,att,0.0,False
J,15,164,2.504,1.569,tmobile,0.04,True
J,15,164,2.504,1.569,verizon,0.0,False
J,15,164,2.504,1.569,sprint,0.0,False
J,15,169,2.609,1.673,att,0.0,False
J,15,169,2.609,1.673,tmobile,0.0,False
J,15,169,2.609,1.673,verizon,0.0,False
J,15,169,2.609,1.673,sprint,0.0,False
J,15,174,2.713,1.777,att,0.0,False
J,15,174,2.713,1.777,tmobile,0.04,True
J,15,174,2.713,1.777,verizon,0.08,True
J,15,174,2.713,1.777,sprint,0.0,False
J,15,179,2.817,1.882,att,0.0,False
J,15,179,2.817,1.882,tmobile,0.0,False
J,15,179,2.817,1.882,verizon,0.0,False
J,15,179,2.817,1.882,sprint,0.0,False
J,15,184,2.922,1.986,att,0.0,False
J,15,184,2.922,1.986,tmobile,0.0,False
J,15,184,2.922,1.986,verizon,0.0,False
J,15,184,2.922,1.986,sprint,0.0,False
J,15,189,3.026,2.09,att,0.0,False
J,15,189,3.026,2.09,tmobile,0.0,False
J,15,189,3.026,2.09,verizon,0.04,True
J,15,189,3.026,2.09,sprint,0.0,False
J,15,194,3.13,2.195,att,0.0,False
J,15,194,3.13,2.195,tmobile,0.16,True
J,15,194,3.13,2.195,verizon,0.12,True
J,15,194,3.13,2.195,sprint,0.0,False
J,15,199,3.235,2.299,att,0.0,False
J,15,199,3.235,2.299,tmobile,0.04,True
J,15,199,3.235,2.299,verizon,0.04,True
J,15,199,3.235,2.299,sprint,0.0,False
J,15,204,3.339,2.403,att,0.0,False
J,15,204,3.339,2.403,tmobile,0.04,True
J,15,204,3.339,2.403,verizon,0.04,True
J,15,204,3.339,2.403,sprint,0.0,False
J,15,209,3.443,2.508,att,0.04,True
J,15,209,3.443,2.508,tmobile,0.0,False
J,15,209,3.443,2.508,verizon,0.0,False
J,15,209,3.443,2.508,sprint,0.0,False
J,15,214,3.548,2.612,att,0.0,False
J,15,214,3.548,2.612,tmobile,0.0,False
J,15,214,3.548,2.612,verizon,0.0,False
J,15,214,3.548,2.612,sprint,0.0,False
J,15,219,3.652,2.716,att,0.0,False
J,15,219,3.652,2.716,tmobile,0.04,True
J,15,219,3.652,2.716,verizon,0.0,False
J,15,219,3.652,2.716,sprint,0.0,False
J,15,224,3.756,2.821,att,0.0,False
J,15,224,3.756,2.821,tmobile,0.0,False
J,15,224,3.756,2.821,verizon,0.0,False
J,15,224,3.756,2.821,sprint,0.0,False
J,15,229,3.861,2.925,att,0.0,False
J,15,229,3.861,2.925,tmobile,0.0,False
J,15,229,3.861,2.925,verizon,0.04,True
J,15,229,3.861,2.925,sprint,0.0,False
J,15,234,3.965,3.029,att,0.0,False
J,15,234,3.965,3.029,tmobile,0.04,True
J,15,234,3.965,3.029,verizon,0.04,True
J,15,234,3.965,3.029,sprint,0.04,True
J,15,239,4.069,3.134,att,0.0,False
J,15,239,4.069,3.134,tmobile,0.08,True
J,15,239,4.069,3.134,verizon,0.12,True
J,15,239,4.069,3.134,sprint,0.04,True
J,15,244,4.174,3.238,att,0.0,False
J,15,244,4.174,3.238,tmobile,0.0,False
J,15,244,4.174,3.238,verizon,0.0,False
J,15,244,4.174,3.238,sprint,0.0,False
J,15,249,4.278,3.342,att,0.0,False
J,15,249,4.278,3.342,tmobile,0.0,False
J,15,249,4.278,3.342,verizon,0.0,False
J,15,249,4.278,3.342,sprint,0.0,False
J,15,254,4.382,3.447,att,0.0,False
J,15,254,4.382,3.447,tmobile,0.0,False
J,15,254,4.382,3.447,verizon,0.0,False
J,15,254,4.382,3.447,sprint,0.0,False
J,15,259,4.487,3.551,att,0.0,False
J,15,259,4.487,3.551,tmobile,0.0,False
J,15,259,4.487,3.551,verizon,0.0,False
J,15,259,4.487,3.551,sprint,0.0,False
J,15,264,4.591,3.655,att,0.0,False
J,15,264,4.591,3.655,tmobile,0.04,True
J,15,264,4.591,3.655,verizon,0.0,False
J,15,264,4.591,3.655,sprint,0.0,False
J,15,269,4.695,3.76,att,0.0,False
J,15,269,4.695,3.76,tmobile,0.0,False
J,15,269,4.695,3.76,verizon,0.0,False
J,15,269,4.695,3.76,sprint,0.0,False
J,15,274,4.8,3.864,att,0.04,True
J,15,274,4.8,3.864,tmobile,0.0,False
J,15,274,4.8,3.864,verizon,0.0,False
J,15,274,4.8,3.864,sprint,0.04,True
J,15,279,4.904,3.968,att,0.0,False
J,15,279,4.904,3.968,tmobile,0.0,False
J,15,279,4.904,3.968,verizon,0.0,False
J,15,279,4.904,3.968,sprint,0.0,False
J,15,284,5.009,4.073,att,0.0,False
J,15,284,5.009,4.073,tmobile,0.04,True
J,15,284,5.009,4.073,verizon,0.04,True
J,15,284,5.009,4.073,sprint,0.0,False
J,15,289,5.113,4.177,att,0.0,False
J,15,289,5.113,4.177,tmobile,0.0,False
J,15,289,5.113,4.177,verizon,0.08,True
J,15,289,5.113,4.177,sprint,0.0,False
J,15,294,5.217,4.281,att,0.04,True
J,15,294,5.217,4.281,tmobile,0.0,False
J,15,294,5.217,4.281,verizon,0.16,True
J,15,294,5.217,4.281,sprint,0.0,False
J,15,299,5.322,4.386,att,0.04,True
J,15,299,5.322,4.386,tmobile,0.04,True
J,15,299,5.322,4.386,verizon,0.2,True
J,15,299,5.322,4.386,sprint,0.0,False
J,15,304,5.426,4.49,att,0.0,False
J,15,304,5.426,4.49,tmobile,0.08,True
J,15,304,5.426,4.49,verizon,0.12,True
J,15,304,5.426,4.49,sprint,0.0,False
J,15,309,5.53,4.594,att,0.16,True
J,15,309,5.53,4.594,tmobile,0.0,False
J,15,309,5.53,4.594,verizon,0.12,True
J,15,309,5.53,4.594,sprint,0.0,False
J,15,314,5.635,4.699,att,0.0,False
J,15,314,5.635,4.699,tmobile,0.08,True
J,15,314,5.635,4.699,verizon,0.08,True
J,15,314,5.635,4.699,sprint,0.0,False
J,15,319,5.739,4.803,att,0.0,False
J,15,319,5.739,4.803,tmobile,0.0,False
J,15,319,5.739,4.803,verizon,0.04,True
J,15,319,5.739,4.803,sprint,0.0,False
J,15,324,5.843,4.908,att,0.0,False
J,15,324,5.843,4.908,tmobile,0.0,False
J,15,324,5.843,4.908,verizon,0.0,False
J,15,324,5.843,4.908,sprint,0.0,False
J,15,329,5.948,5.012,att,0.0,False
J,15,329,5.948,5.012,tmobile,0.0,False
J,15,329,5.948,5.012,verizon,0.04,True
J,15,329,5.948,5.012,sprint,0.0,False
J,15,334,6.052,5.116,att,0.0,False
J,15,334,6.052,5.116,tmobile,0.12,True
J,15,334,6.052,5.116,verizon,0.08,True
J,15,334,6.052,5.116,sprint,0.0,False
J,15,339,6.156,5.221,att,0.0,False
J,15,339,6.156,5.221,tmobile,0.08,True
J,15,339,6.156,5.221,verizon,0.04,True
J,15,339,6.156,5.221,sprint,0.0,False
J,15,344,6.261,5.325,att,0.0,False
J,15,344,6.261,5.325,tmobile,0.04,True
J,15,344,6.261,5.325,verizon,0.04,True
J,15,344,6.261,5.325,sprint,0.0,False
J,15,349,6.365,5.429,att,0.04,True
J,15,349,6.365,5.429,tmobile,0.04,True
J,15,349,6.365,5.429,verizon,0.04,True
J,15,349,6.365,5.429,sprint,0.0,False
J,15,354,6.469,5.534,att,0.0,False
J,15,354,6.469,5.534,tmobile,0.12,True
J,15,354,6.469,5.534,verizon,0.08,True
J,15,354,6.469,5.534,sprint,0.0,False
J,15,359,6.574,5.638,att,0.04,True
J,15,359,6.574,5.638,tmobile,0.0,False
J,15,359,6.574,5.638,verizon,0.04,True
J,15,359,6.574,5.638,sprint,0.0,False
J,15,364,6.678,5.742,att,0.0,False
J,15,364,6.678,5.742,tmobile,0.0,False
J,15,364,6.678,5.742,verizon,0.04,True
J,15,364,6.678,5.742,sprint,0.0,False
J,15,369,6.782,5.847,att,0.04,True
J,15,369,6.782,5.847,tmobile,0.0,False
J,15,369,6.782,5.847,verizon,0.04,True
J,15,369,6.782,5.847,sprint,0.0,False
J,15,374,6.887,5.951,att,0.0,False
J,15,374,6.887,5.951,tmobile,0.0,False
J,15,374,6.887,5.951,verizon,0.0,False
J,15,374,6.887,5.951,sprint,0.0,False
J,15,379,6.991,6.055,att,0.0,False
J,15,379,6.991,6.055,tmobile,0.04,True
J,15,379,6.991,6.055,verizon,0.0,False
J,15,379,6.991,6.055,sprint,0.04,True
J,15,384,7.095,6.16,att,0.0,False
J,15,384,7.095,6.16,tmobile,0.04,True
J,15,384,7.095,6.16,verizon,0.12,True
J,15,384,7.095,6.16,sprint,0.04,True
J,15,389,7.2,6.264,att,0.0,False
J,15,389,7.2,6.264,tmobile,0.04,True
J,15,389,7.2,6.264,verizon,0.2,True
J,15,389,7.2,6.264,sprint,0.04,True
J,15,394,7.304,6.368,att,0.08,True
J,15,394,7.304,6.368,tmobile,0.0,False
J,15,394,7.304,6.368,verizon,0.16,True
J,15,394,7.304,6.368,sprint,0.04,True
J,15,399,7.408,6.473,att,0.0,False
J,15,399,7.408,6.473,tmobile,0.04,True
J,15,399,7.408,6.473,verizon,0.04,True
J,15,399,7.408,6.473,sprint,0.0,False
J,15,404,7.513,6.577,att,0.0,False
J,15,404,7.513,6.577,tmobile,0.08,True
J,15,404,7.513,6.577,verizon,0.04,True
J,15,404,7.513,6.577,sprint,0.0,False
J,15,409,7.617,6.681,att,0.0,False
J,15,409,7.617,6.681,tmobile,0.0,False
J,15,409,7.617,6.681,verizon,0.0,False
J,15,409,7.617,6.681,sprint,0.04,True
J,15,414,7.721,6.786,att,0.0,False
J,15,414,7.721,6.786,tmobile,0.0,False
J,15,414,7.721,6.786,verizon,0.08,True
J,15,414,7.721,6.786,sprint,0.0,False
J,15,419,7.826,6.89,att,0.0,False
J,15,419,7.826,6.89,tmobile,0.0,False
J,15,419,7.826,6.89,verizon,0.0,False
J,15,419,7.826,6.89,sprint,0.0,False
J,15,424,7.93,6.994,att,0.0,False
J,15,424,7.93,6.994,tmobile,0.08,True
J,15,424,7.93,6.994,verizon,0.16,True
J,15,424,7.93,6.994,sprint,0.04,True
J,15,429,8.035,7.099,att,0.0,False
J,15,429,8.035,7.099,tmobile,0.04,True
J,15,429,8.035,7.099,verizon,0.08,True
J,15,429,8.035,7.099,sprint,0.0,False
J,15,434,8.139,7.203,att,0.0,False
J,15,434,8.139,7.203,tmobile,0.04,True
J,15,434,8.139,7.203,verizon,0.0,False
J,15,434,8.139,7.203,sprint,0.0,False
J,15,439,8.243,7.307,att,0.0,False
J,15,439,8.243,7.307,tmobile,0.04,True
J,15,439,8.243,7.307,verizon,0.08,True
J,15,439,8.243,7.307,sprint,0.0,False
J,15,444,8.348,7.412,att,0.0,False
J,15,444,8.348,7.412,tmobile,0.04,True
J,15,444,8.348,7.412,verizon,0.04,True
J,15,444,8.348,7.412,sprint,0.0,False
J,15,449,8.452,7.516,att,0.0,False
J,15,449,8.452,7.516,tmobile,0.04,True
J,15,449,8.452,7.516,verizon,0.04,True
J,15,449,8.452,7.516,sprint,0.0,False
J,15,454,8.556,7.62,att,0.04,True
J,15,454,8.556,7.62,tmobile,0.0,False
J,15,454,8.556,7.62,verizon,0.0,False
J,15,454,8.556,7.62,sprint,0.0,False
J,15,459,8.661,7.725,att,0.0,False
J,15,459,8.661,7.725,tmobile,0.0,False
J,15,459,8.661,7.725,verizon,0.0,False
J,15,459,8.661,7.725,sprint,0.0,False
J,15,464,8.765,7.829,att,0.0,False
J,15,464,8.765,7.829,tmobile,0.04,True
J,15,464,8.765,7.829,verizon,0.0,False
J,15,464,8.765,7.829,sprint,0.0,False
J,15,469,8.869,7.933,att,0.0,False
J,15,469,8.869,7.933,tmobile,0.0,False
J,15,469,8.869,7.933,verizon,0.0,False
J,15,469,8.869,7.933,sprint,0.0,False
J,15,474,8.974,8.038,att,0.0,False
J,15,474,8.974,8.038,tmobile,0.04,True
J,15,474,8.974,8.038,verizon,0.08,True
J,15,474,8.974,8.038,sprint,0.0,False
J,15,479,9.078,8.142,att,0.0,False
J,15,479,9.078,8.142,tmobile,0.04,True
J,15,479,9.078,8.142,verizon,0.04,True
J,15,479,9.078,8.142,sprint,0.0,False
J,15,484,9.182,8.247,att,0.04,True
J,15,484,9.182,8.247,tmobile,0.04,True
J,15,484,9.182,8.247,verizon,0.04,True
J,15,484,9.182,8.247,sprint,0.0,False
J,15,489,9.287,8.351,att,0.0,False
J,15,489,9.287,8.351,tmobile,0.0,False
J,15,489,9.287,8.351,verizon,0.04,True
J,15,489,9.287,8.351,sprint,0.0,False
J,15,494,9.391,8.455,att,0.0,False
J,15,494,9.391,8.455,tmobile,0.0,False
J,15,494,9.391,8.455,verizon,0.0,False
J,15,494,9.391,8.455,sprint,0.0,False
J,15,499,9.495,8.56,att,0.0,False
J,15,499,9.495,8.56,tmobile,0.0,False
J,15,499,9.495,8.56,verizon,0.0,False
J,15,499,9.495,8.56,sprint,0.0,False
J,15,504,9.6,8.664,att,0.0,False
J,15,504,9.6,8.664,tmobile,0.0,False
J,15,504,9.6,8.664,verizon,0.0,False
J,15,504,9.6,8.664,sprint,0.04,True
J,15,509,9.704,8.768,att,0.0,False
J,15,509,9.704,8.768,tmobile,0.04,True
J,15,509,9.704,8.768,verizon,0.04,True
J,15,509,9.704,8.768,sprint,0.0,False
J,15,514,9.808,8.873,att,0.0,False
J,15,514,9.808,8.873,tmobile,0.04,True
J,15,514,9.808,8.873,verizon,0.0,False
J,15,514,9.808,8.873,sprint,0.0,False
J,15,519,9.913,8.977,att,0.0,False
J,15,519,9.913,8.977,tmobile,0.0,False
J,15,519,9.913,8.977,verizon,0.0,False
J,15,519,9.913,8.977,sprint,0.0,False
J,15,524,10.017,9.081,att,0.0,False
J,15,524,10.017,9.081,tmobile,0.04,True
J,15,524,10.017,9.081,verizon,0.0,False
J,15,524,10.017,9.081,sprint,0.0,False
J,15,529,10.121,9.186,att,0.0,False
J,15,529,10.121,9.186,tmobile,0.0,False
J,15,529,10.121,9.186,verizon,0.04,True
J,15,529,10.121,9.186,sprint,0.0,False
J,15,534,10.226,9.29,att,0.0,False
J,15,534,10.226,9.29,tmobile,0.04,True
J,15,534,10.226,9.29,verizon,0.04,True
J,15,534,10.226,9.29,sprint,0.0,False
J,15,539,10.33,9.394,att,0.0,False
J,15,539,10.33,9.394,tmobile,0.04,True
J,15,539,10.33,9.394,verizon,0.0,False
J,15,539,10.33,9.394,sprint,0.0,False
J,15,544,10.434,9.499,att,0.0,False
J,15,544,10.434,9.499,tmobile,0.0,False
J,15,544,10.434,9.499,verizon,0.04,True
J,15,544,10.434,9.499,sprint,0.0,False
J,15,549,10.539,9.603,att,0.04,True
J,15,549,10.539,9.603,tmobile,0.0,False
J,15,549,10.539,9.603,verizon,0.04,True
J,15,549,10.539,9.603,sprint,0.0,False
J,15,554,10.643,9.707,att,0.0,False
J,15,554,10.643,9.707,tmobile,0.04,True
J,15,554,10.643,9.707,verizon,0.04,True
J,15,554,10.643,9.707,sprint,0.04,True
J,15,559,10.747,9.812,att,0.04,True
J,15,559,10.747,9.812,tmobile,0.04,True
J,15,559,10.747,9.812,verizon,0.0,False
J,15,559,10.747,9.812,sprint,0.0,False
J,15,564,10.852,9.916,att,0.0,False
J,15,564,10.852,9.916,tmobile,0.0,False
J,15,564,10.852,9.916,verizon,0.0,False
J,15,564,10.852,9.916,sprint,0.0,False
J,15,569,10.956,10.02,att,0.0,False
J,15,569,10.956,10.02,tmobile,0.04,True
J,15,569,10.956,10.02,verizon,0.08,True
J,15,569,10.956,10.02,sprint,0.04,True
J,15,574,11.06,10.125,att,0.04,True
J,15,574,11.06,10.125,tmobile,0.0,False
J,15,574,11.06,10.125,verizon,0.04,True
J,15,574,11.06,10.125,sprint,0.04,True
J,15,579,11.165,10.229,att,0.0,False
J,15,579,11.165,10.229,tmobile,0.04,True
J,15,579,11.165,10.229,verizon,0.04,True
J,15,579,11.165,10.229,sprint,0.04,True
J,15,584,11.269,10.333,att,0.04,True
J,15,584,11.269,10.333,tmobile,0.04,True
J,15,584,11.269,10.333,verizon,0.04,True
J,15,584,11.269,10.333,sprint,0.0,False
J,15,589,11.374,10.438,att,0.0,False
J,15,589,11.374,10.438,tmobile,0.04,True
J,15,589,11.374,10.438,verizon,0.04,True
J,15,589,11.374,10.438,sprint,0.0,False
J,15,594,11.478,10.542,att,0.0,False
J,15,594,11.478,10.542,tmobile,0.08,True
J,15,594,11.478,10.542,verizon,0.24,True
J,15,594,11.478,10.542,sprint,0.0,False
J,15,599,11.582,10.646,att,0.0,False
J,15,599,11.582,10.646,tmobile,0.0,False
J,15,599,11.582,10.646,verizon,0.0,False
J,15,599,11.582,10.646,sprint,0.0,False
J,15,604,11.687,10.751,att,0.0,False
J,15,604,11.687,10.751,tmobile,0.0,False
J,15,604,11.687,10.751,verizon,0.0,False
J,15,604,11.687,10.751,sprint,0.0,False
J,15,609,11.791,10.855,att,0.0,False
J,15,609,11.791,10.855,tmobile,0.0,False
J,15,609,11.791,10.855,verizon,0.0,False
J,15,609,11.791,10.855,sprint,0.0,False
J,15,614,11.895,10.959,att,0.0,False
J,15,614,11.895,10.959,tmobile,0.04,True
J,15,614,11.895,10.959,verizon,0.04,True
J,15,614,11.895,10.959,sprint,0.0,False
J,15,619,12.0,11.064,att,0.0,False
J,15,619,12.0,11.064,tmobile,0.0,False
J,15,619,12.0,11.064,verizon,0.0,False
J,15,619,12.0,11.064,sprint,0.0,False
J,15,624,12.104,11.168,att,0.04,True
J,15,624,12.104,11.168,tmobile,0.04,True
J,15,624,12.104,11.168,verizon,0.0,False
J,15,624,12.104,11.168,sprint,0.0,False
J,15,629,12.208,11.273,att,0.04,True
J,15,629,12.208,11.273,tmobile,0.0,False
J,15,629,12.208,11.273,verizon,0.04,True
J,15,629,12.208,11.273,sprint,0.0,False
J,15,634,12.313,11.377,att,0.0,False
J,15,634,12.313,11.377,tmobile,0.04,True
J,15,634,12.313,11.377,verizon,0.08,True
J,15,634,12.313,11.377,sprint,0.0,False
J,15,639,12.417,11.481,att,0.0,False
J,15,639,12.417,11.481,tmobile,0.12,True
J,15,639,12.417,11.481,verizon,0.04,True
J,15,639,12.417,11.481,sprint,0.0,False
J,15,644,12.521,11.586,att,0.0,False
J,15,644,12.521,11.586,tmobile,0.0,False
J,15,644,12.521,11.586,verizon,0.04,True
J,15,644,12.521,11.586,sprint,0.04,True
J,15,649,12.626,11.69,att,0.0,False
J,15,649,12.626,11.69,tmobile,0.0,False
J,15,649,12.626,11.69,verizon,0.0,False
J,15,649,12.626,11.69,sprint,0.0,False
J,15,654,12.73,11.794,att,0.0,False
J,15,654,12.73,11.794,tmobile,0.0,False
J,15,654,12.73,11.794,verizon,0.12,True
J,15,654,12.73,11.794,sprint,0.0,False
J,15,659,12.834,11.899,att,0.0,False
J,15,659,12.834,11.899,tmobile,0.0,False
J,15,659,12.834,11.899,verizon,0.0,False
J,15,659,12.834,11.899,sprint,0.0,False
J,15,664,12.939,12.003,att,0.0,False
J,15,664,12.939,12.003,tmobile,0.0,False
J,15,664,12.939,12.003,verizon,0.0,False
J,15,664,12.939,12.003,sprint,0.0,False
J,15,669,13.043,12.107,att,0.0,False
J,15,669,13.043,12.107,tmobile,0.0,False
J,15,669,13.043,12.107,verizon,0.0,False
J,15,669,13.043,12.107,sprint,0.0,False
J,15,674,13.147,12.212,att,0.0,False
J,15,674,13.147,12.212,tmobile,0.0,False
J,15,674,13.147,12.212,verizon,0.0,False
J,15,674,13.147,12.212,sprint,0.0,False
J,15,679,13.252,12.316,att,0.0,False
J,15,679,13.252,12.316,tmobile,0.0,False
J,15,679,13.252,12.316,verizon,0.0,False
J,15,679,13.252,12.316,sprint,0.0,False
J,15,684,13.356,12.42,att,0.0,False
J,15,684,13.356,12.42,tmobile,0.0,False
J,15,684,13.356,12.42,verizon,0.0,False
J,15,684,13.356,12.42,sprint,0.0,False
J,15,689,13.46,12.525,att,0.0,False
J,15,689,13.46,12.525,tmobile,0.0,False
J,15,689,13.46,12.525,verizon,0.0,False
J,15,689,13.46,12.525,sprint,0.0,False
J,15,694,13.565,12.629,att,0.0,False
J,15,694,13.565,12.629,tmobile,0.0,False
J,15,694,13.565,12.629,verizon,0.04,True
J,15,694,13.565,12.629,sprint,0.0,False
J,15,699,13.669,12.733,att,0.0,False
J,15,699,13.669,12.733,tmobile,0.0,False
J,15,699,13.669,12.733,verizon,0.0,False
J,15,699,13.669,12.733,sprint,0.0,False
J,15,704,13.773,12.838,att,0.0,False
J,15,704,13.773,12.838,tmobile,0.0,False
J,15,704,13.773,12.838,verizon,0.0,False
J,15,704,13.773,12.838,sprint,0.0,False
J,15,709,13.878,12.942,att,0.0,False
J,15,709,13.878,12.942,tmobile,0.0,False
J,15,709,13.878,12.942,verizon,0.04,True
J,15,709,13.878,12.942,sprint,0.0,False
J,15,714,13.982,13.046,att,0.0,False
J,15,714,13.982,13.046,tmobile,0.0,False
J,15,714,13.982,13.046,verizon,0.0,False
J,15,714,13.982,13.046,sprint,0.0,False
Z,16,44,0.0,-0.936,att,0.0,False
Z,16,44,0.0,-0.936,tmobile,0.0,False
Z,16,44,0.0,-0.936,verizon,0.0,False
Z,16,44,0.0,-0.936,sprint,0.0,False
Z,16,49,0.104,-0.831,att,0.0,False
Z,16,49,0.104,-0.831,tmobile,0.0,False
Z,16,49,0.104,-0.831,verizon,0.0,False
Z,16,49,0.104,-0.831,sprint,0.0,False
Z,16,54,0.209,-0.727,att,0.0,False
Z,16,54,0.209,-0.727,tmobile,0.0,False
Z,16,54,0.209,-0.727,verizon,0.0,False
Z,16,54,0.209,-0.727,sprint,0.0417,True
Z,16,59,0.313,-0.623,att,0.0,False
Z,16,59,0.313,-0.623,tmobile,0.0,False
Z,16,59,0.313,-0.623,verizon,0.0,False
Z,16,59,0.313,-0.623,sprint,0.0,False
Z,16,64,0.417,-0.518,att,0.0,False
Z,16,64,0.417,-0.518,tmobile,0.0,False
Z,16,64,0.417,-0.518,verizon,0.0,False
Z,16,64,0.417,-0.518,sprint,0.0,False
Z,16,69,0.522,-0.414,att,0.0,False
Z,16,69,0.522,-0.414,tmobile,0.0,False
Z,16,69,0.522,-0.414,verizon,0.0,False
Z,16,69,0.522,-0.414,sprint,0.0,False
Z,16,74,0.626,-0.31,att,0.0,False
Z,16,74,0.626,-0.31,tmobile,0.0,False
Z,16,74,0.626,-0.31,verizon,0.0,False
Z,16,74,0.626,-0.31,sprint,0.0,False
Z,16,79,0.73,-0.205,att,0.0,False
Z,16,79,0.73,-0.205,tmobile,0.0,False
Z,16,79,0.73,-0.205,verizon,0.0,False
Z,16,79,0.73,-0.205,sprint,0.0,False
Z,16,84,0.835,-0.101,att,0.0,False
Z,16,84,0.835,-0.101,tmobile,0.0,False
Z,16,84,0.835,-0.101,verizon,0.0,False
Z,16,84,0.835,-0.101,sprint,0.0,False
Z,16,89,0.939,0.003,att,0.0,False
Z,16,89,0.939,0.003,tmobile,0.0,False
Z,16,89,0.939,0.003,verizon,0.0,False
Z,16,89,0.939,0.003,sprint,0.0,False
Z,16,94,1.043,0.108,att,0.0417,True
Z,16,94,1.043,0.108,tmobile,0.0417,True
Z,16,94,1.043,0.108,verizon,0.0,False
Z,16,94,1.043,0.108,sprint,0.0,False
Z,16,99,1.148,0.212,att,0.0,False
Z,16,99,1.148,0.212,tmobile,0.0,False
Z,16,99,1.148,0.212,verizon,0.0,False
Z,16,99,1.148,0.212,sprint,0.0,False
Z,16,104,1.252,0.316,att,0.0,False
Z,16,104,1.252,0.316,tmobile,0.0,False
Z,16,104,1.252,0.316,verizon,0.0,False
Z,16,104,1.252,0.316,sprint,0.0417,True
Z,16,109,1.356,0.421,att,0.0,False
Z,16,109,1.356,0.421,tmobile,0.0,False
Z,16,109,1.356,0.421,verizon,0.0,False
Z,16,109,1.356,0.421,sprint,0.0,False
Z,16,114,1.461,0.525,att,0.0417,True
Z,16,114,1.461,0.525,tmobile,0.0,False
Z,16,114,1.461,0.525,verizon,0.0,False
Z,16,114,1.461,0.525,sprint,0.0,False
Z,16,119,1.565,0.629,att,0.0,False
Z,16,119,1.565,0.629,tmobile,0.0,False
Z,16,119,1.565,0.629,verizon,0.0,False
Z,16,119,1.565,0.629,sprint,0.0,False
Z,16,124,1.67,0.734,att,0.0,False
Z,16,124,1.67,0.734,tmobile,0.0,False
Z,16,124,1.67,0.734,verizon,0.0,False
Z,16,124,1.67,0.734,sprint,0.0,False
Z,16,129,1.774,0.838,att,0.0,False
Z,16,129,1.774,0.838,tmobile,0.0,False
Z,16,129,1.774,0.838,verizon,0.0833,True
Z,16,129,1.774,0.838,sprint,0.0,False
Z,16,134,1.878,0.942,att,0.0,False
Z,16,134,1.878,0.942,tmobile,0.125,True
Z,16,134,1.878,0.942,verizon,0.0,False
Z,16,134,1.878,0.942,sprint,0.0,False
Z,16,139,1.983,1.047,att,0.0,False
Z,16,139,1.983,1.047,tmobile,0.0417,True
Z,16,139,1.983,1.047,verizon,0.0,False
Z,16,139,1.983,1.047,sprint,0.0,False
Z,16,144,2.087,1.151,att,0.0,False
Z,16,144,2.087,1.151,tmobile,0.1667,True
Z,16,144,2.087,1.151,verizon,0.0,False
Z,16,144,2.087,1.151,sprint,0.0,False
Z,16,149,2.191,1.255,att,0.0833,True
Z,16,149,2.191,1.255,tmobile,0.0,False
Z,16,149,2.191,1.255,verizon,0.0,False
Z,16,149,2.191,1.255,sprint,0.0,False
Z,16,154,2.296,1.36,att,0.0,False
Z,16,154,2.296,1.36,tmobile,0.0,False
Z,16,154,2.296,1.36,verizon,0.0,False
Z,16,154,2.296,1.36,sprint,0.0,False
Z,16,159,2.4,1.464,att,0.0,False
Z,16,159,2.4,1.464,tmobile,0.0417,True
Z,16,159,2.4,1.464,verizon,0.0,False
Z,16,159,2.4,1.464,sprint,0.0,False
Z,16,164,2.504,1.569,att,0.0,False
Z,16,164,2.504,1.569,tmobile,0.0417,True
Z,16,164,2.504,1.569,verizon,0.0,False
Z,16,164,2.504,1.569,sprint,0.0,False
Z,16,169,2.609,1.673,att,0.0417,True
Z,16,169,2.609,1.673,tmobile,0.0,False
Z,16,169,2.609,1.673,verizon,0.0,False
Z,16,169,2.609,1.673,sprint,0.0,False
Z,16,174,2.713,1.777,att,0.0,False
Z,16,174,2.713,1.777,tmobile,0.0,False
Z,16,174,2.713,1.777,verizon,0.0833,True
Z,16,174,2.713,1.777,sprint,0.0,False
Z,16,179,2.817,1.882,att,0.0,False
Z,16,179,2.817,1.882,tmobile,0.0,False
Z,16,179,2.817,1.882,verizon,0.0417,True
Z,16,179,2.817,1.882,sprint,0.0,False
Z,16,184,2.922,1.986,att,0.0417,True
Z,16,184,2.922,1.986,tmobile,0.0,False
Z,16,184,2.922,1.986,verizon,0.0,False
Z,16,184,2.922,1.986,sprint,0.0,False
Z,16,189,3.026,2.09,att,0.0,False
Z,16,189,3.026,2.09,tmobile,0.0,False
Z,16,189,3.026,2.09,verizon,0.0,False
Z,16,189,3.026,2.09,sprint,0.0,False
Z,16,194,3.13,2.195,att,0.0,False
Z,16,194,3.13,2.195,tmobile,0.0,False
Z,16,194,3.13,2.195,verizon,0.0,False
Z,16,194,3.13,2.195,sprint,0.0,False
Z,16,199,3.235,2.299,att,0.0,False
Z,16,199,3.235,2.299,tmobile,0.0,False
Z,16,199,3.235,2.299,verizon,0.0417,True
Z,16,199,3.235,2.299,sprint,0.0,False
Z,16,204,3.339,2.403,att,0.1667,True
Z,16,204,3.339,2.403,tmobile,0.0833,True
Z,16,204,3.339,2.403,verizon,0.0833,True
Z,16,204,3.339,2.403,sprint,0.0,False
Z,16,209,3.443,2.508,att,0.0417,True
Z,16,209,3.443,2.508,tmobile,0.0,False
Z,16,209,3.443,2.508,verizon,0.0,False
Z,16,209,3.443,2.508,sprint,0.0,False
Z,16,214,3.548,2.612,att,0.0,False
Z,16,214,3.548,2.612,tmobile,0.0,False
Z,16,214,3.548,2.612,verizon,0.0,False
Z,16,214,3.548,2.612,sprint,0.0,False
Z,16,219,3.652,2.716,att,0.0,False
Z,16,219,3.652,2.716,tmobile,0.0,False
Z,16,219,3.652,2.716,verizon,0.0,False
Z,16,219,3.652,2.716,sprint,0.0,False
Z,16,224,3.756,2.821,att,0.0,False
Z,16,224,3.756,2.821,tmobile,0.0,False
Z,16,224,3.756,2.821,verizon,0.0,False
Z,16,224,3.756,2.821,sprint,0.0,False
Z,16,229,3.861,2.925,att,0.0,False
Z,16,229,3.861,2.925,tmobile,0.0,False
Z,16,229,3.861,2.925,verizon,0.0417,True
Z,16,229,3.861,2.925,sprint,0.0,False
Z,16,234,3.965,3.029,att,0.0417,True
Z,16,234,3.965,3.029,tmobile,0.0,False
Z,16,234,3.965,3.029,verizon,0.0,False
Z,16,234,3.965,3.029,sprint,0.0,False
Z,16,239,4.069,3.134,att,0.0417,True
Z,16,239,4.069,3.134,tmobile,0.0,False
Z,16,239,4.069,3.134,verizon,0.0833,True
Z,16,239,4.069,3.134,sprint,0.0,False
Z,16,244,4.174,3.238,att,0.125,True
Z,16,244,4.174,3.238,tmobile,0.0417,True
Z,16,244,4.174,3.238,verizon,0.0417,True
Z,16,244,4.174,3.238,sprint,0.0417,True
Z,16,249,4.278,3.342,att,0.0,False
Z,16,249,4.278,3.342,tmobile,0.0,False
Z,16,249,4.278,3.342,verizon,0.0,False
Z,16,249,4.278,3.342,sprint,0.0,False
Z,16,254,4.382,3.447,att,0.0,False
Z,16,254,4.382,3.447,tmobile,0.0,False
Z,16,254,4.382,3.447,verizon,0.0,False
Z,16,254,4.382,3.447,sprint,0.0,False
Z,16,259,4.487,3.551,att,0.0,False
Z,16,259,4.487,3.551,tmobile,0.0,False
Z,16,259,4.487,3.551,verizon,0.0,False
Z,16,259,4.487,3.551,sprint,0.0,False
Z,16,264,4.591,3.655,att,0.0,False
Z,16,264,4.591,3.655,tmobile,0.0,False
Z,16,264,4.591,3.655,verizon,0.125,True
Z,16,264,4.591,3.655,sprint,0.0,False
Z,16,269,4.695,3.76,att,0.0,False
Z,16,269,4.695,3.76,tmobile,0.0,False
Z,16,269,4.695,3.76,verizon,0.0,False
Z,16,269,4.695,3.76,sprint,0.0,False
Z,16,274,4.8,3.864,att,0.0833,True
Z,16,274,4.8,3.864,tmobile,0.2083,True
Z,16,274,4.8,3.864,verizon,0.2917,True
Z,16,274,4.8,3.864,sprint,0.0,False
Z,16,279,4.904,3.968,att,0.0,False
Z,16,279,4.904,3.968,tmobile,0.0417,True
Z,16,279,4.904,3.968,verizon,0.0417,True
Z,16,279,4.904,3.968,sprint,0.0417,True
Z,16,284,5.009,4.073,att,0.0,False
Z,16,284,5.009,4.073,tmobile,0.0,False
Z,16,284,5.009,4.073,verizon,0.0833,True
Z,16,284,5.009,4.073,sprint,0.0,False
Z,16,289,5.113,4.177,att,0.0417,True
Z,16,289,5.113,4.177,tmobile,0.0,False
Z,16,289,5.113,4.177,verizon,0.0833,True
Z,16,289,5.113,4.177,sprint,0.0,False
Z,16,294,5.217,4.281,att,0.0,False
Z,16,294,5.217,4.281,tmobile,0.0417,True
Z,16,294,5.217,4.281,verizon,0.1667,True
Z,16,294,5.217,4.281,sprint,0.0,False
Z,16,299,5.322,4.386,att,0.0,False
Z,16,299,5.322,4.386,tmobile,0.0417,True
Z,16,299,5.322,4.386,verizon,0.1667,True
Z,16,299,5.322,4.386,sprint,0.0,False
Z,16,304,5.426,4.49,att,0.0,False
Z,16,304,5.426,4.49,tmobile,0.0,False
Z,16,304,5.426,4.49,verizon,0.125,True
Z,16,304,5.426,4.49,sprint,0.0,False
Z,16,309,5.53,4.594,att,0.0,False
Z,16,309,5.53,4.594,tmobile,0.0,False
Z,16,309,5.53,4.594,verizon,0.0,False
Z,16,309,5.53,4.594,sprint,0.0,False
Z,16,314,5.635,4.699,att,0.0,False
Z,16,314,5.635,4.699,tmobile,0.0417,True
Z,16,314,5.635,4.699,verizon,0.0417,True
Z,16,314,5.635,4.699,sprint,0.0,False
Z,16,319,5.739,4.803,att,0.0417,True
Z,16,319,5.739,4.803,tmobile,0.0417,True
Z,16,319,5.739,4.803,verizon,0.0,False
Z,16,319,5.739,4.803,sprint,0.0,False
Z,16,324,5.843,4.908,att,0.0,False
Z,16,324,5.843,4.908,tmobile,0.0,False
Z,16,324,5.843,4.908,verizon,0.0833,True
Z,16,324,5.843,4.908,sprint,0.0,False
Z,16,329,5.948,5.012,att,0.0417,True
Z,16,329,5.948,5.012,tmobile,0.0833,True
Z,16,329,5.948,5.012,verizon,0.0417,True
Z,16,329,5.948,5.012,sprint,0.0,False
Z,16,334,6.052,5.116,att,0.0,False
Z,16,334,6.052,5.116,tmobile,0.0417,True
Z,16,334,6.052,5.116,verizon,0.0,False
Z,16,334,6.052,5.116,sprint,0.0,False
Z,16,339,6.156,5.221,att,0.0,False
Z,16,339,6.156,5.221,tmobile,0.0417,True
Z,16,339,6.156,5.221,verizon,0.0417,True
Z,16,339,6.156,5.221,sprint,0.0,False
Z,16,344,6.261,5.325,att,0.0,False
Z,16,344,6.261,5.325,tmobile,0.0417,True
Z,16,344,6.261,5.325,verizon,0.0833,True
Z,16,344,6.261,5.325,sprint,0.0,False
Z,16,349,6.365,5.429,att,0.0,False
Z,16,349,6.365,5.429,tmobile,0.125,True
Z,16,349,6.365,5.429,verizon,0.0833,True
Z,16,349,6.365,5.429,sprint,0.0417,True
Z,16,354,6.469,5.534,att,0.0,False
Z,16,354,6.469,5.534,tmobile,0.0,False
Z,16,354,6.469,5.534,verizon,0.0417,True
Z,16,354,6.469,5.534,sprint,0.0,False
Z,16,359,6.574,5.638,att,0.0,False
Z,16,359,6.574,5.638,tmobile,0.0,False
Z,16,359,6.574,5.638,verizon,0.0833,True
Z,16,359,6.574,5.638,sprint,0.0,False
Z,16,364,6.678,5.742,att,0.0,False
Z,16,364,6.678,5.742,tmobile,0.0,False
Z,16,364,6.678,5.742,verizon,0.0417,True
Z,16,364,6.678,5.742,sprint,0.0,False
Z,16,369,6.782,5.847,att,0.0,False
Z,16,369,6.782,5.847,tmobile,0.0417,True
Z,16,369,6.782,5.847,verizon,0.0,False
Z,16,369,6.782,5.847,sprint,0.0,False
Z,16,374,6.887,5.951,att,0.0,False
Z,16,374,6.887,5.951,tmobile,0.0,False
Z,16,374,6.887,5.951,verizon,0.0417,True
Z,16,374,6.887,5.951,sprint,0.0833,True
Z,16,379,6.991,6.055,att,0.0,False
Z,16,379,6.991,6.055,tmobile,0.125,True
Z,16,379,6.991,6.055,verizon,0.125,True
Z,16,379,6.991,6.055,sprint,0.0,False
Z,16,384,7.095,6.16,att,0.0417,True
Z,16,384,7.095,6.16,tmobile,0.0417,True
Z,16,384,7.095,6.16,verizon,0.125,True
Z,16,384,7.095,6.16,sprint,0.0,False
Z,16,389,7.2,6.264,att,0.0,False
Z,16,389,7.2,6.264,tmobile,0.0417,True
Z,16,389,7.2,6.264,verizon,0.0417,True
Z,16,389,7.2,6.264,sprint,0.0,False
Z,16,394,7.304,6.368,att,0.0,False
Z,16,394,7.304,6.368,tmobile,0.0,False
Z,16,394,7.304,6.368,verizon,0.0,False
Z,16,394,7.304,6.368,sprint,0.0,False
Z,16,399,7.408,6.473,att,0.0,False
Z,16,399,7.408,6.473,tmobile,0.125,True
Z,16,399,7.408,6.473,verizon,0.0417,True
Z,16,399,7.408,6.473,sprint,0.0,False
Z,16,404,7.513,6.577,att,0.0,False
Z,16,404,7.513,6.577,tmobile,0.0,False
Z,16,404,7.513,6.577,verizon,0.0,False
Z,16,404,7.513,6.577,sprint,0.0,False
Z,16,409,7.617,6.681,att,0.0417,True
Z,16,409,7.617,6.681,tmobile,0.0,False
Z,16,409,7.617,6.681,verizon,0.0,False
Z,16,409,7.617,6.681,sprint,0.0,False
Z,16,414,7.721,6.786,att,0.0,False
Z,16,414,7.721,6.786,tmobile,0.0417,True
Z,16,414,7.721,6.786,verizon,0.0417,True
Z,16,414,7.721,6.786,sprint,0.0,False
Z,16,419,7.826,6.89,att,0.0,False
Z,16,419,7.826,6.89,tmobile,0.0,False
Z,16,419,7.826,6.89,verizon,0.0,False
Z,16,419,7.826,6.89,sprint,0.0417,True
Z,16,424,7.93,6.994,att,0.0,False
Z,16,424,7.93,6.994,tmobile,0.0417,True
Z,16,424,7.93,6.994,verizon,0.0833,True
Z,16,424,7.93,6.994,sprint,0.0,False
Z,16,429,8.035,7.099,att,0.0,False
Z,16,429,8.035,7.099,tmobile,0.0,False
Z,16,429,8.035,7.099,verizon,0.0833,True
Z,16,429,8.035,7.099,sprint,0.0,False
Z,16,434,8.139,7.203,att,0.0,False
Z,16,434,8.139,7.203,tmobile,0.0,False
Z,16,434,8.139,7.203,verizon,0.0,False
Z,16,434,8.139,7.203,sprint,0.0,False
Z,16,439,8.243,7.307,att,0.0417,True
Z,16,439,8.243,7.307,tmobile,0.0,False
Z,16,439,8.243,7.307,verizon,0.0,False
Z,16,439,8.243,7.307,sprint,0.0,False
Z,16,444,8.348,7.412,att,0.0,False
Z,16,444,8.348,7.412,tmobile,0.0833,True
Z,16,444,8.348,7.412,verizon,0.0833,True
Z,16,444,8.348,7.412,sprint,0.0,False
Z,16,449,8.452,7.516,att,0.0417,True
Z,16,449,8.452,7.516,tmobile,0.0,False
Z,16,449,8.452,7.516,verizon,0.0,False
Z,16,449,8.452,7.516,sprint,0.0,False
Z,16,454,8.556,7.62,att,0.0,False
Z,16,454,8.556,7.62,tmobile,0.1667,True
Z,16,454,8.556,7.62,verizon,0.0417,True
Z,16,454,8.556,7.62,sprint,0.0,False
Z,16,459,8.661,7.725,att,0.0,False
Z,16,459,8.661,7.725,tmobile,0.0,False
Z,16,459,8.661,7.725,verizon,0.0417,True
Z,16,459,8.661,7.725,sprint,0.0417,True
Z,16,464,8.765,7.829,att,0.0,False
Z,16,464,8.765,7.829,tmobile,0.0,False
Z,16,464,8.765,7.829,verizon,0.0,False
Z,16,464,8.765,7.829,sprint,0.0,False
Z,16,469,8.869,7.933,att,0.0417,True
Z,16,469,8.869,7.933,tmobile,0.0,False
Z,16,469,8.869,7.933,verizon,0.0417,True
Z,16,469,8.869,7.933,sprint,0.0417,True
Z,16,474,8.974,8.038,att,0.0,False
Z,16,474,8.974,8.038,tmobile,0.0,False
Z,16,474,8.974,8.038,verizon,0.0417,True
Z,16,474,8.974,8.038,sprint,0.0,False
Z,16,479,9.078,8.142,att,0.0,False
Z,16,479,9.078,8.142,tmobile,0.0417,True
Z,16,479,9.078,8.142,verizon,0.0833,True
Z,16,479,9.078,8.142,sprint,0.0,False
Z,16,484,9.182,8.247,att,0.0,False
Z,16,484,9.182,8.247,tmobile,0.0,False
Z,16,484,9.182,8.247,verizon,0.0417,True
Z,16,484,9.182,8.247,sprint,0.0,False
Z,16,489,9.287,8.351,att,0.0417,True
Z,16,489,9.287,8.351,tmobile,0.0,False
Z,16,489,9.287,8.351,verizon,0.0417,True
Z,16,489,9.287,8.351,sprint,0.0,False
Z,16,494,9.391,8.455,att,0.0,False
Z,16,494,9.391,8.455,tmobile,0.0,False
Z,16,494,9.391,8.455,verizon,0.0,False
Z,16,494,9.391,8.455,sprint,0.0,False
Z,16,499,9.495,8.56,att,0.0,False
Z,16,499,9.495,8.56,tmobile,0.0417,True
Z,16,499,9.495,8.56,verizon,0.0,False
Z,16,499,9.495,8.56,sprint,0.0,False
Z,16,504,9.6,8.664,att,0.0,False
Z,16,504,9.6,8.664,tmobile,0.0417,True
Z,16,504,9.6,8.664,verizon,0.0417,True
Z,16,504,9.6,8.664,sprint,0.0,False
Z,16,509,9.704,8.768,att,0.0,False
Z,16,509,9.704,8.768,tmobile,0.0,False
Z,16,509,9.704,8.768,verizon,0.0,False
Z,16,509,9.704,8.768,sprint,0.0,False
Z,16,514,9.808,8.873,att,0.0,False
Z,16,514,9.808,8.873,tmobile,0.0417,True
Z,16,514,9.808,8.873,verizon,0.0417,True
Z,16,514,9.808,8.873,sprint,0.0,False
Z,16,519,9.913,8.977,att,0.0,False
Z,16,519,9.913,8.977,tmobile,0.0417,True
Z,16,519,9.913,8.977,verizon,0.0417,True
Z,16,519,9.913,8.977,sprint,0.0,False
Z,16,524,10.017,9.081,att,0.0,False
Z,16,524,10.017,9.081,tmobile,0.125,True
Z,16,524,10.017,9.081,verizon,0.2917,True
Z,16,524,10.017,9.081,sprint,0.0,False
Z,16,529,10.121,9.186,att,0.0,False
Z,16,529,10.121,9.186,tmobile,0.0417,True
Z,16,529,10.121,9.186,verizon,0.0,False
Z,16,529,10.121,9.186,sprint,0.0,False
Z,16,534,10.226,9.29,att,0.0,False
Z,16,534,10.226,9.29,tmobile,0.0417,True
Z,16,534,10.226,9.29,verizon,0.0,False
Z,16,534,10.226,9.29,sprint,0.0,False
Z,16,539,10.33,9.394,att,0.0,False
Z,16,539,10.33,9.394,tmobile,0.0,False
Z,16,539,10.33,9.394,verizon,0.0,False
Z,16,539,10.33,9.394,sprint,0.0,False
Z,16,544,10.434,9.499,att,0.0,False
Z,16,544,10.434,9.499,tmobile,0.0,False
Z,16,544,10.434,9.499,verizon,0.0417,True
Z,16,544,10.434,9.499,sprint,0.0,False
Z,16,549,10.539,9.603,att,0.0,False
Z,16,549,10.539,9.603,tmobile,0.0,False
Z,16,549,10.539,9.603,verizon,0.0,False
Z,16,549,10.539,9.603,sprint,0.0,False
Z,16,554,10.643,9.707,att,0.0,False
Z,16,554,10.643,9.707,tmobile,0.0,False
Z,16,554,10.643,9.707,verizon,0.0,False
Z,16,554,10.643,9.707,sprint,0.0,False
Z,16,559,10.747,9.812,att,0.0,False
Z,16,559,10.747,9.812,tmobile,0.0,False
Z,16,559,10.747,9.812,verizon,0.0833,True
Z,16,559,10.747,9.812,sprint,0.0,False
Z,16,564,10.852,9.916,att,0.0,False
Z,16,564,10.852,9.916,tmobile,0.0417,True
Z,16,564,10.852,9.916,verizon,0.0,False
Z,16,564,10.852,9.916,sprint,0.0,False
Z,16,569,10.956,10.02,att,0.0,False
Z,16,569,10.956,10.02,tmobile,0.0417,True
Z,16,569,10.956,10.02,verizon,0.0,False
Z,16,569,10.956,10.02,sprint,0.0,False
Z,16,574,11.06,10.125,att,0.0,False
Z,16,574,11.06,10.125,tmobile,0.0417,True
Z,16,574,11.06,10.125,verizon,0.0417,True
Z,16,574,11.06,10.125,sprint,0.0,False
Z,16,579,11.165,10.229,att,0.0417,True
Z,16,579,11.165,10.229,tmobile,0.0,False
Z,16,579,11.165,10.229,verizon,0.0417,True
Z,16,579,11.165,10.229,sprint,0.0,False
Z,16,584,11.269,10.333,att,0.0417,True
Z,16,584,11.269,10.333,tmobile,0.0833,True
Z,16,584,11.269,10.333,verizon,0.0417,True
Z,16,584,11.269,10.333,sprint,0.0,False
Z,16,589,11.374,10.438,att,0.0,False
Z,16,589,11.374,10.438,tmobile,0.0,False
Z,16,589,11.374,10.438,verizon,0.1667,True
Z,16,589,11.374,10.438,sprint,0.0,False
Z,16,594,11.478,10.542,att,0.0,False
Z,16,594,11.478,10.542,tmobile,0.0,False
Z,16,594,11.478,10.542,verizon,0.0,False
Z,16,594,11.478,10.542,sprint,0.0,False
Z,16,599,11.582,10.646,att,0.0417,True
Z,16,599,11.582,10.646,tmobile,0.0,False
Z,16,599,11.582,10.646,verizon,0.0,False
Z,16,599,11.582,10.646,sprint,0.0,False
Z,16,604,11.687,10.751,att,0.0,False
Z,16,604,11.687,10.751,tmobile,0.0,False
Z,16,604,11.687,10.751,verizon,0.0833,True
Z,16,604,11.687,10.751,sprint,0.0,False
Z,16,609,11.791,10.855,att,0.0,False
Z,16,609,11.791,10.855,tmobile,0.0,False
Z,16,609,11.791,10.855,verizon,0.0,False
Z,16,609,11.791,10.855,sprint,0.0,False
Z,16,614,11.895,10.959,att,0.0,False
Z,16,614,11.895,10.959,tmobile,0.0,False
Z,16,614,11.895,10.959,verizon,0.0,False
Z,16,614,11.895,10.959,sprint,0.0,False
Z,16,619,12.0,11.064,att,0.0,False
Z,16,619,12.0,11.064,tmobile,0.0,False
Z,16,619,12.0,11.064,verizon,0.0417,True
Z,16,619,12.0,11.064,sprint,0.0,False
Z,16,624,12.104,11.168,att,0.0,False
Z,16,624,12.104,11.168,tmobile,0.0,False
Z,16,624,12.104,11.168,verizon,0.0833,True
Z,16,624,12.104,11.168,sprint,0.0417,True
Z,16,629,12.208,11.273,att,0.0,False
Z,16,629,12.208,11.273,tmobile,0.0,False
Z,16,629,12.208,11.273,verizon,0.0833,True
Z,16,629,12.208,11.273,sprint,0.0,False
Z,16,634,12.313,11.377,att,0.0417,True
Z,16,634,12.313,11.377,tmobile,0.1667,True
Z,16,634,12.313,11.377,verizon,0.0417,True
Z,16,634,12.313,11.377,sprint,0.0,False
Z,16,639,12.417,11.481,att,0.0,False
Z,16,639,12.417,11.481,tmobile,0.0833,True
Z,16,639,12.417,11.481,verizon,0.2083,True
Z,16,639,12.417,11.481,sprint,0.0,False
Z,16,644,12.521,11.586,att,0.0,False
Z,16,644,12.521,11.586,tmobile,0.0,False
Z,16,644,12.521,11.586,verizon,0.0,False
Z,16,644,12.521,11.586,sprint,0.0,False
Z,16,649,12.626,11.69,att,0.0,False
Z,16,649,12.626,11.69,tmobile,0.0,False
Z,16,649,12.626,11.69,verizon,0.0417,True
Z,16,649,12.626,11.69,sprint,0.25,True
Z,16,654,12.73,11.794,att,0.0,False
Z,16,654,12.73,11.794,tmobile,0.0,False
Z,16,654,12.73,11.794,verizon,0.0,False
Z,16,654,12.73,11.794,sprint,0.0,False
Z,16,659,12.834,11.899,att,0.0,False
Z,16,659,12.834,11.899,tmobile,0.0,False
Z,16,659,12.834,11.899,verizon,0.0,False
Z,16,659,12.834,11.899,sprint,0.0,False
Z,16,664,12.939,12.003,att,0.0,False
Z,16,664,12.939,12.003,tmobile,0.0,False
Z,16,664,12.939,12.003,verizon,0.0,False
Z,16,664,12.939,12.003,sprint,0.0,False
Z,16,669,13.043,12.107,att,0.0,False
Z,16,669,13.043,12.107,tmobile,0.0,False
Z,16,669,13.043,12.107,verizon,0.0,False
Z,16,669,13.043,12.107,sprint,0.0,False
Z,16,674,13.147,12.212,att,0.0,False
Z,16,674,13.147,12.212,tmobile,0.0,False
Z,16,674,13.147,12.212,verizon,0.0,False
Z,16,674,13.147,12.212,sprint,0.0,False
Z,16,679,13.252,12.316,att,0.0,False
Z,16,679,13.252,12.316,tmobile,0.0,False
Z,16,679,13.252,12.316,verizon,0.0,False
Z,16,679,13.252,12.316,sprint,0.0,False
Z,16,684,13.356,12.42,att,0.0,False
Z,16,684,13.356,12.42,tmobile,0.0417,True
Z,16,684,13.356,12.42,verizon,0.0417,True
Z,16,684,13.356,12.42,sprint,0.0,False
Z,16,689,13.46,12.525,att,0.0,False
Z,16,689,13.46,12.525,tmobile,0.0,False
Z,16,689,13.46,12.525,verizon,0.0,False
Z,16,689,13.46,12.525,sprint,0.0,False
Z,16,694,13.565,12.629,att,0.0,False
Z,16,694,13.565,12.629,tmobile,0.0,False
Z,16,694,13.565,12.629,verizon,0.0,False
Z,16,694,13.565,12.629,sprint,0.0833,True
Z,16,699,13.669,12.733,att,0.0,False
Z,16,699,13.669,12.733,tmobile,0.0,False
Z,16,699,13.669,12.733,verizon,0.0,False
Z,16,699,13.669,12.733,sprint,0.0,False
Z,16,704,13.773,12.838,att,0.0,False
Z,16,704,13.773,12.838,tmobile,0.0,False
Z,16,704,13.773,12.838,verizon,0.125,True
Z,16,704,13.773,12.838,sprint,0.0,False
Z,16,709,13.878,12.942,att,0.0,False
Z,16,709,13.878,12.942,tmobile,0.0,False
Z,16,709,13.878,12.942,verizon,0.0,False
Z,16,709,13.878,12.942,sprint,0.0,False
L,17,92,0.0,0.066,att,0.0,False
L,17,92,0.0,0.066,tmobile,0.0714,True
L,17,92,0.0,0.066,verizon,0.0714,True
L,17,92,0.0,0.066,sprint,0.0,False
L,17,97,0.104,0.17,att,0.0,False
L,17,97,0.104,0.17,tmobile,0.0714,True
L,17,97,0.104,0.17,verizon,0.7143,True
L,17,97,0.104,0.17,sprint,0.0714,True
L,17,102,0.209,0.275,att,0.0,False
L,17,102,0.209,0.275,tmobile,0.0,False
L,17,102,0.209,0.275,verizon,0.2857,True
L,17,102,0.209,0.275,sprint,0.0,False
L,17,107,0.313,0.379,att,0.0,False
L,17,107,0.313,0.379,tmobile,0.1429,True
L,17,107,0.313,0.379,verizon,0.0,False
L,17,107,0.313,0.379,sprint,0.0,False
L,17,112,0.417,0.483,att,0.0,False
L,17,112,0.417,0.483,tmobile,0.0,False
L,17,112,0.417,0.483,verizon,0.0,False
L,17,112,0.417,0.483,sprint,0.0,False
L,17,117,0.522,0.588,att,0.0,False
L,17,117,0.522,0.588,tmobile,0.0,False
L,17,117,0.522,0.588,verizon,0.0,False
L,17,117,0.522,0.588,sprint,0.0,False
L,17,122,0.626,0.692,att,0.0,False
L,17,122,0.626,0.692,tmobile,0.0,False
L,17,122,0.626,0.692,verizon,0.0,False
L,17,122,0.626,0.692,sprint,0.0,False
L,17,127,0.73,0.796,att,0.0,False
L,17,127,0.73,0.796,tmobile,0.0,False
L,17,127,0.73,0.796,verizon,0.0,False
L,17,127,0.73,0.796,sprint,0.0,False
L,17,132,0.835,0.901,att,0.0,False
L,17,132,0.835,0.901,tmobile,0.0,False
L,17,132,0.835,0.901,verizon,0.0,False
L,17,132,0.835,0.901,sprint,0.0,False
L,17,137,0.939,1.005,att,0.0,False
L,17,137,0.939,1.005,tmobile,0.0,False
L,17,137,0.939,1.005,verizon,0.0,False
L,17,137,0.939,1.005,sprint,0.0,False
L,17,142,1.043,1.109,att,0.0,False
L,17,142,1.043,1.109,tmobile,0.0,False
L,17,142,1.043,1.109,verizon,0.0,False
L,17,142,1.043,1.109,sprint,0.0,False
L,17,147,1.148,1.214,att,0.0,False
L,17,147,1.148,1.214,tmobile,0.0,False
L,17,147,1.148,1.214,verizon,0.0,False
L,17,147,1.148,1.214,sprint,0.0,False
L,17,152,1.252,1.318,att,0.0,False
L,17,152,1.252,1.318,tmobile,0.0,False
L,17,152,1.252,1.318,verizon,0.0,False
L,17,152,1.252,1.318,sprint,0.0,False
L,17,157,1.356,1.422,att,0.0,False
L,17,157,1.356,1.422,tmobile,0.0,False
L,17,157,1.356,1.422,verizon,0.0,False
L,17,157,1.356,1.422,sprint,0.0,False
L,17,162,1.461,1.527,att,0.0,False
L,17,162,1.461,1.527,tmobile,0.0,False
L,17,162,1.461,1.527,verizon,0.0,False
L,17,162,1.461,1.527,sprint,0.0,False
L,17,167,1.565,1.631,att,0.0,False
L,17,167,1.565,1.631,tmobile,0.0,False
L,17,167,1.565,1.631,verizon,0.0,False
L,17,167,1.565,1.631,sprint,0.0,False
L,17,172,1.67,1.735,att,0.0,False
L,17,172,1.67,1.735,tmobile,0.0,False
L,17,172,1.67,1.735,verizon,0.0,False
L,17,172,1.67,1.735,sprint,0.0,False
L,17,177,1.774,1.84,att,0.0,False
L,17,177,1.774,1.84,tmobile,0.0,False
L,17,177,1.774,1.84,verizon,0.0,False
L,17,177,1.774,1.84,sprint,0.0,False
L,17,182,1.878,1.944,att,0.0,False
L,17,182,1.878,1.944,tmobile,0.0,False
L,17,182,1.878,1.944,verizon,0.0,False
L,17,182,1.878,1.944,sprint,0.0,False
L,17,187,1.983,2.048,att,0.0,False
L,17,187,1.983,2.048,tmobile,0.0,False
L,17,187,1.983,2.048,verizon,0.0,False
L,17,187,1.983,2.048,sprint,0.0,False
L,17,192,2.087,2.153,att,0.0,False
L,17,192,2.087,2.153,tmobile,0.0,False
L,17,192,2.087,2.153,verizon,0.0,False
L,17,192,2.087,2.153,sprint,0.0,False
L,17,197,2.191,2.257,att,0.0,False
L,17,197,2.191,2.257,tmobile,0.0,False
L,17,197,2.191,2.257,verizon,0.0,False
L,17,197,2.191,2.257,sprint,0.0,False
L,17,202,2.296,2.362,att,0.0,False
L,17,202,2.296,2.362,tmobile,0.0,False
L,17,202,2.296,2.362,verizon,0.0,False
L,17,202,2.296,2.362,sprint,0.0,False
L,17,207,2.4,2.466,att,0.0,False
L,17,207,2.4,2.466,tmobile,0.0,False
L,17,207,2.4,2.466,verizon,0.0,False
L,17,207,2.4,2.466,sprint,0.0,False
L,17,212,2.504,2.57,att,0.0,False
L,17,212,2.504,2.57,tmobile,0.0,False
L,17,212,2.504,2.57,verizon,0.0,False
L,17,212,2.504,2.57,sprint,0.0,False
L,17,217,2.609,2.675,att,0.0,False
L,17,217,2.609,2.675,tmobile,0.0,False
L,17,217,2.609,2.675,verizon,0.0,False
L,17,217,2.609,2.675,sprint,0.0,False
L,17,222,2.713,2.779,att,0.0,False
L,17,222,2.713,2.779,tmobile,0.0,False
L,17,222,2.713,2.779,verizon,0.0,False
L,17,222,2.713,2.779,sprint,0.0,False
L,17,227,2.817,2.883,att,0.0,False
L,17,227,2.817,2.883,tmobile,0.0,False
L,17,227,2.817,2.883,verizon,0.0,False
L,17,227,2.817,2.883,sprint,0.0,False
L,17,232,2.922,2.988,att,0.0,False
L,17,232,2.922,2.988,tmobile,0.0,False
L,17,232,2.922,2.988,verizon,0.0,False
L,17,232,2.922,2.988,sprint,0.0,False
L,17,237,3.026,3.092,att,0.0,False
L,17,237,3.026,3.092,tmobile,0.0,False
L,17,237,3.026,3.092,verizon,0.0,False
L,17,237,3.026,3.092,sprint,0.0,False
L,17,242,3.13,3.196,att,0.0,False
L,17,242,3.13,3.196,tmobile,0.0,False
L,17,242,3.13,3.196,verizon,0.0,False
L,17,242,3.13,3.196,sprint,0.0,False
L,17,247,3.235,3.301,att,0.0,False
L,17,247,3.235,3.301,tmobile,0.0,False
L,17,247,3.235,3.301,verizon,0.0,False
L,17,247,3.235,3.301,sprint,0.0,False
L,17,252,3.339,3.405,att,0.0,False
L,17,252,3.339,3.405,tmobile,0.0,False
L,17,252,3.339,3.405,verizon,0.0,False
L,17,252,3.339,3.405,sprint,0.0,False
L,17,257,3.443,3.509,att,0.0,False
L,17,257,3.443,3.509,tmobile,0.0,False
L,17,257,3.443,3.509,verizon,0.0,False
L,17,257,3.443,3.509,sprint,0.0,False
L,17,262,3.548,3.614,att,0.0,False
L,17,262,3.548,3.614,tmobile,0.0,False
L,17,262,3.548,3.614,verizon,0.0,False
L,17,262,3.548,3.614,sprint,0.0,False
L,17,267,3.652,3.718,att,0.0,False
L,17,267,3.652,3.718,tmobile,0.0,False
L,17,267,3.652,3.718,verizon,0.0,False
L,17,267,3.652,3.718,sprint,0.0,False
L,17,272,3.756,3.822,att,0.0,False
L,17,272,3.756,3.822,tmobile,0.0,False
L,17,272,3.756,3.822,verizon,0.0,False
L,17,272,3.756,3.822,sprint,0.0,False
L,17,277,3.861,3.927,att,0.0,False
L,17,277,3.861,3.927,tmobile,0.0,False
L,17,277,3.861,3.927,verizon,0.0,False
L,17,277,3.861,3.927,sprint,0.0,False
L,17,282,3.965,4.031,att,0.0,False
L,17,282,3.965,4.031,tmobile,0.0,False
L,17,282,3.965,4.031,verizon,0.0,False
L,17,282,3.965,4.031,sprint,0.0,False
L,17,287,4.069,4.135,att,0.0,False
L,17,287,4.069,4.135,tmobile,0.0,False
L,17,287,4.069,4.135,verizon,0.0,False
L,17,287,4.069,4.135,sprint,0.0,False
L,17,292,4.174,4.24,att,0.0,False
L,17,292,4.174,4.24,tmobile,0.0,False
L,17,292,4.174,4.24,verizon,0.0,False
L,17,292,4.174,4.24,sprint,0.0,False
L,17,297,4.278,4.344,att,0.0,False
L,17,297,4.278,4.344,tmobile,0.0,False
L,17,297,4.278,4.344,verizon,0.0,False
L,17,297,4.278,4.344,sprint,0.0,False
L,17,302,4.382,4.448,att,0.0,False
L,17,302,4.382,4.448,tmobile,0.0,False
L,17,302,4.382,4.448,verizon,0.0,False
L,17,302,4.382,4.448,sprint,0.0,False
L,17,307,4.487,4.553,att,0.0,False
L,17,307,4.487,4.553,tmobile,0.0,False
L,17,307,4.487,4.553,verizon,0.0,False
L,17,307,4.487,4.553,sprint,0.0,False
L,17,312,4.591,4.657,att,0.0,False
L,17,312,4.591,4.657,tmobile,0.0,False
L,17,312,4.591,4.657,verizon,0.0,False
L,17,312,4.591,4.657,sprint,0.0,False
L,17,317,4.695,4.761,att,0.0,False
L,17,317,4.695,4.761,tmobile,0.0,False
L,17,317,4.695,4.761,verizon,0.0,False
L,17,317,4.695,4.761,sprint,0.0,False
L,17,322,4.8,4.866,att,0.0,False
L,17,322,4.8,4.866,tmobile,0.0,False
L,17,322,4.8,4.866,verizon,0.0,False
L,17,322,4.8,4.866,sprint,0.0,False
L,17,327,4.904,4.97,att,0.0,False
L,17,327,4.904,4.97,tmobile,0.0,False
L,17,327,4.904,4.97,verizon,0.0,False
L,17,327,4.904,4.97,sprint,0.0,False
L,17,332,5.009,5.074,att,0.0,False
L,17,332,5.009,5.074,tmobile,0.0,False
L,17,332,5.009,5.074,verizon,0.0,False
L,17,332,5.009,5.074,sprint,0.0,False
L,17,337,5.113,5.179,att,0.0,False
L,17,337,5.113,5.179,tmobile,0.0,False
L,17,337,5.113,5.179,verizon,0.0,False
L,17,337,5.113,5.179,sprint,0.0,False
L,17,342,5.217,5.283,att,0.0,False
L,17,342,5.217,5.283,tmobile,0.0,False
L,17,342,5.217,5.283,verizon,0.0,False
L,17,342,5.217,5.283,sprint,0.0,False
L,17,347,5.322,5.387,att,0.0,False
L,17,347,5.322,5.387,tmobile,0.0,False
L,17,347,5.322,5.387,verizon,0.0,False
L,17,347,5.322,5.387,sprint,0.0,False
L,17,352,5.426,5.492,att,0.0,False
L,17,352,5.426,5.492,tmobile,0.0,False
L,17,352,5.426,5.492,verizon,0.0,False
L,17,352,5.426,5.492,sprint,0.0,False
L,17,357,5.53,5.596,att,0.0,False
L,17,357,5.53,5.596,tmobile,0.0,False
L,17,357,5.53,5.596,verizon,0.0,False
L,17,357,5.53,5.596,sprint,0.0,False
L,17,362,5.635,5.701,att,0.0,False
L,17,362,5.635,5.701,tmobile,0.0,False
L,17,362,5.635,5.701,verizon,0.0,False
L,17,362,5.635,5.701,sprint,0.0,False
L,17,367,5.739,5.805,att,0.0,False
L,17,367,5.739,5.805,tmobile,0.0,False
L,17,367,5.739,5.805,verizon,0.0,False
L,17,367,5.739,5.805,sprint,0.0,False
L,17,372,5.843,5.909,att,0.0,False
L,17,372,5.843,5.909,tmobile,0.0,False
L,17,372,5.843,5.909,verizon,0.0,False
L,17,372,5.843,5.909,sprint,0.0,False
L,17,377,5.948,6.014,att,0.0,False
L,17,377,5.948,6.014,tmobile,0.0,False
L,17,377,5.948,6.014,verizon,0.0,False
L,17,377,5.948,6.014,sprint,0.0,False
L,17,382,6.052,6.118,att,0.0,False
L,17,382,6.052,6.118,tmobile,0.0,False
L,17,382,6.052,6.118,verizon,0.0,False
L,17,382,6.052,6.118,sprint,0.0,False
L,17,387,6.156,6.222,att,0.0,False
L,17,387,6.156,6.222,tmobile,0.0,False
L,17,387,6.156,6.222,verizon,0.0,False
L,17,387,6.156,6.222,sprint,0.0,False
L,17,392,6.261,6.327,att,0.0,False
L,17,392,6.261,6.327,tmobile,0.0,False
L,17,392,6.261,6.327,verizon,0.0,False
L,17,392,6.261,6.327,sprint,0.0,False
L,17,397,6.365,6.431,att,0.0,False
L,17,397,6.365,6.431,tmobile,0.0,False
L,17,397,6.365,6.431,verizon,0.0,False
L,17,397,6.365,6.431,sprint,0.0,False
L,17,402,6.469,6.535,att,0.0,False
L,17,402,6.469,6.535,tmobile,0.0,False
L,17,402,6.469,6.535,verizon,0.0,False
L,17,402,6.469,6.535,sprint,0.0,False
L,17,407,6.574,6.64,att,0.0,False
L,17,407,6.574,6.64,tmobile,0.0,False
L,17,407,6.574,6.64,verizon,0.0,False
L,17,407,6.574,6.64,sprint,0.0,False
L,17,412,6.678,6.744,att,0.0,False
L,17,412,6.678,6.744,tmobile,0.0,False
L,17,412,6.678,6.744,verizon,0.0,False
L,17,412,6.678,6.744,sprint,0.0,False
L,17,417,6.782,6.848,att,0.0,False
L,17,417,6.782,6.848,tmobile,0.0,False
L,17,417,6.782,6.848,verizon,0.0,False
L,17,417,6.782,6.848,sprint,0.0,False
L,17,422,6.887,6.953,att,0.0,False
L,17,422,6.887,6.953,tmobile,0.0,False
L,17,422,6.887,6.953,verizon,0.0,False
L,17,422,6.887,6.953,sprint,0.0,False
L,17,427,6.991,7.057,att,0.0,False
L,17,427,6.991,7.057,tmobile,0.0,False
L,17,427,6.991,7.057,verizon,0.0,False
L,17,427,6.991,7.057,sprint,0.0,False
L,17,432,7.095,7.161,att,0.0,False
L,17,432,7.095,7.161,tmobile,0.0714,True
L,17,432,7.095,7.161,verizon,0.0714,True
L,17,432,7.095,7.161,sprint,0.0,False
L,17,437,7.2,7.266,att,0.0,False
L,17,437,7.2,7.266,tmobile,0.0714,True
L,17,437,7.2,7.266,verizon,0.0714,True
L,17,437,7.2,7.266,sprint,0.0,False
L,17,442,7.304,7.37,att,0.0,False
L,17,442,7.304,7.37,tmobile,0.1429,True
L,17,442,7.304,7.37,verizon,0.2143,True
L,17,442,7.304,7.37,sprint,0.0,False
L,17,447,7.408,7.474,att,0.0,False
L,17,447,7.408,7.474,tmobile,0.0,False
L,17,447,7.408,7.474,verizon,0.0,False
L,17,447,7.408,7.474,sprint,0.0,False
L,17,452,7.513,7.579,att,0.0,False
L,17,452,7.513,7.579,tmobile,0.0,False
L,17,452,7.513,7.579,verizon,0.0,False
L,17,452,7.513,7.579,sprint,0.0,False
L,17,457,7.617,7.683,att,0.0,False
L,17,457,7.617,7.683,tmobile,0.0,False
L,17,457,7.617,7.683,verizon,0.0,False
L,17,457,7.617,7.683,sprint,0.6429,True
L,17,462,7.721,7.787,att,0.0,False
L,17,462,7.721,7.787,tmobile,0.0714,True
L,17,462,7.721,7.787,verizon,0.0,False
L,17,462,7.721,7.787,sprint,0.0,False
L,17,467,7.826,7.892,att,0.0,False
L,17,467,7.826,7.892,tmobile,0.0714,True
L,17,467,7.826,7.892,verizon,0.0714,True
L,17,467,7.826,7.892,sprint,0.0,False
L,17,472,7.93,7.996,att,0.0,False
L,17,472,7.93,7.996,tmobile,0.0714,True
L,17,472,7.93,7.996,verizon,0.0714,True
L,17,472,7.93,7.996,sprint,0.0,False
L,17,477,8.035,8.1,att,0.0,False
L,17,477,8.035,8.1,tmobile,0.0714,True
L,17,477,8.035,8.1,verizon,0.0,False
L,17,477,8.035,8.1,sprint,0.0,False
L,17,482,8.139,8.205,att,0.0,False
L,17,482,8.139,8.205,tmobile,0.0,False
L,17,482,8.139,8.205,verizon,0.0,False
L,17,482,8.139,8.205,sprint,0.0,False
L,17,487,8.243,8.309,att,0.0,False
L,17,487,8.243,8.309,tmobile,0.0,False
L,17,487,8.243,8.309,verizon,0.0,False
L,17,487,8.243,8.309,sprint,0.0,False
L,17,492,8.348,8.413,att,0.0,False
L,17,492,8.348,8.413,tmobile,0.0,False
L,17,492,8.348,8.413,verizon,0.0,False
L,17,492,8.348,8.413,sprint,0.0,False
L,17,497,8.452,8.518,att,0.0,False
L,17,497,8.452,8.518,tmobile,0.0,False
L,17,497,8.452,8.518,verizon,0.0,False
L,17,497,8.452,8.518,sprint,0.0,False
L,17,502,8.556,8.622,att,0.0,False
L,17,502,8.556,8.622,tmobile,0.0,False
L,17,502,8.556,8.622,verizon,0.0,False
L,17,502,8.556,8.622,sprint,0.0,False
L,17,507,8.661,8.727,att,0.0,False
L,17,507,8.661,8.727,tmobile,0.0,False
L,17,507,8.661,8.727,verizon,0.0,False
L,17,507,8.661,8.727,sprint,0.0,False
L,17,512,8.765,8.831,att,0.0,False
L,17,512,8.765,8.831,tmobile,0.0,False
L,17,512,8.765,8.831,verizon,0.0,False
L,17,512,8.765,8.831,sprint,0.0714,True
L,17,517,8.869,8.935,att,0.0,False
L,17,517,8.869,8.935,tmobile,0.0714,True
L,17,517,8.869,8.935,verizon,0.0,False
L,17,517,8.869,8.935,sprint,0.0714,True
L,17,522,8.974,9.04,att,0.0,False
L,17,522,8.974,9.04,tmobile,0.0,False
L,17,522,8.974,9.04,verizon,0.0,False
L,17,522,8.974,9.04,sprint,0.0,False
L,17,527,9.078,9.144,att,0.0,False
L,17,527,9.078,9.144,tmobile,0.0714,True
L,17,527,9.078,9.144,verizon,0.1429,True
L,17,527,9.078,9.144,sprint,0.0,False
L,17,532,9.182,9.248,att,0.0,False
L,17,532,9.182,9.248,tmobile,0.0714,True
L,17,532,9.182,9.248,verizon,0.0714,True
L,17,532,9.182,9.248,sprint,0.0,False
L,17,537,9.287,9.353,att,0.0,False
L,17,537,9.287,9.353,tmobile,0.0,False
L,17,537,9.287,9.353,verizon,0.1429,True
L,17,537,9.287,9.353,sprint,0.0,False
L,17,542,9.391,9.457,att,0.0,False
L,17,542,9.391,9.457,tmobile,0.0,False
L,17,542,9.391,9.457,verizon,0.0714,True
L,17,542,9.391,9.457,sprint,0.0,False
L,17,547,9.495,9.561,att,0.0,False
L,17,547,9.495,9.561,tmobile,0.0,False
L,17,547,9.495,9.561,verizon,0.0,False
L,17,547,9.495,9.561,sprint,0.0,False
L,17,552,9.6,9.666,att,0.0,False
L,17,552,9.6,9.666,tmobile,0.0,False
L,17,552,9.6,9.666,verizon,0.0,False
L,17,552,9.6,9.666,sprint,0.0,False
L,17,557,9.704,9.77,att,0.0,False
L,17,557,9.704,9.77,tmobile,0.1429,True
L,17,557,9.704,9.77,verizon,0.0,False
L,17,557,9.704,9.77,sprint,0.0714,True
L,17,562,9.808,9.874,att,0.0,False
L,17,562,9.808,9.874,tmobile,0.1429,True
L,17,562,9.808,9.874,verizon,0.0714,True
L,17,562,9.808,9.874,sprint,0.1429,True
L,17,567,9.913,9.979,att,0.0714,True
L,17,567,9.913,9.979,tmobile,0.0714,True
L,17,567,9.913,9.979,verizon,0.0714,True
L,17,567,9.913,9.979,sprint,0.0,False
L,17,572,10.017,10.083,att,0.0,False
L,17,572,10.017,10.083,tmobile,0.0714,True
L,17,572,10.017,10.083,verizon,0.1429,True
L,17,572,10.017,10.083,sprint,0.0,False
L,17,577,10.121,10.187,att,0.0,False
L,17,577,10.121,10.187,tmobile,0.0714,True
L,17,577,10.121,10.187,verizon,0.0,False
L,17,577,10.121,10.187,sprint,0.0,False
N,18,44,0.0,-0.936,att,0.0,False
N,18,44,0.0,-0.936,tmobile,0.0,False
N,18,44,0.0,-0.936,verizon,0.0,False
N,18,44,0.0,-0.936,sprint,0.0,False
N,18,49,0.104,-0.831,att,0.0,False
N,18,49,0.104,-0.831,tmobile,0.0,False
N,18,49,0.104,-0.831,verizon,0.0,False
N,18,49,0.104,-0.831,sprint,0.04,True
N,18,54,0.209,-0.727,att,0.0,False
N,18,54,0.209,-0.727,tmobile,0.0,False
N,18,54,0.209,-0.727,verizon,0.0,False
N,18,54,0.209,-0.727,sprint,0.08,True
N,18,59,0.313,-0.623,att,0.0,False
N,18,59,0.313,-0.623,tmobile,0.0,False
N,18,59,0.313,-0.623,verizon,0.0,False
N,18,59,0.313,-0.623,sprint,0.0,False
N,18,64,0.417,-0.518,att,0.0,False
N,18,64,0.417,-0.518,tmobile,0.0,False
N,18,64,0.417,-0.518,verizon,0.0,False
N,18,64,0.417,-0.518,sprint,0.04,True
N,18,69,0.522,-0.414,att,0.0,False
N,18,69,0.522,-0.414,tmobile,0.0,False
N,18,69,0.522,-0.414,verizon,0.0,False
N,18,69,0.522,-0.414,sprint,0.0,False
N,18,74,0.626,-0.31,att,0.0,False
N,18,74,0.626,-0.31,tmobile,0.0,False
N,18,74,0.626,-0.31,verizon,0.0,False
N,18,74,0.626,-0.31,sprint,0.0,False
N,18,79,0.73,-0.205,att,0.0,False
N,18,79,0.73,-0.205,tmobile,0.0,False
N,18,79,0.73,-0.205,verizon,0.0,False
N,18,79,0.73,-0.205,sprint,0.0,False
N,18,84,0.835,-0.101,att,0.0,False
N,18,84,0.835,-0.101,tmobile,0.0,False
N,18,84,0.835,-0.101,verizon,0.0,False
N,18,84,0.835,-0.101,sprint,0.0,False
N,18,89,0.939,0.003,att,0.0,False
N,18,89,0.939,0.003,tmobile,0.0,False
N,18,89,0.939,0.003,verizon,0.0,False
N,18,89,0.939,0.003,sprint,0.0,False
N,18,94,1.043,0.108,att,0.0,False
N,18,94,1.043,0.108,tmobile,0.0,False
N,18,94,1.043,0.108,verizon,0.0,False
N,18,94,1.043,0.108,sprint,0.0,False
N,18,99,1.148,0.212,att,0.0,False
N,18,99,1.148,0.212,tmobile,0.08,True
N,18,99,1.148,0.212,verizon,0.12,True
N,18,99,1.148,0.212,sprint,0.0,False
N,18,104,1.252,0.316,att,0.0,False
N,18,104,1.252,0.316,tmobile,0.0,False
N,18,104,1.252,0.316,verizon,0.0,False
N,18,104,1.252,0.316,sprint,0.0,False
N,18,109,1.356,0.421,att,0.0,False
N,18,109,1.356,0.421,tmobile,0.12,True
N,18,109,1.356,0.421,verizon,0.16,True
N,18,109,1.356,0.421,sprint,0.0,False
N,18,114,1.461,0.525,att,0.0,False
N,18,114,1.461,0.525,tmobile,0.0,False
N,18,114,1.461,0.525,verizon,0.04,True
N,18,114,1.461,0.525,sprint,0.04,True
N,18,119,1.565,0.629,att,0.0,False
N,18,119,1.565,0.629,tmobile,0.0,False
N,18,119,1.565,0.629,verizon,0.0,False
N,18,119,1.565,0.629,sprint,0.0,False
N,18,124,1.67,0.734,att,0.04,True
N,18,124,1.67,0.734,tmobile,0.0,False
N,18,124,1.67,0.734,verizon,0.0,False
N,18,124,1.67,0.734,sprint,0.0,False
N,18,129,1.774,0.838,att,0.04,True
N,18,129,1.774,0.838,tmobile,0.0,False
N,18,129,1.774,0.838,verizon,0.16,True
N,18,129,1.774,0.838,sprint,0.0,False
N,18,134,1.878,0.942,att,0.0,False
N,18,134,1.878,0.942,tmobile,0.0,False
N,18,134,1.878,0.942,verizon,0.0,False
N,18,134,1.878,0.942,sprint,0.0,False
N,18,139,1.983,1.047,att,0.0,False
N,18,139,1.983,1.047,tmobile,0.0,False
N,18,139,1.983,1.047,verizon,0.0,False
N,18,139,1.983,1.047,sprint,0.0,False
N,18,144,2.087,1.151,att,0.0,False
N,18,144,2.087,1.151,tmobile,0.0,False
N,18,144,2.087,1.151,verizon,0.0,False
N,18,144,2.087,1.151,sprint,0.0,False
N,18,149,2.191,1.255,att,0.08,True
N,18,149,2.191,1.255,tmobile,0.08,True
N,18,149,2.191,1.255,verizon,0.0,False
N,18,149,2.191,1.255,sprint,0.0,False
N,18,154,2.296,1.36,att,0.04,True
N,18,154,2.296,1.36,tmobile,0.0,False
N,18,154,2.296,1.36,verizon,0.0,False
N,18,154,2.296,1.36,sprint,0.0,False
N,18,159,2.4,1.464,att,0.0,False
N,18,159,2.4,1.464,tmobile,0.0,False
N,18,159,2.4,1.464,verizon,0.04,True
N,18,159,2.4,1.464,sprint,0.0,False
N,18,164,2.504,1.569,att,0.04,True
N,18,164,2.504,1.569,tmobile,0.04,True
N,18,164,2.504,1.569,verizon,0.0,False
N,18,164,2.504,1.569,sprint,0.0,False
N,18,169,2.609,1.673,att,0.04,True
N,18,169,2.609,1.673,tmobile,0.04,True
N,18,169,2.609,1.673,verizon,0.04,True
N,18,169,2.609,1.673,sprint,0.0,False
N,18,174,2.713,1.777,att,0.0,False
N,18,174,2.713,1.777,tmobile,0.0,False
N,18,174,2.713,1.777,verizon,0.0,False
N,18,174,2.713,1.777,sprint,0.0,False
N,18,179,2.817,1.882,att,0.04,True
N,18,179,2.817,1.882,tmobile,0.0,False
N,18,179,2.817,1.882,verizon,0.0,False
N,18,179,2.817,1.882,sprint,0.0,False
N,18,184,2.922,1.986,att,0.0,False
N,18,184,2.922,1.986,tmobile,0.0,False
N,18,184,2.922,1.986,verizon,0.04,True
N,18,184,2.922,1.986,sprint,0.04,True
N,18,189,3.026,2.09,att,0.0,False
N,18,189,3.026,2.09,tmobile,0.04,True
N,18,189,3.026,2.09,verizon,0.0,False
N,18,189,3.026,2.09,sprint,0.0,False
N,18,194,3.13,2.195,att,0.0,False
N,18,194,3.13,2.195,tmobile,0.08,True
N,18,194,3.13,2.195,verizon,0.12,True
N,18,194,3.13,2.195,sprint,0.0,False
N,18,199,3.235,2.299,att,0.0,False
N,18,199,3.235,2.299,tmobile,0.04,True
N,18,199,3.235,2.299,verizon,0.0,False
N,18,199,3.235,2.299,sprint,0.0,False
N,18,204,3.339,2.403,att,0.0,False
N,18,204,3.339,2.403,tmobile,0.0,False
N,18,204,3.339,2.403,verizon,0.04,True
N,18,204,3.339,2.403,sprint,0.0,False
N,18,209,3.443,2.508,att,0.0,False
N,18,209,3.443,2.508,tmobile,0.0,False
N,18,209,3.443,2.508,verizon,0.0,False
N,18,209,3.443,2.508,sprint,0.0,False
N,18,214,3.548,2.612,att,0.0,False
N,18,214,3.548,2.612,tmobile,0.0,False
N,18,214,3.548,2.612,verizon,0.0,False
N,18,214,3.548,2.612,sprint,0.0,False
N,18,219,3.652,2.716,att,0.0,False
N,18,219,3.652,2.716,tmobile,0.0,False
N,18,219,3.652,2.716,verizon,0.0,False
N,18,219,3.652,2.716,sprint,0.04,True
N,18,224,3.756,2.821,att,0.0,False
N,18,224,3.756,2.821,tmobile,0.0,False
N,18,224,3.756,2.821,verizon,0.04,True
N,18,224,3.756,2.821,sprint,0.0,False
N,18,229,3.861,2.925,att,0.0,False
N,18,229,3.861,2.925,tmobile,0.0,False
N,18,229,3.861,2.925,verizon,0.0,False
N,18,229,3.861,2.925,sprint,0.0,False
N,18,234,3.965,3.029,att,0.0,False
N,18,234,3.965,3.029,tmobile,0.08,True
N,18,234,3.965,3.029,verizon,0.12,True
N,18,234,3.965,3.029,sprint,0.0,False
N,18,239,4.069,3.134,att,0.0,False
N,18,239,4.069,3.134,tmobile,0.0,False
N,18,239,4.069,3.134,verizon,0.04,True
N,18,239,4.069,3.134,sprint,0.04,True
N,18,244,4.174,3.238,att,0.0,False
N,18,244,4.174,3.238,tmobile,0.0,False
N,18,244,4.174,3.238,verizon,0.0,False
N,18,244,4.174,3.238,sprint,0.0,False
N,18,249,4.278,3.342,att,0.0,False
N,18,249,4.278,3.342,tmobile,0.0,False
N,18,249,4.278,3.342,verizon,0.0,False
N,18,249,4.278,3.342,sprint,0.0,False
N,18,254,4.382,3.447,att,0.0,False
N,18,254,4.382,3.447,tmobile,0.0,False
N,18,254,4.382,3.447,verizon,0.0,False
N,18,254,4.382,3.447,sprint,0.0,False
N,18,259,4.487,3.551,att,0.0,False
N,18,259,4.487,3.551,tmobile,0.0,False
N,18,259,4.487,3.551,verizon,0.0,False
N,18,259,4.487,3.551,sprint,0.0,False
N,18,264,4.591,3.655,att,0.0,False
N,18,264,4.591,3.655,tmobile,0.0,False
N,18,264,4.591,3.655,verizon,0.0,False
N,18,264,4.591,3.655,sprint,0.0,False
N,18,269,4.695,3.76,att,0.0,False
N,18,269,4.695,3.76,tmobile,0.0,False
N,18,269,4.695,3.76,verizon,0.0,False
N,18,269,4.695,3.76,sprint,0.0,False
N,18,274,4.8,3.864,att,0.0,False
N,18,274,4.8,3.864,tmobile,0.0,False
N,18,274,4.8,3.864,verizon,0.0,False
N,18,274,4.8,3.864,sprint,0.0,False
N,18,279,4.904,3.968,att,0.0,False
N,18,279,4.904,3.968,tmobile,0.0,False
N,18,279,4.904,3.968,verizon,0.0,False
N,18,279,4.904,3.968,sprint,0.0,False
N,18,284,5.009,4.073,att,0.0,False
N,18,284,5.009,4.073,tmobile,0.0,False
N,18,284,5.009,4.073,verizon,0.0,False
N,18,284,5.009,4.073,sprint,0.0,False
N,18,289,5.113,4.177,att,0.0,False
N,18,289,5.113,4.177,tmobile,0.0,False
N,18,289,5.113,4.177,verizon,0.0,False
N,18,289,5.113,4.177,sprint,0.0,False
N,18,294,5.217,4.281,att,0.0,False
N,18,294,5.217,4.281,tmobile,0.0,False
N,18,294,5.217,4.281,verizon,0.0,False
N,18,294,5.217,4.281,sprint,0.0,False
N,18,299,5.322,4.386,att,0.0,False
N,18,299,5.322,4.386,tmobile,0.0,False
N,18,299,5.322,4.386,verizon,0.0,False
N,18,299,5.322,4.386,sprint,0.0,False
N,18,304,5.426,4.49,att,0.0,False
N,18,304,5.426,4.49,tmobile,0.0,False
N,18,304,5.426,4.49,verizon,0.04,True
N,18,304,5.426,4.49,sprint,0.0,False
N,18,309,5.53,4.594,att,0.0,False
N,18,309,5.53,4.594,tmobile,0.16,True
N,18,309,5.53,4.594,verizon,0.08,True
N,18,309,5.53,4.594,sprint,0.0,False
N,18,314,5.635,4.699,att,0.0,False
N,18,314,5.635,4.699,tmobile,0.0,False
N,18,314,5.635,4.699,verizon,0.0,False
N,18,314,5.635,4.699,sprint,0.0,False
N,18,319,5.739,4.803,att,0.0,False
N,18,319,5.739,4.803,tmobile,0.0,False
N,18,319,5.739,4.803,verizon,0.0,False
N,18,319,5.739,4.803,sprint,0.0,False
N,18,324,5.843,4.908,att,0.0,False
N,18,324,5.843,4.908,tmobile,0.0,False
N,18,324,5.843,4.908,verizon,0.04,True
N,18,324,5.843,4.908,sprint,0.04,True
N,18,329,5.948,5.012,att,0.0,False
N,18,329,5.948,5.012,tmobile,0.16,True
N,18,329,5.948,5.012,verizon,0.04,True
N,18,329,5.948,5.012,sprint,0.0,False
N,18,334,6.052,5.116,att,0.0,False
N,18,334,6.052,5.116,tmobile,0.0,False
N,18,334,6.052,5.116,verizon,0.16,True
N,18,334,6.052,5.116,sprint,0.0,False
N,18,339,6.156,5.221,att,0.0,False
N,18,339,6.156,5.221,tmobile,0.0,False
N,18,339,6.156,5.221,verizon,0.08,True
N,18,339,6.156,5.221,sprint,0.0,False
N,18,344,6.261,5.325,att,0.0,False
N,18,344,6.261,5.325,tmobile,0.08,True
N,18,344,6.261,5.325,verizon,0.04,True
N,18,344,6.261,5.325,sprint,0.0,False
N,18,349,6.365,5.429,att,0.0,False
N,18,349,6.365,5.429,tmobile,0.0,False
N,18,349,6.365,5.429,verizon,0.0,False
N,18,349,6.365,5.429,sprint,0.08,True
N,18,354,6.469,5.534,att,0.0,False
N,18,354,6.469,5.534,tmobile,0.0,False
N,18,354,6.469,5.534,verizon,0.0,False
N,18,354,6.469,5.534,sprint,0.0,False
N,18,359,6.574,5.638,att,0.0,False
N,18,359,6.574,5.638,tmobile,0.0,False
N,18,359,6.574,5.638,verizon,0.04,True
N,18,359,6.574,5.638,sprint,0.08,True
N,18,364,6.678,5.742,att,0.0,False
N,18,364,6.678,5.742,tmobile,0.0,False
N,18,364,6.678,5.742,verizon,0.08,True
N,18,364,6.678,5.742,sprint,0.0,False
N,18,369,6.782,5.847,att,0.0,False
N,18,369,6.782,5.847,tmobile,0.0,False
N,18,369,6.782,5.847,verizon,0.0,False
N,18,369,6.782,5.847,sprint,0.0,False
N,18,374,6.887,5.951,att,0.0,False
N,18,374,6.887,5.951,tmobile,0.0,False
N,18,374,6.887,5.951,verizon,0.08,True
N,18,374,6.887,5.951,sprint,0.0,False
N,18,379,6.991,6.055,att,0.0,False
N,18,379,6.991,6.055,tmobile,0.0,False
N,18,379,6.991,6.055,verizon,0.04,True
N,18,379,6.991,6.055,sprint,0.0,False
N,18,384,7.095,6.16,att,0.0,False
N,18,384,7.095,6.16,tmobile,0.0,False
N,18,384,7.095,6.16,verizon,0.04,True
N,18,384,7.095,6.16,sprint,0.08,True
N,18,389,7.2,6.264,att,0.0,False
N,18,389,7.2,6.264,tmobile,0.0,False
N,18,389,7.2,6.264,verizon,0.04,True
N,18,389,7.2,6.264,sprint,0.36,True
N,18,394,7.304,6.368,att,0.0,False
N,18,394,7.304,6.368,tmobile,0.2,True
N,18,394,7.304,6.368,verizon,0.0,False
N,18,394,7.304,6.368,sprint,0.0,False
N,18,399,7.408,6.473,att,0.0,False
N,18,399,7.408,6.473,tmobile,0.04,True
N,18,399,7.408,6.473,verizon,0.04,True
N,18,399,7.408,6.473,sprint,0.04,True
N,18,404,7.513,6.577,att,0.0,False
N,18,404,7.513,6.577,tmobile,0.0,False
N,18,404,7.513,6.577,verizon,0.04,True
N,18,404,7.513,6.577,sprint,0.0,False
N,18,409,7.617,6.681,att,0.0,False
N,18,409,7.617,6.681,tmobile,0.0,False
N,18,409,7.617,6.681,verizon,0.0,False
N,18,409,7.617,6.681,sprint,0.2,True
N,18,414,7.721,6.786,att,0.04,True
N,18,414,7.721,6.786,tmobile,0.0,False
N,18,414,7.721,6.786,verizon,0.0,False
N,18,414,7.721,6.786,sprint,0.0,False
N,18,419,7.826,6.89,att,0.0,False
N,18,419,7.826,6.89,tmobile,0.0,False
N,18,419,7.826,6.89,verizon,0.04,True
N,18,419,7.826,6.89,sprint,0.0,False
N,18,424,7.93,6.994,att,0.0,False
N,18,424,7.93,6.994,tmobile,0.0,False
N,18,424,7.93,6.994,verizon,0.0,False
N,18,424,7.93,6.994,sprint,0.0,False
N,18,429,8.035,7.099,att,0.0,False
N,18,429,8.035,7.099,tmobile,0.0,False
N,18,429,8.035,7.099,verizon,0.04,True
N,18,429,8.035,7.099,sprint,0.0,False
N,18,434,8.139,7.203,att,0.0,False
N,18,434,8.139,7.203,tmobile,0.0,False
N,18,434,8.139,7.203,verizon,0.0,False
N,18,434,8.139,7.203,sprint,0.0,False
N,18,439,8.243,7.307,att,0.0,False
N,18,439,8.243,7.307,tmobile,0.0,False
N,18,439,8.243,7.307,verizon,0.0,False
N,18,439,8.243,7.307,sprint,0.0,False
N,18,444,8.348,7.412,att,0.0,False
N,18,444,8.348,7.412,tmobile,0.0,False
N,18,444,8.348,7.412,verizon,0.0,False
N,18,444,8.348,7.412,sprint,0.0,False
N,18,449,8.452,7.516,att,0.0,False
N,18,449,8.452,7.516,tmobile,0.04,True
N,18,449,8.452,7.516,verizon,0.04,True
N,18,449,8.452,7.516,sprint,0.0,False
N,18,454,8.556,7.62,att,0.0,False
N,18,454,8.556,7.62,tmobile,0.0,False
N,18,454,8.556,7.62,verizon,0.0,False
N,18,454,8.556,7.62,sprint,0.12,True
N,18,459,8.661,7.725,att,0.0,False
N,18,459,8.661,7.725,tmobile,0.0,False
N,18,459,8.661,7.725,verizon,0.0,False
N,18,459,8.661,7.725,sprint,0.12,True
N,18,464,8.765,7.829,att,0.0,False
N,18,464,8.765,7.829,tmobile,0.0,False
N,18,464,8.765,7.829,verizon,0.0,False
N,18,464,8.765,7.829,sprint,0.0,False
N,18,469,8.869,7.933,att,0.0,False
N,18,469,8.869,7.933,tmobile,0.0,False
N,18,469,8.869,7.933,verizon,0.0,False
N,18,469,8.869,7.933,sprint,0.0,False
N,18,474,8.974,8.038,att,0.0,False
N,18,474,8.974,8.038,tmobile,0.0,False
N,18,474,8.974,8.038,verizon,0.08,True
N,18,474,8.974,8.038,sprint,0.0,False
N,18,479,9.078,8.142,att,0.0,False
N,18,479,9.078,8.142,tmobile,0.0,False
N,18,479,9.078,8.142,verizon,0.32,True
N,18,479,9.078,8.142,sprint,0.0,False
N,18,484,9.182,8.247,att,0.0,False
N,18,484,9.182,8.247,tmobile,0.0,False
N,18,484,9.182,8.247,verizon,0.16,True
N,18,484,9.182,8.247,sprint,0.0,False
N,18,489,9.287,8.351,att,0.0,False
N,18,489,9.287,8.351,tmobile,0.0,False
N,18,489,9.287,8.351,verizon,0.0,False
N,18,489,9.287,8.351,sprint,0.0,False
N,18,494,9.391,8.455,att,0.0,False
N,18,494,9.391,8.455,tmobile,0.0,False
N,18,494,9.391,8.455,verizon,0.0,False
N,18,494,9.391,8.455,sprint,0.0,False
N,18,499,9.495,8.56,att,0.04,True
N,18,499,9.495,8.56,tmobile,0.0,False
N,18,499,9.495,8.56,verizon,0.0,False
N,18,499,9.495,8.56,sprint,0.0,False
N,18,504,9.6,8.664,att,0.04,True
N,18,504,9.6,8.664,tmobile,0.0,False
N,18,504,9.6,8.664,verizon,0.0,False
N,18,504,9.6,8.664,sprint,0.08,True
N,18,509,9.704,8.768,att,0.0,False
N,18,509,9.704,8.768,tmobile,0.04,True
N,18,509,9.704,8.768,verizon,0.0,False
N,18,509,9.704,8.768,sprint,0.0,False
N,18,514,9.808,8.873,att,0.04,True
N,18,514,9.808,8.873,tmobile,0.0,False
N,18,514,9.808,8.873,verizon,0.0,False
N,18,514,9.808,8.873,sprint,0.04,True
N,18,519,9.913,8.977,att,0.0,False
N,18,519,9.913,8.977,tmobile,0.16,True
N,18,519,9.913,8.977,verizon,0.04,True
N,18,519,9.913,8.977,sprint,0.0,False
N,18,524,10.017,9.081,att,0.0,False
N,18,524,10.017,9.081,tmobile,0.0,False
N,18,524,10.017,9.081,verizon,0.04,True
N,18,524,10.017,9.081,sprint,0.0,False
N,18,529,10.121,9.186,att,0.04,True
N,18,529,10.121,9.186,tmobile,0.04,True
N,18,529,10.121,9.186,verizon,0.16,True
N,18,529,10.121,9.186,sprint,0.0,False
N,18,534,10.226,9.29,att,0.0,False
N,18,534,10.226,9.29,tmobile,0.04,True
N,18,534,10.226,9.29,verizon,0.04,True
N,18,534,10.226,9.29,sprint,0.04,True
N,18,539,10.33,9.394,att,0.04,True
N,18,539,10.33,9.394,tmobile,0.0,False
N,18,539,10.33,9.394,verizon,0.0,False
N,18,539,10.33,9.394,sprint,0.0,False
N,18,544,10.434,9.499,att,0.0,False
N,18,544,10.434,9.499,tmobile,0.0,False
N,18,544,10.434,9.499,verizon,0.04,True
N,18,544,10.434,9.499,sprint,0.0,False
N,18,549,10.539,9.603,att,0.04,True
N,18,549,10.539,9.603,tmobile,0.0,False
N,18,549,10.539,9.603,verizon,0.04,True
N,18,549,10.539,9.603,sprint,0.0,False
N,18,554,10.643,9.707,att,0.0,False
N,18,554,10.643,9.707,tmobile,0.0,False
N,18,554,10.643,9.707,verizon,0.04,True
N,18,554,10.643,9.707,sprint,0.0,False
N,18,559,10.747,9.812,att,0.0,False
N,18,559,10.747,9.812,tmobile,0.12,True
N,18,559,10.747,9.812,verizon,0.08,True
N,18,559,10.747,9.812,sprint,0.0,False
N,18,564,10.852,9.916,att,0.0,False
N,18,564,10.852,9.916,tmobile,0.0,False
N,18,564,10.852,9.916,verizon,0.12,True
N,18,564,10.852,9.916,sprint,0.0,False
N,18,569,10.956,10.02,att,0.0,False
N,18,569,10.956,10.02,tmobile,0.0,False
N,18,569,10.956,10.02,verizon,0.0,False
N,18,569,10.956,10.02,sprint,0.04,True
N,18,574,11.06,10.125,att,0.0,False
N,18,574,11.06,10.125,tmobile,0.0,False
N,18,574,11.06,10.125,verizon,0.0,False
N,18,574,11.06,10.125,sprint,0.0,False
N,18,579,11.165,10.229,att,0.0,False
N,18,579,11.165,10.229,tmobile,0.0,False
N,18,579,11.165,10.229,verizon,0.0,False
N,18,579,11.165,10.229,sprint,0.0,False
N,18,584,11.269,10.333,att,0.0,False
N,18,584,11.269,10.333,tmobile,0.0,False
N,18,584,11.269,10.333,verizon,0.0,False
N,18,584,11.269,10.333,sprint,0.0,False
N,18,589,11.374,10.438,att,0.0,False
N,18,589,11.374,10.438,tmobile,0.0,False
N,18,589,11.374,10.438,verizon,0.0,False
N,18,589,11.374,10.438,sprint,0.0,False
N,18,594,11.478,10.542,att,0.0,False
N,18,594,11.478,10.542,tmobile,0.0,False
N,18,594,11.478,10.542,verizon,0.0,False
N,18,594,11.478,10.542,sprint,0.0,False
N,18,599,11.582,10.646,att,0.0,False
N,18,599,11.582,10.646,tmobile,0.0,False
N,18,599,11.582,10.646,verizon,0.08,True
N,18,599,11.582,10.646,sprint,0.16,True
N,18,604,11.687,10.751,att,0.0,False
N,18,604,11.687,10.751,tmobile,0.0,False
N,18,604,11.687,10.751,verizon,0.0,False
N,18,604,11.687,10.751,sprint,0.0,False
N,18,609,11.791,10.855,att,0.0,False
N,18,609,11.791,10.855,tmobile,0.0,False
N,18,609,11.791,10.855,verizon,0.0,False
N,18,609,11.791,10.855,sprint,0.0,False
N,18,614,11.895,10.959,att,0.0,False
N,18,614,11.895,10.959,tmobile,0.0,False
N,18,614,11.895,10.959,verizon,0.0,False
N,18,614,11.895,10.959,sprint,0.0,False
N,18,619,12.0,11.064,att,0.0,False
N,18,619,12.0,11.064,tmobile,0.0,False
N,18,619,12.0,11.064,verizon,0.0,False
N,18,619,12.0,11.064,sprint,0.0,False
N,18,624,12.104,11.168,att,0.0,False
N,18,624,12.104,11.168,tmobile,0.0,False
N,18,624,12.104,11.168,verizon,0.0,False
N,18,624,12.104,11.168,sprint,0.0,False
N,18,629,12.208,11.273,att,0.0,False
N,18,629,12.208,11.273,tmobile,0.0,False
N,18,629,12.208,11.273,verizon,0.0,False
N,18,629,12.208,11.273,sprint,0.0,False
N,18,634,12.313,11.377,att,0.0,False
N,18,634,12.313,11.377,tmobile,0.0,False
N,18,634,12.313,11.377,verizon,0.0,False
N,18,634,12.313,11.377,sprint,0.0,False
N,18,639,12.417,11.481,att,0.0,False
N,18,639,12.417,11.481,tmobile,0.0,False
N,18,639,12.417,11.481,verizon,0.0,False
N,18,639,12.417,11.481,sprint,0.0,False
N,18,644,12.521,11.586,att,0.0,False
N,18,644,12.521,11.586,tmobile,0.0,False
N,18,644,12.521,11.586,verizon,0.0,False
N,18,644,12.521,11.586,sprint,0.0,False
N,18,649,12.626,11.69,att,0.0,False
N,18,649,12.626,11.69,tmobile,0.0,False
N,18,649,12.626,11.69,verizon,0.0,False
N,18,649,12.626,11.69,sprint,0.0,False
N,18,654,12.73,11.794,att,0.0,False
N,18,654,12.73,11.794,tmobile,0.0,False
N,18,654,12.73,11.794,verizon,0.0,False
N,18,654,12.73,11.794,sprint,0.0,False
N,18,659,12.834,11.899,att,0.0,False
N,18,659,12.834,11.899,tmobile,0.0,False
N,18,659,12.834,11.899,verizon,0.0,False
N,18,659,12.834,11.899,sprint,0.0,False
N,18,664,12.939,12.003,att,0.0,False
N,18,664,12.939,12.003,tmobile,0.0,False
N,18,664,12.939,12.003,verizon,0.0,False
N,18,664,12.939,12.003,sprint,0.0,False
N,18,669,13.043,12.107,att,0.0,False
N,18,669,13.043,12.107,tmobile,0.0,False
N,18,669,13.043,12.107,verizon,0.0,False
N,18,669,13.043,12.107,sprint,0.0,False
N,18,674,13.147,12.212,att,0.0,False
N,18,674,13.147,12.212,tmobile,0.0,False
N,18,674,13.147,12.212,verizon,0.0,False
N,18,674,13.147,12.212,sprint,0.0,False
N,18,679,13.252,12.316,att,0.0,False
N,18,679,13.252,12.316,tmobile,0.0,False
N,18,679,13.252,12.316,verizon,0.0,False
N,18,679,13.252,12.316,sprint,0.0,False
N,18,684,13.356,12.42,att,0.0,False
N,18,684,13.356,12.42,tmobile,0.0,False
N,18,684,13.356,12.42,verizon,0.0,False
N,18,684,13.356,12.42,sprint,0.0,False
N,18,689,13.46,12.525,att,0.0,False
N,18,689,13.46,12.525,tmobile,0.0,False
N,18,689,13.46,12.525,verizon,0.0,False
N,18,689,13.46,12.525,sprint,0.0,False
N,18,694,13.565,12.629,att,0.0,False
N,18,694,13.565,12.629,tmobile,0.0,False
N,18,694,13.565,12.629,verizon,0.0,False
N,18,694,13.565,12.629,sprint,0.0,False
N,18,699,13.669,12.733,att,0.0,False
N,18,699,13.669,12.733,tmobile,0.0,False
N,18,699,13.669,12.733,verizon,0.0,False
N,18,699,13.669,12.733,sprint,0.0,False
N,18,704,13.773,12.838,att,0.0,False
N,18,704,13.773,12.838,tmobile,0.0,False
N,18,704,13.773,12.838,verizon,0.0,False
N,18,704,13.773,12.838,sprint,0.0,False
N,18,709,13.878,12.942,att,0.0,False
N,18,709,13.878,12.942,tmobile,0.0,False
N,18,709,13.878,12.942,verizon,0.0,False
N,18,709,13.878,12.942,sprint,0.0,False
N,18,714,13.982,13.046,att,0.0,False
N,18,714,13.982,13.046,tmobile,0.0,False
N,18,714,13.982,13.046,verizon,0.0,False
N,18,714,13.982,13.046,sprint,0.0,False
N,18,719,14.086,13.151,att,0.0,False
N,18,719,14.086,13.151,tmobile,0.0,False
N,18,719,14.086,13.151,verizon,0.0,False
N,18,719,14.086,13.151,sprint,0.0,False
N,18,724,14.191,13.255,att,0.0,False
N,18,724,14.191,13.255,tmobile,0.0,False
N,18,724,14.191,13.255,verizon,0.0,False
N,18,724,14.191,13.255,sprint,0.0,False
N,18,729,14.295,13.359,att,0.0,False
N,18,729,14.295,13.359,tmobile,0.0,False
N,18,729,14.295,13.359,verizon,0.0,False
N,18,729,14.295,13.359,sprint,0.0,False
N,18,734,14.399,13.464,att,0.0,False
N,18,734,14.399,13.464,tmobile,0.0,False
N,18,734,14.399,13.464,verizon,0.0,False
N,18,734,14.399,13.464,sprint,0.0,False
N,18,739,14.504,13.568,att,0.0,False
N,18,739,14.504,13.568,tmobile,0.0,False
N,18,739,14.504,13.568,verizon,0.0,False
N,18,739,14.504,13.568,sprint,0.0,False
N,18,744,14.608,13.672,att,0.0,False
N,18,744,14.608,13.672,tmobile,0.0,False
N,18,744,14.608,13.672,verizon,0.0,False
N,18,744,14.608,13.672,sprint,0.0,False
N,18,749,14.713,13.777,att,0.0,False
N,18,749,14.713,13.777,tmobile,0.0,False
N,18,749,14.713,13.777,verizon,0.0,False
N,18,749,14.713,13.777,sprint,0.0,False
N,18,754,14.817,13.881,att,0.0,False
N,18,754,14.817,13.881,tmobile,0.0,False
N,18,754,14.817,13.881,verizon,0.0,False
N,18,754,14.817,13.881,sprint,0.0,False
N,18,759,14.921,13.985,att,0.0,False
N,18,759,14.921,13.985,tmobile,0.0,False
N,18,759,14.921,13.985,verizon,0.0,False
N,18,759,14.921,13.985,sprint,0.0,False
N,18,764,15.026,14.09,att,0.0,False
N,18,764,15.026,14.09,tmobile,0.0,False
N,18,764,15.026,14.09,verizon,0.0,False
N,18,764,15.026,14.09,sprint,0.0,False
N,18,769,15.13,14.194,att,0.0,False
N,18,769,15.13,14.194,tmobile,0.0,False
N,18,769,15.13,14.194,verizon,0.0,False
N,18,769,15.13,14.194,sprint,0.0,False
N,18,774,15.234,14.298,att,0.0,False
N,18,774,15.234,14.298,tmobile,0.0,False
N,18,774,15.234,14.298,verizon,0.0,False
N,18,774,15.234,14.298,sprint,0.0,False
N,18,779,15.339,14.403,att,0.0,False
N,18,779,15.339,14.403,tmobile,0.0,False
N,18,779,15.339,14.403,verizon,0.0,False
N,18,779,15.339,14.403,sprint,0.0,False
N,18,784,15.443,14.507,att,0.0,False
N,18,784,15.443,14.507,tmobile,0.0,False
N,18,784,15.443,14.507,verizon,0.0,False
N,18,784,15.443,14.507,sprint,0.0,False
N,18,789,15.547,14.612,att,0.0,False
N,18,789,15.547,14.612,tmobile,0.0,False
N,18,789,15.547,14.612,verizon,0.0,False
N,18,789,15.547,14.612,sprint,0.0,False
N,18,794,15.652,14.716,att,0.0,False
N,18,794,15.652,14.716,tmobile,0.0,False
N,18,794,15.652,14.716,verizon,0.0,False
N,18,794,15.652,14.716,sprint,0.0,False
N,18,799,15.756,14.82,att,0.0,False
N,18,799,15.756,14.82,tmobile,0.0,False
N,18,799,15.756,14.82,verizon,0.0,False
N,18,799,15.756,14.82,sprint,0.04,True
N,18,804,15.86,14.925,att,0.0,False
N,18,804,15.86,14.925,tmobile,0.0,False
N,18,804,15.86,14.925,verizon,0.0,False
N,18,804,15.86,14.925,sprint,0.0,False
N,18,809,15.965,15.029,att,0.0,False
N,18,809,15.965,15.029,tmobile,0.0,False
N,18,809,15.965,15.029,verizon,0.0,False
N,18,809,15.965,15.029,sprint,0.0,False
N,18,814,16.069,15.133,att,0.0,False
N,18,814,16.069,15.133,tmobile,0.0,False
N,18,814,16.069,15.133,verizon,0.0,False
N,18,814,16.069,15.133,sprint,0.0,False
N,18,819,16.173,15.238,att,0.0,False
N,18,819,16.173,15.238,tmobile,0.0,False
N,18,819,16.173,15.238,verizon,0.0,False
N,18,819,16.173,15.238,sprint,0.0,False
N,18,824,16.278,15.342,att,0.0,False
N,18,824,16.278,15.342,tmobile,0.0,False
N,18,824,16.278,15.342,verizon,0.2,True
N,18,824,16.278,15.342,sprint,0.0,False
N,18,829,16.382,15.446,att,0.0,False
N,18,829,16.382,15.446,tmobile,0.0,False
N,18,829,16.382,15.446,verizon,0.0,False
N,18,829,16.382,15.446,sprint,0.0,False
N,18,834,16.486,15.551,att,0.0,False
N,18,834,16.486,15.551,tmobile,0.0,False
N,18,834,16.486,15.551,verizon,0.08,True
N,18,834,16.486,15.551,sprint,0.0,False
N,18,839,16.591,15.655,att,0.0,False
N,18,839,16.591,15.655,tmobile,0.0,False
N,18,839,16.591,15.655,verizon,0.0,False
N,18,839,16.591,15.655,sprint,0.04,True
N,18,844,16.695,15.759,att,0.0,False
N,18,844,16.695,15.759,tmobile,0.04,True
N,18,844,16.695,15.759,verizon,0.04,True
N,18,844,16.695,15.759,sprint,0.0,False
N,18,849,16.799,15.864,att,0.04,True
N,18,849,16.799,15.864,tmobile,0.04,True
N,18,849,16.799,15.864,verizon,0.04,True
N,18,849,16.799,15.864,sprint,0.0,False
N,18,854,16.904,15.968,att,0.0,False
N,18,854,16.904,15.968,tmobile,0.0,False
N,18,854,16.904,15.968,verizon,0.04,True
N,18,854,16.904,15.968,sprint,0.0,False
N,18,859,17.008,16.072,att,0.0,False
N,18,859,17.008,16.072,tmobile,0.0,False
N,18,859,17.008,16.072,verizon,0.0,False
N,18,859,17.008,16.072,sprint,0.0,False
N,18,864,17.112,16.177,att,0.0,False
N,18,864,17.112,16.177,tmobile,0.0,False
N,18,864,17.112,16.177,verizon,0.0,False
N,18,864,17.112,16.177,sprint,0.0,False
N,18,869,17.217,16.281,att,0.0,False
N,18,869,17.217,16.281,tmobile,0.0,False
N,18,869,17.217,16.281,verizon,0.0,False
N,18,869,17.217,16.281,sprint,0.0,False
N,18,874,17.321,16.385,att,0.0,False
N,18,874,17.321,16.385,tmobile,0.0,False
N,18,874,17.321,16.385,verizon,0.0,False
N,18,874,17.321,16.385,sprint,0.0,False
N,18,879,17.425,16.49,att,0.04,True
N,18,879,17.425,16.49,tmobile,0.0,False
N,18,879,17.425,16.49,verizon,0.0,False
N,18,879,17.425,16.49,sprint,0.0,False
N,18,884,17.53,16.594,att,0.08,True
N,18,884,17.53,16.594,tmobile,0.0,False
N,18,884,17.53,16.594,verizon,0.0,False
N,18,884,17.53,16.594,sprint,0.04,True
N,18,889,17.634,16.698,att,0.0,False
N,18,889,17.634,16.698,tmobile,0.08,True
N,18,889,17.634,16.698,verizon,0.04,True
N,18,889,17.634,16.698,sprint,0.0,False
N,18,894,17.739,16.803,att,0.0,False
N,18,894,17.739,16.803,tmobile,0.04,True
N,18,894,17.739,16.803,verizon,0.0,False
N,18,894,17.739,16.803,sprint,0.0,False
N,18,899,17.843,16.907,att,0.0,False
N,18,899,17.843,16.907,tmobile,0.0,False
N,18,899,17.843,16.907,verizon,0.0,False
N,18,899,17.843,16.907,sprint,0.0,False
N,18,904,17.947,17.011,att,0.0,False
N,18,904,17.947,17.011,tmobile,0.0,False
N,18,904,17.947,17.011,verizon,0.0,False
N,18,904,17.947,17.011,sprint,0.0,False
N,18,909,18.052,17.116,att,0.0,False
N,18,909,18.052,17.116,tmobile,0.04,True
N,18,909,18.052,17.116,verizon,0.04,True
N,18,909,18.052,17.116,sprint,0.0,False
N,18,914,18.156,17.22,att,0.04,True
N,18,914,18.156,17.22,tmobile,0.0,False
N,18,914,18.156,17.22,verizon,0.0,False
N,18,914,18.156,17.22,sprint,0.0,False
N,18,919,18.26,17.324,att,0.0,False
N,18,919,18.26,17.324,tmobile,0.0,False
N,18,919,18.26,17.324,verizon,0.04,True
N,18,919,18.26,17.324,sprint,0.0,False
N,18,924,18.365,17.429,att,0.0,False
N,18,924,18.365,17.429,tmobile,0.04,True
N,18,924,18.365,17.429,verizon,0.04,True
N,18,924,18.365,17.429,sprint,0.04,True
N,18,929,18.469,17.533,att,0.0,False
N,18,929,18.469,17.533,tmobile,0.08,True
N,18,929,18.469,17.533,verizon,0.12,True
N,18,929,18.469,17.533,sprint,0.0,False
N,18,934,18.573,17.638,att,0.04,True
N,18,934,18.573,17.638,tmobile,0.0,False
N,18,934,18.573,17.638,verizon,0.04,True
N,18,934,18.573,17.638,sprint,0.0,False
N,18,939,18.678,17.742,att,0.12,True
N,18,939,18.678,17.742,tmobile,0.04,True
N,18,939,18.678,17.742,verizon,0.08,True
N,18,939,18.678,17.742,sprint,0.0,False
N,18,944,18.782,17.846,att,0.0,False
N,18,944,18.782,17.846,tmobile,0.16,True
N,18,944,18.782,17.846,verizon,0.2,True
N,18,944,18.782,17.846,sprint,0.0,False
N,18,949,18.886,17.951,att,0.08,True
N,18,949,18.886,17.951,tmobile,0.0,False
N,18,949,18.886,17.951,verizon,0.04,True
N,18,949,18.886,17.951,sprint,0.0,False
N,18,954,18.991,18.055,att,0.0,False
N,18,954,18.991,18.055,tmobile,0.0,False
N,18,954,18.991,18.055,verizon,0.0,False
N,18,954,18.991,18.055,sprint,0.0,False
N,18,959,19.095,18.159,att,0.0,False
N,18,959,19.095,18.159,tmobile,0.04,True
N,18,959,19.095,18.159,verizon,0.04,True
N,18,959,19.095,18.159,sprint,0.0,False
N,18,964,19.199,18.264,att,0.0,False
N,18,964,19.199,18.264,tmobile,0.04,True
N,18,964,19.199,18.264,verizon,0.04,True
N,18,964,19.199,18.264,sprint,0.0,False
N,18,969,19.304,18.368,att,0.0,False
N,18,969,19.304,18.368,tmobile,0.04,True
N,18,969,19.304,18.368,verizon,0.04,True
N,18,969,19.304,18.368,sprint,0.0,False
N,18,974,19.408,18.472,att,0.0,False
N,18,974,19.408,18.472,tmobile,0.0,False
N,18,974,19.408,18.472,verizon,0.0,False
N,18,974,19.408,18.472,sprint,0.0,False
N,18,979,19.512,18.577,att,0.04,True
N,18,979,19.512,18.577,tmobile,0.04,True
N,18,979,19.512,18.577,verizon,0.04,True
N,18,979,19.512,18.577,sprint,0.04,True
N,18,984,19.617,18.681,att,0.0,False
N,18,984,19.617,18.681,tmobile,0.0,False
N,18,984,19.617,18.681,verizon,0.0,False
N,18,984,19.617,18.681,sprint,0.0,False
N,18,989,19.721,18.785,att,0.0,False
N,18,989,19.721,18.785,tmobile,0.0,False
N,18,989,19.721,18.785,verizon,0.0,False
N,18,989,19.721,18.785,sprint,0.0,False
N,18,994,19.825,18.89,att,0.04,True
N,18,994,19.825,18.89,tmobile,0.0,False
N,18,994,19.825,18.89,verizon,0.08,True
N,18,994,19.825,18.89,sprint,0.0,False
N,18,999,19.93,18.994,att,0.0,False
N,18,999,19.93,18.994,tmobile,0.08,True
N,18,999,19.93,18.994,verizon,0.0,False
N,18,999,19.93,18.994,sprint,0.0,False
N,18,1004,20.034,19.098,att,0.0,False
N,18,1004,20.034,19.098,tmobile,0.0,False
N,18,1004,20.034,19.098,verizon,0.0,False
N,18,1004,20.034,19.098,sprint,0.0,False
N,18,1009,20.138,19.203,att,0.04,True
N,18,1009,20.138,19.203,tmobile,0.04,True
N,18,1009,20.138,19.203,verizon,0.0,False
N,18,1009,20.138,19.203,sprint,0.0,False
N,18,1014,20.243,19.307,att,0.0,False
N,18,1014,20.243,19.307,tmobile,0.0,False
N,18,1014,20.243,19.307,verizon,0.0,False
N,18,1014,20.243,19.307,sprint,0.0,False
N,18,1019,20.347,19.411,att,0.0,False
N,18,1019,20.347,19.411,tmobile,0.04,True
N,18,1019,20.347,19.411,verizon,0.04,True
N,18,1019,20.347,19.411,sprint,0.0,False
N,18,1024,20.451,19.516,att,0.0,False
N,18,1024,20.451,19.516,tmobile,0.0,False
N,18,1024,20.451,19.516,verizon,0.04,True
N,18,1024,20.451,19.516,sprint,0.0,False
N,18,1029,20.556,19.62,att,0.0,False
N,18,1029,20.556,19.62,tmobile,0.0,False
N,18,1029,20.556,19.62,verizon,0.0,False
N,18,1029,20.556,19.62,sprint,0.0,False
N,18,1034,20.66,19.724,att,0.04,True
N,18,1034,20.66,19.724,tmobile,0.0,False
N,18,1034,20.66,19.724,verizon,0.0,False
N,18,1034,20.66,19.724,sprint,0.0,False
N,18,1039,20.764,19.829,att,0.0,False
N,18,1039,20.764,19.829,tmobile,0.04,True
N,18,1039,20.764,19.829,verizon,0.08,True
N,18,1039,20.764,19.829,sprint,0.0,False
N,18,1044,20.869,19.933,att,0.0,False
N,18,1044,20.869,19.933,tmobile,0.0,False
N,18,1044,20.869,19.933,verizon,0.04,True
N,18,1044,20.869,19.933,sprint,0.0,False
N,18,1049,20.973,20.037,att,0.0,False
N,18,1049,20.973,20.037,tmobile,0.0,False
N,18,1049,20.973,20.037,verizon,0.0,False
N,18,1049,20.973,20.037,sprint,0.0,False
N,18,1054,21.078,20.142,att,0.0,False
N,18,1054,21.078,20.142,tmobile,0.0,False
N,18,1054,21.078,20.142,verizon,0.04,True
N,18,1054,21.078,20.142,sprint,0.0,False
N,18,1059,21.182,20.246,att,0.0,False
N,18,1059,21.182,20.246,tmobile,0.0,False
N,18,1059,21.182,20.246,verizon,0.08,True
N,18,1059,21.182,20.246,sprint,0.04,True
N,18,1064,21.286,20.35,att,0.0,False
N,18,1064,21.286,20.35,tmobile,0.0,False
N,18,1064,21.286,20.35,verizon,0.0,False
N,18,1064,21.286,20.35,sprint,0.0,False
N,18,1069,21.391,20.455,att,0.0,False
N,18,1069,21.391,20.455,tmobile,0.04,True
N,18,1069,21.391,20.455,verizon,0.12,True
N,18,1069,21.391,20.455,sprint,0.0,False
Q,19,44,0.0,-0.936,att,0.0,False
Q,19,44,0.0,-0.936,tmobile,0.0,False
Q,19,44,0.0,-0.936,verizon,0.0,False
Q,19,44,0.0,-0.936,sprint,0.0,False
Q,19,49,0.104,-0.831,att,0.0,False
Q,19,49,0.104,-0.831,tmobile,0.0,False
Q,19,49,0.104,-0.831,verizon,0.0,False
Q,19,49,0.104,-0.831,sprint,0.0385,True
Q,19,54,0.209,-0.727,att,0.0,False
Q,19,54,0.209,-0.727,tmobile,0.0,False
Q,19,54,0.209,-0.727,verizon,0.0,False
Q,19,54,0.209,-0.727,sprint,0.0385,True
Q,19,59,0.313,-0.623,att,0.0,False
Q,19,59,0.313,-0.623,tmobile,0.0,False
Q,19,59,0.313,-0.623,verizon,0.0,False
Q,19,59,0.313,-0.623,sprint,0.0385,True
Q,19,64,0.417,-0.518,att,0.0,False
Q,19,64,0.417,-0.518,tmobile,0.0,False
Q,19,64,0.417,-0.518,verizon,0.0,False
Q,19,64,0.417,-0.518,sprint,0.0385,True
Q,19,69,0.522,-0.414,att,0.0,False
Q,19,69,0.522,-0.414,tmobile,0.0,False
Q,19,69,0.522,-0.414,verizon,0.0,False
Q,19,69,0.522,-0.414,sprint,0.0,False
Q,19,74,0.626,-0.31,att,0.0,False
Q,19,74,0.626,-0.31,tmobile,0.0,False
Q,19,74,0.626,-0.31,verizon,0.0,False
Q,19,74,0.626,-0.31,sprint,0.0,False
Q,19,79,0.73,-0.205,att,0.0,False
Q,19,79,0.73,-0.205,tmobile,0.0,False
Q,19,79,0.73,-0.205,verizon,0.0,False
Q,19,79,0.73,-0.205,sprint,0.0,False
Q,19,84,0.835,-0.101,att,0.0,False
Q,19,84,0.835,-0.101,tmobile,0.0,False
Q,19,84,0.835,-0.101,verizon,0.0,False
Q,19,84,0.835,-0.101,sprint,0.0,False
Q,19,89,0.939,0.003,att,0.0,False
Q,19,89,0.939,0.003,tmobile,0.0,False
Q,19,89,0.939,0.003,verizon,0.0,False
Q,19,89,0.939,0.003,sprint,0.0,False
Q,19,94,1.043,0.108,att,0.0,False
Q,19,94,1.043,0.108,tmobile,0.0,False
Q,19,94,1.043,0.108,verizon,0.0,False
Q,19,94,1.043,0.108,sprint,0.0,False
Q,19,99,1.148,0.212,att,0.0,False
Q,19,99,1.148,0.212,tmobile,0.0769,True
Q,19,99,1.148,0.212,verizon,0.1154,True
Q,19,99,1.148,0.212,sprint,0.0,False
Q,19,104,1.252,0.316,att,0.0,False
Q,19,104,1.252,0.316,tmobile,0.0,False
Q,19,104,1.252,0.316,verizon,0.0,False
Q,19,104,1.252,0.316,sprint,0.0,False
Q,19,109,1.356,0.421,att,0.0,False
Q,19,109,1.356,0.421,tmobile,0.1154,True
Q,19,109,1.356,0.421,verizon,0.0769,True
Q,19,109,1.356,0.421,sprint,0.0,False
Q,19,114,1.461,0.525,att,0.0,False
Q,19,114,1.461,0.525,tmobile,0.0,False
Q,19,114,1.461,0.525,verizon,0.0385,True
Q,19,114,1.461,0.525,sprint,0.0,False
Q,19,119,1.565,0.629,att,0.0385,True
Q,19,119,1.565,0.629,tmobile,0.0,False
Q,19,119,1.565,0.629,verizon,0.0,False
Q,19,119,1.565,0.629,sprint,0.0,False
Q,19,124,1.67,0.734,att,0.0385,True
Q,19,124,1.67,0.734,tmobile,0.0,False
Q,19,124,1.67,0.734,verizon,0.0,False
Q,19,124,1.67,0.734,sprint,0.0,False
Q,19,129,1.774,0.838,att,0.0385,True
Q,19,129,1.774,0.838,tmobile,0.0,False
Q,19,129,1.774,0.838,verizon,0.1538,True
Q,19,129,1.774,0.838,sprint,0.0,False
Q,19,134,1.878,0.942,att,0.0,False
Q,19,134,1.878,0.942,tmobile,0.0,False
Q,19,134,1.878,0.942,verizon,0.0385,True
Q,19,134,1.878,0.942,sprint,0.0,False
Q,19,139,1.983,1.047,att,0.0,False
Q,19,139,1.983,1.047,tmobile,0.0,False
Q,19,139,1.983,1.047,verizon,0.0,False
Q,19,139,1.983,1.047,sprint,0.0,False
Q,19,144,2.087,1.151,att,0.0,False
Q,19,144,2.087,1.151,tmobile,0.0,False
Q,19,144,2.087,1.151,verizon,0.0,False
Q,19,144,2.087,1.151,sprint,0.0,False
Q,19,149,2.191,1.255,att,0.0769,True
Q,19,149,2.191,1.255,tmobile,0.0769,True
Q,19,149,2.191,1.255,verizon,0.0,False
Q,19,149,2.191,1.255,sprint,0.0,False
Q,19,154,2.296,1.36,att,0.0,False
Q,19,154,2.296,1.36,tmobile,0.0,False
Q,19,154,2.296,1.36,verizon,0.0,False
Q,19,154,2.296,1.36,sprint,0.0,False
Q,19,159,2.4,1.464,att,0.0,False
Q,19,159,2.4,1.464,tmobile,0.0,False
Q,19,159,2.4,1.464,verizon,0.0385,True
Q,19,159,2.4,1.464,sprint,0.0,False
Q,19,164,2.504,1.569,att,0.0385,True
Q,19,164,2.504,1.569,tmobile,0.0385,True
Q,19,164,2.504,1.569,verizon,0.0385,True
Q,19,164,2.504,1.569,sprint,0.0,False
Q,19,169,2.609,1.673,att,0.0385,True
Q,19,169,2.609,1.673,tmobile,0.0385,True
Q,19,169,2.609,1.673,verizon,0.0385,True
Q,19,169,2.609,1.673,sprint,0.0385,True
Q,19,174,2.713,1.777,att,0.0,False
Q,19,174,2.713,1.777,tmobile,0.0,False
Q,19,174,2.713,1.777,verizon,0.0385,True
Q,19,174,2.713,1.777,sprint,0.0,False
Q,19,179,2.817,1.882,att,0.0385,True
Q,19,179,2.817,1.882,tmobile,0.0,False
Q,19,179,2.817,1.882,verizon,0.0,False
Q,19,179,2.817,1.882,sprint,0.0,False
Q,19,184,2.922,1.986,att,0.0,False
Q,19,184,2.922,1.986,tmobile,0.0,False
Q,19,184,2.922,1.986,verizon,0.0385,True
Q,19,184,2.922,1.986,sprint,0.0769,True
Q,19,189,3.026,2.09,att,0.0,False
Q,19,189,3.026,2.09,tmobile,0.0385,True
Q,19,189,3.026,2.09,verizon,0.0385,True
Q,19,189,3.026,2.09,sprint,0.0,False
Q,19,194,3.13,2.195,att,0.0385,True
Q,19,194,3.13,2.195,tmobile,0.0769,True
Q,19,194,3.13,2.195,verizon,0.0769,True
Q,19,194,3.13,2.195,sprint,0.0,False
Q,19,199,3.235,2.299,att,0.0,False
Q,19,199,3.235,2.299,tmobile,0.0,False
Q,19,199,3.235,2.299,verizon,0.0,False
Q,19,199,3.235,2.299,sprint,0.0,False
Q,19,204,3.339,2.403,att,0.0,False
Q,19,204,3.339,2.403,tmobile,0.0,False
Q,19,204,3.339,2.403,verizon,0.0385,True
Q,19,204,3.339,2.403,sprint,0.0,False
Q,19,209,3.443,2.508,att,0.0,False
Q,19,209,3.443,2.508,tmobile,0.0,False
Q,19,209,3.443,2.508,verizon,0.0,False
Q,19,209,3.443,2.508,sprint,0.0,False
Q,19,214,3.548,2.612,att,0.0,False
Q,19,214,3.548,2.612,tmobile,0.0,False
Q,19,214,3.548,2.612,verizon,0.0,False
Q,19,214,3.548,2.612,sprint,0.0,False
Q,19,219,3.652,2.716,att,0.0,False
Q,19,219,3.652,2.716,tmobile,0.0,False
Q,19,219,3.652,2.716,verizon,0.0,False
Q,19,219,3.652,2.716,sprint,0.0385,True
Q,19,224,3.756,2.821,att,0.0,False
Q,19,224,3.756,2.821,tmobile,0.0,False
Q,19,224,3.756,2.821,verizon,0.0385,True
Q,19,224,3.756,2.821,sprint,0.0,False
Q,19,229,3.861,2.925,att,0.0385,True
Q,19,229,3.861,2.925,tmobile,0.0,False
Q,19,229,3.861,2.925,verizon,0.0,False
Q,19,229,3.861,2.925,sprint,0.0,False
Q,19,234,3.965,3.029,att,0.0,False
Q,19,234,3.965,3.029,tmobile,0.0385,True
Q,19,234,3.965,3.029,verizon,0.1538,True
Q,19,234,3.965,3.029,sprint,0.0,False
Q,19,239,4.069,3.134,att,0.0,False
Q,19,239,4.069,3.134,tmobile,0.0385,True
Q,19,239,4.069,3.134,verizon,0.0385,True
Q,19,239,4.069,3.134,sprint,0.0,False
Q,19,244,4.174,3.238,att,0.0,False
Q,19,244,4.174,3.238,tmobile,0.0,False
Q,19,244,4.174,3.238,verizon,0.0,False
Q,19,244,4.174,3.238,sprint,0.0,False
Q,19,249,4.278,3.342,att,0.0,False
Q,19,249,4.278,3.342,tmobile,0.0,False
Q,19,249,4.278,3.342,verizon,0.0,False
Q,19,249,4.278,3.342,sprint,0.0,False
Q,19,254,4.382,3.447,att,0.0,False
Q,19,254,4.382,3.447,tmobile,0.0,False
Q,19,254,4.382,3.447,verizon,0.0,False
Q,19,254,4.382,3.447,sprint,0.0,False
Q,19,259,4.487,3.551,att,0.0,False
Q,19,259,4.487,3.551,tmobile,0.0,False
Q,19,259,4.487,3.551,verizon,0.0,False
Q,19,259,4.487,3.551,sprint,0.0,False
Q,19,264,4.591,3.655,att,0.0,False
Q,19,264,4.591,3.655,tmobile,0.0,False
Q,19,264,4.591,3.655,verizon,0.0,False
Q,19,264,4.591,3.655,sprint,0.0,False
Q,19,269,4.695,3.76,att,0.0,False
Q,19,269,4.695,3.76,tmobile,0.0,False
Q,19,269,4.695,3.76,verizon,0.0,False
Q,19,269,4.695,3.76,sprint,0.0,False
Q,19,274,4.8,3.864,att,0.0,False
Q,19,274,4.8,3.864,tmobile,0.0,False
Q,19,274,4.8,3.864,verizon,0.0,False
Q,19,274,4.8,3.864,sprint,0.0,False
Q,19,279,4.904,3.968,att,0.0,False
Q,19,279,4.904,3.968,tmobile,0.0,False
Q,19,279,4.904,3.968,verizon,0.0,False
Q,19,279,4.904,3.968,sprint,0.0,False
Q,19,284,5.009,4.073,att,0.0,False
Q,19,284,5.009,4.073,tmobile,0.0,False
Q,19,284,5.009,4.073,verizon,0.0,False
Q,19,284,5.009,4.073,sprint,0.0,False
Q,19,289,5.113,4.177,att,0.0,False
Q,19,289,5.113,4.177,tmobile,0.0,False
Q,19,289,5.113,4.177,verizon,0.0,False
Q,19,289,5.113,4.177,sprint,0.0,False
Q,19,294,5.217,4.281,att,0.0,False
Q,19,294,5.217,4.281,tmobile,0.0,False
Q,19,294,5.217,4.281,verizon,0.0,False
Q,19,294,5.217,4.281,sprint,0.0,False
Q,19,299,5.322,4.386,att,0.0,False
Q,19,299,5.322,4.386,tmobile,0.0,False
Q,19,299,5.322,4.386,verizon,0.0,False
Q,19,299,5.322,4.386,sprint,0.0,False
Q,19,304,5.426,4.49,att,0.0,False
Q,19,304,5.426,4.49,tmobile,0.0,False
Q,19,304,5.426,4.49,verizon,0.0385,True
Q,19,304,5.426,4.49,sprint,0.0,False
Q,19,309,5.53,4.594,att,0.0,False
Q,19,309,5.53,4.594,tmobile,0.1154,True
Q,19,309,5.53,4.594,verizon,0.0385,True
Q,19,309,5.53,4.594,sprint,0.0,False
Q,19,314,5.635,4.699,att,0.0,False
Q,19,314,5.635,4.699,tmobile,0.0,False
Q,19,314,5.635,4.699,verizon,0.0,False
Q,19,314,5.635,4.699,sprint,0.0,False
Q,19,319,5.739,4.803,att,0.0,False
Q,19,319,5.739,4.803,tmobile,0.0,False
Q,19,319,5.739,4.803,verizon,0.0,False
Q,19,319,5.739,4.803,sprint,0.0,False
Q,19,324,5.843,4.908,att,0.0,False
Q,19,324,5.843,4.908,tmobile,0.0,False
Q,19,324,5.843,4.908,verizon,0.0385,True
Q,19,324,5.843,4.908,sprint,0.0385,True
Q,19,329,5.948,5.012,att,0.0,False
Q,19,329,5.948,5.012,tmobile,0.0385,True
Q,19,329,5.948,5.012,verizon,0.0385,True
Q,19,329,5.948,5.012,sprint,0.0769,True
Q,19,334,6.052,5.116,att,0.0,False
Q,19,334,6.052,5.116,tmobile,0.0,False
Q,19,334,6.052,5.116,verizon,0.0769,True
Q,19,334,6.052,5.116,sprint,0.0,False
Q,19,339,6.156,5.221,att,0.0,False
Q,19,339,6.156,5.221,tmobile,0.0,False
Q,19,339,6.156,5.221,verizon,0.0769,True
Q,19,339,6.156,5.221,sprint,0.0,False
Q,19,344,6.261,5.325,att,0.0,False
Q,19,344,6.261,5.325,tmobile,0.0385,True
Q,19,344,6.261,5.325,verizon,0.0385,True
Q,19,344,6.261,5.325,sprint,0.0,False
Q,19,349,6.365,5.429,att,0.0,False
Q,19,349,6.365,5.429,tmobile,0.0,False
Q,19,349,6.365,5.429,verizon,0.0,False
Q,19,349,6.365,5.429,sprint,0.0385,True
Q,19,354,6.469,5.534,att,0.0,False
Q,19,354,6.469,5.534,tmobile,0.0,False
Q,19,354,6.469,5.534,verizon,0.0,False
Q,19,354,6.469,5.534,sprint,0.0,False
Q,19,359,6.574,5.638,att,0.0,False
Q,19,359,6.574,5.638,tmobile,0.0,False
Q,19,359,6.574,5.638,verizon,0.0385,True
Q,19,359,6.574,5.638,sprint,0.0769,True
Q,19,364,6.678,5.742,att,0.0,False
Q,19,364,6.678,5.742,tmobile,0.0,False
Q,19,364,6.678,5.742,verizon,0.0769,True
Q,19,364,6.678,5.742,sprint,0.0,False
Q,19,369,6.782,5.847,att,0.0,False
Q,19,369,6.782,5.847,tmobile,0.0,False
Q,19,369,6.782,5.847,verizon,0.0,False
Q,19,369,6.782,5.847,sprint,0.0,False
Q,19,374,6.887,5.951,att,0.0,False
Q,19,374,6.887,5.951,tmobile,0.0,False
Q,19,374,6.887,5.951,verizon,0.0769,True
Q,19,374,6.887,5.951,sprint,0.0,False
Q,19,379,6.991,6.055,att,0.0,False
Q,19,379,6.991,6.055,tmobile,0.0,False
Q,19,379,6.991,6.055,verizon,0.0385,True
Q,19,379,6.991,6.055,sprint,0.0,False
Q,19,384,7.095,6.16,att,0.0,False
Q,19,384,7.095,6.16,tmobile,0.0,False
Q,19,384,7.095,6.16,verizon,0.0,False
Q,19,384,7.095,6.16,sprint,0.0385,True
Q,19,389,7.2,6.264,att,0.0,False
Q,19,389,7.2,6.264,tmobile,0.0,False
Q,19,389,7.2,6.264,verizon,0.0385,True
Q,19,389,7.2,6.264,sprint,0.3462,True
Q,19,394,7.304,6.368,att,0.0,False
Q,19,394,7.304,6.368,tmobile,0.1923,True
Q,19,394,7.304,6.368,verizon,0.0,False
Q,19,394,7.304,6.368,sprint,0.0,False
Q,19,399,7.408,6.473,att,0.0,False
Q,19,399,7.408,6.473,tmobile,0.0385,True
Q,19,399,7.408,6.473,verizon,0.0,False
Q,19,399,7.408,6.473,sprint,0.0,False
Q,19,404,7.513,6.577,att,0.0,False
Q,19,404,7.513,6.577,tmobile,0.3846,True
Q,19,404,7.513,6.577,verizon,0.1154,True
Q,19,404,7.513,6.577,sprint,0.0,False
Q,19,409,7.617,6.681,att,0.0,False
Q,19,409,7.617,6.681,tmobile,0.0,False
Q,19,409,7.617,6.681,verizon,0.0,False
Q,19,409,7.617,6.681,sprint,0.0385,True
Q,19,414,7.721,6.786,att,0.0,False
Q,19,414,7.721,6.786,tmobile,0.0385,True
Q,19,414,7.721,6.786,verizon,0.0769,True
Q,19,414,7.721,6.786,sprint,0.0,False
Q,19,419,7.826,6.89,att,0.0,False
Q,19,419,7.826,6.89,tmobile,0.0,False
Q,19,419,7.826,6.89,verizon,0.0,False
Q,19,419,7.826,6.89,sprint,0.0385,True
Q,19,424,7.93,6.994,att,0.0,False
Q,19,424,7.93,6.994,tmobile,0.0,False
Q,19,424,7.93,6.994,verizon,0.0769,True
Q,19,424,7.93,6.994,sprint,0.0,False
Q,19,429,8.035,7.099,att,0.0,False
Q,19,429,8.035,7.099,tmobile,0.0,False
Q,19,429,8.035,7.099,verizon,0.0769,True
Q,19,429,8.035,7.099,sprint,0.0,False
Q,19,434,8.139,7.203,att,0.0,False
Q,19,434,8.139,7.203,tmobile,0.0,False
Q,19,434,8.139,7.203,verizon,0.0,False
Q,19,434,8.139,7.203,sprint,0.0,False
Q,19,439,8.243,7.307,att,0.0,False
Q,19,439,8.243,7.307,tmobile,0.0,False
Q,19,439,8.243,7.307,verizon,0.0,False
Q,19,439,8.243,7.307,sprint,0.1538,True
Q,19,444,8.348,7.412,att,0.0,False
Q,19,444,8.348,7.412,tmobile,0.0,False
Q,19,444,8.348,7.412,verizon,0.1538,True
Q,19,444,8.348,7.412,sprint,0.0,False
Q,19,449,8.452,7.516,att,0.0,False
Q,19,449,8.452,7.516,tmobile,0.0,False
Q,19,449,8.452,7.516,verizon,0.4231,True
Q,19,449,8.452,7.516,sprint,0.0,False
Q,19,454,8.556,7.62,att,0.0,False
Q,19,454,8.556,7.62,tmobile,0.0,False
Q,19,454,8.556,7.62,verizon,0.0,False
Q,19,454,8.556,7.62,sprint,0.0,False
Q,19,459,8.661,7.725,att,0.0,False
Q,19,459,8.661,7.725,tmobile,0.0,False
Q,19,459,8.661,7.725,verizon,0.0,False
Q,19,459,8.661,7.725,sprint,0.0,False
Q,19,464,8.765,7.829,att,0.0769,True
Q,19,464,8.765,7.829,tmobile,0.0769,True
Q,19,464,8.765,7.829,verizon,0.1538,True
Q,19,464,8.765,7.829,sprint,0.0,False
Q,19,469,8.869,7.933,att,0.0,False
Q,19,469,8.869,7.933,tmobile,0.0,False
Q,19,469,8.869,7.933,verizon,0.0385,True
Q,19,469,8.869,7.933,sprint,0.0,False
Q,19,474,8.974,8.038,att,0.0385,True
Q,19,474,8.974,8.038,tmobile,0.0,False
Q,19,474,8.974,8.038,verizon,0.1923,True
Q,19,474,8.974,8.038,sprint,0.0,False
Q,19,479,9.078,8.142,att,0.0,False
Q,19,479,9.078,8.142,tmobile,0.0,False
Q,19,479,9.078,8.142,verizon,0.0385,True
Q,19,479,9.078,8.142,sprint,0.0769,True
Q,19,484,9.182,8.247,att,0.0,False
Q,19,484,9.182,8.247,tmobile,0.0,False
Q,19,484,9.182,8.247,verizon,0.0385,True
Q,19,484,9.182,8.247,sprint,0.0,False
Q,19,489,9.287,8.351,att,0.0,False
Q,19,489,9.287,8.351,tmobile,0.0,False
Q,19,489,9.287,8.351,verizon,0.0,False
Q,19,489,9.287,8.351,sprint,0.0,False
Q,19,494,9.391,8.455,att,0.0,False
Q,19,494,9.391,8.455,tmobile,0.0,False
Q,19,494,9.391,8.455,verizon,0.0,False
Q,19,494,9.391,8.455,sprint,0.0,False
Q,19,499,9.495,8.56,att,0.0,False
Q,19,499,9.495,8.56,tmobile,0.0,False
Q,19,499,9.495,8.56,verizon,0.0,False
Q,19,499,9.495,8.56,sprint,0.0,False
Q,19,504,9.6,8.664,att,0.0385,True
Q,19,504,9.6,8.664,tmobile,0.0,False
Q,19,504,9.6,8.664,verizon,0.0,False
Q,19,504,9.6,8.664,sprint,0.0385,True
Q,19,509,9.704,8.768,att,0.0,False
Q,19,509,9.704,8.768,tmobile,0.0,False
Q,19,509,9.704,8.768,verizon,0.0,False
Q,19,509,9.704,8.768,sprint,0.0,False
Q,19,514,9.808,8.873,att,0.1154,True
Q,19,514,9.808,8.873,tmobile,0.0,False
Q,19,514,9.808,8.873,verizon,0.0,False
Q,19,514,9.808,8.873,sprint,0.0385,True
Q,19,519,9.913,8.977,att,0.0,False
Q,19,519,9.913,8.977,tmobile,0.0385,True
Q,19,519,9.913,8.977,verizon,0.0385,True
Q,19,519,9.913,8.977,sprint,0.0,False
Q,19,524,10.017,9.081,att,0.0,False
Q,19,524,10.017,9.081,tmobile,0.1923,True
Q,19,524,10.017,9.081,verizon,0.0769,True
Q,19,524,10.017,9.081,sprint,0.0,False
Q,19,529,10.121,9.186,att,0.0,False
Q,19,529,10.121,9.186,tmobile,0.0,False
Q,19,529,10.121,9.186,verizon,0.0,False
Q,19,529,10.121,9.186,sprint,0.0,False
Q,19,534,10.226,9.29,att,0.0,False
Q,19,534,10.226,9.29,tmobile,0.0385,True
Q,19,534,10.226,9.29,verizon,0.0,False
Q,19,534,10.226,9.29,sprint,0.0,False
Q,19,539,10.33,9.394,att,0.0,False
Q,19,539,10.33,9.394,tmobile,0.6154,True
Q,19,539,10.33,9.394,verizon,0.1154,True
Q,19,539,10.33,9.394,sprint,0.0,False
Q,19,544,10.434,9.499,att,0.0385,True
Q,19,544,10.434,9.499,tmobile,0.0385,True
Q,19,544,10.434,9.499,verizon,0.0385,True
Q,19,544,10.434,9.499,sprint,0.0,False
Q,19,549,10.539,9.603,att,0.0,False
Q,19,549,10.539,9.603,tmobile,0.0,False
Q,19,549,10.539,9.603,verizon,0.0385,True
Q,19,549,10.539,9.603,sprint,0.0,False
Q,19,554,10.643,9.707,att,0.0,False
Q,19,554,10.643,9.707,tmobile,0.0,False
Q,19,554,10.643,9.707,verizon,0.0,False
Q,19,554,10.643,9.707,sprint,0.0,False
Q,19,559,10.747,9.812,att,0.0,False
Q,19,559,10.747,9.812,tmobile,0.0385,True
Q,19,559,10.747,9.812,verizon,0.0,False
Q,19,559,10.747,9.812,sprint,0.0,False
Q,19,564,10.852,9.916,att,0.0,False
Q,19,564,10.852,9.916,tmobile,0.0,False
Q,19,564,10.852,9.916,verizon,0.0,False
Q,19,564,10.852,9.916,sprint,0.0,False
Q,19,569,10.956,10.02,att,0.0,False
Q,19,569,10.956,10.02,tmobile,0.0,False
Q,19,569,10.956,10.02,verizon,0.0385,True
Q,19,569,10.956,10.02,sprint,0.0,False
Q,19,574,11.06,10.125,att,0.0,False
Q,19,574,11.06,10.125,tmobile,0.0,False
Q,19,574,11.06,10.125,verizon,0.0769,True
Q,19,574,11.06,10.125,sprint,0.0385,True
Q,19,579,11.165,10.229,att,0.0,False
Q,19,579,11.165,10.229,tmobile,0.0,False
Q,19,579,11.165,10.229,verizon,0.0,False
Q,19,579,11.165,10.229,sprint,0.0,False
Q,19,584,11.269,10.333,att,0.0,False
Q,19,584,11.269,10.333,tmobile,0.0,False
Q,19,584,11.269,10.333,verizon,0.0,False
Q,19,584,11.269,10.333,sprint,0.0385,True
Q,19,589,11.374,10.438,att,0.0,False
Q,19,589,11.374,10.438,tmobile,0.0,False
Q,19,589,11.374,10.438,verizon,0.0,False
Q,19,589,11.374,10.438,sprint,0.0,False
Q,19,594,11.478,10.542,att,0.0,False
Q,19,594,11.478,10.542,tmobile,0.0,False
Q,19,594,11.478,10.542,verizon,0.0,False
Q,19,594,11.478,10.542,sprint,0.0,False
Q,19,599,11.582,10.646,att,0.0,False
Q,19,599,11.582,10.646,tmobile,0.0,False
Q,19,599,11.582,10.646,verizon,0.0,False
Q,19,599,11.582,10.646,sprint,0.0,False
Q,19,604,11.687,10.751,att,0.0,False
Q,19,604,11.687,10.751,tmobile,0.0,False
Q,19,604,11.687,10.751,verizon,0.2308,True
Q,19,604,11.687,10.751,sprint,0.0385,True
Q,19,609,11.791,10.855,att,0.0,False
Q,19,609,11.791,10.855,tmobile,0.0,False
Q,19,609,11.791,10.855,verizon,0.0,False
Q,19,609,11.791,10.855,sprint,0.0,False
Q,19,614,11.895,10.959,att,0.0,False
Q,19,614,11.895,10.959,tmobile,0.0,False
Q,19,614,11.895,10.959,verizon,0.0,False
Q,19,614,11.895,10.959,sprint,0.0,False
Q,19,619,12.0,11.064,att,0.0,False
Q,19,619,12.0,11.064,tmobile,0.0,False
Q,19,619,12.0,11.064,verizon,0.0,False
Q,19,619,12.0,11.064,sprint,0.0,False
Q,19,624,12.104,11.168,att,0.0,False
Q,19,624,12.104,11.168,tmobile,0.0,False
Q,19,624,12.104,11.168,verizon,0.0,False
Q,19,624,12.104,11.168,sprint,0.0,False
Q,19,629,12.208,11.273,att,0.0,False
Q,19,629,12.208,11.273,tmobile,0.0,False
Q,19,629,12.208,11.273,verizon,0.0,False
Q,19,629,12.208,11.273,sprint,0.0,False
Q,19,634,12.313,11.377,att,0.0,False
Q,19,634,12.313,11.377,tmobile,0.0,False
Q,19,634,12.313,11.377,verizon,0.0,False
Q,19,634,12.313,11.377,sprint,0.0,False
Q,19,639,12.417,11.481,att,0.0,False
Q,19,639,12.417,11.481,tmobile,0.0,False
Q,19,639,12.417,11.481,verizon,0.0,False
Q,19,639,12.417,11.481,sprint,0.0,False
Q,19,644,12.521,11.586,att,0.0,False
Q,19,644,12.521,11.586,tmobile,0.0,False
Q,19,644,12.521,11.586,verizon,0.0,False
Q,19,644,12.521,11.586,sprint,0.0,False
Q,19,649,12.626,11.69,att,0.0,False
Q,19,649,12.626,11.69,tmobile,0.0,False
Q,19,649,12.626,11.69,verizon,0.0,False
Q,19,649,12.626,11.69,sprint,0.0,False
Q,19,654,12.73,11.794,att,0.0,False
Q,19,654,12.73,11.794,tmobile,0.0,False
Q,19,654,12.73,11.794,verizon,0.0,False
Q,19,654,12.73,11.794,sprint,0.0,False
Q,19,659,12.834,11.899,att,0.0,False
Q,19,659,12.834,11.899,tmobile,0.0,False
Q,19,659,12.834,11.899,verizon,0.0,False
Q,19,659,12.834,11.899,sprint,0.0,False
Q,19,664,12.939,12.003,att,0.0,False
Q,19,664,12.939,12.003,tmobile,0.0,False
Q,19,664,12.939,12.003,verizon,0.0,False
Q,19,664,12.939,12.003,sprint,0.0,False
Q,19,669,13.043,12.107,att,0.0,False
Q,19,669,13.043,12.107,tmobile,0.0,False
Q,19,669,13.043,12.107,verizon,0.0,False
Q,19,669,13.043,12.107,sprint,0.0,False
Q,19,674,13.147,12.212,att,0.0,False
Q,19,674,13.147,12.212,tmobile,0.0,False
Q,19,674,13.147,12.212,verizon,0.0,False
Q,19,674,13.147,12.212,sprint,0.0,False
Q,19,679,13.252,12.316,att,0.0,False
Q,19,679,13.252,12.316,tmobile,0.0,False
Q,19,679,13.252,12.316,verizon,0.0,False
Q,19,679,13.252,12.316,sprint,0.0,False
Q,19,684,13.356,12.42,att,0.0,False
Q,19,684,13.356,12.42,tmobile,0.0,False
Q,19,684,13.356,12.42,verizon,0.0,False
Q,19,684,13.356,12.42,sprint,0.0,False
Q,19,689,13.46,12.525,att,0.0,False
Q,19,689,13.46,12.525,tmobile,0.0,False
Q,19,689,13.46,12.525,verizon,0.0,False
Q,19,689,13.46,12.525,sprint,0.0,False
Q,19,694,13.565,12.629,att,0.0,False
Q,19,694,13.565,12.629,tmobile,0.0,False
Q,19,694,13.565,12.629,verizon,0.0,False
Q,19,694,13.565,12.629,sprint,0.0,False
Q,19,699,13.669,12.733,att,0.0,False
Q,19,699,13.669,12.733,tmobile,0.0,False
Q,19,699,13.669,12.733,verizon,0.0,False
Q,19,699,13.669,12.733,sprint,0.0,False
Q,19,704,13.773,12.838,att,0.0,False
Q,19,704,13.773,12.838,tmobile,0.0,False
Q,19,704,13.773,12.838,verizon,0.0,False
Q,19,704,13.773,12.838,sprint,0.0,False
Q,19,709,13.878,12.942,att,0.0,False
Q,19,709,13.878,12.942,tmobile,0.0,False
Q,19,709,13.878,12.942,verizon,0.0,False
Q,19,709,13.878,12.942,sprint,0.0,False
Q,19,714,13.982,13.046,att,0.0,False
Q,19,714,13.982,13.046,tmobile,0.0,False
Q,19,714,13.982,13.046,verizon,0.0,False
Q,19,714,13.982,13.046,sprint,0.0,False
Q,19,719,14.086,13.151,att,0.0,False
Q,19,719,14.086,13.151,tmobile,0.0769,True
Q,19,719,14.086,13.151,verizon,0.1538,True
Q,19,719,14.086,13.151,sprint,0.0,False
Q,19,724,14.191,13.255,att,0.0385,True
Q,19,724,14.191,13.255,tmobile,0.0385,True
Q,19,724,14.191,13.255,verizon,0.0385,True
Q,19,724,14.191,13.255,sprint,0.0,False
Q,19,729,14.295,13.359,att,0.0385,True
Q,19,729,14.295,13.359,tmobile,0.0,False
Q,19,729,14.295,13.359,verizon,0.0,False
Q,19,729,14.295,13.359,sprint,0.0,False
Q,19,734,14.399,13.464,att,0.0,False
Q,19,734,14.399,13.464,tmobile,0.0,False
Q,19,734,14.399,13.464,verizon,0.0769,True
Q,19,734,14.399,13.464,sprint,0.0,False
Q,19,739,14.504,13.568,att,0.0,False
Q,19,739,14.504,13.568,tmobile,0.0,False
Q,19,739,14.504,13.568,verizon,0.0769,True
Q,19,739,14.504,13.568,sprint,0.0,False
Q,19,744,14.608,13.672,att,0.0,False
Q,19,744,14.608,13.672,tmobile,0.0,False
Q,19,744,14.608,13.672,verizon,0.0,False
Q,19,744,14.608,13.672,sprint,0.0,False
Q,19,749,14.713,13.777,att,0.0,False
Q,19,749,14.713,13.777,tmobile,0.0,False
Q,19,749,14.713,13.777,verizon,0.0,False
Q,19,749,14.713,13.777,sprint,0.0,False
Q,19,754,14.817,13.881,att,0.0,False
Q,19,754,14.817,13.881,tmobile,0.0385,True
Q,19,754,14.817,13.881,verizon,0.0,False
Q,19,754,14.817,13.881,sprint,0.0,False
Q,19,759,14.921,13.985,att,0.0,False
Q,19,759,14.921,13.985,tmobile,0.0,False
Q,19,759,14.921,13.985,verizon,0.0,False
Q,19,759,14.921,13.985,sprint,0.0,False
Q,19,764,15.026,14.09,att,0.0,False
Q,19,764,15.026,14.09,tmobile,0.0,False
Q,19,764,15.026,14.09,verizon,0.0769,True
Q,19,764,15.026,14.09,sprint,0.0385,True
Q,19,769,15.13,14.194,att,0.0,False
Q,19,769,15.13,14.194,tmobile,0.0,False
Q,19,769,15.13,14.194,verizon,0.0,False
Q,19,769,15.13,14.194,sprint,0.0,False
Q,19,774,15.234,14.298,att,0.0,False
Q,19,774,15.234,14.298,tmobile,0.0,False
Q,19,774,15.234,14.298,verizon,0.0,False
Q,19,774,15.234,14.298,sprint,0.0,False
Q,19,779,15.339,14.403,att,0.0,False
Q,19,779,15.339,14.403,tmobile,0.0385,True
Q,19,779,15.339,14.403,verizon,0.0,False
Q,19,779,15.339,14.403,sprint,0.0,False
Q,19,784,15.443,14.507,att,0.0,False
Q,19,784,15.443,14.507,tmobile,0.0769,True
Q,19,784,15.443,14.507,verizon,0.0385,True
Q,19,784,15.443,14.507,sprint,0.0,False
Q,19,789,15.547,14.612,att,0.0,False
Q,19,789,15.547,14.612,tmobile,0.0,False
Q,19,789,15.547,14.612,verizon,0.0,False
Q,19,789,15.547,14.612,sprint,0.0,False
Q,19,794,15.652,14.716,att,0.0,False
Q,19,794,15.652,14.716,tmobile,0.0,False
Q,19,794,15.652,14.716,verizon,0.0,False
Q,19,794,15.652,14.716,sprint,0.0,False
Q,19,799,15.756,14.82,att,0.0,False
Q,19,799,15.756,14.82,tmobile,0.0385,True
Q,19,799,15.756,14.82,verizon,0.0385,True
Q,19,799,15.756,14.82,sprint,0.0,False
Q,19,804,15.86,14.925,att,0.0,False
Q,19,804,15.86,14.925,tmobile,0.0385,True
Q,19,804,15.86,14.925,verizon,0.0,False
Q,19,804,15.86,14.925,sprint,0.0,False
Q,19,809,15.965,15.029,att,0.0,False
Q,19,809,15.965,15.029,tmobile,0.0,False
Q,19,809,15.965,15.029,verizon,0.0,False
Q,19,809,15.965,15.029,sprint,0.0,False
Q,19,814,16.069,15.133,att,0.0385,True
Q,19,814,16.069,15.133,tmobile,0.0,False
Q,19,814,16.069,15.133,verizon,0.0,False
Q,19,814,16.069,15.133,sprint,0.0385,True
Q,19,819,16.173,15.238,att,0.0,False
Q,19,819,16.173,15.238,tmobile,0.0385,True
Q,19,819,16.173,15.238,verizon,0.0,False
Q,19,819,16.173,15.238,sprint,0.0,False
Q,19,824,16.278,15.342,att,0.0,False
Q,19,824,16.278,15.342,tmobile,0.0,False
Q,19,824,16.278,15.342,verizon,0.0,False
Q,19,824,16.278,15.342,sprint,0.1154,True
Q,19,829,16.382,15.446,att,0.0,False
Q,19,829,16.382,15.446,tmobile,0.0,False
Q,19,829,16.382,15.446,verizon,0.0,False
Q,19,829,16.382,15.446,sprint,0.0,False
Q,19,834,16.486,15.551,att,0.0,False
Q,19,834,16.486,15.551,tmobile,0.0385,True
Q,19,834,16.486,15.551,verizon,0.0769,True
Q,19,834,16.486,15.551,sprint,0.0385,True
Q,19,839,16.591,15.655,att,0.0,False
Q,19,839,16.591,15.655,tmobile,0.1154,True
Q,19,839,16.591,15.655,verizon,0.0769,True
Q,19,839,16.591,15.655,sprint,0.0,False
Q,19,844,16.695,15.759,att,0.0,False
Q,19,844,16.695,15.759,tmobile,0.0,False
Q,19,844,16.695,15.759,verizon,0.0,False
Q,19,844,16.695,15.759,sprint,0.0,False
Q,19,849,16.799,15.864,att,0.0,False
Q,19,849,16.799,15.864,tmobile,0.0,False
Q,19,849,16.799,15.864,verizon,0.0,False
Q,19,849,16.799,15.864,sprint,0.0,False
Q,19,854,16.904,15.968,att,0.0,False
Q,19,854,16.904,15.968,tmobile,0.0385,True
Q,19,854,16.904,15.968,verizon,0.0,False
Q,19,854,16.904,15.968,sprint,0.0,False
Q,19,859,17.008,16.072,att,0.0,False
Q,19,859,17.008,16.072,tmobile,0.0,False
Q,19,859,17.008,16.072,verizon,0.0385,True
Q,19,859,17.008,16.072,sprint,0.0,False
Q,19,864,17.112,16.177,att,0.0,False
Q,19,864,17.112,16.177,tmobile,0.0,False
Q,19,864,17.112,16.177,verizon,0.0,False
Q,19,864,17.112,16.177,sprint,0.0,False
Q,19,869,17.217,16.281,att,0.0,False
Q,19,869,17.217,16.281,tmobile,0.0,False
Q,19,869,17.217,16.281,verizon,0.0,False
Q,19,869,17.217,16.281,sprint,0.0,False
Q,19,874,17.321,16.385,att,0.0,False
Q,19,874,17.321,16.385,tmobile,0.0385,True
Q,19,874,17.321,16.385,verizon,0.0,False
Q,19,874,17.321,16.385,sprint,0.0,False
Q,19,879,17.425,16.49,att,0.0,False
Q,19,879,17.425,16.49,tmobile,0.0385,True
Q,19,879,17.425,16.49,verizon,0.0,False
Q,19,879,17.425,16.49,sprint,0.0,False
Q,19,884,17.53,16.594,att,0.0,False
Q,19,884,17.53,16.594,tmobile,0.0,False
Q,19,884,17.53,16.594,verizon,0.0,False
Q,19,884,17.53,16.594,sprint,0.0,False
Q,19,889,17.634,16.698,att,0.0385,True
Q,19,889,17.634,16.698,tmobile,0.0385,True
Q,19,889,17.634,16.698,verizon,0.0385,True
Q,19,889,17.634,16.698,sprint,0.0,False
Q,19,894,17.739,16.803,att,0.0,False
Q,19,894,17.739,16.803,tmobile,0.0,False
Q,19,894,17.739,16.803,verizon,0.0,False
Q,19,894,17.739,16.803,sprint,0.0,False
Q,19,899,17.843,16.907,att,0.0,False
Q,19,899,17.843,16.907,tmobile,0.0769,True
Q,19,899,17.843,16.907,verizon,0.1154,True
Q,19,899,17.843,16.907,sprint,0.0,False
Q,19,904,17.947,17.011,att,0.0,False
Q,19,904,17.947,17.011,tmobile,0.0,False
Q,19,904,17.947,17.011,verizon,0.0,False
Q,19,904,17.947,17.011,sprint,0.0385,True
Q,19,909,18.052,17.116,att,0.0,False
Q,19,909,18.052,17.116,tmobile,0.0385,True
Q,19,909,18.052,17.116,verizon,0.0385,True
Q,19,909,18.052,17.116,sprint,0.0,False
Q,19,914,18.156,17.22,att,0.0385,True
Q,19,914,18.156,17.22,tmobile,0.0385,True
Q,19,914,18.156,17.22,verizon,0.0,False
Q,19,914,18.156,17.22,sprint,0.0,False
Q,19,919,18.26,17.324,att,0.0,False
Q,19,919,18.26,17.324,tmobile,0.0,False
Q,19,919,18.26,17.324,verizon,0.0,False
Q,19,919,18.26,17.324,sprint,0.0,False
Q,19,924,18.365,17.429,att,0.0,False
Q,19,924,18.365,17.429,tmobile,0.0,False
Q,19,924,18.365,17.429,verizon,0.0385,True
Q,19,924,18.365,17.429,sprint,0.0,False
Q,19,929,18.469,17.533,att,0.0,False
Q,19,929,18.469,17.533,tmobile,0.0,False
Q,19,929,18.469,17.533,verizon,0.0,False
Q,19,929,18.469,17.533,sprint,0.0,False
Q,19,934,18.573,17.638,att,0.0,False
Q,19,934,18.573,17.638,tmobile,0.0385,True
Q,19,934,18.573,17.638,verizon,0.0385,True
Q,19,934,18.573,17.638,sprint,0.0,False
Q,19,939,18.678,17.742,att,0.0,False
Q,19,939,18.678,17.742,tmobile,0.0,False
Q,19,939,18.678,17.742,verizon,0.0385,True
Q,19,939,18.678,17.742,sprint,0.0,False
Q,19,944,18.782,17.846,att,0.0,False
Q,19,944,18.782,17.846,tmobile,0.0,False
Q,19,944,18.782,17.846,verizon,0.0,False
Q,19,944,18.782,17.846,sprint,0.0,False
Q,19,949,18.886,17.951,att,0.0385,True
Q,19,949,18.886,17.951,tmobile,0.0,False
Q,19,949,18.886,17.951,verizon,0.0,False
Q,19,949,18.886,17.951,sprint,0.0,False
Q,19,954,18.991,18.055,att,0.0,False
Q,19,954,18.991,18.055,tmobile,0.0385,True
Q,19,954,18.991,18.055,verizon,0.0,False
Q,19,954,18.991,18.055,sprint,0.0,False
Q,19,959,19.095,18.159,att,0.0,False
Q,19,959,19.095,18.159,tmobile,0.0,False
Q,19,959,19.095,18.159,verizon,0.0,False
Q,19,959,19.095,18.159,sprint,0.0,False
Q,19,964,19.199,18.264,att,0.0,False
Q,19,964,19.199,18.264,tmobile,0.0,False
Q,19,964,19.199,18.264,verizon,0.0,False
Q,19,964,19.199,18.264,sprint,0.0,False
Q,19,969,19.304,18.368,att,0.0,False
Q,19,969,19.304,18.368,tmobile,0.0,False
Q,19,969,19.304,18.368,verizon,0.0,False
Q,19,969,19.304,18.368,sprint,0.0,False
Q,19,974,19.408,18.472,att,0.0,False
Q,19,974,19.408,18.472,tmobile,0.0,False
Q,19,974,19.408,18.472,verizon,0.0,False
Q,19,974,19.408,18.472,sprint,0.0769,True
Q,19,979,19.512,18.577,att,0.0385,True
Q,19,979,19.512,18.577,tmobile,0.0,False
Q,19,979,19.512,18.577,verizon,0.0769,True
Q,19,979,19.512,18.577,sprint,0.0,False
Q,19,984,19.617,18.681,att,0.0,False
Q,19,984,19.617,18.681,tmobile,0.0,False
Q,19,984,19.617,18.681,verizon,0.0,False
Q,19,984,19.617,18.681,sprint,0.0,False
Q,19,989,19.721,18.785,att,0.0,False
Q,19,989,19.721,18.785,tmobile,0.0385,True
Q,19,989,19.721,18.785,verizon,0.0385,True
Q,19,989,19.721,18.785,sprint,0.0,False
Q,19,994,19.825,18.89,att,0.0,False
Q,19,994,19.825,18.89,tmobile,0.0,False
Q,19,994,19.825,18.89,verizon,0.0385,True
Q,19,994,19.825,18.89,sprint,0.0,False
Q,19,999,19.93,18.994,att,0.0,False
Q,19,999,19.93,18.994,tmobile,0.0,False
Q,19,999,19.93,18.994,verizon,0.0,False
Q,19,999,19.93,18.994,sprint,0.0,False
Q,19,1004,20.034,19.098,att,0.0,False
Q,19,1004,20.034,19.098,tmobile,0.0,False
Q,19,1004,20.034,19.098,verizon,0.0385,True
Q,19,1004,20.034,19.098,sprint,0.0,False
Q,19,1009,20.138,19.203,att,0.0,False
Q,19,1009,20.138,19.203,tmobile,0.0,False
Q,19,1009,20.138,19.203,verizon,0.0,False
Q,19,1009,20.138,19.203,sprint,0.0,False
Q,19,1014,20.243,19.307,att,0.0,False
Q,19,1014,20.243,19.307,tmobile,0.0,False
Q,19,1014,20.243,19.307,verizon,0.0385,True
Q,19,1014,20.243,19.307,sprint,0.0,False
Q,19,1019,20.347,19.411,att,0.0385,True
Q,19,1019,20.347,19.411,tmobile,0.0,False
Q,19,1019,20.347,19.411,verizon,0.0,False
Q,19,1019,20.347,19.411,sprint,0.0,False
Q,19,1024,20.451,19.516,att,0.0,False
Q,19,1024,20.451,19.516,tmobile,0.0,False
Q,19,1024,20.451,19.516,verizon,0.0,False
Q,19,1024,20.451,19.516,sprint,0.0,False
Q,19,1029,20.556,19.62,att,0.0,False
Q,19,1029,20.556,19.62,tmobile,0.0769,True
Q,19,1029,20.556,19.62,verizon,0.0385,True
Q,19,1029,20.556,19.62,sprint,0.0,False
Q,19,1034,20.66,19.724,att,0.0,False
Q,19,1034,20.66,19.724,tmobile,0.0,False
Q,19,1034,20.66,19.724,verizon,0.0385,True
Q,19,1034,20.66,19.724,sprint,0.0,False
Q,19,1039,20.764,19.829,att,0.0,False
Q,19,1039,20.764,19.829,tmobile,0.0,False
Q,19,1039,20.764,19.829,verizon,0.0,False
Q,19,1039,20.764,19.829,sprint,0.0,False
Q,19,1044,20.869,19.933,att,0.0,False
Q,19,1044,20.869,19.933,tmobile,0.0,False
Q,19,1044,20.869,19.933,verizon,0.0,False
Q,19,1044,20.869,19.933,sprint,0.0,False
Q,19,1049,20.973,20.037,att,0.0,False
Q,19,1049,20.973,20.037,tmobile,0.0385,True
Q,19,1049,20.973,20.037,verizon,0.0,False
Q,19,1049,20.973,20.037,sprint,0.0,False
Q,19,1054,21.078,20.142,att,0.0385,True
Q,19,1054,21.078,20.142,tmobile,0.0,False
Q,19,1054,21.078,20.142,verizon,0.0385,True
Q,19,1054,21.078,20.142,sprint,0.0,False
Q,19,1059,21.182,20.246,att,0.0,False
Q,19,1059,21.182,20.246,tmobile,0.0,False
Q,19,1059,21.182,20.246,verizon,0.0,False
Q,19,1059,21.182,20.246,sprint,0.0385,True
Q,19,1064,21.286,20.35,att,0.0,False
Q,19,1064,21.286,20.35,tmobile,0.0385,True
Q,19,1064,21.286,20.35,verizon,0.0385,True
Q,19,1064,21.286,20.35,sprint,0.0385,True
R,20,44,0.0,-0.936,att,0.0,False
R,20,44,0.0,-0.936,tmobile,0.0,False
R,20,44,0.0,-0.936,verizon,0.0,False
R,20,44,0.0,-0.936,sprint,0.0323,True
R,20,49,0.104,-0.831,att,0.0,False
R,20,49,0.104,-0.831,tmobile,0.0,False
R,20,49,0.104,-0.831,verizon,0.0,False
R,20,49,0.104,-0.831,sprint,0.0323,True
R,20,54,0.209,-0.727,att,0.0,False
R,20,54,0.209,-0.727,tmobile,0.0,False
R,20,54,0.209,-0.727,verizon,0.0,False
R,20,54,0.209,-0.727,sprint,0.0645,True
R,20,59,0.313,-0.623,att,0.0,False
R,20,59,0.313,-0.623,tmobile,0.0,False
R,20,59,0.313,-0.623,verizon,0.0,False
R,20,59,0.313,-0.623,sprint,0.0645,True
R,20,64,0.417,-0.518,att,0.0,False
R,20,64,0.417,-0.518,tmobile,0.0,False
R,20,64,0.417,-0.518,verizon,0.0,False
R,20,64,0.417,-0.518,sprint,0.0323,True
R,20,69,0.522,-0.414,att,0.0,False
R,20,69,0.522,-0.414,tmobile,0.0,False
R,20,69,0.522,-0.414,verizon,0.0,False
R,20,69,0.522,-0.414,sprint,0.0,False
R,20,74,0.626,-0.31,att,0.0,False
R,20,74,0.626,-0.31,tmobile,0.0,False
R,20,74,0.626,-0.31,verizon,0.0,False
R,20,74,0.626,-0.31,sprint,0.0,False
R,20,79,0.73,-0.205,att,0.0,False
R,20,79,0.73,-0.205,tmobile,0.0,False
R,20,79,0.73,-0.205,verizon,0.0,False
R,20,79,0.73,-0.205,sprint,0.0,False
R,20,84,0.835,-0.101,att,0.0,False
R,20,84,0.835,-0.101,tmobile,0.0,False
R,20,84,0.835,-0.101,verizon,0.0,False
R,20,84,0.835,-0.101,sprint,0.0,False
R,20,89,0.939,0.003,att,0.0,False
R,20,89,0.939,0.003,tmobile,0.0,False
R,20,89,0.939,0.003,verizon,0.0,False
R,20,89,0.939,0.003,sprint,0.0,False
R,20,94,1.043,0.108,att,0.0,False
R,20,94,1.043,0.108,tmobile,0.0,False
R,20,94,1.043,0.108,verizon,0.0,False
R,20,94,1.043,0.108,sprint,0.0,False
R,20,99,1.148,0.212,att,0.0,False
R,20,99,1.148,0.212,tmobile,0.0,False
R,20,99,1.148,0.212,verizon,0.0323,True
R,20,99,1.148,0.212,sprint,0.0323,True
R,20,104,1.252,0.316,att,0.0,False
R,20,104,1.252,0.316,tmobile,0.0,False
R,20,104,1.252,0.316,verizon,0.0,False
R,20,104,1.252,0.316,sprint,0.0,False
R,20,109,1.356,0.421,att,0.0,False
R,20,109,1.356,0.421,tmobile,0.0,False
R,20,109,1.356,0.421,verizon,0.0,False
R,20,109,1.356,0.421,sprint,0.0,False
R,20,114,1.461,0.525,att,0.0,False
R,20,114,1.461,0.525,tmobile,0.0323,True
R,20,114,1.461,0.525,verizon,0.0645,True
R,20,114,1.461,0.525,sprint,0.0,False
R,20,119,1.565,0.629,att,0.0,False
R,20,119,1.565,0.629,tmobile,0.0645,True
R,20,119,1.565,0.629,verizon,0.0968,True
R,20,119,1.565,0.629,sprint,0.0,False
R,20,124,1.67,0.734,att,0.0,False
R,20,124,1.67,0.734,tmobile,0.0,False
R,20,124,1.67,0.734,verizon,0.0,False
R,20,124,1.67,0.734,sprint,0.0,False
R,20,129,1.774,0.838,att,0.0,False
R,20,129,1.774,0.838,tmobile,0.0,False
R,20,129,1.774,0.838,verizon,0.0,False
R,20,129,1.774,0.838,sprint,0.0645,True
R,20,134,1.878,0.942,att,0.0,False
R,20,134,1.878,0.942,tmobile,0.0,False
R,20,134,1.878,0.942,verizon,0.0,False
R,20,134,1.878,0.942,sprint,0.0,False
R,20,139,1.983,1.047,att,0.0323,True
R,20,139,1.983,1.047,tmobile,0.0323,True
R,20,139,1.983,1.047,verizon,0.0645,True
R,20,139,1.983,1.047,sprint,0.0,False
R,20,144,2.087,1.151,att,0.0,False
R,20,144,2.087,1.151,tmobile,0.0,False
R,20,144,2.087,1.151,verizon,0.0,False
R,20,144,2.087,1.151,sprint,0.0,False
R,20,149,2.191,1.255,att,0.0,False
R,20,149,2.191,1.255,tmobile,0.129,True
R,20,149,2.191,1.255,verizon,0.0,False
R,20,149,2.191,1.255,sprint,0.0,False
R,20,154,2.296,1.36,att,0.0,False
R,20,154,2.296,1.36,tmobile,0.0323,True
R,20,154,2.296,1.36,verizon,0.0323,True
R,20,154,2.296,1.36,sprint,0.0645,True
R,20,159,2.4,1.464,att,0.0,False
R,20,159,2.4,1.464,tmobile,0.0,False
R,20,159,2.4,1.464,verizon,0.0,False
R,20,159,2.4,1.464,sprint,0.0,False
R,20,164,2.504,1.569,att,0.0,False
R,20,164,2.504,1.569,tmobile,0.0323,True
R,20,164,2.504,1.569,verizon,0.0,False
R,20,164,2.504,1.569,sprint,0.0,False
R,20,169,2.609,1.673,att,0.0,False
R,20,169,2.609,1.673,tmobile,0.2258,True
R,20,169,2.609,1.673,verizon,0.0323,True
R,20,169,2.609,1.673,sprint,0.0,False
R,20,174,2.713,1.777,att,0.0,False
R,20,174,2.713,1.777,tmobile,0.0,False
R,20,174,2.713,1.777,verizon,0.0645,True
R,20,174,2.713,1.777,sprint,0.0,False
R,20,179,2.817,1.882,att,0.0,False
R,20,179,2.817,1.882,tmobile,0.0,False
R,20,179,2.817,1.882,verizon,0.0,False
R,20,179,2.817,1.882,sprint,0.1613,True
R,20,184,2.922,1.986,att,0.0,False
R,20,184,2.922,1.986,tmobile,0.0,False
R,20,184,2.922,1.986,verizon,0.0,False
R,20,184,2.922,1.986,sprint,0.0323,True
R,20,189,3.026,2.09,att,0.0,False
R,20,189,3.026,2.09,tmobile,0.0323,True
R,20,189,3.026,2.09,verizon,0.0323,True
R,20,189,3.026,2.09,sprint,0.0,False
R,20,194,3.13,2.195,att,0.0323,True
R,20,194,3.13,2.195,tmobile,0.1935,True
R,20,194,3.13,2.195,verizon,0.129,True
R,20,194,3.13,2.195,sprint,0.0,False
R,20,199,3.235,2.299,att,0.0,False
R,20,199,3.235,2.299,tmobile,0.0,False
R,20,199,3.235,2.299,verizon,0.0,False
R,20,199,3.235,2.299,sprint,0.0,False
R,20,204,3.339,2.403,att,0.0,False
R,20,204,3.339,2.403,tmobile,0.0,False
R,20,204,3.339,2.403,verizon,0.0,False
R,20,204,3.339,2.403,sprint,0.0323,True
R,20,209,3.443,2.508,att,0.0,False
R,20,209,3.443,2.508,tmobile,0.0,False
R,20,209,3.443,2.508,verizon,0.0,False
R,20,209,3.443,2.508,sprint,0.0,False
R,20,214,3.548,2.612,att,0.0323,True
R,20,214,3.548,2.612,tmobile,0.0,False
R,20,214,3.548,2.612,verizon,0.0,False
R,20,214,3.548,2.612,sprint,0.0,False
R,20,219,3.652,2.716,att,0.0323,True
R,20,219,3.652,2.716,tmobile,0.2258,True
R,20,219,3.652,2.716,verizon,0.0323,True
R,20,219,3.652,2.716,sprint,0.0,False
R,20,224,3.756,2.821,att,0.0,False
R,20,224,3.756,2.821,tmobile,0.0,False
R,20,224,3.756,2.821,verizon,0.0,False
R,20,224,3.756,2.821,sprint,0.0,False
R,20,229,3.861,2.925,att,0.0,False
R,20,229,3.861,2.925,tmobile,0.0,False
R,20,229,3.861,2.925,verizon,0.0323,True
R,20,229,3.861,2.925,sprint,0.0,False
R,20,234,3.965,3.029,att,0.0,False
R,20,234,3.965,3.029,tmobile,0.0,False
R,20,234,3.965,3.029,verizon,0.0323,True
R,20,234,3.965,3.029,sprint,0.0,False
R,20,239,4.069,3.134,att,0.0,False
R,20,239,4.069,3.134,tmobile,0.0,False
R,20,239,4.069,3.134,verizon,0.0,False
R,20,239,4.069,3.134,sprint,0.1613,True
R,20,244,4.174,3.238,att,0.0,False
R,20,244,4.174,3.238,tmobile,0.0,False
R,20,244,4.174,3.238,verizon,0.0,False
R,20,244,4.174,3.238,sprint,0.0,False
R,20,249,4.278,3.342,att,0.0,False
R,20,249,4.278,3.342,tmobile,0.0323,True
R,20,249,4.278,3.342,verizon,0.0323,True
R,20,249,4.278,3.342,sprint,0.0,False
R,20,254,4.382,3.447,att,0.0645,True
R,20,254,4.382,3.447,tmobile,0.0,False
R,20,254,4.382,3.447,verizon,0.0,False
R,20,254,4.382,3.447,sprint,0.0968,True
R,20,259,4.487,3.551,att,0.0,False
R,20,259,4.487,3.551,tmobile,0.0,False
R,20,259,4.487,3.551,verizon,0.0,False
R,20,259,4.487,3.551,sprint,0.0,False
R,20,264,4.591,3.655,att,0.0,False
R,20,264,4.591,3.655,tmobile,0.0,False
R,20,264,4.591,3.655,verizon,0.0323,True
R,20,264,4.591,3.655,sprint,0.0,False
R,20,269,4.695,3.76,att,0.0,False
R,20,269,4.695,3.76,tmobile,0.0,False
R,20,269,4.695,3.76,verizon,0.0323,True
R,20,269,4.695,3.76,sprint,0.0645,True
R,20,274,4.8,3.864,att,0.0,False
R,20,274,4.8,3.864,tmobile,0.0,False
R,20,274,4.8,3.864,verizon,0.0,False
R,20,274,4.8,3.864,sprint,0.0,False
R,20,279,4.904,3.968,att,0.0,False
R,20,279,4.904,3.968,tmobile,0.0323,True
R,20,279,4.904,3.968,verizon,0.0,False
R,20,279,4.904,3.968,sprint,0.0,False
R,20,284,5.009,4.073,att,0.0,False
R,20,284,5.009,4.073,tmobile,0.0323,True
R,20,284,5.009,4.073,verizon,0.0323,True
R,20,284,5.009,4.073,sprint,0.0,False
R,20,289,5.113,4.177,att,0.0,False
R,20,289,5.113,4.177,tmobile,0.0,False
R,20,289,5.113,4.177,verizon,0.0,False
R,20,289,5.113,4.177,sprint,0.0,False
R,20,294,5.217,4.281,att,0.0,False
R,20,294,5.217,4.281,tmobile,0.0,False
R,20,294,5.217,4.281,verizon,0.0968,True
R,20,294,5.217,4.281,sprint,0.0,False
R,20,299,5.322,4.386,att,0.0,False
R,20,299,5.322,4.386,tmobile,0.0,False
R,20,299,5.322,4.386,verizon,0.0323,True
R,20,299,5.322,4.386,sprint,0.0,False
R,20,304,5.426,4.49,att,0.0,False
R,20,304,5.426,4.49,tmobile,0.0323,True
R,20,304,5.426,4.49,verizon,0.0323,True
R,20,304,5.426,4.49,sprint,0.0,False
R,20,309,5.53,4.594,att,0.0,False
R,20,309,5.53,4.594,tmobile,0.0,False
R,20,309,5.53,4.594,verizon,0.0323,True
R,20,309,5.53,4.594,sprint,0.0,False
R,20,314,5.635,4.699,att,0.0,False
R,20,314,5.635,4.699,tmobile,0.0,False
R,20,314,5.635,4.699,verizon,0.0,False
R,20,314,5.635,4.699,sprint,0.0323,True
R,20,319,5.739,4.803,att,0.0,False
R,20,319,5.739,4.803,tmobile,0.0,False
R,20,319,5.739,4.803,verizon,0.0,False
R,20,319,5.739,4.803,sprint,0.0,False
R,20,324,5.843,4.908,att,0.0,False
R,20,324,5.843,4.908,tmobile,0.0323,True
R,20,324,5.843,4.908,verizon,0.0,False
R,20,324,5.843,4.908,sprint,0.0,False
R,20,329,5.948,5.012,att,0.0,False
R,20,329,5.948,5.012,tmobile,0.0,False
R,20,329,5.948,5.012,verizon,0.0323,True
R,20,329,5.948,5.012,sprint,0.0,False
R,20,334,6.052,5.116,att,0.0,False
R,20,334,6.052,5.116,tmobile,0.0,False
R,20,334,6.052,5.116,verizon,0.129,True
R,20,334,6.052,5.116,sprint,0.0,False
R,20,339,6.156,5.221,att,0.0,False
R,20,339,6.156,5.221,tmobile,0.0,False
R,20,339,6.156,5.221,verizon,0.0,False
R,20,339,6.156,5.221,sprint,0.0,False
R,20,344,6.261,5.325,att,0.0,False
R,20,344,6.261,5.325,tmobile,0.0,False
R,20,344,6.261,5.325,verizon,0.0,False
R,20,344,6.261,5.325,sprint,0.0,False
R,20,349,6.365,5.429,att,0.0,False
R,20,349,6.365,5.429,tmobile,0.0645,True
R,20,349,6.365,5.429,verizon,0.1613,True
R,20,349,6.365,5.429,sprint,0.0,False
R,20,354,6.469,5.534,att,0.0,False
R,20,354,6.469,5.534,tmobile,0.0,False
R,20,354,6.469,5.534,verizon,0.0,False
R,20,354,6.469,5.534,sprint,0.0,False
R,20,359,6.574,5.638,att,0.0,False
R,20,359,6.574,5.638,tmobile,0.2903,True
R,20,359,6.574,5.638,verizon,0.0323,True
R,20,359,6.574,5.638,sprint,0.0,False
R,20,364,6.678,5.742,att,0.0,False
R,20,364,6.678,5.742,tmobile,0.0,False
R,20,364,6.678,5.742,verizon,0.0323,True
R,20,364,6.678,5.742,sprint,0.0,False
R,20,369,6.782,5.847,att,0.0,False
R,20,369,6.782,5.847,tmobile,0.0,False
R,20,369,6.782,5.847,verizon,0.0,False
R,20,369,6.782,5.847,sprint,0.0,False
R,20,374,6.887,5.951,att,0.0,False
R,20,374,6.887,5.951,tmobile,0.0,False
R,20,374,6.887,5.951,verizon,0.0,False
R,20,374,6.887,5.951,sprint,0.0,False
R,20,379,6.991,6.055,att,0.0,False
R,20,379,6.991,6.055,tmobile,0.0323,True
R,20,379,6.991,6.055,verizon,0.0645,True
R,20,379,6.991,6.055,sprint,0.0,False
R,20,384,7.095,6.16,att,0.0,False
R,20,384,7.095,6.16,tmobile,0.0645,True
R,20,384,7.095,6.16,verizon,0.0,False
R,20,384,7.095,6.16,sprint,0.0,False
R,20,389,7.2,6.264,att,0.0323,True
R,20,389,7.2,6.264,tmobile,0.4194,True
R,20,389,7.2,6.264,verizon,0.0,False
R,20,389,7.2,6.264,sprint,0.0,False
R,20,394,7.304,6.368,att,0.0,False
R,20,394,7.304,6.368,tmobile,0.0645,True
R,20,394,7.304,6.368,verizon,0.0,False
R,20,394,7.304,6.368,sprint,0.0,False
R,20,399,7.408,6.473,att,0.0,False
R,20,399,7.408,6.473,tmobile,0.0,False
R,20,399,7.408,6.473,verizon,0.0,False
R,20,399,7.408,6.473,sprint,0.0,False
R,20,404,7.513,6.577,att,0.0,False
R,20,404,7.513,6.577,tmobile,0.0,False
R,20,404,7.513,6.577,verizon,0.0,False
R,20,404,7.513,6.577,sprint,0.0,False
R,20,409,7.617,6.681,att,0.0,False
R,20,409,7.617,6.681,tmobile,0.0,False
R,20,409,7.617,6.681,verizon,0.0,False
R,20,409,7.617,6.681,sprint,0.0,False
R,20,414,7.721,6.786,att,0.0,False
R,20,414,7.721,6.786,tmobile,0.0,False
R,20,414,7.721,6.786,verizon,0.0,False
R,20,414,7.721,6.786,sprint,0.0,False
R,20,419,7.826,6.89,att,0.0,False
R,20,419,7.826,6.89,tmobile,0.0,False
R,20,419,7.826,6.89,verizon,0.0,False
R,20,419,7.826,6.89,sprint,0.0,False
R,20,424,7.93,6.994,att,0.0,False
R,20,424,7.93,6.994,tmobile,0.0,False
R,20,424,7.93,6.994,verizon,0.0,False
R,20,424,7.93,6.994,sprint,0.0,False
R,20,429,8.035,7.099,att,0.0,False
R,20,429,8.035,7.099,tmobile,0.0,False
R,20,429,8.035,7.099,verizon,0.0,False
R,20,429,8.035,7.099,sprint,0.0,False
R,20,434,8.139,7.203,att,0.0,False
R,20,434,8.139,7.203,tmobile,0.0,False
R,20,434,8.139,7.203,verizon,0.0,False
R,20,434,8.139,7.203,sprint,0.0,False
R,20,439,8.243,7.307,att,0.0,False
R,20,439,8.243,7.307,tmobile,0.0,False
R,20,439,8.243,7.307,verizon,0.0,False
R,20,439,8.243,7.307,sprint,0.0,False
R,20,444,8.348,7.412,att,0.0,False
R,20,444,8.348,7.412,tmobile,0.0,False
R,20,444,8.348,7.412,verizon,0.0,False
R,20,444,8.348,7.412,sprint,0.0,False
R,20,449,8.452,7.516,att,0.0,False
R,20,449,8.452,7.516,tmobile,0.0,False
R,20,449,8.452,7.516,verizon,0.0,False
R,20,449,8.452,7.516,sprint,0.0,False
R,20,454,8.556,7.62,att,0.0,False
R,20,454,8.556,7.62,tmobile,0.0,False
R,20,454,8.556,7.62,verizon,0.0,False
R,20,454,8.556,7.62,sprint,0.0,False
R,20,459,8.661,7.725,att,0.0,False
R,20,459,8.661,7.725,tmobile,0.0,False
R,20,459,8.661,7.725,verizon,0.0,False
R,20,459,8.661,7.725,sprint,0.0,False
R,20,464,8.765,7.829,att,0.0,False
R,20,464,8.765,7.829,tmobile,0.0,False
R,20,464,8.765,7.829,verizon,0.0,False
R,20,464,8.765,7.829,sprint,0.0,False
R,20,469,8.869,7.933,att,0.0,False
R,20,469,8.869,7.933,tmobile,0.0,False
R,20,469,8.869,7.933,verizon,0.0,False
R,20,469,8.869,7.933,sprint,0.0,False
R,20,474,8.974,8.038,att,0.0,False
R,20,474,8.974,8.038,tmobile,0.0,False
R,20,474,8.974,8.038,verizon,0.0,False
R,20,474,8.974,8.038,sprint,0.0,False
R,20,479,9.078,8.142,att,0.0,False
R,20,479,9.078,8.142,tmobile,0.0,False
R,20,479,9.078,8.142,verizon,0.0,False
R,20,479,9.078,8.142,sprint,0.0,False
R,20,484,9.182,8.247,att,0.0,False
R,20,484,9.182,8.247,tmobile,0.0,False
R,20,484,9.182,8.247,verizon,0.0,False
R,20,484,9.182,8.247,sprint,0.0,False
R,20,489,9.287,8.351,att,0.0,False
R,20,489,9.287,8.351,tmobile,0.0323,True
R,20,489,9.287,8.351,verizon,0.0,False
R,20,489,9.287,8.351,sprint,0.0,False
R,20,494,9.391,8.455,att,0.0,False
R,20,494,9.391,8.455,tmobile,0.0,False
R,20,494,9.391,8.455,verizon,0.129,True
R,20,494,9.391,8.455,sprint,0.0,False
R,20,499,9.495,8.56,att,0.0,False
R,20,499,9.495,8.56,tmobile,0.0,False
R,20,499,9.495,8.56,verizon,0.0,False
R,20,499,9.495,8.56,sprint,0.0,False
R,20,504,9.6,8.664,att,0.0,False
R,20,504,9.6,8.664,tmobile,0.0,False
R,20,504,9.6,8.664,verizon,0.0,False
R,20,504,9.6,8.664,sprint,0.0645,True
R,20,509,9.704,8.768,att,0.0,False
R,20,509,9.704,8.768,tmobile,0.2581,True
R,20,509,9.704,8.768,verizon,0.2581,True
R,20,509,9.704,8.768,sprint,0.0,False
R,20,514,9.808,8.873,att,0.0,False
R,20,514,9.808,8.873,tmobile,0.0,False
R,20,514,9.808,8.873,verizon,0.0,False
R,20,514,9.808,8.873,sprint,0.0645,True
R,20,519,9.913,8.977,att,0.0,False
R,20,519,9.913,8.977,tmobile,0.0,False
R,20,519,9.913,8.977,verizon,0.0323,True
R,20,519,9.913,8.977,sprint,0.129,True
R,20,524,10.017,9.081,att,0.0,False
R,20,524,10.017,9.081,tmobile,0.0,False
R,20,524,10.017,9.081,verizon,0.0323,True
R,20,524,10.017,9.081,sprint,0.0,False
R,20,529,10.121,9.186,att,0.0323,True
R,20,529,10.121,9.186,tmobile,0.0,False
R,20,529,10.121,9.186,verizon,0.0,False
R,20,529,10.121,9.186,sprint,0.0968,True
R,20,534,10.226,9.29,att,0.0,False
R,20,534,10.226,9.29,tmobile,0.0,False
R,20,534,10.226,9.29,verizon,0.0,False
R,20,534,10.226,9.29,sprint,0.0,False
R,20,539,10.33,9.394,att,0.0,False
R,20,539,10.33,9.394,tmobile,0.0,False
R,20,539,10.33,9.394,verizon,0.0645,True
R,20,539,10.33,9.394,sprint,0.0,False
R,20,544,10.434,9.499,att,0.0,False
R,20,544,10.434,9.499,tmobile,0.0323,True
R,20,544,10.434,9.499,verizon,0.0,False
R,20,544,10.434,9.499,sprint,0.0,False
R,20,549,10.539,9.603,att,0.0,False
R,20,549,10.539,9.603,tmobile,0.0,False
R,20,549,10.539,9.603,verizon,0.0323,True
R,20,549,10.539,9.603,sprint,0.0,False
R,20,554,10.643,9.707,att,0.0,False
R,20,554,10.643,9.707,tmobile,0.0,False
R,20,554,10.643,9.707,verizon,0.0323,True
R,20,554,10.643,9.707,sprint,0.0,False
R,20,559,10.747,9.812,att,0.0,False
R,20,559,10.747,9.812,tmobile,0.0,False
R,20,559,10.747,9.812,verizon,0.1613,True
R,20,559,10.747,9.812,sprint,0.0,False
R,20,564,10.852,9.916,att,0.0,False
R,20,564,10.852,9.916,tmobile,0.0968,True
R,20,564,10.852,9.916,verizon,0.0,False
R,20,564,10.852,9.916,sprint,0.0323,True
R,20,569,10.956,10.02,att,0.0968,True
R,20,569,10.956,10.02,tmobile,0.0,False
R,20,569,10.956,10.02,verizon,0.0645,True
R,20,569,10.956,10.02,sprint,0.0323,True
R,20,574,11.06,10.125,att,0.0,False
R,20,574,11.06,10.125,tmobile,0.0,False
R,20,574,11.06,10.125,verizon,0.0,False
R,20,574,11.06,10.125,sprint,0.0,False
R,20,579,11.165,10.229,att,0.0,False
R,20,579,11.165,10.229,tmobile,0.0,False
R,20,579,11.165,10.229,verizon,0.0323,True
R,20,579,11.165,10.229,sprint,0.0,False
R,20,584,11.269,10.333,att,0.0323,True
R,20,584,11.269,10.333,tmobile,0.0,False
R,20,584,11.269,10.333,verizon,0.0323,True
R,20,584,11.269,10.333,sprint,0.0645,True
R,20,589,11.374,10.438,att,0.0323,True
R,20,589,11.374,10.438,tmobile,0.0,False
R,20,589,11.374,10.438,verizon,0.1935,True
R,20,589,11.374,10.438,sprint,0.0,False
R,20,594,11.478,10.542,att,0.0,False
R,20,594,11.478,10.542,tmobile,0.0,False
R,20,594,11.478,10.542,verizon,0.0645,True
R,20,594,11.478,10.542,sprint,0.0645,True
R,20,599,11.582,10.646,att,0.0,False
R,20,599,11.582,10.646,tmobile,0.0,False
R,20,599,11.582,10.646,verizon,0.0323,True
R,20,599,11.582,10.646,sprint,0.0323,True
R,20,604,11.687,10.751,att,0.0,False
R,20,604,11.687,10.751,tmobile,0.0,False
R,20,604,11.687,10.751,verizon,0.0323,True
R,20,604,11.687,10.751,sprint,0.0,False
R,20,609,11.791,10.855,att,0.0,False
R,20,609,11.791,10.855,tmobile,0.0,False
R,20,609,11.791,10.855,verizon,0.0,False
R,20,609,11.791,10.855,sprint,0.0,False
R,20,614,11.895,10.959,att,0.0,False
R,20,614,11.895,10.959,tmobile,0.0,False
R,20,614,11.895,10.959,verizon,0.0,False
R,20,614,11.895,10.959,sprint,0.0,False
R,20,619,12.0,11.064,att,0.0,False
R,20,619,12.0,11.064,tmobile,0.0323,True
R,20,619,12.0,11.064,verizon,0.0,False
R,20,619,12.0,11.064,sprint,0.0,False
R,20,624,12.104,11.168,att,0.0,False
R,20,624,12.104,11.168,tmobile,0.0,False
R,20,624,12.104,11.168,verizon,0.1613,True
R,20,624,12.104,11.168,sprint,0.0,False
R,20,629,12.208,11.273,att,0.0,False
R,20,629,12.208,11.273,tmobile,0.0,False
R,20,629,12.208,11.273,verizon,0.0,False
R,20,629,12.208,11.273,sprint,0.0,False
R,20,634,12.313,11.377,att,0.0,False
R,20,634,12.313,11.377,tmobile,0.0,False
R,20,634,12.313,11.377,verizon,0.0,False
R,20,634,12.313,11.377,sprint,0.0,False
R,20,639,12.417,11.481,att,0.0,False
R,20,639,12.417,11.481,tmobile,0.0,False
R,20,639,12.417,11.481,verizon,0.0,False
R,20,639,12.417,11.481,sprint,0.3871,True
R,20,644,12.521,11.586,att,0.0,False
R,20,644,12.521,11.586,tmobile,0.0,False
R,20,644,12.521,11.586,verizon,0.0323,True
R,20,644,12.521,11.586,sprint,0.0,False
R,20,649,12.626,11.69,att,0.0,False
R,20,649,12.626,11.69,tmobile,0.0,False
R,20,649,12.626,11.69,verizon,0.0323,True
R,20,649,12.626,11.69,sprint,0.0323,True
R,20,654,12.73,11.794,att,0.0,False
R,20,654,12.73,11.794,tmobile,0.0,False
R,20,654,12.73,11.794,verizon,0.0323,True
R,20,654,12.73,11.794,sprint,0.0,False
R,20,659,12.834,11.899,att,0.0,False
R,20,659,12.834,11.899,tmobile,0.0,False
R,20,659,12.834,11.899,verizon,0.0968,True
R,20,659,12.834,11.899,sprint,0.0,False
R,20,664,12.939,12.003,att,0.0,False
R,20,664,12.939,12.003,tmobile,0.0,False
R,20,664,12.939,12.003,verizon,0.129,True
R,20,664,12.939,12.003,sprint,0.0,False
R,20,669,13.043,12.107,att,0.0,False
R,20,669,13.043,12.107,tmobile,0.0,False
R,20,669,13.043,12.107,verizon,0.0645,True
R,20,669,13.043,12.107,sprint,0.0645,True
R,20,674,13.147,12.212,att,0.0,False
R,20,674,13.147,12.212,tmobile,0.0,False
R,20,674,13.147,12.212,verizon,0.0,False
R,20,674,13.147,12.212,sprint,0.4839,True
R,20,679,13.252,12.316,att,0.0,False
R,20,679,13.252,12.316,tmobile,0.0,False
R,20,679,13.252,12.316,verizon,0.0,False
R,20,679,13.252,12.316,sprint,0.0,False
R,20,684,13.356,12.42,att,0.0,False
R,20,684,13.356,12.42,tmobile,0.0,False
R,20,684,13.356,12.42,verizon,0.0968,True
R,20,684,13.356,12.42,sprint,0.0,False
R,20,689,13.46,12.525,att,0.0,False
R,20,689,13.46,12.525,tmobile,0.0,False
R,20,689,13.46,12.525,verizon,0.0,False
R,20,689,13.46,12.525,sprint,0.0645,True
R,20,694,13.565,12.629,att,0.0,False
R,20,694,13.565,12.629,tmobile,0.0323,True
R,20,694,13.565,12.629,verizon,0.0323,True
R,20,694,13.565,12.629,sprint,0.0,False
R,20,699,13.669,12.733,att,0.0,False
R,20,699,13.669,12.733,tmobile,0.0,False
R,20,699,13.669,12.733,verizon,0.0323,True
R,20,699,13.669,12.733,sprint,0.0,False
R,20,704,13.773,12.838,att,0.0,False
R,20,704,13.773,12.838,tmobile,0.0,False
R,20,704,13.773,12.838,verizon,0.0,False
R,20,704,13.773,12.838,sprint,0.0,False
R,20,709,13.878,12.942,att,0.0,False
R,20,709,13.878,12.942,tmobile,0.0,False
R,20,709,13.878,12.942,verizon,0.0,False
R,20,709,13.878,12.942,sprint,0.129,True
R,20,714,13.982,13.046,att,0.0,False
R,20,714,13.982,13.046,tmobile,0.0,False
R,20,714,13.982,13.046,verizon,0.2581,True
R,20,714,13.982,13.046,sprint,0.0,False
R,20,719,14.086,13.151,att,0.0,False
R,20,719,14.086,13.151,tmobile,0.0,False
R,20,719,14.086,13.151,verizon,0.0,False
R,20,719,14.086,13.151,sprint,0.0,False
R,20,724,14.191,13.255,att,0.0,False
R,20,724,14.191,13.255,tmobile,0.0,False
R,20,724,14.191,13.255,verizon,0.0,False
R,20,724,14.191,13.255,sprint,0.129,True
R,20,729,14.295,13.359,att,0.0,False
R,20,729,14.295,13.359,tmobile,0.0,False
R,20,729,14.295,13.359,verizon,0.0323,True
R,20,729,14.295,13.359,sprint,0.0323,True
R,20,734,14.399,13.464,att,0.0,False
R,20,734,14.399,13.464,tmobile,0.0,False
R,20,734,14.399,13.464,verizon,0.3226,True
R,20,734,14.399,13.464,sprint,0.0,False
R,20,739,14.504,13.568,att,0.0,False
R,20,739,14.504,13.568,tmobile,0.0,False
R,20,739,14.504,13.568,verizon,0.0,False
R,20,739,14.504,13.568,sprint,0.0,False
R,20,744,14.608,13.672,att,0.0,False
R,20,744,14.608,13.672,tmobile,0.0,False
R,20,744,14.608,13.672,verizon,0.0,False
R,20,744,14.608,13.672,sprint,0.0,False
R,20,749,14.713,13.777,att,0.0,False
R,20,749,14.713,13.777,tmobile,0.0,False
R,20,749,14.713,13.777,verizon,0.0,False
R,20,749,14.713,13.777,sprint,0.0,False
R,20,754,14.817,13.881,att,0.0,False
R,20,754,14.817,13.881,tmobile,0.0,False
R,20,754,14.817,13.881,verizon,0.0,False
R,20,754,14.817,13.881,sprint,0.0,False
R,20,759,14.921,13.985,att,0.0,False
R,20,759,14.921,13.985,tmobile,0.0,False
R,20,759,14.921,13.985,verizon,0.0,False
R,20,759,14.921,13.985,sprint,0.0,False
R,20,764,15.026,14.09,att,0.0,False
R,20,764,15.026,14.09,tmobile,0.0,False
R,20,764,15.026,14.09,verizon,0.0,False
R,20,764,15.026,14.09,sprint,0.0,False
R,20,769,15.13,14.194,att,0.0,False
R,20,769,15.13,14.194,tmobile,0.0,False
R,20,769,15.13,14.194,verizon,0.0,False
R,20,769,15.13,14.194,sprint,0.0,False
R,20,774,15.234,14.298,att,0.0,False
R,20,774,15.234,14.298,tmobile,0.0,False
R,20,774,15.234,14.298,verizon,0.0,False
R,20,774,15.234,14.298,sprint,0.0,False
R,20,779,15.339,14.403,att,0.0,False
R,20,779,15.339,14.403,tmobile,0.0,False
R,20,779,15.339,14.403,verizon,0.0,False
R,20,779,15.339,14.403,sprint,0.0,False
R,20,784,15.443,14.507,att,0.0,False
R,20,784,15.443,14.507,tmobile,0.0,False
R,20,784,15.443,14.507,verizon,0.0,False
R,20,784,15.443,14.507,sprint,0.0,False
R,20,789,15.547,14.612,att,0.0,False
R,20,789,15.547,14.612,tmobile,0.0,False
R,20,789,15.547,14.612,verizon,0.0,False
R,20,789,15.547,14.612,sprint,0.0,False
R,20,794,15.652,14.716,att,0.0,False
R,20,794,15.652,14.716,tmobile,0.0,False
R,20,794,15.652,14.716,verizon,0.0,False
R,20,794,15.652,14.716,sprint,0.0,False
R,20,799,15.756,14.82,att,0.0,False
R,20,799,15.756,14.82,tmobile,0.0,False
R,20,799,15.756,14.82,verizon,0.0,False
R,20,799,15.756,14.82,sprint,0.0,False
R,20,804,15.86,14.925,att,0.0,False
R,20,804,15.86,14.925,tmobile,0.0,False
R,20,804,15.86,14.925,verizon,0.0,False
R,20,804,15.86,14.925,sprint,0.0,False
R,20,809,15.965,15.029,att,0.0,False
R,20,809,15.965,15.029,tmobile,0.0,False
R,20,809,15.965,15.029,verizon,0.0,False
R,20,809,15.965,15.029,sprint,0.0,False
R,20,814,16.069,15.133,att,0.0,False
R,20,814,16.069,15.133,tmobile,0.0,False
R,20,814,16.069,15.133,verizon,0.0,False
R,20,814,16.069,15.133,sprint,0.0,False
R,20,819,16.173,15.238,att,0.0,False
R,20,819,16.173,15.238,tmobile,0.0,False
R,20,819,16.173,15.238,verizon,0.0,False
R,20,819,16.173,15.238,sprint,0.0,False
R,20,824,16.278,15.342,att,0.0,False
R,20,824,16.278,15.342,tmobile,0.0,False
R,20,824,16.278,15.342,verizon,0.0,False
R,20,824,16.278,15.342,sprint,0.0,False
R,20,829,16.382,15.446,att,0.0,False
R,20,829,16.382,15.446,tmobile,0.0,False
R,20,829,16.382,15.446,verizon,0.0,False
R,20,829,16.382,15.446,sprint,0.0,False
R,20,834,16.486,15.551,att,0.0,False
R,20,834,16.486,15.551,tmobile,0.0,False
R,20,834,16.486,15.551,verizon,0.0,False
R,20,834,16.486,15.551,sprint,0.0,False
R,20,839,16.591,15.655,att,0.0,False
R,20,839,16.591,15.655,tmobile,0.0,False
R,20,839,16.591,15.655,verizon,0.0,False
R,20,839,16.591,15.655,sprint,0.0,False
R,20,844,16.695,15.759,att,0.0,False
R,20,844,16.695,15.759,tmobile,0.0,False
R,20,844,16.695,15.759,verizon,0.0,False
R,20,844,16.695,15.759,sprint,0.0,False
R,20,849,16.799,15.864,att,0.0,False
R,20,849,16.799,15.864,tmobile,0.0,False
R,20,849,16.799,15.864,verizon,0.0,False
R,20,849,16.799,15.864,sprint,0.0,False
R,20,854,16.904,15.968,att,0.0,False
R,20,854,16.904,15.968,tmobile,0.0,False
R,20,854,16.904,15.968,verizon,0.0,False
R,20,854,16.904,15.968,sprint,0.0,False
R,20,859,17.008,16.072,att,0.0,False
R,20,859,17.008,16.072,tmobile,0.0,False
R,20,859,17.008,16.072,verizon,0.2581,True
R,20,859,17.008,16.072,sprint,0.0,False
